project,test,match_status,exception_type,flakylens_category,category_reasoning,message
spring-projects-spring-boot,org.springframework.boot.cli.TestCommandIntegrationTests#integrationTest,matched (6 report(s) available),java.lang.AssertionError,Async Wait,guess: found async-related keyword 'callback' in exception/message/test name,"
Expected: a string containing ""OK (1 test)""
     but: was ""00:00:38.831 [testrunner] DEBUG o.s.t.c.j.SpringJUnit4ClassRunner - SpringJUnit4ClassRunner constructor called with [class BookTests].
00:00:38.841 [testrunner] DEBUG o.s.test.context.BootstrapUtils - Instantiating TestContextBootstrapper from class [org.springframework.test.context.support.DefaultTestContextBootstrapper]
00:00:38.856 [testrunner] DEBUG o.s.t.c.s.DefaultTestContextBootstrapper - Found explicit ContextLoader class [org.springframework.boot.test.SpringApplicationContextLoader] for context configuration attributes [ContextConfigurationAttributes@3ef1bc4d declaringClass = 'BookTests', classes = '{class Application}', locations = '{}', inheritLocations = true, initializers = '{}', inheritInitializers = true, name = [null], contextLoaderClass = 'org.springframework.boot.test.SpringApplicationContextLoader']
00:00:38.861 [testrunner] DEBUG o.s.t.c.support.ActiveProfilesUtils - Could not find an 'annotation declaring class' for annotation type [org.springframework.test.context.ActiveProfiles] and class [BookTests]
00:00:38.867 [testrunner] INFO  o.s.t.c.s.DefaultTestContextBootstrapper - Could not instantiate TestExecutionListener [org.springframework.test.context.transaction.TransactionalTestExecutionListener]. Specify custom listener classes or make the default listener classes (and their required dependencies) available. Offending class: [org/springframework/transaction/TransactionDefinition]
00:00:38.868 [testrunner] INFO  o.s.t.c.s.DefaultTestContextBootstrapper - Could not instantiate TestExecutionListener [org.springframework.test.context.jdbc.SqlScriptsTestExecutionListener]. Specify custom listener classes or make the default listener classes (and their required dependencies) available. Offending class: [org/springframework/transaction/interceptor/TransactionAttribute]
00:00:38.868 [testrunner] INFO  o.s.t.c.s.DefaultTestContextBootstrapper - Using TestExecutionListeners: [org.springframework.boot.test.IntegrationTestPropertiesListener@5cf91e87, org.springframework.test.context.support.DependencyInjectionTestExecutionListener@1b0e757b, org.springframework.test.context.support.DirtiesContextTestExecutionListener@4a9eb520]
00:00:38.871 [testrunner] DEBUG o.s.t.annotation.ProfileValueUtils - Retrieved @ProfileValueSourceConfiguration [null] for test class [BookTests]
00:00:38.872 [testrunner] DEBUG o.s.t.annotation.ProfileValueUtils - Retrieved ProfileValueSource type [class org.springframework.test.annotation.SystemProfileValueSource] for class [BookTests]
00:00:38.875 [testrunner] DEBUG o.s.t.annotation.ProfileValueUtils - Retrieved @ProfileValueSourceConfiguration [null] for test class [BookTests]
00:00:38.875 [testrunner] DEBUG o.s.t.annotation.ProfileValueUtils - Retrieved ProfileValueSource type [class org.springframework.test.annotation.SystemProfileValueSource] for class [BookTests]
00:00:38.877 [testrunner] DEBUG o.s.t.annotation.ProfileValueUtils - Retrieved @ProfileValueSourceConfiguration [null] for test class [BookTests]
00:00:38.877 [testrunner] DEBUG o.s.t.annotation.ProfileValueUtils - Retrieved ProfileValueSource type [class org.springframework.test.annotation.SystemProfileValueSource] for class [BookTests]
00:00:38.877 [testrunner] DEBUG o.s.t.annotation.ProfileValueUtils - Retrieved @ProfileValueSourceConfiguration [null] for test class [BookTests]
00:00:38.878 [testrunner] DEBUG o.s.t.annotation.ProfileValueUtils - Retrieved ProfileValueSource type [class org.springframework.test.annotation.SystemProfileValueSource] for class [BookTests]
00:00:38.883 [testrunner] DEBUG o.s.t.annotation.ProfileValueUtils - Retrieved @ProfileValueSourceConfiguration [null] for test class [BookTests]
00:00:38.884 [testrunner] DEBUG o.s.t.annotation.ProfileValueUtils - Retrieved ProfileValueSource type [class org.springframework.test.annotation.SystemProfileValueSource] for class [BookTests]
00:00:38.890 [testrunner] DEBUG o.s.test.util.ReflectionTestUtils - Getting field [mergedContextConfiguration] from target [[DefaultTestContext@3496ae2a testClass = BookTests, testInstance = BookTests@15fa030f, testMethod = [null], testException = [null], mergedContextConfiguration = [MergedContextConfiguration@13214c6f testClass = BookTests, locations = '{}', classes = '{class Application}', contextInitializerClasses = '[]', activeProfiles = '{}', propertySourceLocations = '{}', propertySourceProperties = '{}', contextLoader = 'org.springframework.boot.test.SpringApplicationContextLoader', parent = [null]]]]
00:00:38.890 [testrunner] DEBUG o.s.test.util.ReflectionTestUtils - Setting field [propertySourceProperties] of type [null] on target [[MergedContextConfiguration@13214c6f testClass = BookTests, locations = '{}', classes = '{class Application}', contextInitializerClasses = '[]', activeProfiles = '{}', propertySourceLocations = '{}', propertySourceProperties = '{}', contextLoader = 'org.springframework.boot.test.SpringApplicationContextLoader', parent = [null]]] to value [[Ljava.lang.String;@213a3534]
00:00:38.890 [testrunner] DEBUG o.s.t.c.s.DependencyInjectionTestExecutionListener - Performing dependency injection for test context [[DefaultTestContext@3496ae2a testClass = BookTests, testInstance = BookTests@15fa030f, testMethod = [null], testException = [null], mergedContextConfiguration = [MergedContextConfiguration@13214c6f testClass = BookTests, locations = '{}', classes = '{class Application}', contextInitializerClasses = '[]', activeProfiles = '{}', propertySourceLocations = '{}', propertySourceProperties = '{org.springframework.boot.test.IntegrationTest=true}', contextLoader = 'org.springframework.boot.test.SpringApplicationContextLoader', parent = [null]]]].
00:00:38.948 [testrunner] DEBUG o.s.core.env.StandardEnvironment - Adding [systemProperties] PropertySource with lowest search precedence
00:00:38.949 [testrunner] DEBUG o.s.core.env.StandardEnvironment - Adding [systemEnvironment] PropertySource with lowest search precedence
00:00:38.950 [testrunner] DEBUG o.s.core.env.StandardEnvironment - Initialized StandardEnvironment with PropertySources [systemProperties,systemEnvironment]
00:00:38.950 [testrunner] DEBUG o.s.core.env.StandardEnvironment - Adding [integrationTest] PropertySource with search precedence immediately lower than [systemEnvironment]

  .   ____          _            __ _ _
 /\\ / ___'_ __ _ _(_)_ __  __ _ \ \ \ \
( ( )\___ | '_ | '_| | '_ \/ _` | \ \ \ \
 \\/  ___)| |_)| | | | | || (_| |  ) ) ) )
  '  |____| .__|_| |_|_| |_\__, | / / / /
 =========|_|==============|___/=/_/_/_/
 :: Spring Boot ::  (v1.2.0.BUILD-SNAPSHOT)

2019-09-04 00:00:39.146  INFO 3923 --- [     testrunner] o.s.boot.SpringApplication               : Starting application on ip-172-31-56-109 with PID 3923 (/root/.m2/repository/org/springframework/boot/spring-boot/1.2.0.BUILD-SNAPSHOT/spring-boot-1.2.0.BUILD-SNAPSHOT.jar started by root in /working/proj/spring-projects-spring-boot-2462/spring-projects-spring-boot/spring-boot-cli)
2019-09-04 00:00:39.172  INFO 3923 --- [     testrunner] s.c.a.AnnotationConfigApplicationContext : Refreshing org.springframework.context.annotation.AnnotationConfigApplicationContext@1c72cf7e: startup date [Wed Sep 04 00:00:39 UTC 2019]; root of context hierarchy
2019-09-04 00:00:39.490  INFO 3923 --- [     testrunner] .b.l.ClasspathLoggingApplicationListener : Application failed to start with classpath: []
2019-09-04 00:00:39.495 ERROR 3923 --- [     testrunner] o.s.boot.SpringApplication               : Application startup failed

java.lang.NoSuchMethodError: org.springframework.beans.factory.support.DefaultListableBeanFactory.isAllowEagerClassLoading()Z
 at org.springframework.boot.autoconfigure.condition.BeanTypeRegistry.get(BeanTypeRegistry.java:147)
 at org.springframework.boot.autoconfigure.condition.OnBeanCondition.collectBeanNamesForType(OnBeanCondition.java:154)
 at org.springframework.boot.autoconfigure.condition.OnBeanCondition.getBeanNamesForType(OnBeanCondition.java:143)
 at org.springframework.boot.autoconfigure.condition.OnBeanCondition.getMatchingBeans(OnBeanCondition.java:115)
 at org.springframework.boot.autoconfigure.condition.OnBeanCondition.getMatchOutcome(OnBeanCondition.java:90)
 at org.springframework.boot.autoconfigure.condition.SpringBootCondition.matches(SpringBootCondition.java:45)
 at org.springframework.context.annotation.ConditionEvaluator.shouldSkip(ConditionEvaluator.java:102)
 at org.springframework.context.annotation.ConfigurationClassBeanDefinitionReader.loadBeanDefinitionsForBeanMethod(ConfigurationClassBeanDefinitionReader.java:177)
 at org.springframework.context.annotation.ConfigurationClassBeanDefinitionReader.loadBeanDefinitionsForConfigurationClass(ConfigurationClassBeanDefinitionReader.java:146)
 at org.springframework.context.annotation.ConfigurationClassBeanDefinitionReader.loadBeanDefinitions(ConfigurationClassBeanDefinitionReader.java:122)
 at org.springframework.context.annotation.ConfigurationClassPostProcessor.processConfigBeanDefinitions(ConfigurationClassPostProcessor.java:318)
 at org.springframework.context.annotation.ConfigurationClassPostProcessor.postProcessBeanDefinitionRegistry(ConfigurationClassPostProcessor.java:239)
 at org.springframework.context.support.PostProcessorRegistrationDelegate.invokeBeanDefinitionRegistryPostProcessors(PostProcessorRegistrationDelegate.java:254)
 at org.springframework.context.support.PostProcessorRegistrationDelegate.invokeBeanFactoryPostProcessors(PostProcessorRegistrationDelegate.java:94)
 at org.springframework.context.support.AbstractApplicationContext.invokeBeanFactoryPostProcessors(AbstractApplicationContext.java:606)
 at org.springframework.context.support.AbstractApplicationContext.refresh(AbstractApplicationContext.java:462)
 at org.springframework.boot.SpringApplication.refresh(SpringApplication.java:691)
 at org.springframework.boot.SpringApplication.run(SpringApplication.java:321)
 at org.springframework.boot.test.SpringApplicationContextLoader.loadContext(SpringApplicationContextLoader.java:105)
 at org.springframework.test.context.DefaultCacheAwareContextLoaderDelegate.loadContextInternal(DefaultCacheAwareContextLoaderDelegate.java:63)
 at org.springframework.test.context.DefaultCacheAwareContextLoaderDelegate.loadContext(DefaultCacheAwareContextLoaderDelegate.java:83)
 at org.springframework.test.context.DefaultTestContext.getApplicationContext(DefaultTestContext.java:74)
 at org.springframework.test.context.support.DependencyInjectionTestExecutionListener.injectDependencies(DependencyInjectionTestExecutionListener.java:116)
 at org.springframework.test.context.support.DependencyInjectionTestExecutionListener.prepareTestInstance(DependencyInjectionTestExecutionListener.java:82)
 at org.springframework.test.context.TestContextManager.prepareTestInstance(TestContextManager.java:212)
 at org.springframework.test.context.junit4.SpringJUnit4ClassRunner.createTest(SpringJUnit4ClassRunner.java:199)
 at org.springframework.test.context.junit4.SpringJUnit4ClassRunner$1.runReflectiveCall(SpringJUnit4ClassRunner.java:251)
 at org.junit.internal.runners.model.ReflectiveCallable.run(ReflectiveCallable.java:12)
 at org.springframework.test.context.junit4.SpringJUnit4ClassRunner.methodBlock(SpringJUnit4ClassRunner.java:253)
 at org.springframework.test.context.junit4.SpringJUnit4ClassRunner.runChild(SpringJUnit4ClassRunner.java:216)
 at org.springframework.test.context.junit4.SpringJUnit4ClassRunner.runChild(SpringJUnit4ClassRunner.java:82)
 at org.junit.runners.ParentRunner$3.run(ParentRunner.java:238)
 at org.junit.runners.ParentRunner$1.schedule(ParentRunner.java:63)
 at org.junit.runners.ParentRunner.runChildren(ParentRunner.java:236)
 at org.junit.runners.ParentRunner.access$000(ParentRunner.java:53)
 at org.junit.runners.ParentRunner$2.evaluate(ParentRunner.java:229)
 at org.springframework.test.context.junit4.statements.RunBeforeTestClassCallbacks.evaluate(RunBeforeTestClassCallbacks.java:60)
 at org.springframework.test.context.junit4.statements.RunAfterTestClassCallbacks.evaluate(RunAfterTestClassCallbacks.java:67)
 at org.junit.runners.ParentRunner.run(ParentRunner.java:309)
 at org.springframework.test.context.junit4.SpringJUnit4ClassRunner.run(SpringJUnit4ClassRunner.java:162)
 at org.junit.runners.Suite.runChild(Suite.java:127)
 at org.junit.runners.Suite.runChild(Suite.java:26)
 at org.junit.runners.ParentRunner$3.run(ParentRunner.java:238)
 at org.junit.runners.ParentRunner$1.schedule(ParentRunner.java:63)
 at org.junit.runners.ParentRunner.runChildren(ParentRunner.java:236)
 at org.junit.runners.ParentRunner.access$000(ParentRunner.java:53)
 at org.junit.runners.ParentRunner$2.evaluate(ParentRunner.java:229)
 at org.junit.runners.ParentRunner.run(ParentRunner.java:309)
 at org.junit.runner.JUnitCore.run(JUnitCore.java:160)
 at org.junit.runner.JUnitCore.run(JUnitCore.java:138)
 at org.junit.runner.JUnitCore.run(JUnitCore.java:117)
 at org.springframework.boot.groovy.DelegateTestRunner.run(DelegateTestRunner.java:34)
 at sun.reflect.NativeMethodAccessorImpl.invoke0(Native Method)
 at sun.reflect.NativeMethodAccessorImpl.invoke(NativeMethodAccessorImpl.java:62)
 at sun.reflect.DelegatingMethodAccessorImpl.invoke(DelegatingMethodAccessorImpl.java:43)
 at java.lang.reflect.Method.invoke(Method.java:498)
 at org.springframework.boot.cli.command.test.TestRunner$RunThread.run(TestRunner.java:138)

2019-09-04 00:00:39.497  INFO 3923 --- [     testrunner] s.c.a.AnnotationConfigApplicationContext : Closing org.springframework.context.annotation.AnnotationConfigApplicationContext@1c72cf7e: startup date [Wed Sep 04 00:00:39 UTC 2019]; root of context hierarchy
2019-09-04 00:00:39.498  WARN 3923 --- [     testrunner] s.c.a.AnnotationConfigApplicationContext : Exception thrown from ApplicationListener handling ContextClosedEvent

java.lang.IllegalStateException: ApplicationEventMulticaster not initialized - call 'refresh' before multicasting events via the context: org.springframework.context.annotation.AnnotationConfigApplicationContext@1c72cf7e: startup date [Wed Sep 04 00:00:39 UTC 2019]; root of context hierarchy
 at org.springframework.context.support.AbstractApplicationContext.getApplicationEventMulticaster(AbstractApplicationContext.java:344)
 at org.springframework.context.support.AbstractApplicationContext.publishEvent(AbstractApplicationContext.java:331)
 at org.springframework.context.support.AbstractApplicationContext.doClose(AbstractApplicationContext.java:869)
 at org.springframework.context.support.AbstractApplicationContext.close(AbstractApplicationContext.java:836)
 at org.springframework.boot.SpringApplication.run(SpringApplication.java:343)
 at org.springframework.boot.test.SpringApplicationContextLoader.loadContext(SpringApplicationContextLoader.java:105)
 at org.springframework.test.context.DefaultCacheAwareContextLoaderDelegate.loadContextInternal(DefaultCacheAwareContextLoaderDelegate.java:63)
 at org.springframework.test.context.DefaultCacheAwareContextLoaderDelegate.loadContext(DefaultCacheAwareContextLoaderDelegate.java:83)
 at org.springframework.test.context.DefaultTestContext.getApplicationContext(DefaultTestContext.java:74)
 at org.springframework.test.context.support.DependencyInjectionTestExecutionListener.injectDependencies(DependencyInjectionTestExecutionListener.java:116)
 at org.springframework.test.context.support.DependencyInjectionTestExecutionListener.prepareTestInstance(DependencyInjectionTestExecutionListener.java:82)
 at org.springframework.test.context.TestContextManager.prepareTestInstance(TestContextManager.java:212)
 at org.springframework.test.context.junit4.SpringJUnit4ClassRunner.createTest(SpringJUnit4ClassRunner.java:199)
 at org.springframework.test.context.junit4.SpringJUnit4ClassRunner$1.runReflectiveCall(SpringJUnit4ClassRunner.java:251)
 at org.junit.internal.runners.model.ReflectiveCallable.run(ReflectiveCallable.java:12)
 at org.springframework.test.context.junit4.SpringJUnit4ClassRunner.methodBlock(SpringJUnit4ClassRunner.java:253)
 at org.springframework.test.context.junit4.SpringJUnit4ClassRunner.runChild(SpringJUnit4ClassRunner.java:216)
 at org.springframework.test.context.junit4.SpringJUnit4ClassRunner.runChild(SpringJUnit4ClassRunner.java:82)
 at org.junit.runners.ParentRunner$3.run(ParentRunner.java:238)
 at org.junit.runners.ParentRunner$1.schedule(ParentRunner.java:63)
 at org.junit.runners.ParentRunner.runChildren(ParentRunner.java:236)
 at org.junit.runners.ParentRunner.access$000(ParentRunner.java:53)
 at org.junit.runners.ParentRunner$2.evaluate(ParentRunner.java:229)
 at org.springframework.test.context.junit4.statements.RunBeforeTestClassCallbacks.evaluate(RunBeforeTestClassCallbacks.java:60)
 at org.springframework.test.context.junit4.statements.RunAfterTestClassCallbacks.evaluate(RunAfterTestClassCallbacks.java:67)
 at org.junit.runners.ParentRunner.run(ParentRunner.java:309)
 at org.springframework.test.context.junit4.SpringJUnit4ClassRunner.run(SpringJUnit4ClassRunner.java:162)
 at org.junit.runners.Suite.runChild(Suite.java:127)
 at org.junit.runners.Suite.runChild(Suite.java:26)
 at org.junit.runners.ParentRunner$3.run(ParentRunner.java:238)
 at org.junit.runners.ParentRunner$1.schedule(ParentRunner.java:63)
 at org.junit.runners.ParentRunner.runChildren(ParentRunner.java:236)
 at org.junit.runners.ParentRunner.access$000(ParentRunner.java:53)
 at org.junit.runners.ParentRunner$2.evaluate(ParentRunner.java:229)
 at org.junit.runners.ParentRunner.run(ParentRunner.java:309)
 at org.junit.runner.JUnitCore.run(JUnitCore.java:160)
 at org.junit.runner.JUnitCore.run(JUnitCore.java:138)
 at org.junit.runner.JUnitCore.run(JUnitCore.java:117)
 at org.springframework.boot.groovy.DelegateTestRunner.run(DelegateTestRunner.java:34)
 at sun.reflect.NativeMethodAccessorImpl.invoke0(Native Method)
 at sun.reflect.NativeMethodAccessorImpl.invoke(NativeMethodAccessorImpl.java:62)
 at sun.reflect.DelegatingMethodAccessorImpl.invoke(DelegatingMethodAccessorImpl.java:43)
 at java.lang.reflect.Method.invoke(Method.java:498)
 at org.springframework.boot.cli.command.test.TestRunner$RunThread.run(TestRunner.java:138)

2019-09-04 00:00:39.500  WARN 3923 --- [     testrunner] s.c.a.AnnotationConfigApplicationContext : Exception thrown from LifecycleProcessor on context close

java.lang.IllegalStateException: LifecycleProcessor not initialized - call 'refresh' before invoking lifecycle methods via the context: org.springframework.context.annotation.AnnotationConfigApplicationContext@1c72cf7e: startup date [Wed Sep 04 00:00:39 UTC 2019]; root of context hierarchy
 at org.springframework.context.support.AbstractApplicationContext.getLifecycleProcessor(AbstractApplicationContext.java:357)
 at org.springframework.context.support.AbstractApplicationContext.doClose(AbstractApplicationContext.java:877)
 at org.springframework.context.support.AbstractApplicationContext.close(AbstractApplicationContext.java:836)
 at org.springframework.boot.SpringApplication.run(SpringApplication.java:343)
 at org.springframework.boot.test.SpringApplicationContextLoader.loadContext(SpringApplicationContextLoader.java:105)
 at org.springframework.test.context.DefaultCacheAwareContextLoaderDelegate.loadContextInternal(DefaultCacheAwareContextLoaderDelegate.java:63)
 at org.springframework.test.context.DefaultCacheAwareContextLoaderDelegate.loadContext(DefaultCacheAwareContextLoaderDelegate.java:83)
 at org.springframework.test.context.DefaultTestContext.getApplicationContext(DefaultTestContext.java:74)
 at org.springframework.test.context.support.DependencyInjectionTestExecutionListener.injectDependencies(DependencyInjectionTestExecutionListener.java:116)
 at org.springframework.test.context.support.DependencyInjectionTestExecutionListener.prepareTestInstance(DependencyInjectionTestExecutionListener.java:82)
 at org.springframework.test.context.TestContextManager.prepareTestInstance(TestContextManager.java:212)
 at org.springframework.test.context.junit4.SpringJUnit4ClassRunner.createTest(SpringJUnit4ClassRunner.java:199)
 at org.springframework.test.context.junit4.SpringJUnit4ClassRunner$1.runReflectiveCall(SpringJUnit4ClassRunner.java:251)
 at org.junit.internal.runners.model.ReflectiveCallable.run(ReflectiveCallable.java:12)
 at org.springframework.test.context.junit4.SpringJUnit4ClassRunner.methodBlock(SpringJUnit4ClassRunner.java:253)
 at org.springframework.test.context.junit4.SpringJUnit4ClassRunner.runChild(SpringJUnit4ClassRunner.java:216)
 at org.springframework.test.context.junit4.SpringJUnit4ClassRunner.runChild(SpringJUnit4ClassRunner.java:82)
 at org.junit.runners.ParentRunner$3.run(ParentRunner.java:238)
 at org.junit.runners.ParentRunner$1.schedule(ParentRunner.java:63)
 at org.junit.runners.ParentRunner.runChildren(ParentRunner.java:236)
 at org.junit.runners.ParentRunner.access$000(ParentRunner.java:53)
 at org.junit.runners.ParentRunner$2.evaluate(ParentRunner.java:229)
 at org.springframework.test.context.junit4.statements.RunBeforeTestClassCallbacks.evaluate(RunBeforeTestClassCallbacks.java:60)
 at org.springframework.test.context.junit4.statements.RunAfterTestClassCallbacks.evaluate(RunAfterTestClassCallbacks.java:67)
 at org.junit.runners.ParentRunner.run(ParentRunner.java:309)
 at org.springframework.test.context.junit4.SpringJUnit4ClassRunner.run(SpringJUnit4ClassRunner.java:162)
 at org.junit.runners.Suite.runChild(Suite.java:127)
 at org.junit.runners.Suite.runChild(Suite.java:26)
 at org.junit.runners.ParentRunner$3.run(ParentRunner.java:238)
 at org.junit.runners.ParentRunner$1.schedule(ParentRunner.java:63)
 at org.junit.runners.ParentRunner.runChildren(ParentRunner.java:236)
 at org.junit.runners.ParentRunner.access$000(ParentRunner.java:53)
 at org.junit.runners.ParentRunner$2.evaluate(ParentRunner.java:229)
 at org.junit.runners.ParentRunner.run(ParentRunner.java:309)
 at org.junit.runner.JUnitCore.run(JUnitCore.java:160)
 at org.junit.runner.JUnitCore.run(JUnitCore.java:138)
 at org.junit.runner.JUnitCore.run(JUnitCore.java:117)
 at org.springframework.boot.groovy.DelegateTestRunner.run(DelegateTestRunner.java:34)
 at sun.reflect.NativeMethodAccessorImpl.invoke0(Native Method)
 at sun.reflect.NativeMethodAccessorImpl.invoke(NativeMethodAccessorImpl.java:62)
 at sun.reflect.DelegatingMethodAccessorImpl.invoke(DelegatingMethodAccessorImpl.java:43)
 at java.lang.reflect.Method.invoke(Method.java:498)
 at org.springframework.boot.cli.command.test.TestRunner$RunThread.run(TestRunner.java:138)

.E
Time: 0.632
There was 1 failure:
1) testBooks(BookTests)
java.lang.NoSuchMethodError: org.springframework.beans.factory.support.DefaultListableBeanFactory.isAllowEagerClassLoading()Z
 at org.springframework.boot.autoconfigure.condition.BeanTypeRegistry.get(BeanTypeRegistry.java:147)
 at org.springframework.boot.autoconfigure.condition.OnBeanCondition.collectBeanNamesForType(OnBeanCondition.java:154)
 at org.springframework.boot.autoconfigure.condition.OnBeanCondition.getBeanNamesForType(OnBeanCondition.java:143)
 at org.springframework.boot.autoconfigure.condition.OnBeanCondition.getMatchingBeans(OnBeanCondition.java:115)
 at org.springframework.boot.autoconfigure.condition.OnBeanCondition.getMatchOutcome(OnBeanCondition.java:90)
 at org.springframework.boot.autoconfigure.condition.SpringBootCondition.matches(SpringBootCondition.java:45)
 at org.springframework.context.annotation.ConditionEvaluator.shouldSkip(ConditionEvaluator.java:102)
 at org.springframework.context.annotation.ConfigurationClassBeanDefinitionReader.loadBeanDefinitionsForBeanMethod(ConfigurationClassBeanDefinitionReader.java:177)
 at org.springframework.context.annotation.ConfigurationClassBeanDefinitionReader.loadBeanDefinitionsForConfigurationClass(ConfigurationClassBeanDefinitionReader.java:146)
 at org.springframework.context.annotation.ConfigurationClassBeanDefinitionReader.loadBeanDefinitions(ConfigurationClassBeanDefinitionReader.java:122)
 at org.springframework.context.annotation.ConfigurationClassPostProcessor.processConfigBeanDefinitions(ConfigurationClassPostProcessor.java:318)
 at org.springframework.context.annotation.ConfigurationClassPostProcessor.postProcessBeanDefinitionRegistry(ConfigurationClassPostProcessor.java:239)
 at org.springframework.context.support.PostProcessorRegistrationDelegate.invokeBeanDefinitionRegistryPostProcessors(PostProcessorRegistrationDelegate.java:254)
 at org.springframework.context.support.PostProcessorRegistrationDelegate.invokeBeanFactoryPostProcessors(PostProcessorRegistrationDelegate.java:94)
 at org.springframework.context.support.AbstractApplicationContext.invokeBeanFactoryPostProcessors(AbstractApplicationContext.java:606)
 at org.springframework.context.support.AbstractApplicationContext.refresh(AbstractApplicationContext.java:462)
 at org.springframework.boot.SpringApplication.refresh(SpringApplication.java:691)
 at org.springframework.boot.SpringApplication.run(SpringApplication.java:321)
 at org.springframework.boot.test.SpringApplicationContextLoader.loadContext(SpringApplicationContextLoader.java:105)
 at org.springframework.test.context.DefaultCacheAwareContextLoaderDelegate.loadContextInternal(DefaultCacheAwareContextLoaderDelegate.java:63)
 at org.springframework.test.context.DefaultCacheAwareContextLoaderDelegate.loadContext(DefaultCacheAwareContextLoaderDelegate.java:83)
 at org.springframework.test.context.DefaultTestContext.getApplicationContext(DefaultTestContext.java:74)
 at org.springframework.test.context.support.DependencyInjectionTestExecutionListener.injectDependencies(DependencyInjectionTestExecutionListener.java:116)
 at org.springframework.test.context.support.DependencyInjectionTestExecutionListener.prepareTestInstance(DependencyInjectionTestExecutionListener.java:82)
 at org.springframework.test.context.TestContextManager.prepareTestInstance(TestContextManager.java:212)
 at org.springframework.test.context.junit4.SpringJUnit4ClassRunner.createTest(SpringJUnit4ClassRunner.java:199)
 at org.springframework.test.context.junit4.SpringJUnit4ClassRunner$1.runReflectiveCall(SpringJUnit4ClassRunner.java:251)
 at org.junit.internal.runners.model.ReflectiveCallable.run(ReflectiveCallable.java:12)
 at org.springframework.test.context.junit4.SpringJUnit4ClassRunner.methodBlock(SpringJUnit4ClassRunner.java:253)
 at org.springframework.test.context.junit4.SpringJUnit4ClassRunner.runChild(SpringJUnit4ClassRunner.java:216)
 at org.springframework.test.context.junit4.SpringJUnit4ClassRunner.runChild(SpringJUnit4ClassRunner.java:82)
 at org.junit.runners.ParentRunner$3.run(ParentRunner.java:238)
 at org.junit.runners.ParentRunner$1.schedule(ParentRunner.java:63)
 at org.junit.runners.ParentRunner.runChildren(ParentRunner.java:236)
 at org.junit.runners.ParentRunner.access$000(ParentRunner.java:53)
 at org.junit.runners.ParentRunner$2.evaluate(ParentRunner.java:229)
 at org.springframework.test.context.junit4.statements.RunBeforeTestClassCallbacks.evaluate(RunBeforeTestClassCallbacks.java:60)
 at org.springframework.test.context.junit4.statements.RunAfterTestClassCallbacks.evaluate(RunAfterTestClassCallbacks.java:67)
 at org.junit.runners.ParentRunner.run(ParentRunner.java:309)
 at org.springframework.test.context.junit4.SpringJUnit4ClassRunner.run(SpringJUnit4ClassRunner.java:162)
 at org.junit.runners.Suite.runChild(Suite.java:127)
 at org.junit.runners.Suite.runChild(Suite.java:26)
 at org.junit.runners.ParentRunner$3.run(ParentRunner.java:238)
 at org.junit.runners.ParentRunner$1.schedule(ParentRunner.java:63)
 at org.junit.runners.ParentRunner.runChildren(ParentRunner.java:236)
 at org.junit.runners.ParentRunner.access$000(ParentRunner.java:53)
 at org.junit.runners.ParentRunner$2.evaluate(ParentRunner.java:229)
 at org.junit.runners.ParentRunner.run(ParentRunner.java:309)
 at org.junit.runner.JUnitCore.run(JUnitCore.java:160)
 at org.junit.runner.JUnitCore.run(JUnitCore.java:138)
 at org.junit.runner.JUnitCore.run(JUnitCore.java:117)
 at org.springframework.boot.groovy.DelegateTestRunner.run(DelegateTestRunner.java:34)
 at sun.reflect.NativeMethodAccessorImpl.invoke0(Native Method)
 at sun.reflect.NativeMethodAccessorImpl.invoke(NativeMethodAccessorImpl.java:62)
 at sun.reflect.DelegatingMethodAccessorImpl.invoke(DelegatingMethodAccessorImpl.java:43)
 at java.lang.reflect.Method.invoke(Method.java:498)
 at org.springframework.boot.cli.command.test.TestRunner$RunThread.run(TestRunner.java:138)

FAILURES!!!
Tests run: 1,  Failures: 1

"""
spring-projects-spring-boot,org.springframework.boot.cli.DirectorySourcesIntegrationTests#runPathPattern,matched (6 report(s) available),java.lang.AssertionError,Order Dependent,"low-confidence guess: found phrase 'illegalstateexception' which can indicate leftover state from another test, but this cannot be confirmed without cross-test execution context","
Expected: a string containing ""Hello World""
     but: was ""
  .   ____          _            __ _ _
 /\\ / ___'_ __ _ _(_)_ __  __ _ \ \ \ \
( ( )\___ | '_ | '_| | '_ \/ _` | \ \ \ \
 \\/  ___)| |_)| | | | | || (_| |  ) ) ) )
  '  |____| .__|_| |_|_| |_\__, | / / / /
 =========|_|==============|___/=/_/_/_/
 :: Spring Boot ::  (v1.2.0.BUILD-SNAPSHOT)

2019-09-04 00:00:42.798  INFO 3923 --- [       runner-2] o.s.boot.SpringApplication               : Starting application on ip-172-31-56-109 with PID 3923 (/root/.m2/repository/org/springframework/boot/spring-boot/1.2.0.BUILD-SNAPSHOT/spring-boot-1.2.0.BUILD-SNAPSHOT.jar started by root in /working/proj/spring-projects-spring-boot-2462/spring-projects-spring-boot/spring-boot-cli)
2019-09-04 00:00:42.801 DEBUG 3923 --- [       runner-2] o.s.boot.SpringApplication               : Running with Spring Boot v1.2.0.BUILD-SNAPSHOT, Spring v4.1.1.RELEASE
2019-09-04 00:00:42.801 DEBUG 3923 --- [       runner-2] o.s.boot.SpringApplication               : Loading source class org.test.MyService,class org.test.Example
2019-09-04 00:00:42.832 DEBUG 3923 --- [       runner-2] o.s.b.c.c.ConfigFileApplicationListener  : Activated profiles integration
2019-09-04 00:00:42.832 DEBUG 3923 --- [       runner-2] o.s.b.c.c.ConfigFileApplicationListener  : Skipped config file 'file:./config/application.xml' resource not found
2019-09-04 00:00:42.832 DEBUG 3923 --- [       runner-2] o.s.b.c.c.ConfigFileApplicationListener  : Skipped config file 'file:./config/application.yml' resource not found
2019-09-04 00:00:42.832 DEBUG 3923 --- [       runner-2] o.s.b.c.c.ConfigFileApplicationListener  : Skipped config file 'file:./config/application.properties' resource not found
2019-09-04 00:00:42.832 DEBUG 3923 --- [       runner-2] o.s.b.c.c.ConfigFileApplicationListener  : Skipped config file 'file:./config/application.yaml' resource not found
2019-09-04 00:00:42.833 DEBUG 3923 --- [       runner-2] o.s.b.c.c.ConfigFileApplicationListener  : Skipped config file 'file:./application.xml' resource not found
2019-09-04 00:00:42.833 DEBUG 3923 --- [       runner-2] o.s.b.c.c.ConfigFileApplicationListener  : Skipped config file 'file:./application.yml' resource not found
2019-09-04 00:00:42.833 DEBUG 3923 --- [       runner-2] o.s.b.c.c.ConfigFileApplicationListener  : Skipped config file 'file:./application.properties' resource not found
2019-09-04 00:00:42.833 DEBUG 3923 --- [       runner-2] o.s.b.c.c.ConfigFileApplicationListener  : Skipped config file 'file:./application.yaml' resource not found
2019-09-04 00:00:42.833 DEBUG 3923 --- [       runner-2] o.s.b.c.c.ConfigFileApplicationListener  : Skipped config file 'classpath:/config/application.xml' resource not found
2019-09-04 00:00:42.833 DEBUG 3923 --- [       runner-2] o.s.b.c.c.ConfigFileApplicationListener  : Skipped config file 'classpath:/config/application.yml' resource not found
2019-09-04 00:00:42.833 DEBUG 3923 --- [       runner-2] o.s.b.c.c.ConfigFileApplicationListener  : Skipped config file 'classpath:/config/application.properties' resource not found
2019-09-04 00:00:42.834 DEBUG 3923 --- [       runner-2] o.s.b.c.c.ConfigFileApplicationListener  : Skipped config file 'classpath:/config/application.yaml' resource not found
2019-09-04 00:00:42.834 DEBUG 3923 --- [       runner-2] o.s.b.c.c.ConfigFileApplicationListener  : Skipped config file 'classpath:/application.xml' resource not found
2019-09-04 00:00:42.834 DEBUG 3923 --- [       runner-2] o.s.b.c.c.ConfigFileApplicationListener  : Skipped config file 'classpath:/application.yml' resource not found
2019-09-04 00:00:42.834 DEBUG 3923 --- [       runner-2] o.s.b.c.c.ConfigFileApplicationListener  : Skipped config file 'classpath:/application.properties' resource not found
2019-09-04 00:00:42.835 DEBUG 3923 --- [       runner-2] o.s.b.c.c.ConfigFileApplicationListener  : Skipped config file 'classpath:/application.yaml' resource not found
2019-09-04 00:00:42.836 DEBUG 3923 --- [       runner-2] o.s.b.c.c.ConfigFileApplicationListener  : Skipped config file 'file:./config/application-integration.xml' resource not found
2019-09-04 00:00:42.836 DEBUG 3923 --- [       runner-2] o.s.b.c.c.ConfigFileApplicationListener  : Skipped config file 'file:./config/application-integration.xml' for profile integrationresource not found
2019-09-04 00:00:42.836 DEBUG 3923 --- [       runner-2] o.s.b.c.c.ConfigFileApplicationListener  : Skipped config file 'file:./config/application.xml' for profile integrationresource not found
2019-09-04 00:00:42.837 DEBUG 3923 --- [       runner-2] o.s.b.c.c.ConfigFileApplicationListener  : Skipped config file 'file:./config/application-integration.yml' resource not found
2019-09-04 00:00:42.837 DEBUG 3923 --- [       runner-2] o.s.b.c.c.ConfigFileApplicationListener  : Skipped config file 'file:./config/application-integration.yml' for profile integrationresource not found
2019-09-04 00:00:42.837 DEBUG 3923 --- [       runner-2] o.s.b.c.c.ConfigFileApplicationListener  : Skipped config file 'file:./config/application.yml' for profile integrationresource not found
2019-09-04 00:00:42.837 DEBUG 3923 --- [       runner-2] o.s.b.c.c.ConfigFileApplicationListener  : Skipped config file 'file:./config/application-integration.properties' resource not found
2019-09-04 00:00:42.837 DEBUG 3923 --- [       runner-2] o.s.b.c.c.ConfigFileApplicationListener  : Skipped config file 'file:./config/application-integration.properties' for profile integrationresource not found
2019-09-04 00:00:42.837 DEBUG 3923 --- [       runner-2] o.s.b.c.c.ConfigFileApplicationListener  : Skipped config file 'file:./config/application.properties' for profile integrationresource not found
2019-09-04 00:00:42.837 DEBUG 3923 --- [       runner-2] o.s.b.c.c.ConfigFileApplicationListener  : Skipped config file 'file:./config/application-integration.yaml' resource not found
2019-09-04 00:00:42.837 DEBUG 3923 --- [       runner-2] o.s.b.c.c.ConfigFileApplicationListener  : Skipped config file 'file:./config/application-integration.yaml' for profile integrationresource not found
2019-09-04 00:00:42.838 DEBUG 3923 --- [       runner-2] o.s.b.c.c.ConfigFileApplicationListener  : Skipped config file 'file:./config/application.yaml' for profile integrationresource not found
2019-09-04 00:00:42.838 DEBUG 3923 --- [       runner-2] o.s.b.c.c.ConfigFileApplicationListener  : Skipped config file 'file:./application-integration.xml' resource not found
2019-09-04 00:00:42.838 DEBUG 3923 --- [       runner-2] o.s.b.c.c.ConfigFileApplicationListener  : Skipped config file 'file:./application-integration.xml' for profile integrationresource not found
2019-09-04 00:00:42.839 DEBUG 3923 --- [       runner-2] o.s.b.c.c.ConfigFileApplicationListener  : Skipped config file 'file:./application.xml' for profile integrationresource not found
2019-09-04 00:00:42.839 DEBUG 3923 --- [       runner-2] o.s.b.c.c.ConfigFileApplicationListener  : Skipped config file 'file:./application-integration.yml' resource not found
2019-09-04 00:00:42.839 DEBUG 3923 --- [       runner-2] o.s.b.c.c.ConfigFileApplicationListener  : Skipped config file 'file:./application-integration.yml' for profile integrationresource not found
2019-09-04 00:00:42.842 DEBUG 3923 --- [       runner-2] o.s.b.c.c.ConfigFileApplicationListener  : Skipped config file 'file:./application.yml' for profile integrationresource not found
2019-09-04 00:00:42.842 DEBUG 3923 --- [       runner-2] o.s.b.c.c.ConfigFileApplicationListener  : Skipped config file 'file:./application-integration.properties' resource not found
2019-09-04 00:00:42.842 DEBUG 3923 --- [       runner-2] o.s.b.c.c.ConfigFileApplicationListener  : Skipped config file 'file:./application-integration.properties' for profile integrationresource not found
2019-09-04 00:00:42.842 DEBUG 3923 --- [       runner-2] o.s.b.c.c.ConfigFileApplicationListener  : Skipped config file 'file:./application.properties' for profile integrationresource not found
2019-09-04 00:00:42.842 DEBUG 3923 --- [       runner-2] o.s.b.c.c.ConfigFileApplicationListener  : Skipped config file 'file:./application-integration.yaml' resource not found
2019-09-04 00:00:42.842 DEBUG 3923 --- [       runner-2] o.s.b.c.c.ConfigFileApplicationListener  : Skipped config file 'file:./application-integration.yaml' for profile integrationresource not found
2019-09-04 00:00:42.843 DEBUG 3923 --- [       runner-2] o.s.b.c.c.ConfigFileApplicationListener  : Skipped config file 'file:./application.yaml' for profile integrationresource not found
2019-09-04 00:00:42.843 DEBUG 3923 --- [       runner-2] o.s.b.c.c.ConfigFileApplicationListener  : Skipped config file 'classpath:/config/application-integration.xml' resource not found
2019-09-04 00:00:42.843 DEBUG 3923 --- [       runner-2] o.s.b.c.c.ConfigFileApplicationListener  : Skipped config file 'classpath:/config/application-integration.xml' for profile integrationresource not found
2019-09-04 00:00:42.843 DEBUG 3923 --- [       runner-2] o.s.b.c.c.ConfigFileApplicationListener  : Skipped config file 'classpath:/config/application.xml' for profile integrationresource not found
2019-09-04 00:00:42.843 DEBUG 3923 --- [       runner-2] o.s.b.c.c.ConfigFileApplicationListener  : Skipped config file 'classpath:/config/application-integration.yml' resource not found
2019-09-04 00:00:42.843 DEBUG 3923 --- [       runner-2] o.s.b.c.c.ConfigFileApplicationListener  : Skipped config file 'classpath:/config/application-integration.yml' for profile integrationresource not found
2019-09-04 00:00:42.843 DEBUG 3923 --- [       runner-2] o.s.b.c.c.ConfigFileApplicationListener  : Skipped config file 'classpath:/config/application.yml' for profile integrationresource not found
2019-09-04 00:00:42.844 DEBUG 3923 --- [       runner-2] o.s.b.c.c.ConfigFileApplicationListener  : Skipped config file 'classpath:/config/application-integration.properties' resource not found
2019-09-04 00:00:42.844 DEBUG 3923 --- [       runner-2] o.s.b.c.c.ConfigFileApplicationListener  : Skipped config file 'classpath:/config/application-integration.properties' for profile integrationresource not found
2019-09-04 00:00:42.844 DEBUG 3923 --- [       runner-2] o.s.b.c.c.ConfigFileApplicationListener  : Skipped config file 'classpath:/config/application.properties' for profile integrationresource not found
2019-09-04 00:00:42.844 DEBUG 3923 --- [       runner-2] o.s.b.c.c.ConfigFileApplicationListener  : Skipped config file 'classpath:/config/application-integration.yaml' resource not found
2019-09-04 00:00:42.844 DEBUG 3923 --- [       runner-2] o.s.b.c.c.ConfigFileApplicationListener  : Skipped config file 'classpath:/config/application-integration.yaml' for profile integrationresource not found
2019-09-04 00:00:42.846 DEBUG 3923 --- [       runner-2] o.s.b.c.c.ConfigFileApplicationListener  : Skipped config file 'classpath:/config/application.yaml' for profile integrationresource not found
2019-09-04 00:00:42.846 DEBUG 3923 --- [       runner-2] o.s.b.c.c.ConfigFileApplicationListener  : Skipped config file 'classpath:/application-integration.xml' resource not found
2019-09-04 00:00:42.846 DEBUG 3923 --- [       runner-2] o.s.b.c.c.ConfigFileApplicationListener  : Skipped config file 'classpath:/application-integration.xml' for profile integrationresource not found
2019-09-04 00:00:42.847 DEBUG 3923 --- [       runner-2] o.s.b.c.c.ConfigFileApplicationListener  : Skipped config file 'classpath:/application.xml' for profile integrationresource not found
2019-09-04 00:00:42.847 DEBUG 3923 --- [       runner-2] o.s.b.c.c.ConfigFileApplicationListener  : Skipped config file 'classpath:/application-integration.yml' resource not found
2019-09-04 00:00:42.848 DEBUG 3923 --- [       runner-2] o.s.b.c.c.ConfigFileApplicationListener  : Skipped config file 'classpath:/application-integration.yml' for profile integrationresource not found
2019-09-04 00:00:42.848 DEBUG 3923 --- [       runner-2] o.s.b.c.c.ConfigFileApplicationListener  : Skipped config file 'classpath:/application.yml' for profile integrationresource not found
2019-09-04 00:00:42.848 DEBUG 3923 --- [       runner-2] o.s.b.c.c.ConfigFileApplicationListener  : Skipped config file 'classpath:/application-integration.properties' resource not found
2019-09-04 00:00:42.848 DEBUG 3923 --- [       runner-2] o.s.b.c.c.ConfigFileApplicationListener  : Skipped config file 'classpath:/application-integration.properties' for profile integrationresource not found
2019-09-04 00:00:42.849 DEBUG 3923 --- [       runner-2] o.s.b.c.c.ConfigFileApplicationListener  : Skipped config file 'classpath:/application.properties' for profile integrationresource not found
2019-09-04 00:00:42.849 DEBUG 3923 --- [       runner-2] o.s.b.c.c.ConfigFileApplicationListener  : Skipped config file 'classpath:/application-integration.yaml' resource not found
2019-09-04 00:00:42.849 DEBUG 3923 --- [       runner-2] o.s.b.c.c.ConfigFileApplicationListener  : Skipped config file 'classpath:/application-integration.yaml' for profile integrationresource not found
2019-09-04 00:00:42.849 DEBUG 3923 --- [       runner-2] o.s.b.c.c.ConfigFileApplicationListener  : Skipped config file 'classpath:/application.yaml' for profile integrationresource not found
2019-09-04 00:00:42.850  INFO 3923 --- [       runner-2] s.c.a.AnnotationConfigApplicationContext : Refreshing org.springframework.context.annotation.AnnotationConfigApplicationContext@7477ec: startup date [Wed Sep 04 00:00:42 UTC 2019]; root of context hierarchy
2019-09-04 00:00:43.152  INFO 3923 --- [       runner-2] .b.l.ClasspathLoggingApplicationListener : Application failed to start with classpath: []
2019-09-04 00:00:43.156 ERROR 3923 --- [       runner-2] o.s.boot.SpringApplication               : Application startup failed

java.lang.NoSuchMethodError: org.springframework.beans.factory.support.DefaultListableBeanFactory.isAllowEagerClassLoading()Z
 at org.springframework.boot.autoconfigure.condition.BeanTypeRegistry.get(BeanTypeRegistry.java:147)
 at org.springframework.boot.autoconfigure.condition.OnBeanCondition.collectBeanNamesForType(OnBeanCondition.java:154)
 at org.springframework.boot.autoconfigure.condition.OnBeanCondition.getBeanNamesForType(OnBeanCondition.java:143)
 at org.springframework.boot.autoconfigure.condition.OnBeanCondition.getMatchingBeans(OnBeanCondition.java:115)
 at org.springframework.boot.autoconfigure.condition.OnBeanCondition.getMatchOutcome(OnBeanCondition.java:90)
 at org.springframework.boot.autoconfigure.condition.SpringBootCondition.matches(SpringBootCondition.java:45)
 at org.springframework.context.annotation.ConditionEvaluator.shouldSkip(ConditionEvaluator.java:102)
 at org.springframework.context.annotation.ConfigurationClassBeanDefinitionReader.loadBeanDefinitionsForBeanMethod(ConfigurationClassBeanDefinitionReader.java:177)
 at org.springframework.context.annotation.ConfigurationClassBeanDefinitionReader.loadBeanDefinitionsForConfigurationClass(ConfigurationClassBeanDefinitionReader.java:146)
 at org.springframework.context.annotation.ConfigurationClassBeanDefinitionReader.loadBeanDefinitions(ConfigurationClassBeanDefinitionReader.java:122)
 at org.springframework.context.annotation.ConfigurationClassPostProcessor.processConfigBeanDefinitions(ConfigurationClassPostProcessor.java:318)
 at org.springframework.context.annotation.ConfigurationClassPostProcessor.postProcessBeanDefinitionRegistry(ConfigurationClassPostProcessor.java:239)
 at org.springframework.context.support.PostProcessorRegistrationDelegate.invokeBeanDefinitionRegistryPostProcessors(PostProcessorRegistrationDelegate.java:254)
 at org.springframework.context.support.PostProcessorRegistrationDelegate.invokeBeanFactoryPostProcessors(PostProcessorRegistrationDelegate.java:94)
 at org.springframework.context.support.AbstractApplicationContext.invokeBeanFactoryPostProcessors(AbstractApplicationContext.java:606)
 at org.springframework.context.support.AbstractApplicationContext.refresh(AbstractApplicationContext.java:462)
 at org.springframework.boot.SpringApplication.refresh(SpringApplication.java:691)
 at org.springframework.boot.SpringApplication.run(SpringApplication.java:321)
 at org.springframework.boot.SpringApplication.run(SpringApplication.java:961)
 at sun.reflect.NativeMethodAccessorImpl.invoke0(Native Method)
 at sun.reflect.NativeMethodAccessorImpl.invoke(NativeMethodAccessorImpl.java:62)
 at sun.reflect.DelegatingMethodAccessorImpl.invoke(DelegatingMethodAccessorImpl.java:43)
 at java.lang.reflect.Method.invoke(Method.java:498)
 at org.springframework.boot.cli.command.run.SpringApplicationRunner$RunThread.run(SpringApplicationRunner.java:152)

2019-09-04 00:00:43.157  INFO 3923 --- [       runner-2] s.c.a.AnnotationConfigApplicationContext : Closing org.springframework.context.annotation.AnnotationConfigApplicationContext@7477ec: startup date [Wed Sep 04 00:00:42 UTC 2019]; root of context hierarchy
2019-09-04 00:00:43.158  WARN 3923 --- [       runner-2] s.c.a.AnnotationConfigApplicationContext : Exception thrown from ApplicationListener handling ContextClosedEvent

java.lang.IllegalStateException: ApplicationEventMulticaster not initialized - call 'refresh' before multicasting events via the context: org.springframework.context.annotation.AnnotationConfigApplicationContext@7477ec: startup date [Wed Sep 04 00:00:42 UTC 2019]; root of context hierarchy
 at org.springframework.context.support.AbstractApplicationContext.getApplicationEventMulticaster(AbstractApplicationContext.java:344)
 at org.springframework.context.support.AbstractApplicationContext.publishEvent(AbstractApplicationContext.java:331)
 at org.springframework.context.support.AbstractApplicationContext.doClose(AbstractApplicationContext.java:869)
 at org.springframework.context.support.AbstractApplicationContext.close(AbstractApplicationContext.java:836)
 at org.springframework.boot.SpringApplication.run(SpringApplication.java:343)
 at org.springframework.boot.SpringApplication.run(SpringApplication.java:961)
 at sun.reflect.NativeMethodAccessorImpl.invoke0(Native Method)
 at sun.reflect.NativeMethodAccessorImpl.invoke(NativeMethodAccessorImpl.java:62)
 at sun.reflect.DelegatingMethodAccessorImpl.invoke(DelegatingMethodAccessorImpl.java:43)
 at java.lang.reflect.Method.invoke(Method.java:498)
 at org.springframework.boot.cli.command.run.SpringApplicationRunner$RunThread.run(SpringApplicationRunner.java:152)

2019-09-04 00:00:43.159  WARN 3923 --- [       runner-2] s.c.a.AnnotationConfigApplicationContext : Exception thrown from LifecycleProcessor on context close

java.lang.IllegalStateException: LifecycleProcessor not initialized - call 'refresh' before invoking lifecycle methods via the context: org.springframework.context.annotation.AnnotationConfigApplicationContext@7477ec: startup date [Wed Sep 04 00:00:42 UTC 2019]; root of context hierarchy
 at org.springframework.context.support.AbstractApplicationContext.getLifecycleProcessor(AbstractApplicationContext.java:357)
 at org.springframework.context.support.AbstractApplicationContext.doClose(AbstractApplicationContext.java:877)
 at org.springframework.context.support.AbstractApplicationContext.close(AbstractApplicationContext.java:836)
 at org.springframework.boot.SpringApplication.run(SpringApplication.java:343)
 at org.springframework.boot.SpringApplication.run(SpringApplication.java:961)
 at sun.reflect.NativeMethodAccessorImpl.invoke0(Native Method)
 at sun.reflect.NativeMethodAccessorImpl.invoke(NativeMethodAccessorImpl.java:62)
 at sun.reflect.DelegatingMethodAccessorImpl.invoke(DelegatingMethodAccessorImpl.java:43)
 at java.lang.reflect.Method.invoke(Method.java:498)
 at org.springframework.boot.cli.command.run.SpringApplicationRunner$RunThread.run(SpringApplicationRunner.java:152)

java.lang.reflect.InvocationTargetException
 at sun.reflect.NativeMethodAccessorImpl.invoke0(Native Method)
 at sun.reflect.NativeMethodAccessorImpl.invoke(NativeMethodAccessorImpl.java:62)
 at sun.reflect.DelegatingMethodAccessorImpl.invoke(DelegatingMethodAccessorImpl.java:43)
 at java.lang.reflect.Method.invoke(Method.java:498)
 at org.springframework.boot.cli.command.run.SpringApplicationRunner$RunThread.run(SpringApplicationRunner.java:152)
Caused by: java.lang.NoSuchMethodError: org.springframework.beans.factory.support.DefaultListableBeanFactory.isAllowEagerClassLoading()Z
 at org.springframework.boot.autoconfigure.condition.BeanTypeRegistry.get(BeanTypeRegistry.java:147)
 at org.springframework.boot.autoconfigure.condition.OnBeanCondition.collectBeanNamesForType(OnBeanCondition.java:154)
 at org.springframework.boot.autoconfigure.condition.OnBeanCondition.getBeanNamesForType(OnBeanCondition.java:143)
 at org.springframework.boot.autoconfigure.condition.OnBeanCondition.getMatchingBeans(OnBeanCondition.java:115)
 at org.springframework.boot.autoconfigure.condition.OnBeanCondition.getMatchOutcome(OnBeanCondition.java:90)
 at org.springframework.boot.autoconfigure.condition.SpringBootCondition.matches(SpringBootCondition.java:45)
 at org.springframework.context.annotation.ConditionEvaluator.shouldSkip(ConditionEvaluator.java:102)
 at org.springframework.context.annotation.ConfigurationClassBeanDefinitionReader.loadBeanDefinitionsForBeanMethod(ConfigurationClassBeanDefinitionReader.java:177)
 at org.springframework.context.annotation.ConfigurationClassBeanDefinitionReader.loadBeanDefinitionsForConfigurationClass(ConfigurationClassBeanDefinitionReader.java:146)
 at org.springframework.context.annotation.ConfigurationClassBeanDefinitionReader.loadBeanDefinitions(ConfigurationClassBeanDefinitionReader.java:122)
 at org.springframework.context.annotation.ConfigurationClassPostProcessor.processConfigBeanDefinitions(ConfigurationClassPostProcessor.java:318)
 at org.springframework.context.annotation.ConfigurationClassPostProcessor.postProcessBeanDefinitionRegistry(ConfigurationClassPostProcessor.java:239)
 at org.springframework.context.support.PostProcessorRegistrationDelegate.invokeBeanDefinitionRegistryPostProcessors(PostProcessorRegistrationDelegate.java:254)
 at org.springframework.context.support.PostProcessorRegistrationDelegate.invokeBeanFactoryPostProcessors(PostProcessorRegistrationDelegate.java:94)
 at org.springframework.context.support.AbstractApplicationContext.invokeBeanFactoryPostProcessors(AbstractApplicationContext.java:606)
 at org.springframework.context.support.AbstractApplicationContext.refresh(AbstractApplicationContext.java:462)
 at org.springframework.boot.SpringApplication.refresh(SpringApplication.java:691)
 at org.springframework.boot.SpringApplication.run(SpringApplication.java:321)
 at org.springframework.boot.SpringApplication.run(SpringApplication.java:961)
 ... 5 more
"""
spring-projects-spring-boot,org.springframework.boot.cli.DirectorySourcesIntegrationTests#runDirectory,matched (7 report(s) available),java.lang.AssertionError,Order Dependent,"low-confidence guess: found phrase 'illegalstateexception' which can indicate leftover state from another test, but this cannot be confirmed without cross-test execution context","
Expected: a string containing ""Hello World""
     but: was ""
  .   ____          _            __ _ _
 /\\ / ___'_ __ _ _(_)_ __  __ _ \ \ \ \
( ( )\___ | '_ | '_| | '_ \/ _` | \ \ \ \
 \\/  ___)| |_)| | | | | || (_| |  ) ) ) )
  '  |____| .__|_| |_|_| |_\__, | / / / /
 =========|_|==============|___/=/_/_/_/
 :: Spring Boot ::  (v1.2.0.BUILD-SNAPSHOT)

2019-09-04 00:00:43.620  INFO 3923 --- [       runner-3] o.s.boot.SpringApplication               : Starting application on ip-172-31-56-109 with PID 3923 (/root/.m2/repository/org/springframework/boot/spring-boot/1.2.0.BUILD-SNAPSHOT/spring-boot-1.2.0.BUILD-SNAPSHOT.jar started by root in /working/proj/spring-projects-spring-boot-2462/spring-projects-spring-boot/spring-boot-cli)
2019-09-04 00:00:43.622 DEBUG 3923 --- [       runner-3] o.s.boot.SpringApplication               : Running with Spring Boot v1.2.0.BUILD-SNAPSHOT, Spring v4.1.1.RELEASE
2019-09-04 00:00:43.622 DEBUG 3923 --- [       runner-3] o.s.boot.SpringApplication               : Loading source class org.test.MyService,class org.test.Example
2019-09-04 00:00:43.644 DEBUG 3923 --- [       runner-3] o.s.b.c.c.ConfigFileApplicationListener  : Activated profiles integration
2019-09-04 00:00:43.644 DEBUG 3923 --- [       runner-3] o.s.b.c.c.ConfigFileApplicationListener  : Skipped config file 'file:./config/application.xml' resource not found
2019-09-04 00:00:43.644 DEBUG 3923 --- [       runner-3] o.s.b.c.c.ConfigFileApplicationListener  : Skipped config file 'file:./config/application.yml' resource not found
2019-09-04 00:00:43.644 DEBUG 3923 --- [       runner-3] o.s.b.c.c.ConfigFileApplicationListener  : Skipped config file 'file:./config/application.properties' resource not found
2019-09-04 00:00:43.644 DEBUG 3923 --- [       runner-3] o.s.b.c.c.ConfigFileApplicationListener  : Skipped config file 'file:./config/application.yaml' resource not found
2019-09-04 00:00:43.645 DEBUG 3923 --- [       runner-3] o.s.b.c.c.ConfigFileApplicationListener  : Skipped config file 'file:./application.xml' resource not found
2019-09-04 00:00:43.645 DEBUG 3923 --- [       runner-3] o.s.b.c.c.ConfigFileApplicationListener  : Skipped config file 'file:./application.yml' resource not found
2019-09-04 00:00:43.645 DEBUG 3923 --- [       runner-3] o.s.b.c.c.ConfigFileApplicationListener  : Skipped config file 'file:./application.properties' resource not found
2019-09-04 00:00:43.645 DEBUG 3923 --- [       runner-3] o.s.b.c.c.ConfigFileApplicationListener  : Skipped config file 'file:./application.yaml' resource not found
2019-09-04 00:00:43.645 DEBUG 3923 --- [       runner-3] o.s.b.c.c.ConfigFileApplicationListener  : Skipped config file 'classpath:/config/application.xml' resource not found
2019-09-04 00:00:43.645 DEBUG 3923 --- [       runner-3] o.s.b.c.c.ConfigFileApplicationListener  : Skipped config file 'classpath:/config/application.yml' resource not found
2019-09-04 00:00:43.645 DEBUG 3923 --- [       runner-3] o.s.b.c.c.ConfigFileApplicationListener  : Skipped config file 'classpath:/config/application.properties' resource not found
2019-09-04 00:00:43.646 DEBUG 3923 --- [       runner-3] o.s.b.c.c.ConfigFileApplicationListener  : Skipped config file 'classpath:/config/application.yaml' resource not found
2019-09-04 00:00:43.646 DEBUG 3923 --- [       runner-3] o.s.b.c.c.ConfigFileApplicationListener  : Skipped config file 'classpath:/application.xml' resource not found
2019-09-04 00:00:43.646 DEBUG 3923 --- [       runner-3] o.s.b.c.c.ConfigFileApplicationListener  : Skipped config file 'classpath:/application.yml' resource not found
2019-09-04 00:00:43.646 DEBUG 3923 --- [       runner-3] o.s.b.c.c.ConfigFileApplicationListener  : Skipped config file 'classpath:/application.properties' resource not found
2019-09-04 00:00:43.646 DEBUG 3923 --- [       runner-3] o.s.b.c.c.ConfigFileApplicationListener  : Skipped config file 'classpath:/application.yaml' resource not found
2019-09-04 00:00:43.646 DEBUG 3923 --- [       runner-3] o.s.b.c.c.ConfigFileApplicationListener  : Skipped config file 'file:./config/application-integration.xml' resource not found
2019-09-04 00:00:43.647 DEBUG 3923 --- [       runner-3] o.s.b.c.c.ConfigFileApplicationListener  : Skipped config file 'file:./config/application-integration.xml' for profile integrationresource not found
2019-09-04 00:00:43.647 DEBUG 3923 --- [       runner-3] o.s.b.c.c.ConfigFileApplicationListener  : Skipped config file 'file:./config/application.xml' for profile integrationresource not found
2019-09-04 00:00:43.647 DEBUG 3923 --- [       runner-3] o.s.b.c.c.ConfigFileApplicationListener  : Skipped config file 'file:./config/application-integration.yml' resource not found
2019-09-04 00:00:43.647 DEBUG 3923 --- [       runner-3] o.s.b.c.c.ConfigFileApplicationListener  : Skipped config file 'file:./config/application-integration.yml' for profile integrationresource not found
2019-09-04 00:00:43.647 DEBUG 3923 --- [       runner-3] o.s.b.c.c.ConfigFileApplicationListener  : Skipped config file 'file:./config/application.yml' for profile integrationresource not found
2019-09-04 00:00:43.647 DEBUG 3923 --- [       runner-3] o.s.b.c.c.ConfigFileApplicationListener  : Skipped config file 'file:./config/application-integration.properties' resource not found
2019-09-04 00:00:43.647 DEBUG 3923 --- [       runner-3] o.s.b.c.c.ConfigFileApplicationListener  : Skipped config file 'file:./config/application-integration.properties' for profile integrationresource not found
2019-09-04 00:00:43.648 DEBUG 3923 --- [       runner-3] o.s.b.c.c.ConfigFileApplicationListener  : Skipped config file 'file:./config/application.properties' for profile integrationresource not found
2019-09-04 00:00:43.648 DEBUG 3923 --- [       runner-3] o.s.b.c.c.ConfigFileApplicationListener  : Skipped config file 'file:./config/application-integration.yaml' resource not found
2019-09-04 00:00:43.648 DEBUG 3923 --- [       runner-3] o.s.b.c.c.ConfigFileApplicationListener  : Skipped config file 'file:./config/application-integration.yaml' for profile integrationresource not found
2019-09-04 00:00:43.648 DEBUG 3923 --- [       runner-3] o.s.b.c.c.ConfigFileApplicationListener  : Skipped config file 'file:./config/application.yaml' for profile integrationresource not found
2019-09-04 00:00:43.648 DEBUG 3923 --- [       runner-3] o.s.b.c.c.ConfigFileApplicationListener  : Skipped config file 'file:./application-integration.xml' resource not found
2019-09-04 00:00:43.648 DEBUG 3923 --- [       runner-3] o.s.b.c.c.ConfigFileApplicationListener  : Skipped config file 'file:./application-integration.xml' for profile integrationresource not found
2019-09-04 00:00:43.648 DEBUG 3923 --- [       runner-3] o.s.b.c.c.ConfigFileApplicationListener  : Skipped config file 'file:./application.xml' for profile integrationresource not found
2019-09-04 00:00:43.649 DEBUG 3923 --- [       runner-3] o.s.b.c.c.ConfigFileApplicationListener  : Skipped config file 'file:./application-integration.yml' resource not found
2019-09-04 00:00:43.649 DEBUG 3923 --- [       runner-3] o.s.b.c.c.ConfigFileApplicationListener  : Skipped config file 'file:./application-integration.yml' for profile integrationresource not found
2019-09-04 00:00:43.649 DEBUG 3923 --- [       runner-3] o.s.b.c.c.ConfigFileApplicationListener  : Skipped config file 'file:./application.yml' for profile integrationresource not found
2019-09-04 00:00:43.649 DEBUG 3923 --- [       runner-3] o.s.b.c.c.ConfigFileApplicationListener  : Skipped config file 'file:./application-integration.properties' resource not found
2019-09-04 00:00:43.649 DEBUG 3923 --- [       runner-3] o.s.b.c.c.ConfigFileApplicationListener  : Skipped config file 'file:./application-integration.properties' for profile integrationresource not found
2019-09-04 00:00:43.649 DEBUG 3923 --- [       runner-3] o.s.b.c.c.ConfigFileApplicationListener  : Skipped config file 'file:./application.properties' for profile integrationresource not found
2019-09-04 00:00:43.649 DEBUG 3923 --- [       runner-3] o.s.b.c.c.ConfigFileApplicationListener  : Skipped config file 'file:./application-integration.yaml' resource not found
2019-09-04 00:00:43.650 DEBUG 3923 --- [       runner-3] o.s.b.c.c.ConfigFileApplicationListener  : Skipped config file 'file:./application-integration.yaml' for profile integrationresource not found
2019-09-04 00:00:43.650 DEBUG 3923 --- [       runner-3] o.s.b.c.c.ConfigFileApplicationListener  : Skipped config file 'file:./application.yaml' for profile integrationresource not found
2019-09-04 00:00:43.650 DEBUG 3923 --- [       runner-3] o.s.b.c.c.ConfigFileApplicationListener  : Skipped config file 'classpath:/config/application-integration.xml' resource not found
2019-09-04 00:00:43.650 DEBUG 3923 --- [       runner-3] o.s.b.c.c.ConfigFileApplicationListener  : Skipped config file 'classpath:/config/application-integration.xml' for profile integrationresource not found
2019-09-04 00:00:43.650 DEBUG 3923 --- [       runner-3] o.s.b.c.c.ConfigFileApplicationListener  : Skipped config file 'classpath:/config/application.xml' for profile integrationresource not found
2019-09-04 00:00:43.650 DEBUG 3923 --- [       runner-3] o.s.b.c.c.ConfigFileApplicationListener  : Skipped config file 'classpath:/config/application-integration.yml' resource not found
2019-09-04 00:00:43.650 DEBUG 3923 --- [       runner-3] o.s.b.c.c.ConfigFileApplicationListener  : Skipped config file 'classpath:/config/application-integration.yml' for profile integrationresource not found
2019-09-04 00:00:43.651 DEBUG 3923 --- [       runner-3] o.s.b.c.c.ConfigFileApplicationListener  : Skipped config file 'classpath:/config/application.yml' for profile integrationresource not found
2019-09-04 00:00:43.651 DEBUG 3923 --- [       runner-3] o.s.b.c.c.ConfigFileApplicationListener  : Skipped config file 'classpath:/config/application-integration.properties' resource not found
2019-09-04 00:00:43.651 DEBUG 3923 --- [       runner-3] o.s.b.c.c.ConfigFileApplicationListener  : Skipped config file 'classpath:/config/application-integration.properties' for profile integrationresource not found
2019-09-04 00:00:43.651 DEBUG 3923 --- [       runner-3] o.s.b.c.c.ConfigFileApplicationListener  : Skipped config file 'classpath:/config/application.properties' for profile integrationresource not found
2019-09-04 00:00:43.651 DEBUG 3923 --- [       runner-3] o.s.b.c.c.ConfigFileApplicationListener  : Skipped config file 'classpath:/config/application-integration.yaml' resource not found
2019-09-04 00:00:43.651 DEBUG 3923 --- [       runner-3] o.s.b.c.c.ConfigFileApplicationListener  : Skipped config file 'classpath:/config/application-integration.yaml' for profile integrationresource not found
2019-09-04 00:00:43.651 DEBUG 3923 --- [       runner-3] o.s.b.c.c.ConfigFileApplicationListener  : Skipped config file 'classpath:/config/application.yaml' for profile integrationresource not found
2019-09-04 00:00:43.652 DEBUG 3923 --- [       runner-3] o.s.b.c.c.ConfigFileApplicationListener  : Skipped config file 'classpath:/application-integration.xml' resource not found
2019-09-04 00:00:43.652 DEBUG 3923 --- [       runner-3] o.s.b.c.c.ConfigFileApplicationListener  : Skipped config file 'classpath:/application-integration.xml' for profile integrationresource not found
2019-09-04 00:00:43.652 DEBUG 3923 --- [       runner-3] o.s.b.c.c.ConfigFileApplicationListener  : Skipped config file 'classpath:/application.xml' for profile integrationresource not found
2019-09-04 00:00:43.652 DEBUG 3923 --- [       runner-3] o.s.b.c.c.ConfigFileApplicationListener  : Skipped config file 'classpath:/application-integration.yml' resource not found
2019-09-04 00:00:43.652 DEBUG 3923 --- [       runner-3] o.s.b.c.c.ConfigFileApplicationListener  : Skipped config file 'classpath:/application-integration.yml' for profile integrationresource not found
2019-09-04 00:00:43.652 DEBUG 3923 --- [       runner-3] o.s.b.c.c.ConfigFileApplicationListener  : Skipped config file 'classpath:/application.yml' for profile integrationresource not found
2019-09-04 00:00:43.652 DEBUG 3923 --- [       runner-3] o.s.b.c.c.ConfigFileApplicationListener  : Skipped config file 'classpath:/application-integration.properties' resource not found
2019-09-04 00:00:43.653 DEBUG 3923 --- [       runner-3] o.s.b.c.c.ConfigFileApplicationListener  : Skipped config file 'classpath:/application-integration.properties' for profile integrationresource not found
2019-09-04 00:00:43.653 DEBUG 3923 --- [       runner-3] o.s.b.c.c.ConfigFileApplicationListener  : Skipped config file 'classpath:/application.properties' for profile integrationresource not found
2019-09-04 00:00:43.653 DEBUG 3923 --- [       runner-3] o.s.b.c.c.ConfigFileApplicationListener  : Skipped config file 'classpath:/application-integration.yaml' resource not found
2019-09-04 00:00:43.653 DEBUG 3923 --- [       runner-3] o.s.b.c.c.ConfigFileApplicationListener  : Skipped config file 'classpath:/application-integration.yaml' for profile integrationresource not found
2019-09-04 00:00:43.653 DEBUG 3923 --- [       runner-3] o.s.b.c.c.ConfigFileApplicationListener  : Skipped config file 'classpath:/application.yaml' for profile integrationresource not found
2019-09-04 00:00:43.654  INFO 3923 --- [       runner-3] s.c.a.AnnotationConfigApplicationContext : Refreshing org.springframework.context.annotation.AnnotationConfigApplicationContext@27f37d2d: startup date [Wed Sep 04 00:00:43 UTC 2019]; root of context hierarchy
2019-09-04 00:00:43.878  INFO 3923 --- [       runner-3] .b.l.ClasspathLoggingApplicationListener : Application failed to start with classpath: []
2019-09-04 00:00:43.882 ERROR 3923 --- [       runner-3] o.s.boot.SpringApplication               : Application startup failed

java.lang.NoSuchMethodError: org.springframework.beans.factory.support.DefaultListableBeanFactory.isAllowEagerClassLoading()Z
 at org.springframework.boot.autoconfigure.condition.BeanTypeRegistry.get(BeanTypeRegistry.java:147)
 at org.springframework.boot.autoconfigure.condition.OnBeanCondition.collectBeanNamesForType(OnBeanCondition.java:154)
 at org.springframework.boot.autoconfigure.condition.OnBeanCondition.getBeanNamesForType(OnBeanCondition.java:143)
 at org.springframework.boot.autoconfigure.condition.OnBeanCondition.getMatchingBeans(OnBeanCondition.java:115)
 at org.springframework.boot.autoconfigure.condition.OnBeanCondition.getMatchOutcome(OnBeanCondition.java:90)
 at org.springframework.boot.autoconfigure.condition.SpringBootCondition.matches(SpringBootCondition.java:45)
 at org.springframework.context.annotation.ConditionEvaluator.shouldSkip(ConditionEvaluator.java:102)
 at org.springframework.context.annotation.ConfigurationClassBeanDefinitionReader.loadBeanDefinitionsForBeanMethod(ConfigurationClassBeanDefinitionReader.java:177)
 at org.springframework.context.annotation.ConfigurationClassBeanDefinitionReader.loadBeanDefinitionsForConfigurationClass(ConfigurationClassBeanDefinitionReader.java:146)
 at org.springframework.context.annotation.ConfigurationClassBeanDefinitionReader.loadBeanDefinitions(ConfigurationClassBeanDefinitionReader.java:122)
 at org.springframework.context.annotation.ConfigurationClassPostProcessor.processConfigBeanDefinitions(ConfigurationClassPostProcessor.java:318)
 at org.springframework.context.annotation.ConfigurationClassPostProcessor.postProcessBeanDefinitionRegistry(ConfigurationClassPostProcessor.java:239)
 at org.springframework.context.support.PostProcessorRegistrationDelegate.invokeBeanDefinitionRegistryPostProcessors(PostProcessorRegistrationDelegate.java:254)
 at org.springframework.context.support.PostProcessorRegistrationDelegate.invokeBeanFactoryPostProcessors(PostProcessorRegistrationDelegate.java:94)
 at org.springframework.context.support.AbstractApplicationContext.invokeBeanFactoryPostProcessors(AbstractApplicationContext.java:606)
 at org.springframework.context.support.AbstractApplicationContext.refresh(AbstractApplicationContext.java:462)
 at org.springframework.boot.SpringApplication.refresh(SpringApplication.java:691)
 at org.springframework.boot.SpringApplication.run(SpringApplication.java:321)
 at org.springframework.boot.SpringApplication.run(SpringApplication.java:961)
 at sun.reflect.NativeMethodAccessorImpl.invoke0(Native Method)
 at sun.reflect.NativeMethodAccessorImpl.invoke(NativeMethodAccessorImpl.java:62)
 at sun.reflect.DelegatingMethodAccessorImpl.invoke(DelegatingMethodAccessorImpl.java:43)
 at java.lang.reflect.Method.invoke(Method.java:498)
 at org.springframework.boot.cli.command.run.SpringApplicationRunner$RunThread.run(SpringApplicationRunner.java:152)

2019-09-04 00:00:43.883  INFO 3923 --- [       runner-3] s.c.a.AnnotationConfigApplicationContext : Closing org.springframework.context.annotation.AnnotationConfigApplicationContext@27f37d2d: startup date [Wed Sep 04 00:00:43 UTC 2019]; root of context hierarchy
2019-09-04 00:00:43.884  WARN 3923 --- [       runner-3] s.c.a.AnnotationConfigApplicationContext : Exception thrown from ApplicationListener handling ContextClosedEvent

java.lang.IllegalStateException: ApplicationEventMulticaster not initialized - call 'refresh' before multicasting events via the context: org.springframework.context.annotation.AnnotationConfigApplicationContext@27f37d2d: startup date [Wed Sep 04 00:00:43 UTC 2019]; root of context hierarchy
 at org.springframework.context.support.AbstractApplicationContext.getApplicationEventMulticaster(AbstractApplicationContext.java:344)
 at org.springframework.context.support.AbstractApplicationContext.publishEvent(AbstractApplicationContext.java:331)
 at org.springframework.context.support.AbstractApplicationContext.doClose(AbstractApplicationContext.java:869)
 at org.springframework.context.support.AbstractApplicationContext.close(AbstractApplicationContext.java:836)
 at org.springframework.boot.SpringApplication.run(SpringApplication.java:343)
 at org.springframework.boot.SpringApplication.run(SpringApplication.java:961)
 at sun.reflect.NativeMethodAccessorImpl.invoke0(Native Method)
 at sun.reflect.NativeMethodAccessorImpl.invoke(NativeMethodAccessorImpl.java:62)
 at sun.reflect.DelegatingMethodAccessorImpl.invoke(DelegatingMethodAccessorImpl.java:43)
 at java.lang.reflect.Method.invoke(Method.java:498)
 at org.springframework.boot.cli.command.run.SpringApplicationRunner$RunThread.run(SpringApplicationRunner.java:152)

2019-09-04 00:00:43.885  WARN 3923 --- [       runner-3] s.c.a.AnnotationConfigApplicationContext : Exception thrown from LifecycleProcessor on context close

java.lang.IllegalStateException: LifecycleProcessor not initialized - call 'refresh' before invoking lifecycle methods via the context: org.springframework.context.annotation.AnnotationConfigApplicationContext@27f37d2d: startup date [Wed Sep 04 00:00:43 UTC 2019]; root of context hierarchy
 at org.springframework.context.support.AbstractApplicationContext.getLifecycleProcessor(AbstractApplicationContext.java:357)
 at org.springframework.context.support.AbstractApplicationContext.doClose(AbstractApplicationContext.java:877)
 at org.springframework.context.support.AbstractApplicationContext.close(AbstractApplicationContext.java:836)
 at org.springframework.boot.SpringApplication.run(SpringApplication.java:343)
 at org.springframework.boot.SpringApplication.run(SpringApplication.java:961)
 at sun.reflect.NativeMethodAccessorImpl.invoke0(Native Method)
 at sun.reflect.NativeMethodAccessorImpl.invoke(NativeMethodAccessorImpl.java:62)
 at sun.reflect.DelegatingMethodAccessorImpl.invoke(DelegatingMethodAccessorImpl.java:43)
 at java.lang.reflect.Method.invoke(Method.java:498)
 at org.springframework.boot.cli.command.run.SpringApplicationRunner$RunThread.run(SpringApplicationRunner.java:152)

java.lang.reflect.InvocationTargetException
 at sun.reflect.NativeMethodAccessorImpl.invoke0(Native Method)
 at sun.reflect.NativeMethodAccessorImpl.invoke(NativeMethodAccessorImpl.java:62)
 at sun.reflect.DelegatingMethodAccessorImpl.invoke(DelegatingMethodAccessorImpl.java:43)
 at java.lang.reflect.Method.invoke(Method.java:498)
 at org.springframework.boot.cli.command.run.SpringApplicationRunner$RunThread.run(SpringApplicationRunner.java:152)
Caused by: java.lang.NoSuchMethodError: org.springframework.beans.factory.support.DefaultListableBeanFactory.isAllowEagerClassLoading()Z
 at org.springframework.boot.autoconfigure.condition.BeanTypeRegistry.get(BeanTypeRegistry.java:147)
 at org.springframework.boot.autoconfigure.condition.OnBeanCondition.collectBeanNamesForType(OnBeanCondition.java:154)
 at org.springframework.boot.autoconfigure.condition.OnBeanCondition.getBeanNamesForType(OnBeanCondition.java:143)
 at org.springframework.boot.autoconfigure.condition.OnBeanCondition.getMatchingBeans(OnBeanCondition.java:115)
 at org.springframework.boot.autoconfigure.condition.OnBeanCondition.getMatchOutcome(OnBeanCondition.java:90)
 at org.springframework.boot.autoconfigure.condition.SpringBootCondition.matches(SpringBootCondition.java:45)
 at org.springframework.context.annotation.ConditionEvaluator.shouldSkip(ConditionEvaluator.java:102)
 at org.springframework.context.annotation.ConfigurationClassBeanDefinitionReader.loadBeanDefinitionsForBeanMethod(ConfigurationClassBeanDefinitionReader.java:177)
 at org.springframework.context.annotation.ConfigurationClassBeanDefinitionReader.loadBeanDefinitionsForConfigurationClass(ConfigurationClassBeanDefinitionReader.java:146)
 at org.springframework.context.annotation.ConfigurationClassBeanDefinitionReader.loadBeanDefinitions(ConfigurationClassBeanDefinitionReader.java:122)
 at org.springframework.context.annotation.ConfigurationClassPostProcessor.processConfigBeanDefinitions(ConfigurationClassPostProcessor.java:318)
 at org.springframework.context.annotation.ConfigurationClassPostProcessor.postProcessBeanDefinitionRegistry(ConfigurationClassPostProcessor.java:239)
 at org.springframework.context.support.PostProcessorRegistrationDelegate.invokeBeanDefinitionRegistryPostProcessors(PostProcessorRegistrationDelegate.java:254)
 at org.springframework.context.support.PostProcessorRegistrationDelegate.invokeBeanFactoryPostProcessors(PostProcessorRegistrationDelegate.java:94)
 at org.springframework.context.support.AbstractApplicationContext.invokeBeanFactoryPostProcessors(AbstractApplicationContext.java:606)
 at org.springframework.context.support.AbstractApplicationContext.refresh(AbstractApplicationContext.java:462)
 at org.springframework.boot.SpringApplication.refresh(SpringApplication.java:691)
 at org.springframework.boot.SpringApplication.run(SpringApplication.java:321)
 at org.springframework.boot.SpringApplication.run(SpringApplication.java:961)
 ... 5 more
"""
spring-projects-spring-boot,org.springframework.boot.cli.DirectorySourcesIntegrationTests#runDirectoryRecursive,matched (7 report(s) available),java.lang.AssertionError,Order Dependent,"low-confidence guess: found phrase 'illegalstateexception' which can indicate leftover state from another test, but this cannot be confirmed without cross-test execution context","
Expected: a string containing ""Hello World""
     but: was ""
  .   ____          _            __ _ _
 /\\ / ___'_ __ _ _(_)_ __  __ _ \ \ \ \
( ( )\___ | '_ | '_| | '_ \/ _` | \ \ \ \
 \\/  ___)| |_)| | | | | || (_| |  ) ) ) )
  '  |____| .__|_| |_|_| |_\__, | / / / /
 =========|_|==============|___/=/_/_/_/
 :: Spring Boot ::  (v1.2.0.BUILD-SNAPSHOT)

2019-09-04 00:00:44.333  INFO 3923 --- [       runner-4] o.s.boot.SpringApplication               : Starting application on ip-172-31-56-109 with PID 3923 (/root/.m2/repository/org/springframework/boot/spring-boot/1.2.0.BUILD-SNAPSHOT/spring-boot-1.2.0.BUILD-SNAPSHOT.jar started by root in /working/proj/spring-projects-spring-boot-2462/spring-projects-spring-boot/spring-boot-cli)
2019-09-04 00:00:44.335 DEBUG 3923 --- [       runner-4] o.s.boot.SpringApplication               : Running with Spring Boot v1.2.0.BUILD-SNAPSHOT, Spring v4.1.1.RELEASE
2019-09-04 00:00:44.336 DEBUG 3923 --- [       runner-4] o.s.boot.SpringApplication               : Loading source class org.test.MyService,class org.test.Example
2019-09-04 00:00:44.365 DEBUG 3923 --- [       runner-4] o.s.b.c.c.ConfigFileApplicationListener  : Activated profiles integration
2019-09-04 00:00:44.366 DEBUG 3923 --- [       runner-4] o.s.b.c.c.ConfigFileApplicationListener  : Skipped config file 'file:./config/application.xml' resource not found
2019-09-04 00:00:44.366 DEBUG 3923 --- [       runner-4] o.s.b.c.c.ConfigFileApplicationListener  : Skipped config file 'file:./config/application.yml' resource not found
2019-09-04 00:00:44.366 DEBUG 3923 --- [       runner-4] o.s.b.c.c.ConfigFileApplicationListener  : Skipped config file 'file:./config/application.properties' resource not found
2019-09-04 00:00:44.366 DEBUG 3923 --- [       runner-4] o.s.b.c.c.ConfigFileApplicationListener  : Skipped config file 'file:./config/application.yaml' resource not found
2019-09-04 00:00:44.366 DEBUG 3923 --- [       runner-4] o.s.b.c.c.ConfigFileApplicationListener  : Skipped config file 'file:./application.xml' resource not found
2019-09-04 00:00:44.366 DEBUG 3923 --- [       runner-4] o.s.b.c.c.ConfigFileApplicationListener  : Skipped config file 'file:./application.yml' resource not found
2019-09-04 00:00:44.367 DEBUG 3923 --- [       runner-4] o.s.b.c.c.ConfigFileApplicationListener  : Skipped config file 'file:./application.properties' resource not found
2019-09-04 00:00:44.367 DEBUG 3923 --- [       runner-4] o.s.b.c.c.ConfigFileApplicationListener  : Skipped config file 'file:./application.yaml' resource not found
2019-09-04 00:00:44.367 DEBUG 3923 --- [       runner-4] o.s.b.c.c.ConfigFileApplicationListener  : Skipped config file 'classpath:/config/application.xml' resource not found
2019-09-04 00:00:44.367 DEBUG 3923 --- [       runner-4] o.s.b.c.c.ConfigFileApplicationListener  : Skipped config file 'classpath:/config/application.yml' resource not found
2019-09-04 00:00:44.367 DEBUG 3923 --- [       runner-4] o.s.b.c.c.ConfigFileApplicationListener  : Skipped config file 'classpath:/config/application.properties' resource not found
2019-09-04 00:00:44.367 DEBUG 3923 --- [       runner-4] o.s.b.c.c.ConfigFileApplicationListener  : Skipped config file 'classpath:/config/application.yaml' resource not found
2019-09-04 00:00:44.367 DEBUG 3923 --- [       runner-4] o.s.b.c.c.ConfigFileApplicationListener  : Skipped config file 'classpath:/application.xml' resource not found
2019-09-04 00:00:44.368 DEBUG 3923 --- [       runner-4] o.s.b.c.c.ConfigFileApplicationListener  : Skipped config file 'classpath:/application.yml' resource not found
2019-09-04 00:00:44.368 DEBUG 3923 --- [       runner-4] o.s.b.c.c.ConfigFileApplicationListener  : Skipped config file 'classpath:/application.properties' resource not found
2019-09-04 00:00:44.369 DEBUG 3923 --- [       runner-4] o.s.b.c.c.ConfigFileApplicationListener  : Skipped config file 'classpath:/application.yaml' resource not found
2019-09-04 00:00:44.369 DEBUG 3923 --- [       runner-4] o.s.b.c.c.ConfigFileApplicationListener  : Skipped config file 'file:./config/application-integration.xml' resource not found
2019-09-04 00:00:44.369 DEBUG 3923 --- [       runner-4] o.s.b.c.c.ConfigFileApplicationListener  : Skipped config file 'file:./config/application-integration.xml' for profile integrationresource not found
2019-09-04 00:00:44.370 DEBUG 3923 --- [       runner-4] o.s.b.c.c.ConfigFileApplicationListener  : Skipped config file 'file:./config/application.xml' for profile integrationresource not found
2019-09-04 00:00:44.370 DEBUG 3923 --- [       runner-4] o.s.b.c.c.ConfigFileApplicationListener  : Skipped config file 'file:./config/application-integration.yml' resource not found
2019-09-04 00:00:44.370 DEBUG 3923 --- [       runner-4] o.s.b.c.c.ConfigFileApplicationListener  : Skipped config file 'file:./config/application-integration.yml' for profile integrationresource not found
2019-09-04 00:00:44.370 DEBUG 3923 --- [       runner-4] o.s.b.c.c.ConfigFileApplicationListener  : Skipped config file 'file:./config/application.yml' for profile integrationresource not found
2019-09-04 00:00:44.371 DEBUG 3923 --- [       runner-4] o.s.b.c.c.ConfigFileApplicationListener  : Skipped config file 'file:./config/application-integration.properties' resource not found
2019-09-04 00:00:44.371 DEBUG 3923 --- [       runner-4] o.s.b.c.c.ConfigFileApplicationListener  : Skipped config file 'file:./config/application-integration.properties' for profile integrationresource not found
2019-09-04 00:00:44.371 DEBUG 3923 --- [       runner-4] o.s.b.c.c.ConfigFileApplicationListener  : Skipped config file 'file:./config/application.properties' for profile integrationresource not found
2019-09-04 00:00:44.371 DEBUG 3923 --- [       runner-4] o.s.b.c.c.ConfigFileApplicationListener  : Skipped config file 'file:./config/application-integration.yaml' resource not found
2019-09-04 00:00:44.371 DEBUG 3923 --- [       runner-4] o.s.b.c.c.ConfigFileApplicationListener  : Skipped config file 'file:./config/application-integration.yaml' for profile integrationresource not found
2019-09-04 00:00:44.371 DEBUG 3923 --- [       runner-4] o.s.b.c.c.ConfigFileApplicationListener  : Skipped config file 'file:./config/application.yaml' for profile integrationresource not found
2019-09-04 00:00:44.371 DEBUG 3923 --- [       runner-4] o.s.b.c.c.ConfigFileApplicationListener  : Skipped config file 'file:./application-integration.xml' resource not found
2019-09-04 00:00:44.372 DEBUG 3923 --- [       runner-4] o.s.b.c.c.ConfigFileApplicationListener  : Skipped config file 'file:./application-integration.xml' for profile integrationresource not found
2019-09-04 00:00:44.372 DEBUG 3923 --- [       runner-4] o.s.b.c.c.ConfigFileApplicationListener  : Skipped config file 'file:./application.xml' for profile integrationresource not found
2019-09-04 00:00:44.372 DEBUG 3923 --- [       runner-4] o.s.b.c.c.ConfigFileApplicationListener  : Skipped config file 'file:./application-integration.yml' resource not found
2019-09-04 00:00:44.372 DEBUG 3923 --- [       runner-4] o.s.b.c.c.ConfigFileApplicationListener  : Skipped config file 'file:./application-integration.yml' for profile integrationresource not found
2019-09-04 00:00:44.375 DEBUG 3923 --- [       runner-4] o.s.b.c.c.ConfigFileApplicationListener  : Skipped config file 'file:./application.yml' for profile integrationresource not found
2019-09-04 00:00:44.375 DEBUG 3923 --- [       runner-4] o.s.b.c.c.ConfigFileApplicationListener  : Skipped config file 'file:./application-integration.properties' resource not found
2019-09-04 00:00:44.375 DEBUG 3923 --- [       runner-4] o.s.b.c.c.ConfigFileApplicationListener  : Skipped config file 'file:./application-integration.properties' for profile integrationresource not found
2019-09-04 00:00:44.376 DEBUG 3923 --- [       runner-4] o.s.b.c.c.ConfigFileApplicationListener  : Skipped config file 'file:./application.properties' for profile integrationresource not found
2019-09-04 00:00:44.376 DEBUG 3923 --- [       runner-4] o.s.b.c.c.ConfigFileApplicationListener  : Skipped config file 'file:./application-integration.yaml' resource not found
2019-09-04 00:00:44.376 DEBUG 3923 --- [       runner-4] o.s.b.c.c.ConfigFileApplicationListener  : Skipped config file 'file:./application-integration.yaml' for profile integrationresource not found
2019-09-04 00:00:44.376 DEBUG 3923 --- [       runner-4] o.s.b.c.c.ConfigFileApplicationListener  : Skipped config file 'file:./application.yaml' for profile integrationresource not found
2019-09-04 00:00:44.376 DEBUG 3923 --- [       runner-4] o.s.b.c.c.ConfigFileApplicationListener  : Skipped config file 'classpath:/config/application-integration.xml' resource not found
2019-09-04 00:00:44.376 DEBUG 3923 --- [       runner-4] o.s.b.c.c.ConfigFileApplicationListener  : Skipped config file 'classpath:/config/application-integration.xml' for profile integrationresource not found
2019-09-04 00:00:44.376 DEBUG 3923 --- [       runner-4] o.s.b.c.c.ConfigFileApplicationListener  : Skipped config file 'classpath:/config/application.xml' for profile integrationresource not found
2019-09-04 00:00:44.376 DEBUG 3923 --- [       runner-4] o.s.b.c.c.ConfigFileApplicationListener  : Skipped config file 'classpath:/config/application-integration.yml' resource not found
2019-09-04 00:00:44.377 DEBUG 3923 --- [       runner-4] o.s.b.c.c.ConfigFileApplicationListener  : Skipped config file 'classpath:/config/application-integration.yml' for profile integrationresource not found
2019-09-04 00:00:44.377 DEBUG 3923 --- [       runner-4] o.s.b.c.c.ConfigFileApplicationListener  : Skipped config file 'classpath:/config/application.yml' for profile integrationresource not found
2019-09-04 00:00:44.377 DEBUG 3923 --- [       runner-4] o.s.b.c.c.ConfigFileApplicationListener  : Skipped config file 'classpath:/config/application-integration.properties' resource not found
2019-09-04 00:00:44.377 DEBUG 3923 --- [       runner-4] o.s.b.c.c.ConfigFileApplicationListener  : Skipped config file 'classpath:/config/application-integration.properties' for profile integrationresource not found
2019-09-04 00:00:44.377 DEBUG 3923 --- [       runner-4] o.s.b.c.c.ConfigFileApplicationListener  : Skipped config file 'classpath:/config/application.properties' for profile integrationresource not found
2019-09-04 00:00:44.377 DEBUG 3923 --- [       runner-4] o.s.b.c.c.ConfigFileApplicationListener  : Skipped config file 'classpath:/config/application-integration.yaml' resource not found
2019-09-04 00:00:44.377 DEBUG 3923 --- [       runner-4] o.s.b.c.c.ConfigFileApplicationListener  : Skipped config file 'classpath:/config/application-integration.yaml' for profile integrationresource not found
2019-09-04 00:00:44.379 DEBUG 3923 --- [       runner-4] o.s.b.c.c.ConfigFileApplicationListener  : Skipped config file 'classpath:/config/application.yaml' for profile integrationresource not found
2019-09-04 00:00:44.379 DEBUG 3923 --- [       runner-4] o.s.b.c.c.ConfigFileApplicationListener  : Skipped config file 'classpath:/application-integration.xml' resource not found
2019-09-04 00:00:44.379 DEBUG 3923 --- [       runner-4] o.s.b.c.c.ConfigFileApplicationListener  : Skipped config file 'classpath:/application-integration.xml' for profile integrationresource not found
2019-09-04 00:00:44.379 DEBUG 3923 --- [       runner-4] o.s.b.c.c.ConfigFileApplicationListener  : Skipped config file 'classpath:/application.xml' for profile integrationresource not found
2019-09-04 00:00:44.380 DEBUG 3923 --- [       runner-4] o.s.b.c.c.ConfigFileApplicationListener  : Skipped config file 'classpath:/application-integration.yml' resource not found
2019-09-04 00:00:44.380 DEBUG 3923 --- [       runner-4] o.s.b.c.c.ConfigFileApplicationListener  : Skipped config file 'classpath:/application-integration.yml' for profile integrationresource not found
2019-09-04 00:00:44.380 DEBUG 3923 --- [       runner-4] o.s.b.c.c.ConfigFileApplicationListener  : Skipped config file 'classpath:/application.yml' for profile integrationresource not found
2019-09-04 00:00:44.380 DEBUG 3923 --- [       runner-4] o.s.b.c.c.ConfigFileApplicationListener  : Skipped config file 'classpath:/application-integration.properties' resource not found
2019-09-04 00:00:44.380 DEBUG 3923 --- [       runner-4] o.s.b.c.c.ConfigFileApplicationListener  : Skipped config file 'classpath:/application-integration.properties' for profile integrationresource not found
2019-09-04 00:00:44.380 DEBUG 3923 --- [       runner-4] o.s.b.c.c.ConfigFileApplicationListener  : Skipped config file 'classpath:/application.properties' for profile integrationresource not found
2019-09-04 00:00:44.380 DEBUG 3923 --- [       runner-4] o.s.b.c.c.ConfigFileApplicationListener  : Skipped config file 'classpath:/application-integration.yaml' resource not found
2019-09-04 00:00:44.381 DEBUG 3923 --- [       runner-4] o.s.b.c.c.ConfigFileApplicationListener  : Skipped config file 'classpath:/application-integration.yaml' for profile integrationresource not found
2019-09-04 00:00:44.381 DEBUG 3923 --- [       runner-4] o.s.b.c.c.ConfigFileApplicationListener  : Skipped config file 'classpath:/application.yaml' for profile integrationresource not found
2019-09-04 00:00:44.381  INFO 3923 --- [       runner-4] s.c.a.AnnotationConfigApplicationContext : Refreshing org.springframework.context.annotation.AnnotationConfigApplicationContext@1551f11c: startup date [Wed Sep 04 00:00:44 UTC 2019]; root of context hierarchy
2019-09-04 00:00:44.686  INFO 3923 --- [       runner-4] .b.l.ClasspathLoggingApplicationListener : Application failed to start with classpath: []
2019-09-04 00:00:44.690 ERROR 3923 --- [       runner-4] o.s.boot.SpringApplication               : Application startup failed

java.lang.NoSuchMethodError: org.springframework.beans.factory.support.DefaultListableBeanFactory.isAllowEagerClassLoading()Z
 at org.springframework.boot.autoconfigure.condition.BeanTypeRegistry.get(BeanTypeRegistry.java:147)
 at org.springframework.boot.autoconfigure.condition.OnBeanCondition.collectBeanNamesForType(OnBeanCondition.java:154)
 at org.springframework.boot.autoconfigure.condition.OnBeanCondition.getBeanNamesForType(OnBeanCondition.java:143)
 at org.springframework.boot.autoconfigure.condition.OnBeanCondition.getMatchingBeans(OnBeanCondition.java:115)
 at org.springframework.boot.autoconfigure.condition.OnBeanCondition.getMatchOutcome(OnBeanCondition.java:90)
 at org.springframework.boot.autoconfigure.condition.SpringBootCondition.matches(SpringBootCondition.java:45)
 at org.springframework.context.annotation.ConditionEvaluator.shouldSkip(ConditionEvaluator.java:102)
 at org.springframework.context.annotation.ConfigurationClassBeanDefinitionReader.loadBeanDefinitionsForBeanMethod(ConfigurationClassBeanDefinitionReader.java:177)
 at org.springframework.context.annotation.ConfigurationClassBeanDefinitionReader.loadBeanDefinitionsForConfigurationClass(ConfigurationClassBeanDefinitionReader.java:146)
 at org.springframework.context.annotation.ConfigurationClassBeanDefinitionReader.loadBeanDefinitions(ConfigurationClassBeanDefinitionReader.java:122)
 at org.springframework.context.annotation.ConfigurationClassPostProcessor.processConfigBeanDefinitions(ConfigurationClassPostProcessor.java:318)
 at org.springframework.context.annotation.ConfigurationClassPostProcessor.postProcessBeanDefinitionRegistry(ConfigurationClassPostProcessor.java:239)
 at org.springframework.context.support.PostProcessorRegistrationDelegate.invokeBeanDefinitionRegistryPostProcessors(PostProcessorRegistrationDelegate.java:254)
 at org.springframework.context.support.PostProcessorRegistrationDelegate.invokeBeanFactoryPostProcessors(PostProcessorRegistrationDelegate.java:94)
 at org.springframework.context.support.AbstractApplicationContext.invokeBeanFactoryPostProcessors(AbstractApplicationContext.java:606)
 at org.springframework.context.support.AbstractApplicationContext.refresh(AbstractApplicationContext.java:462)
 at org.springframework.boot.SpringApplication.refresh(SpringApplication.java:691)
 at org.springframework.boot.SpringApplication.run(SpringApplication.java:321)
 at org.springframework.boot.SpringApplication.run(SpringApplication.java:961)
 at sun.reflect.NativeMethodAccessorImpl.invoke0(Native Method)
 at sun.reflect.NativeMethodAccessorImpl.invoke(NativeMethodAccessorImpl.java:62)
 at sun.reflect.DelegatingMethodAccessorImpl.invoke(DelegatingMethodAccessorImpl.java:43)
 at java.lang.reflect.Method.invoke(Method.java:498)
 at org.springframework.boot.cli.command.run.SpringApplicationRunner$RunThread.run(SpringApplicationRunner.java:152)

2019-09-04 00:00:44.691  INFO 3923 --- [       runner-4] s.c.a.AnnotationConfigApplicationContext : Closing org.springframework.context.annotation.AnnotationConfigApplicationContext@1551f11c: startup date [Wed Sep 04 00:00:44 UTC 2019]; root of context hierarchy
2019-09-04 00:00:44.692  WARN 3923 --- [       runner-4] s.c.a.AnnotationConfigApplicationContext : Exception thrown from ApplicationListener handling ContextClosedEvent

java.lang.IllegalStateException: ApplicationEventMulticaster not initialized - call 'refresh' before multicasting events via the context: org.springframework.context.annotation.AnnotationConfigApplicationContext@1551f11c: startup date [Wed Sep 04 00:00:44 UTC 2019]; root of context hierarchy
 at org.springframework.context.support.AbstractApplicationContext.getApplicationEventMulticaster(AbstractApplicationContext.java:344)
 at org.springframework.context.support.AbstractApplicationContext.publishEvent(AbstractApplicationContext.java:331)
 at org.springframework.context.support.AbstractApplicationContext.doClose(AbstractApplicationContext.java:869)
 at org.springframework.context.support.AbstractApplicationContext.close(AbstractApplicationContext.java:836)
 at org.springframework.boot.SpringApplication.run(SpringApplication.java:343)
 at org.springframework.boot.SpringApplication.run(SpringApplication.java:961)
 at sun.reflect.NativeMethodAccessorImpl.invoke0(Native Method)
 at sun.reflect.NativeMethodAccessorImpl.invoke(NativeMethodAccessorImpl.java:62)
 at sun.reflect.DelegatingMethodAccessorImpl.invoke(DelegatingMethodAccessorImpl.java:43)
 at java.lang.reflect.Method.invoke(Method.java:498)
 at org.springframework.boot.cli.command.run.SpringApplicationRunner$RunThread.run(SpringApplicationRunner.java:152)

2019-09-04 00:00:44.693  WARN 3923 --- [       runner-4] s.c.a.AnnotationConfigApplicationContext : Exception thrown from LifecycleProcessor on context close

java.lang.IllegalStateException: LifecycleProcessor not initialized - call 'refresh' before invoking lifecycle methods via the context: org.springframework.context.annotation.AnnotationConfigApplicationContext@1551f11c: startup date [Wed Sep 04 00:00:44 UTC 2019]; root of context hierarchy
 at org.springframework.context.support.AbstractApplicationContext.getLifecycleProcessor(AbstractApplicationContext.java:357)
 at org.springframework.context.support.AbstractApplicationContext.doClose(AbstractApplicationContext.java:877)
 at org.springframework.context.support.AbstractApplicationContext.close(AbstractApplicationContext.java:836)
 at org.springframework.boot.SpringApplication.run(SpringApplication.java:343)
 at org.springframework.boot.SpringApplication.run(SpringApplication.java:961)
 at sun.reflect.NativeMethodAccessorImpl.invoke0(Native Method)
 at sun.reflect.NativeMethodAccessorImpl.invoke(NativeMethodAccessorImpl.java:62)
 at sun.reflect.DelegatingMethodAccessorImpl.invoke(DelegatingMethodAccessorImpl.java:43)
 at java.lang.reflect.Method.invoke(Method.java:498)
 at org.springframework.boot.cli.command.run.SpringApplicationRunner$RunThread.run(SpringApplicationRunner.java:152)

java.lang.reflect.InvocationTargetException
 at sun.reflect.NativeMethodAccessorImpl.invoke0(Native Method)
 at sun.reflect.NativeMethodAccessorImpl.invoke(NativeMethodAccessorImpl.java:62)
 at sun.reflect.DelegatingMethodAccessorImpl.invoke(DelegatingMethodAccessorImpl.java:43)
 at java.lang.reflect.Method.invoke(Method.java:498)
 at org.springframework.boot.cli.command.run.SpringApplicationRunner$RunThread.run(SpringApplicationRunner.java:152)
Caused by: java.lang.NoSuchMethodError: org.springframework.beans.factory.support.DefaultListableBeanFactory.isAllowEagerClassLoading()Z
 at org.springframework.boot.autoconfigure.condition.BeanTypeRegistry.get(BeanTypeRegistry.java:147)
 at org.springframework.boot.autoconfigure.condition.OnBeanCondition.collectBeanNamesForType(OnBeanCondition.java:154)
 at org.springframework.boot.autoconfigure.condition.OnBeanCondition.getBeanNamesForType(OnBeanCondition.java:143)
 at org.springframework.boot.autoconfigure.condition.OnBeanCondition.getMatchingBeans(OnBeanCondition.java:115)
 at org.springframework.boot.autoconfigure.condition.OnBeanCondition.getMatchOutcome(OnBeanCondition.java:90)
 at org.springframework.boot.autoconfigure.condition.SpringBootCondition.matches(SpringBootCondition.java:45)
 at org.springframework.context.annotation.ConditionEvaluator.shouldSkip(ConditionEvaluator.java:102)
 at org.springframework.context.annotation.ConfigurationClassBeanDefinitionReader.loadBeanDefinitionsForBeanMethod(ConfigurationClassBeanDefinitionReader.java:177)
 at org.springframework.context.annotation.ConfigurationClassBeanDefinitionReader.loadBeanDefinitionsForConfigurationClass(ConfigurationClassBeanDefinitionReader.java:146)
 at org.springframework.context.annotation.ConfigurationClassBeanDefinitionReader.loadBeanDefinitions(ConfigurationClassBeanDefinitionReader.java:122)
 at org.springframework.context.annotation.ConfigurationClassPostProcessor.processConfigBeanDefinitions(ConfigurationClassPostProcessor.java:318)
 at org.springframework.context.annotation.ConfigurationClassPostProcessor.postProcessBeanDefinitionRegistry(ConfigurationClassPostProcessor.java:239)
 at org.springframework.context.support.PostProcessorRegistrationDelegate.invokeBeanDefinitionRegistryPostProcessors(PostProcessorRegistrationDelegate.java:254)
 at org.springframework.context.support.PostProcessorRegistrationDelegate.invokeBeanFactoryPostProcessors(PostProcessorRegistrationDelegate.java:94)
 at org.springframework.context.support.AbstractApplicationContext.invokeBeanFactoryPostProcessors(AbstractApplicationContext.java:606)
 at org.springframework.context.support.AbstractApplicationContext.refresh(AbstractApplicationContext.java:462)
 at org.springframework.boot.SpringApplication.refresh(SpringApplication.java:691)
 at org.springframework.boot.SpringApplication.run(SpringApplication.java:321)
 at org.springframework.boot.SpringApplication.run(SpringApplication.java:961)
 ... 5 more
"""
spring-projects-spring-boot,org.springframework.boot.cli.ClassLoaderIntegrationTests#runWithIsolatedClassLoader,matched (8 report(s) available),java.lang.AssertionError,Order Dependent,"low-confidence guess: found phrase 'illegalstateexception' which can indicate leftover state from another test, but this cannot be confirmed without cross-test execution context","
Expected: a string containing ""HasClasses-false-true-false""
     but: was ""
  .   ____          _            __ _ _
 /\\ / ___'_ __ _ _(_)_ __  __ _ \ \ \ \
( ( )\___ | '_ | '_| | '_ \/ _` | \ \ \ \
 \\/  ___)| |_)| | | | | || (_| |  ) ) ) )
  '  |____| .__|_| |_|_| |_\__, | / / / /
 =========|_|==============|___/=/_/_/_/
 :: Spring Boot ::  (v1.2.0.BUILD-SNAPSHOT)

2019-08-27 00:00:07.999  INFO 3891 --- [       runner-9] o.s.boot.SpringApplication               : Starting application on ip-172-31-63-127 with PID 3891 (/root/.m2/repository/org/springframework/boot/spring-boot/1.2.0.BUILD-SNAPSHOT/spring-boot-1.2.0.BUILD-SNAPSHOT.jar started by root in /working/proj/spring-projects-spring-boot-144/spring-projects-spring-boot/spring-boot-cli)
2019-08-27 00:00:08.002 DEBUG 3891 --- [       runner-9] o.s.boot.SpringApplication               : Running with Spring Boot v1.2.0.BUILD-SNAPSHOT, Spring v4.1.1.RELEASE
2019-08-27 00:00:08.002 DEBUG 3891 --- [       runner-9] o.s.boot.SpringApplication               : Loading source class Test
2019-08-27 00:00:08.027 DEBUG 3891 --- [       runner-9] o.s.b.c.c.ConfigFileApplicationListener  : Activated profiles integration
2019-08-27 00:00:08.027 DEBUG 3891 --- [       runner-9] o.s.b.c.c.ConfigFileApplicationListener  : Skipped config file 'file:./config/application.xml' resource not found
2019-08-27 00:00:08.027 DEBUG 3891 --- [       runner-9] o.s.b.c.c.ConfigFileApplicationListener  : Skipped config file 'file:./config/application.yml' resource not found
2019-08-27 00:00:08.027 DEBUG 3891 --- [       runner-9] o.s.b.c.c.ConfigFileApplicationListener  : Skipped config file 'file:./config/application.properties' resource not found
2019-08-27 00:00:08.027 DEBUG 3891 --- [       runner-9] o.s.b.c.c.ConfigFileApplicationListener  : Skipped config file 'file:./config/application.yaml' resource not found
2019-08-27 00:00:08.027 DEBUG 3891 --- [       runner-9] o.s.b.c.c.ConfigFileApplicationListener  : Skipped config file 'file:./application.xml' resource not found
2019-08-27 00:00:08.027 DEBUG 3891 --- [       runner-9] o.s.b.c.c.ConfigFileApplicationListener  : Skipped config file 'file:./application.yml' resource not found
2019-08-27 00:00:08.027 DEBUG 3891 --- [       runner-9] o.s.b.c.c.ConfigFileApplicationListener  : Skipped config file 'file:./application.properties' resource not found
2019-08-27 00:00:08.027 DEBUG 3891 --- [       runner-9] o.s.b.c.c.ConfigFileApplicationListener  : Skipped config file 'file:./application.yaml' resource not found
2019-08-27 00:00:08.028 DEBUG 3891 --- [       runner-9] o.s.b.c.c.ConfigFileApplicationListener  : Skipped config file 'classpath:/config/application.xml' resource not found
2019-08-27 00:00:08.028 DEBUG 3891 --- [       runner-9] o.s.b.c.c.ConfigFileApplicationListener  : Skipped config file 'classpath:/config/application.yml' resource not found
2019-08-27 00:00:08.028 DEBUG 3891 --- [       runner-9] o.s.b.c.c.ConfigFileApplicationListener  : Skipped config file 'classpath:/config/application.properties' resource not found
2019-08-27 00:00:08.028 DEBUG 3891 --- [       runner-9] o.s.b.c.c.ConfigFileApplicationListener  : Skipped config file 'classpath:/config/application.yaml' resource not found
2019-08-27 00:00:08.028 DEBUG 3891 --- [       runner-9] o.s.b.c.c.ConfigFileApplicationListener  : Skipped config file 'classpath:/application.xml' resource not found
2019-08-27 00:00:08.028 DEBUG 3891 --- [       runner-9] o.s.b.c.c.ConfigFileApplicationListener  : Skipped config file 'classpath:/application.yml' resource not found
2019-08-27 00:00:08.028 DEBUG 3891 --- [       runner-9] o.s.b.c.c.ConfigFileApplicationListener  : Skipped config file 'classpath:/application.properties' resource not found
2019-08-27 00:00:08.028 DEBUG 3891 --- [       runner-9] o.s.b.c.c.ConfigFileApplicationListener  : Skipped config file 'classpath:/application.yaml' resource not found
2019-08-27 00:00:08.028 DEBUG 3891 --- [       runner-9] o.s.b.c.c.ConfigFileApplicationListener  : Skipped config file 'file:./config/application-integration.xml' resource not found
2019-08-27 00:00:08.028 DEBUG 3891 --- [       runner-9] o.s.b.c.c.ConfigFileApplicationListener  : Skipped config file 'file:./config/application-integration.xml' for profile integrationresource not found
2019-08-27 00:00:08.028 DEBUG 3891 --- [       runner-9] o.s.b.c.c.ConfigFileApplicationListener  : Skipped config file 'file:./config/application.xml' for profile integrationresource not found
2019-08-27 00:00:08.028 DEBUG 3891 --- [       runner-9] o.s.b.c.c.ConfigFileApplicationListener  : Skipped config file 'file:./config/application-integration.yml' resource not found
2019-08-27 00:00:08.029 DEBUG 3891 --- [       runner-9] o.s.b.c.c.ConfigFileApplicationListener  : Skipped config file 'file:./config/application-integration.yml' for profile integrationresource not found
2019-08-27 00:00:08.029 DEBUG 3891 --- [       runner-9] o.s.b.c.c.ConfigFileApplicationListener  : Skipped config file 'file:./config/application.yml' for profile integrationresource not found
2019-08-27 00:00:08.029 DEBUG 3891 --- [       runner-9] o.s.b.c.c.ConfigFileApplicationListener  : Skipped config file 'file:./config/application-integration.properties' resource not found
2019-08-27 00:00:08.029 DEBUG 3891 --- [       runner-9] o.s.b.c.c.ConfigFileApplicationListener  : Skipped config file 'file:./config/application-integration.properties' for profile integrationresource not found
2019-08-27 00:00:08.029 DEBUG 3891 --- [       runner-9] o.s.b.c.c.ConfigFileApplicationListener  : Skipped config file 'file:./config/application.properties' for profile integrationresource not found
2019-08-27 00:00:08.029 DEBUG 3891 --- [       runner-9] o.s.b.c.c.ConfigFileApplicationListener  : Skipped config file 'file:./config/application-integration.yaml' resource not found
2019-08-27 00:00:08.029 DEBUG 3891 --- [       runner-9] o.s.b.c.c.ConfigFileApplicationListener  : Skipped config file 'file:./config/application-integration.yaml' for profile integrationresource not found
2019-08-27 00:00:08.029 DEBUG 3891 --- [       runner-9] o.s.b.c.c.ConfigFileApplicationListener  : Skipped config file 'file:./config/application.yaml' for profile integrationresource not found
2019-08-27 00:00:08.029 DEBUG 3891 --- [       runner-9] o.s.b.c.c.ConfigFileApplicationListener  : Skipped config file 'file:./application-integration.xml' resource not found
2019-08-27 00:00:08.029 DEBUG 3891 --- [       runner-9] o.s.b.c.c.ConfigFileApplicationListener  : Skipped config file 'file:./application-integration.xml' for profile integrationresource not found
2019-08-27 00:00:08.029 DEBUG 3891 --- [       runner-9] o.s.b.c.c.ConfigFileApplicationListener  : Skipped config file 'file:./application.xml' for profile integrationresource not found
2019-08-27 00:00:08.029 DEBUG 3891 --- [       runner-9] o.s.b.c.c.ConfigFileApplicationListener  : Skipped config file 'file:./application-integration.yml' resource not found
2019-08-27 00:00:08.029 DEBUG 3891 --- [       runner-9] o.s.b.c.c.ConfigFileApplicationListener  : Skipped config file 'file:./application-integration.yml' for profile integrationresource not found
2019-08-27 00:00:08.030 DEBUG 3891 --- [       runner-9] o.s.b.c.c.ConfigFileApplicationListener  : Skipped config file 'file:./application.yml' for profile integrationresource not found
2019-08-27 00:00:08.030 DEBUG 3891 --- [       runner-9] o.s.b.c.c.ConfigFileApplicationListener  : Skipped config file 'file:./application-integration.properties' resource not found
2019-08-27 00:00:08.030 DEBUG 3891 --- [       runner-9] o.s.b.c.c.ConfigFileApplicationListener  : Skipped config file 'file:./application-integration.properties' for profile integrationresource not found
2019-08-27 00:00:08.030 DEBUG 3891 --- [       runner-9] o.s.b.c.c.ConfigFileApplicationListener  : Skipped config file 'file:./application.properties' for profile integrationresource not found
2019-08-27 00:00:08.030 DEBUG 3891 --- [       runner-9] o.s.b.c.c.ConfigFileApplicationListener  : Skipped config file 'file:./application-integration.yaml' resource not found
2019-08-27 00:00:08.030 DEBUG 3891 --- [       runner-9] o.s.b.c.c.ConfigFileApplicationListener  : Skipped config file 'file:./application-integration.yaml' for profile integrationresource not found
2019-08-27 00:00:08.030 DEBUG 3891 --- [       runner-9] o.s.b.c.c.ConfigFileApplicationListener  : Skipped config file 'file:./application.yaml' for profile integrationresource not found
2019-08-27 00:00:08.030 DEBUG 3891 --- [       runner-9] o.s.b.c.c.ConfigFileApplicationListener  : Skipped config file 'classpath:/config/application-integration.xml' resource not found
2019-08-27 00:00:08.030 DEBUG 3891 --- [       runner-9] o.s.b.c.c.ConfigFileApplicationListener  : Skipped config file 'classpath:/config/application-integration.xml' for profile integrationresource not found
2019-08-27 00:00:08.030 DEBUG 3891 --- [       runner-9] o.s.b.c.c.ConfigFileApplicationListener  : Skipped config file 'classpath:/config/application.xml' for profile integrationresource not found
2019-08-27 00:00:08.030 DEBUG 3891 --- [       runner-9] o.s.b.c.c.ConfigFileApplicationListener  : Skipped config file 'classpath:/config/application-integration.yml' resource not found
2019-08-27 00:00:08.030 DEBUG 3891 --- [       runner-9] o.s.b.c.c.ConfigFileApplicationListener  : Skipped config file 'classpath:/config/application-integration.yml' for profile integrationresource not found
2019-08-27 00:00:08.030 DEBUG 3891 --- [       runner-9] o.s.b.c.c.ConfigFileApplicationListener  : Skipped config file 'classpath:/config/application.yml' for profile integrationresource not found
2019-08-27 00:00:08.030 DEBUG 3891 --- [       runner-9] o.s.b.c.c.ConfigFileApplicationListener  : Skipped config file 'classpath:/config/application-integration.properties' resource not found
2019-08-27 00:00:08.031 DEBUG 3891 --- [       runner-9] o.s.b.c.c.ConfigFileApplicationListener  : Skipped config file 'classpath:/config/application-integration.properties' for profile integrationresource not found
2019-08-27 00:00:08.031 DEBUG 3891 --- [       runner-9] o.s.b.c.c.ConfigFileApplicationListener  : Skipped config file 'classpath:/config/application.properties' for profile integrationresource not found
2019-08-27 00:00:08.031 DEBUG 3891 --- [       runner-9] o.s.b.c.c.ConfigFileApplicationListener  : Skipped config file 'classpath:/config/application-integration.yaml' resource not found
2019-08-27 00:00:08.031 DEBUG 3891 --- [       runner-9] o.s.b.c.c.ConfigFileApplicationListener  : Skipped config file 'classpath:/config/application-integration.yaml' for profile integrationresource not found
2019-08-27 00:00:08.031 DEBUG 3891 --- [       runner-9] o.s.b.c.c.ConfigFileApplicationListener  : Skipped config file 'classpath:/config/application.yaml' for profile integrationresource not found
2019-08-27 00:00:08.031 DEBUG 3891 --- [       runner-9] o.s.b.c.c.ConfigFileApplicationListener  : Skipped config file 'classpath:/application-integration.xml' resource not found
2019-08-27 00:00:08.031 DEBUG 3891 --- [       runner-9] o.s.b.c.c.ConfigFileApplicationListener  : Skipped config file 'classpath:/application-integration.xml' for profile integrationresource not found
2019-08-27 00:00:08.031 DEBUG 3891 --- [       runner-9] o.s.b.c.c.ConfigFileApplicationListener  : Skipped config file 'classpath:/application.xml' for profile integrationresource not found
2019-08-27 00:00:08.031 DEBUG 3891 --- [       runner-9] o.s.b.c.c.ConfigFileApplicationListener  : Skipped config file 'classpath:/application-integration.yml' resource not found
2019-08-27 00:00:08.031 DEBUG 3891 --- [       runner-9] o.s.b.c.c.ConfigFileApplicationListener  : Skipped config file 'classpath:/application-integration.yml' for profile integrationresource not found
2019-08-27 00:00:08.031 DEBUG 3891 --- [       runner-9] o.s.b.c.c.ConfigFileApplicationListener  : Skipped config file 'classpath:/application.yml' for profile integrationresource not found
2019-08-27 00:00:08.032 DEBUG 3891 --- [       runner-9] o.s.b.c.c.ConfigFileApplicationListener  : Skipped config file 'classpath:/application-integration.properties' resource not found
2019-08-27 00:00:08.032 DEBUG 3891 --- [       runner-9] o.s.b.c.c.ConfigFileApplicationListener  : Skipped config file 'classpath:/application-integration.properties' for profile integrationresource not found
2019-08-27 00:00:08.032 DEBUG 3891 --- [       runner-9] o.s.b.c.c.ConfigFileApplicationListener  : Skipped config file 'classpath:/application.properties' for profile integrationresource not found
2019-08-27 00:00:08.032 DEBUG 3891 --- [       runner-9] o.s.b.c.c.ConfigFileApplicationListener  : Skipped config file 'classpath:/application-integration.yaml' resource not found
2019-08-27 00:00:08.032 DEBUG 3891 --- [       runner-9] o.s.b.c.c.ConfigFileApplicationListener  : Skipped config file 'classpath:/application-integration.yaml' for profile integrationresource not found
2019-08-27 00:00:08.032 DEBUG 3891 --- [       runner-9] o.s.b.c.c.ConfigFileApplicationListener  : Skipped config file 'classpath:/application.yaml' for profile integrationresource not found
2019-08-27 00:00:08.033  INFO 3891 --- [       runner-9] s.c.a.AnnotationConfigApplicationContext : Refreshing org.springframework.context.annotation.AnnotationConfigApplicationContext@388ad7cb: startup date [Tue Aug 27 00:00:08 UTC 2019]; root of context hierarchy
2019-08-27 00:00:08.456  WARN 3891 --- [       runner-9] s.c.a.AnnotationConfigApplicationContext : Exception encountered during context initialization - cancelling refresh attempt

org.springframework.beans.factory.BeanDefinitionStoreException: Failed to process import candidates for configuration class [Test]; nested exception is java.lang.IllegalStateException: java.io.FileNotFoundException: class path resource [org/springframework/boot/autoconfigure/aop/AopAutoConfiguration.class] cannot be opened because it does not exist
 at org.springframework.context.annotation.ConfigurationClassParser.processDeferredImportSelectors(ConfigurationClassParser.java:433)
 at org.springframework.context.annotation.ConfigurationClassParser.parse(ConfigurationClassParser.java:175)
 at org.springframework.context.annotation.ConfigurationClassPostProcessor.processConfigBeanDefinitions(ConfigurationClassPostProcessor.java:306)
 at org.springframework.context.annotation.ConfigurationClassPostProcessor.postProcessBeanDefinitionRegistry(ConfigurationClassPostProcessor.java:239)
 at org.springframework.context.support.PostProcessorRegistrationDelegate.invokeBeanDefinitionRegistryPostProcessors(PostProcessorRegistrationDelegate.java:254)
 at org.springframework.context.support.PostProcessorRegistrationDelegate.invokeBeanFactoryPostProcessors(PostProcessorRegistrationDelegate.java:94)
 at org.springframework.context.support.AbstractApplicationContext.invokeBeanFactoryPostProcessors(AbstractApplicationContext.java:606)
 at org.springframework.context.support.AbstractApplicationContext.refresh(AbstractApplicationContext.java:462)
 at org.springframework.boot.SpringApplication.refresh(SpringApplication.java:691)
 at org.springframework.boot.SpringApplication.run(SpringApplication.java:321)
 at org.springframework.boot.SpringApplication.run(SpringApplication.java:961)
 at sun.reflect.NativeMethodAccessorImpl.invoke0(Native Method)
 at sun.reflect.NativeMethodAccessorImpl.invoke(NativeMethodAccessorImpl.java:62)
 at sun.reflect.DelegatingMethodAccessorImpl.invoke(DelegatingMethodAccessorImpl.java:43)
 at java.lang.reflect.Method.invoke(Method.java:498)
 at org.springframework.boot.cli.command.run.SpringApplicationRunner$RunThread.run(SpringApplicationRunner.java:152)
Caused by: java.lang.IllegalStateException: java.io.FileNotFoundException: class path resource [org/springframework/boot/autoconfigure/aop/AopAutoConfiguration.class] cannot be opened because it does not exist
 at org.springframework.boot.autoconfigure.EnableAutoConfigurationImportSelector.selectImports(EnableAutoConfigurationImportSelector.java:78)
 at org.springframework.context.annotation.ConfigurationClassParser.processDeferredImportSelectors(ConfigurationClassParser.java:425)
 ... 15 common frames omitted
Caused by: java.io.FileNotFoundException: class path resource [org/springframework/boot/autoconfigure/aop/AopAutoConfiguration.class] cannot be opened because it does not exist
 at org.springframework.core.io.ClassPathResource.getInputStream(ClassPathResource.java:172)
 at org.springframework.core.type.classreading.SimpleMetadataReader.<init>(SimpleMetadataReader.java:50)
 at org.springframework.core.type.classreading.SimpleMetadataReaderFactory.getMetadataReader(SimpleMetadataReaderFactory.java:82)
 at org.springframework.core.type.classreading.CachingMetadataReaderFactory.getMetadataReader(CachingMetadataReaderFactory.java:102)
 at org.springframework.core.type.classreading.SimpleMetadataReaderFactory.getMetadataReader(SimpleMetadataReaderFactory.java:77)
 at org.springframework.boot.autoconfigure.AutoConfigurationSorter$AutoConfigurationClasses.<init>(AutoConfigurationSorter.java:121)
 at org.springframework.boot.autoconfigure.AutoConfigurationSorter.getInPriorityOrder(AutoConfigurationSorter.java:60)
 at org.springframework.boot.autoconfigure.EnableAutoConfigurationImportSelector.selectImports(EnableAutoConfigurationImportSelector.java:72)
 ... 16 common frames omitted

2019-08-27 00:00:08.458  INFO 3891 --- [       runner-9] .b.l.ClasspathLoggingApplicationListener : Application failed to start with classpath: []
2019-08-27 00:00:08.458 ERROR 3891 --- [       runner-9] o.s.boot.SpringApplication               : Application startup failed

org.springframework.beans.factory.BeanDefinitionStoreException: Failed to process import candidates for configuration class [Test]; nested exception is java.lang.IllegalStateException: java.io.FileNotFoundException: class path resource [org/springframework/boot/autoconfigure/aop/AopAutoConfiguration.class] cannot be opened because it does not exist
 at org.springframework.context.annotation.ConfigurationClassParser.processDeferredImportSelectors(ConfigurationClassParser.java:433)
 at org.springframework.context.annotation.ConfigurationClassParser.parse(ConfigurationClassParser.java:175)
 at org.springframework.context.annotation.ConfigurationClassPostProcessor.processConfigBeanDefinitions(ConfigurationClassPostProcessor.java:306)
 at org.springframework.context.annotation.ConfigurationClassPostProcessor.postProcessBeanDefinitionRegistry(ConfigurationClassPostProcessor.java:239)
 at org.springframework.context.support.PostProcessorRegistrationDelegate.invokeBeanDefinitionRegistryPostProcessors(PostProcessorRegistrationDelegate.java:254)
 at org.springframework.context.support.PostProcessorRegistrationDelegate.invokeBeanFactoryPostProcessors(PostProcessorRegistrationDelegate.java:94)
 at org.springframework.context.support.AbstractApplicationContext.invokeBeanFactoryPostProcessors(AbstractApplicationContext.java:606)
 at org.springframework.context.support.AbstractApplicationContext.refresh(AbstractApplicationContext.java:462)
 at org.springframework.boot.SpringApplication.refresh(SpringApplication.java:691)
 at org.springframework.boot.SpringApplication.run(SpringApplication.java:321)
 at org.springframework.boot.SpringApplication.run(SpringApplication.java:961)
 at sun.reflect.NativeMethodAccessorImpl.invoke0(Native Method)
 at sun.reflect.NativeMethodAccessorImpl.invoke(NativeMethodAccessorImpl.java:62)
 at sun.reflect.DelegatingMethodAccessorImpl.invoke(DelegatingMethodAccessorImpl.java:43)
 at java.lang.reflect.Method.invoke(Method.java:498)
 at org.springframework.boot.cli.command.run.SpringApplicationRunner$RunThread.run(SpringApplicationRunner.java:152)
Caused by: java.lang.IllegalStateException: java.io.FileNotFoundException: class path resource [org/springframework/boot/autoconfigure/aop/AopAutoConfiguration.class] cannot be opened because it does not exist
 at org.springframework.boot.autoconfigure.EnableAutoConfigurationImportSelector.selectImports(EnableAutoConfigurationImportSelector.java:78)
 at org.springframework.context.annotation.ConfigurationClassParser.processDeferredImportSelectors(ConfigurationClassParser.java:425)
 ... 15 common frames omitted
Caused by: java.io.FileNotFoundException: class path resource [org/springframework/boot/autoconfigure/aop/AopAutoConfiguration.class] cannot be opened because it does not exist
 at org.springframework.core.io.ClassPathResource.getInputStream(ClassPathResource.java:172)
 at org.springframework.core.type.classreading.SimpleMetadataReader.<init>(SimpleMetadataReader.java:50)
 at org.springframework.core.type.classreading.SimpleMetadataReaderFactory.getMetadataReader(SimpleMetadataReaderFactory.java:82)
 at org.springframework.core.type.classreading.CachingMetadataReaderFactory.getMetadataReader(CachingMetadataReaderFactory.java:102)
 at org.springframework.core.type.classreading.SimpleMetadataReaderFactory.getMetadataReader(SimpleMetadataReaderFactory.java:77)
 at org.springframework.boot.autoconfigure.AutoConfigurationSorter$AutoConfigurationClasses.<init>(AutoConfigurationSorter.java:121)
 at org.springframework.boot.autoconfigure.AutoConfigurationSorter.getInPriorityOrder(AutoConfigurationSorter.java:60)
 at org.springframework.boot.autoconfigure.EnableAutoConfigurationImportSelector.selectImports(EnableAutoConfigurationImportSelector.java:72)
 ... 16 common frames omitted

java.lang.reflect.InvocationTargetException
 at sun.reflect.NativeMethodAccessorImpl.invoke0(Native Method)
 at sun.reflect.NativeMethodAccessorImpl.invoke(NativeMethodAccessorImpl.java:62)
 at sun.reflect.DelegatingMethodAccessorImpl.invoke(DelegatingMethodAccessorImpl.java:43)
 at java.lang.reflect.Method.invoke(Method.java:498)
 at org.springframework.boot.cli.command.run.SpringApplicationRunner$RunThread.run(SpringApplicationRunner.java:152)
Caused by: org.springframework.beans.factory.BeanDefinitionStoreException: Failed to process import candidates for configuration class [Test]; nested exception is java.lang.IllegalStateException: java.io.FileNotFoundException: class path resource [org/springframework/boot/autoconfigure/aop/AopAutoConfiguration.class] cannot be opened because it does not exist
 at org.springframework.context.annotation.ConfigurationClassParser.processDeferredImportSelectors(ConfigurationClassParser.java:433)
 at org.springframework.context.annotation.ConfigurationClassParser.parse(ConfigurationClassParser.java:175)
 at org.springframework.context.annotation.ConfigurationClassPostProcessor.processConfigBeanDefinitions(ConfigurationClassPostProcessor.java:306)
 at org.springframework.context.annotation.ConfigurationClassPostProcessor.postProcessBeanDefinitionRegistry(ConfigurationClassPostProcessor.java:239)
 at org.springframework.context.support.PostProcessorRegistrationDelegate.invokeBeanDefinitionRegistryPostProcessors(PostProcessorRegistrationDelegate.java:254)
 at org.springframework.context.support.PostProcessorRegistrationDelegate.invokeBeanFactoryPostProcessors(PostProcessorRegistrationDelegate.java:94)
 at org.springframework.context.support.AbstractApplicationContext.invokeBeanFactoryPostProcessors(AbstractApplicationContext.java:606)
 at org.springframework.context.support.AbstractApplicationContext.refresh(AbstractApplicationContext.java:462)
 at org.springframework.boot.SpringApplication.refresh(SpringApplication.java:691)
 at org.springframework.boot.SpringApplication.run(SpringApplication.java:321)
 at org.springframework.boot.SpringApplication.run(SpringApplication.java:961)
 ... 5 more
Caused by: java.lang.IllegalStateException: java.io.FileNotFoundException: class path resource [org/springframework/boot/autoconfigure/aop/AopAutoConfiguration.class] cannot be opened because it does not exist
 at org.springframework.boot.autoconfigure.EnableAutoConfigurationImportSelector.selectImports(EnableAutoConfigurationImportSelector.java:78)
 at org.springframework.context.annotation.ConfigurationClassParser.processDeferredImportSelectors(ConfigurationClassParser.java:425)
 ... 15 more
Caused by: java.io.FileNotFoundException: class path resource [org/springframework/boot/autoconfigure/aop/AopAutoConfiguration.class] cannot be opened because it does not exist
 at org.springframework.core.io.ClassPathResource.getInputStream(ClassPathResource.java:172)
 at org.springframework.core.type.classreading.SimpleMetadataReader.<init>(SimpleMetadataReader.java:50)
 at org.springframework.core.type.classreading.SimpleMetadataReaderFactory.getMetadataReader(SimpleMetadataReaderFactory.java:82)
 at org.springframework.core.type.classreading.CachingMetadataReaderFactory.getMetadataReader(CachingMetadataReaderFactory.java:102)
 at org.springframework.core.type.classreading.SimpleMetadataReaderFactory.getMetadataReader(SimpleMetadataReaderFactory.java:77)
 at org.springframework.boot.autoconfigure.AutoConfigurationSorter$AutoConfigurationClasses.<init>(AutoConfigurationSorter.java:121)
 at org.springframework.boot.autoconfigure.AutoConfigurationSorter.getInPriorityOrder(AutoConfigurationSorter.java:60)
 at org.springframework.boot.autoconfigure.EnableAutoConfigurationImportSelector.selectImports(EnableAutoConfigurationImportSelector.java:72)
 ... 16 more
"""
spring-projects-spring-boot,org.springframework.boot.cli.command.CommandRunnerIntegrationTests#debugAddsAutoconfigReport,matched (6 report(s) available),java.lang.AssertionError:,Unclear,no rule matched -- raw exception type was 'java.lang.AssertionError:',
spring-projects-spring-boot,org.springframework.boot.cli.GrabCommandIntegrationTests#customMetadata,matched (5513 report(s) available),java.lang.IllegalStateException,Async Wait,guess: found async-related keyword 'executor' in exception/message/test name,java.util.concurrent.ExecutionException: BUG! exception in phase 'conversion' in source unit 'file:/tmp/proj/spring-projects-spring-boot-51361/spring-projects-spring-boot/spring-boot-cli/src/test/resources/grab-samples/customGrabMetadata.groovy' org.springframework.boot.cli.compiler.grape.DependencyResolutionFailedException: org.eclipse.aether.resolution.DependencyResolutionException: Failed to collect dependencies at test:test:properties:1.0.0
spring-projects-spring-boot,org.springframework.boot.cli.ReproIntegrationTests#securityDependencies,matched (7 report(s) available),java.lang.AssertionError,Order Dependent,"low-confidence guess: found phrase 'illegalstateexception' which can indicate leftover state from another test, but this cannot be confirmed without cross-test execution context","
Expected: a string containing ""Hello World""
     but: was ""
  .   ____          _            __ _ _
 /\\ / ___'_ __ _ _(_)_ __  __ _ \ \ \ \
( ( )\___ | '_ | '_| | '_ \/ _` | \ \ \ \
 \\/  ___)| |_)| | | | | || (_| |  ) ) ) )
  '  |____| .__|_| |_|_| |_\__, | / / / /
 =========|_|==============|___/=/_/_/_/
 :: Spring Boot ::  (v1.2.0.BUILD-SNAPSHOT)

2019-09-04 00:00:45.359  INFO 3923 --- [       runner-5] o.s.boot.SpringApplication               : Starting application on ip-172-31-56-109 with PID 3923 (/root/.m2/repository/org/springframework/boot/spring-boot/1.2.0.BUILD-SNAPSHOT/spring-boot-1.2.0.BUILD-SNAPSHOT.jar started by root in /working/proj/spring-projects-spring-boot-2462/spring-projects-spring-boot/spring-boot-cli)
2019-09-04 00:00:45.362 DEBUG 3923 --- [       runner-5] o.s.boot.SpringApplication               : Running with Spring Boot v1.2.0.BUILD-SNAPSHOT, Spring v4.1.1.RELEASE
2019-09-04 00:00:45.362 DEBUG 3923 --- [       runner-5] o.s.boot.SpringApplication               : Loading source class org.test.Sample
2019-09-04 00:00:45.400 DEBUG 3923 --- [       runner-5] o.s.b.c.c.ConfigFileApplicationListener  : Activated profiles integration
2019-09-04 00:00:45.400 DEBUG 3923 --- [       runner-5] o.s.b.c.c.ConfigFileApplicationListener  : Skipped config file 'file:./config/application.xml' resource not found
2019-09-04 00:00:45.400 DEBUG 3923 --- [       runner-5] o.s.b.c.c.ConfigFileApplicationListener  : Skipped config file 'file:./config/application.yml' resource not found
2019-09-04 00:00:45.400 DEBUG 3923 --- [       runner-5] o.s.b.c.c.ConfigFileApplicationListener  : Skipped config file 'file:./config/application.properties' resource not found
2019-09-04 00:00:45.400 DEBUG 3923 --- [       runner-5] o.s.b.c.c.ConfigFileApplicationListener  : Skipped config file 'file:./config/application.yaml' resource not found
2019-09-04 00:00:45.401 DEBUG 3923 --- [       runner-5] o.s.b.c.c.ConfigFileApplicationListener  : Skipped config file 'file:./application.xml' resource not found
2019-09-04 00:00:45.401 DEBUG 3923 --- [       runner-5] o.s.b.c.c.ConfigFileApplicationListener  : Skipped config file 'file:./application.yml' resource not found
2019-09-04 00:00:45.401 DEBUG 3923 --- [       runner-5] o.s.b.c.c.ConfigFileApplicationListener  : Skipped config file 'file:./application.properties' resource not found
2019-09-04 00:00:45.401 DEBUG 3923 --- [       runner-5] o.s.b.c.c.ConfigFileApplicationListener  : Skipped config file 'file:./application.yaml' resource not found
2019-09-04 00:00:45.401 DEBUG 3923 --- [       runner-5] o.s.b.c.c.ConfigFileApplicationListener  : Skipped config file 'classpath:/config/application.xml' resource not found
2019-09-04 00:00:45.401 DEBUG 3923 --- [       runner-5] o.s.b.c.c.ConfigFileApplicationListener  : Skipped config file 'classpath:/config/application.yml' resource not found
2019-09-04 00:00:45.401 DEBUG 3923 --- [       runner-5] o.s.b.c.c.ConfigFileApplicationListener  : Skipped config file 'classpath:/config/application.properties' resource not found
2019-09-04 00:00:45.402 DEBUG 3923 --- [       runner-5] o.s.b.c.c.ConfigFileApplicationListener  : Skipped config file 'classpath:/config/application.yaml' resource not found
2019-09-04 00:00:45.402 DEBUG 3923 --- [       runner-5] o.s.b.c.c.ConfigFileApplicationListener  : Skipped config file 'classpath:/application.xml' resource not found
2019-09-04 00:00:45.402 DEBUG 3923 --- [       runner-5] o.s.b.c.c.ConfigFileApplicationListener  : Skipped config file 'classpath:/application.yml' resource not found
2019-09-04 00:00:45.402 DEBUG 3923 --- [       runner-5] o.s.b.c.c.ConfigFileApplicationListener  : Skipped config file 'classpath:/application.properties' resource not found
2019-09-04 00:00:45.404 DEBUG 3923 --- [       runner-5] o.s.b.c.c.ConfigFileApplicationListener  : Skipped config file 'classpath:/application.yaml' resource not found
2019-09-04 00:00:45.404 DEBUG 3923 --- [       runner-5] o.s.b.c.c.ConfigFileApplicationListener  : Skipped config file 'file:./config/application-integration.xml' resource not found
2019-09-04 00:00:45.405 DEBUG 3923 --- [       runner-5] o.s.b.c.c.ConfigFileApplicationListener  : Skipped config file 'file:./config/application-integration.xml' for profile integrationresource not found
2019-09-04 00:00:45.406 DEBUG 3923 --- [       runner-5] o.s.b.c.c.ConfigFileApplicationListener  : Skipped config file 'file:./config/application.xml' for profile integrationresource not found
2019-09-04 00:00:45.407 DEBUG 3923 --- [       runner-5] o.s.b.c.c.ConfigFileApplicationListener  : Skipped config file 'file:./config/application-integration.yml' resource not found
2019-09-04 00:00:45.407 DEBUG 3923 --- [       runner-5] o.s.b.c.c.ConfigFileApplicationListener  : Skipped config file 'file:./config/application-integration.yml' for profile integrationresource not found
2019-09-04 00:00:45.407 DEBUG 3923 --- [       runner-5] o.s.b.c.c.ConfigFileApplicationListener  : Skipped config file 'file:./config/application.yml' for profile integrationresource not found
2019-09-04 00:00:45.407 DEBUG 3923 --- [       runner-5] o.s.b.c.c.ConfigFileApplicationListener  : Skipped config file 'file:./config/application-integration.properties' resource not found
2019-09-04 00:00:45.407 DEBUG 3923 --- [       runner-5] o.s.b.c.c.ConfigFileApplicationListener  : Skipped config file 'file:./config/application-integration.properties' for profile integrationresource not found
2019-09-04 00:00:45.407 DEBUG 3923 --- [       runner-5] o.s.b.c.c.ConfigFileApplicationListener  : Skipped config file 'file:./config/application.properties' for profile integrationresource not found
2019-09-04 00:00:45.407 DEBUG 3923 --- [       runner-5] o.s.b.c.c.ConfigFileApplicationListener  : Skipped config file 'file:./config/application-integration.yaml' resource not found
2019-09-04 00:00:45.407 DEBUG 3923 --- [       runner-5] o.s.b.c.c.ConfigFileApplicationListener  : Skipped config file 'file:./config/application-integration.yaml' for profile integrationresource not found
2019-09-04 00:00:45.408 DEBUG 3923 --- [       runner-5] o.s.b.c.c.ConfigFileApplicationListener  : Skipped config file 'file:./config/application.yaml' for profile integrationresource not found
2019-09-04 00:00:45.408 DEBUG 3923 --- [       runner-5] o.s.b.c.c.ConfigFileApplicationListener  : Skipped config file 'file:./application-integration.xml' resource not found
2019-09-04 00:00:45.408 DEBUG 3923 --- [       runner-5] o.s.b.c.c.ConfigFileApplicationListener  : Skipped config file 'file:./application-integration.xml' for profile integrationresource not found
2019-09-04 00:00:45.408 DEBUG 3923 --- [       runner-5] o.s.b.c.c.ConfigFileApplicationListener  : Skipped config file 'file:./application.xml' for profile integrationresource not found
2019-09-04 00:00:45.408 DEBUG 3923 --- [       runner-5] o.s.b.c.c.ConfigFileApplicationListener  : Skipped config file 'file:./application-integration.yml' resource not found
2019-09-04 00:00:45.409 DEBUG 3923 --- [       runner-5] o.s.b.c.c.ConfigFileApplicationListener  : Skipped config file 'file:./application-integration.yml' for profile integrationresource not found
2019-09-04 00:00:45.413 DEBUG 3923 --- [       runner-5] o.s.b.c.c.ConfigFileApplicationListener  : Skipped config file 'file:./application.yml' for profile integrationresource not found
2019-09-04 00:00:45.414 DEBUG 3923 --- [       runner-5] o.s.b.c.c.ConfigFileApplicationListener  : Skipped config file 'file:./application-integration.properties' resource not found
2019-09-04 00:00:45.414 DEBUG 3923 --- [       runner-5] o.s.b.c.c.ConfigFileApplicationListener  : Skipped config file 'file:./application-integration.properties' for profile integrationresource not found
2019-09-04 00:00:45.414 DEBUG 3923 --- [       runner-5] o.s.b.c.c.ConfigFileApplicationListener  : Skipped config file 'file:./application.properties' for profile integrationresource not found
2019-09-04 00:00:45.414 DEBUG 3923 --- [       runner-5] o.s.b.c.c.ConfigFileApplicationListener  : Skipped config file 'file:./application-integration.yaml' resource not found
2019-09-04 00:00:45.415 DEBUG 3923 --- [       runner-5] o.s.b.c.c.ConfigFileApplicationListener  : Skipped config file 'file:./application-integration.yaml' for profile integrationresource not found
2019-09-04 00:00:45.415 DEBUG 3923 --- [       runner-5] o.s.b.c.c.ConfigFileApplicationListener  : Skipped config file 'file:./application.yaml' for profile integrationresource not found
2019-09-04 00:00:45.415 DEBUG 3923 --- [       runner-5] o.s.b.c.c.ConfigFileApplicationListener  : Skipped config file 'classpath:/config/application-integration.xml' resource not found
2019-09-04 00:00:45.416 DEBUG 3923 --- [       runner-5] o.s.b.c.c.ConfigFileApplicationListener  : Skipped config file 'classpath:/config/application-integration.xml' for profile integrationresource not found
2019-09-04 00:00:45.416 DEBUG 3923 --- [       runner-5] o.s.b.c.c.ConfigFileApplicationListener  : Skipped config file 'classpath:/config/application.xml' for profile integrationresource not found
2019-09-04 00:00:45.416 DEBUG 3923 --- [       runner-5] o.s.b.c.c.ConfigFileApplicationListener  : Skipped config file 'classpath:/config/application-integration.yml' resource not found
2019-09-04 00:00:45.416 DEBUG 3923 --- [       runner-5] o.s.b.c.c.ConfigFileApplicationListener  : Skipped config file 'classpath:/config/application-integration.yml' for profile integrationresource not found
2019-09-04 00:00:45.416 DEBUG 3923 --- [       runner-5] o.s.b.c.c.ConfigFileApplicationListener  : Skipped config file 'classpath:/config/application.yml' for profile integrationresource not found
2019-09-04 00:00:45.416 DEBUG 3923 --- [       runner-5] o.s.b.c.c.ConfigFileApplicationListener  : Skipped config file 'classpath:/config/application-integration.properties' resource not found
2019-09-04 00:00:45.416 DEBUG 3923 --- [       runner-5] o.s.b.c.c.ConfigFileApplicationListener  : Skipped config file 'classpath:/config/application-integration.properties' for profile integrationresource not found
2019-09-04 00:00:45.416 DEBUG 3923 --- [       runner-5] o.s.b.c.c.ConfigFileApplicationListener  : Skipped config file 'classpath:/config/application.properties' for profile integrationresource not found
2019-09-04 00:00:45.417 DEBUG 3923 --- [       runner-5] o.s.b.c.c.ConfigFileApplicationListener  : Skipped config file 'classpath:/config/application-integration.yaml' resource not found
2019-09-04 00:00:45.417 DEBUG 3923 --- [       runner-5] o.s.b.c.c.ConfigFileApplicationListener  : Skipped config file 'classpath:/config/application-integration.yaml' for profile integrationresource not found
2019-09-04 00:00:45.419 DEBUG 3923 --- [       runner-5] o.s.b.c.c.ConfigFileApplicationListener  : Skipped config file 'classpath:/config/application.yaml' for profile integrationresource not found
2019-09-04 00:00:45.419 DEBUG 3923 --- [       runner-5] o.s.b.c.c.ConfigFileApplicationListener  : Skipped config file 'classpath:/application-integration.xml' resource not found
2019-09-04 00:00:45.419 DEBUG 3923 --- [       runner-5] o.s.b.c.c.ConfigFileApplicationListener  : Skipped config file 'classpath:/application-integration.xml' for profile integrationresource not found
2019-09-04 00:00:45.419 DEBUG 3923 --- [       runner-5] o.s.b.c.c.ConfigFileApplicationListener  : Skipped config file 'classpath:/application.xml' for profile integrationresource not found
2019-09-04 00:00:45.419 DEBUG 3923 --- [       runner-5] o.s.b.c.c.ConfigFileApplicationListener  : Skipped config file 'classpath:/application-integration.yml' resource not found
2019-09-04 00:00:45.420 DEBUG 3923 --- [       runner-5] o.s.b.c.c.ConfigFileApplicationListener  : Skipped config file 'classpath:/application-integration.yml' for profile integrationresource not found
2019-09-04 00:00:45.420 DEBUG 3923 --- [       runner-5] o.s.b.c.c.ConfigFileApplicationListener  : Skipped config file 'classpath:/application.yml' for profile integrationresource not found
2019-09-04 00:00:45.420 DEBUG 3923 --- [       runner-5] o.s.b.c.c.ConfigFileApplicationListener  : Skipped config file 'classpath:/application-integration.properties' resource not found
2019-09-04 00:00:45.420 DEBUG 3923 --- [       runner-5] o.s.b.c.c.ConfigFileApplicationListener  : Skipped config file 'classpath:/application-integration.properties' for profile integrationresource not found
2019-09-04 00:00:45.420 DEBUG 3923 --- [       runner-5] o.s.b.c.c.ConfigFileApplicationListener  : Skipped config file 'classpath:/application.properties' for profile integrationresource not found
2019-09-04 00:00:45.420 DEBUG 3923 --- [       runner-5] o.s.b.c.c.ConfigFileApplicationListener  : Skipped config file 'classpath:/application-integration.yaml' resource not found
2019-09-04 00:00:45.420 DEBUG 3923 --- [       runner-5] o.s.b.c.c.ConfigFileApplicationListener  : Skipped config file 'classpath:/application-integration.yaml' for profile integrationresource not found
2019-09-04 00:00:45.420 DEBUG 3923 --- [       runner-5] o.s.b.c.c.ConfigFileApplicationListener  : Skipped config file 'classpath:/application.yaml' for profile integrationresource not found
2019-09-04 00:00:45.421  INFO 3923 --- [       runner-5] ationConfigEmbeddedWebApplicationContext : Refreshing org.springframework.boot.context.embedded.AnnotationConfigEmbeddedWebApplicationContext@7189d9: startup date [Wed Sep 04 00:00:45 UTC 2019]; root of context hierarchy
2019-09-04 00:00:45.424 DEBUG 3923 --- [       runner-5] ationConfigEmbeddedWebApplicationContext : Bean factory for org.springframework.boot.context.embedded.AnnotationConfigEmbeddedWebApplicationContext@7189d9: org.springframework.beans.factory.support.DefaultListableBeanFactory@714230c8: defining beans [org.springframework.context.annotation.internalConfigurationAnnotationProcessor,org.springframework.context.annotation.internalAutowiredAnnotationProcessor,org.springframework.context.annotation.internalRequiredAnnotationProcessor,org.springframework.context.annotation.internalCommonAnnotationProcessor,sample]; root of factory hierarchy
2019-09-04 00:00:45.834  INFO 3923 --- [       runner-5] .b.l.ClasspathLoggingApplicationListener : Application failed to start with classpath: []
2019-09-04 00:00:45.839 ERROR 3923 --- [       runner-5] o.s.boot.SpringApplication               : Application startup failed

java.lang.NoSuchMethodError: org.springframework.beans.factory.support.DefaultListableBeanFactory.isAllowEagerClassLoading()Z
 at org.springframework.boot.autoconfigure.condition.BeanTypeRegistry.get(BeanTypeRegistry.java:147)
 at org.springframework.boot.autoconfigure.condition.OnBeanCondition.collectBeanNamesForType(OnBeanCondition.java:154)
 at org.springframework.boot.autoconfigure.condition.OnBeanCondition.getBeanNamesForType(OnBeanCondition.java:143)
 at org.springframework.boot.autoconfigure.condition.OnBeanCondition.getMatchingBeans(OnBeanCondition.java:115)
 at org.springframework.boot.autoconfigure.condition.OnBeanCondition.getMatchOutcome(OnBeanCondition.java:90)
 at org.springframework.boot.autoconfigure.condition.SpringBootCondition.matches(SpringBootCondition.java:45)
 at org.springframework.context.annotation.ConditionEvaluator.shouldSkip(ConditionEvaluator.java:102)
 at org.springframework.context.annotation.ConfigurationClassBeanDefinitionReader.loadBeanDefinitionsForBeanMethod(ConfigurationClassBeanDefinitionReader.java:177)
 at org.springframework.context.annotation.ConfigurationClassBeanDefinitionReader.loadBeanDefinitionsForConfigurationClass(ConfigurationClassBeanDefinitionReader.java:146)
 at org.springframework.context.annotation.ConfigurationClassBeanDefinitionReader.loadBeanDefinitions(ConfigurationClassBeanDefinitionReader.java:122)
 at org.springframework.context.annotation.ConfigurationClassPostProcessor.processConfigBeanDefinitions(ConfigurationClassPostProcessor.java:318)
 at org.springframework.context.annotation.ConfigurationClassPostProcessor.postProcessBeanDefinitionRegistry(ConfigurationClassPostProcessor.java:239)
 at org.springframework.context.support.PostProcessorRegistrationDelegate.invokeBeanDefinitionRegistryPostProcessors(PostProcessorRegistrationDelegate.java:254)
 at org.springframework.context.support.PostProcessorRegistrationDelegate.invokeBeanFactoryPostProcessors(PostProcessorRegistrationDelegate.java:94)
 at org.springframework.context.support.AbstractApplicationContext.invokeBeanFactoryPostProcessors(AbstractApplicationContext.java:606)
 at org.springframework.context.support.AbstractApplicationContext.refresh(AbstractApplicationContext.java:462)
 at org.springframework.boot.context.embedded.EmbeddedWebApplicationContext.refresh(EmbeddedWebApplicationContext.java:109)
 at org.springframework.boot.SpringApplication.refresh(SpringApplication.java:691)
 at org.springframework.boot.SpringApplication.run(SpringApplication.java:321)
 at org.springframework.boot.SpringApplication.run(SpringApplication.java:961)
 at sun.reflect.NativeMethodAccessorImpl.invoke0(Native Method)
 at sun.reflect.NativeMethodAccessorImpl.invoke(NativeMethodAccessorImpl.java:62)
 at sun.reflect.DelegatingMethodAccessorImpl.invoke(DelegatingMethodAccessorImpl.java:43)
 at java.lang.reflect.Method.invoke(Method.java:498)
 at org.springframework.boot.cli.command.run.SpringApplicationRunner$RunThread.run(SpringApplicationRunner.java:152)

2019-09-04 00:00:45.840  INFO 3923 --- [       runner-5] ationConfigEmbeddedWebApplicationContext : Closing org.springframework.boot.context.embedded.AnnotationConfigEmbeddedWebApplicationContext@7189d9: startup date [Wed Sep 04 00:00:45 UTC 2019]; root of context hierarchy
2019-09-04 00:00:45.842  WARN 3923 --- [       runner-5] ationConfigEmbeddedWebApplicationContext : Exception thrown from ApplicationListener handling ContextClosedEvent

java.lang.IllegalStateException: ApplicationEventMulticaster not initialized - call 'refresh' before multicasting events via the context: org.springframework.boot.context.embedded.AnnotationConfigEmbeddedWebApplicationContext@7189d9: startup date [Wed Sep 04 00:00:45 UTC 2019]; root of context hierarchy
 at org.springframework.context.support.AbstractApplicationContext.getApplicationEventMulticaster(AbstractApplicationContext.java:344)
 at org.springframework.context.support.AbstractApplicationContext.publishEvent(AbstractApplicationContext.java:331)
 at org.springframework.context.support.AbstractApplicationContext.doClose(AbstractApplicationContext.java:869)
 at org.springframework.boot.context.embedded.EmbeddedWebApplicationContext.doClose(EmbeddedWebApplicationContext.java:141)
 at org.springframework.context.support.AbstractApplicationContext.close(AbstractApplicationContext.java:836)
 at org.springframework.boot.SpringApplication.run(SpringApplication.java:343)
 at org.springframework.boot.SpringApplication.run(SpringApplication.java:961)
 at sun.reflect.NativeMethodAccessorImpl.invoke0(Native Method)
 at sun.reflect.NativeMethodAccessorImpl.invoke(NativeMethodAccessorImpl.java:62)
 at sun.reflect.DelegatingMethodAccessorImpl.invoke(DelegatingMethodAccessorImpl.java:43)
 at java.lang.reflect.Method.invoke(Method.java:498)
 at org.springframework.boot.cli.command.run.SpringApplicationRunner$RunThread.run(SpringApplicationRunner.java:152)

2019-09-04 00:00:45.843  WARN 3923 --- [       runner-5] ationConfigEmbeddedWebApplicationContext : Exception thrown from LifecycleProcessor on context close

java.lang.IllegalStateException: LifecycleProcessor not initialized - call 'refresh' before invoking lifecycle methods via the context: org.springframework.boot.context.embedded.AnnotationConfigEmbeddedWebApplicationContext@7189d9: startup date [Wed Sep 04 00:00:45 UTC 2019]; root of context hierarchy
 at org.springframework.context.support.AbstractApplicationContext.getLifecycleProcessor(AbstractApplicationContext.java:357)
 at org.springframework.context.support.AbstractApplicationContext.doClose(AbstractApplicationContext.java:877)
 at org.springframework.boot.context.embedded.EmbeddedWebApplicationContext.doClose(EmbeddedWebApplicationContext.java:141)
 at org.springframework.context.support.AbstractApplicationContext.close(AbstractApplicationContext.java:836)
 at org.springframework.boot.SpringApplication.run(SpringApplication.java:343)
 at org.springframework.boot.SpringApplication.run(SpringApplication.java:961)
 at sun.reflect.NativeMethodAccessorImpl.invoke0(Native Method)
 at sun.reflect.NativeMethodAccessorImpl.invoke(NativeMethodAccessorImpl.java:62)
 at sun.reflect.DelegatingMethodAccessorImpl.invoke(DelegatingMethodAccessorImpl.java:43)
 at java.lang.reflect.Method.invoke(Method.java:498)
 at org.springframework.boot.cli.command.run.SpringApplicationRunner$RunThread.run(SpringApplicationRunner.java:152)

java.lang.reflect.InvocationTargetException
 at sun.reflect.NativeMethodAccessorImpl.invoke0(Native Method)
 at sun.reflect.NativeMethodAccessorImpl.invoke(NativeMethodAccessorImpl.java:62)
 at sun.reflect.DelegatingMethodAccessorImpl.invoke(DelegatingMethodAccessorImpl.java:43)
 at java.lang.reflect.Method.invoke(Method.java:498)
 at org.springframework.boot.cli.command.run.SpringApplicationRunner$RunThread.run(SpringApplicationRunner.java:152)
Caused by: java.lang.NoSuchMethodError: org.springframework.beans.factory.support.DefaultListableBeanFactory.isAllowEagerClassLoading()Z
 at org.springframework.boot.autoconfigure.condition.BeanTypeRegistry.get(BeanTypeRegistry.java:147)
 at org.springframework.boot.autoconfigure.condition.OnBeanCondition.collectBeanNamesForType(OnBeanCondition.java:154)
 at org.springframework.boot.autoconfigure.condition.OnBeanCondition.getBeanNamesForType(OnBeanCondition.java:143)
 at org.springframework.boot.autoconfigure.condition.OnBeanCondition.getMatchingBeans(OnBeanCondition.java:115)
 at org.springframework.boot.autoconfigure.condition.OnBeanCondition.getMatchOutcome(OnBeanCondition.java:90)
 at org.springframework.boot.autoconfigure.condition.SpringBootCondition.matches(SpringBootCondition.java:45)
 at org.springframework.context.annotation.ConditionEvaluator.shouldSkip(ConditionEvaluator.java:102)
 at org.springframework.context.annotation.ConfigurationClassBeanDefinitionReader.loadBeanDefinitionsForBeanMethod(ConfigurationClassBeanDefinitionReader.java:177)
 at org.springframework.context.annotation.ConfigurationClassBeanDefinitionReader.loadBeanDefinitionsForConfigurationClass(ConfigurationClassBeanDefinitionReader.java:146)
 at org.springframework.context.annotation.ConfigurationClassBeanDefinitionReader.loadBeanDefinitions(ConfigurationClassBeanDefinitionReader.java:122)
 at org.springframework.context.annotation.ConfigurationClassPostProcessor.processConfigBeanDefinitions(ConfigurationClassPostProcessor.java:318)
 at org.springframework.context.annotation.ConfigurationClassPostProcessor.postProcessBeanDefinitionRegistry(ConfigurationClassPostProcessor.java:239)
 at org.springframework.context.support.PostProcessorRegistrationDelegate.invokeBeanDefinitionRegistryPostProcessors(PostProcessorRegistrationDelegate.java:254)
 at org.springframework.context.support.PostProcessorRegistrationDelegate.invokeBeanFactoryPostProcessors(PostProcessorRegistrationDelegate.java:94)
 at org.springframework.context.support.AbstractApplicationContext.invokeBeanFactoryPostProcessors(AbstractApplicationContext.java:606)
 at org.springframework.context.support.AbstractApplicationContext.refresh(AbstractApplicationContext.java:462)
 at org.springframework.boot.context.embedded.EmbeddedWebApplicationContext.refresh(EmbeddedWebApplicationContext.java:109)
 at org.springframework.boot.SpringApplication.refresh(SpringApplication.java:691)
 at org.springframework.boot.SpringApplication.run(SpringApplication.java:321)
 at org.springframework.boot.SpringApplication.run(SpringApplication.java:961)
 ... 5 more
"""
spring-projects-spring-boot,org.springframework.boot.cli.ReproIntegrationTests#dataJpaDependencies,matched (7 report(s) available),java.lang.AssertionError,Order Dependent,"low-confidence guess: found phrase 'illegalstateexception' which can indicate leftover state from another test, but this cannot be confirmed without cross-test execution context","
Expected: a string containing ""Hello World""
     but: was ""
  .   ____          _            __ _ _
 /\\ / ___'_ __ _ _(_)_ __  __ _ \ \ \ \
( ( )\___ | '_ | '_| | '_ \/ _` | \ \ \ \
 \\/  ___)| |_)| | | | | || (_| |  ) ) ) )
  '  |____| .__|_| |_|_| |_\__, | / / / /
 =========|_|==============|___/=/_/_/_/
 :: Spring Boot ::  (v1.2.0.BUILD-SNAPSHOT)

2019-09-04 00:00:46.392  INFO 3923 --- [       runner-6] o.s.boot.SpringApplication               : Starting application on ip-172-31-56-109 with PID 3923 (/root/.m2/repository/org/springframework/boot/spring-boot/1.2.0.BUILD-SNAPSHOT/spring-boot-1.2.0.BUILD-SNAPSHOT.jar started by root in /working/proj/spring-projects-spring-boot-2462/spring-projects-spring-boot/spring-boot-cli)
2019-09-04 00:00:46.395 DEBUG 3923 --- [       runner-6] o.s.boot.SpringApplication               : Running with Spring Boot v1.2.0.BUILD-SNAPSHOT, Spring v4.1.1.RELEASE
2019-09-04 00:00:46.395 DEBUG 3923 --- [       runner-6] o.s.boot.SpringApplication               : Loading source class Sample
2019-09-04 00:00:46.422 DEBUG 3923 --- [       runner-6] o.s.b.c.c.ConfigFileApplicationListener  : Activated profiles integration
2019-09-04 00:00:46.422 DEBUG 3923 --- [       runner-6] o.s.b.c.c.ConfigFileApplicationListener  : Skipped config file 'file:./config/application.xml' resource not found
2019-09-04 00:00:46.423 DEBUG 3923 --- [       runner-6] o.s.b.c.c.ConfigFileApplicationListener  : Skipped config file 'file:./config/application.yml' resource not found
2019-09-04 00:00:46.423 DEBUG 3923 --- [       runner-6] o.s.b.c.c.ConfigFileApplicationListener  : Skipped config file 'file:./config/application.properties' resource not found
2019-09-04 00:00:46.423 DEBUG 3923 --- [       runner-6] o.s.b.c.c.ConfigFileApplicationListener  : Skipped config file 'file:./config/application.yaml' resource not found
2019-09-04 00:00:46.423 DEBUG 3923 --- [       runner-6] o.s.b.c.c.ConfigFileApplicationListener  : Skipped config file 'file:./application.xml' resource not found
2019-09-04 00:00:46.423 DEBUG 3923 --- [       runner-6] o.s.b.c.c.ConfigFileApplicationListener  : Skipped config file 'file:./application.yml' resource not found
2019-09-04 00:00:46.423 DEBUG 3923 --- [       runner-6] o.s.b.c.c.ConfigFileApplicationListener  : Skipped config file 'file:./application.properties' resource not found
2019-09-04 00:00:46.424 DEBUG 3923 --- [       runner-6] o.s.b.c.c.ConfigFileApplicationListener  : Skipped config file 'file:./application.yaml' resource not found
2019-09-04 00:00:46.424 DEBUG 3923 --- [       runner-6] o.s.b.c.c.ConfigFileApplicationListener  : Skipped config file 'classpath:/config/application.xml' resource not found
2019-09-04 00:00:46.424 DEBUG 3923 --- [       runner-6] o.s.b.c.c.ConfigFileApplicationListener  : Skipped config file 'classpath:/config/application.yml' resource not found
2019-09-04 00:00:46.424 DEBUG 3923 --- [       runner-6] o.s.b.c.c.ConfigFileApplicationListener  : Skipped config file 'classpath:/config/application.properties' resource not found
2019-09-04 00:00:46.424 DEBUG 3923 --- [       runner-6] o.s.b.c.c.ConfigFileApplicationListener  : Skipped config file 'classpath:/config/application.yaml' resource not found
2019-09-04 00:00:46.424 DEBUG 3923 --- [       runner-6] o.s.b.c.c.ConfigFileApplicationListener  : Skipped config file 'classpath:/application.xml' resource not found
2019-09-04 00:00:46.424 DEBUG 3923 --- [       runner-6] o.s.b.c.c.ConfigFileApplicationListener  : Skipped config file 'classpath:/application.yml' resource not found
2019-09-04 00:00:46.425 DEBUG 3923 --- [       runner-6] o.s.b.c.c.ConfigFileApplicationListener  : Skipped config file 'classpath:/application.properties' resource not found
2019-09-04 00:00:46.425 DEBUG 3923 --- [       runner-6] o.s.b.c.c.ConfigFileApplicationListener  : Skipped config file 'classpath:/application.yaml' resource not found
2019-09-04 00:00:46.425 DEBUG 3923 --- [       runner-6] o.s.b.c.c.ConfigFileApplicationListener  : Skipped config file 'file:./config/application-integration.xml' resource not found
2019-09-04 00:00:46.425 DEBUG 3923 --- [       runner-6] o.s.b.c.c.ConfigFileApplicationListener  : Skipped config file 'file:./config/application-integration.xml' for profile integrationresource not found
2019-09-04 00:00:46.425 DEBUG 3923 --- [       runner-6] o.s.b.c.c.ConfigFileApplicationListener  : Skipped config file 'file:./config/application.xml' for profile integrationresource not found
2019-09-04 00:00:46.425 DEBUG 3923 --- [       runner-6] o.s.b.c.c.ConfigFileApplicationListener  : Skipped config file 'file:./config/application-integration.yml' resource not found
2019-09-04 00:00:46.425 DEBUG 3923 --- [       runner-6] o.s.b.c.c.ConfigFileApplicationListener  : Skipped config file 'file:./config/application-integration.yml' for profile integrationresource not found
2019-09-04 00:00:46.426 DEBUG 3923 --- [       runner-6] o.s.b.c.c.ConfigFileApplicationListener  : Skipped config file 'file:./config/application.yml' for profile integrationresource not found
2019-09-04 00:00:46.426 DEBUG 3923 --- [       runner-6] o.s.b.c.c.ConfigFileApplicationListener  : Skipped config file 'file:./config/application-integration.properties' resource not found
2019-09-04 00:00:46.426 DEBUG 3923 --- [       runner-6] o.s.b.c.c.ConfigFileApplicationListener  : Skipped config file 'file:./config/application-integration.properties' for profile integrationresource not found
2019-09-04 00:00:46.426 DEBUG 3923 --- [       runner-6] o.s.b.c.c.ConfigFileApplicationListener  : Skipped config file 'file:./config/application.properties' for profile integrationresource not found
2019-09-04 00:00:46.426 DEBUG 3923 --- [       runner-6] o.s.b.c.c.ConfigFileApplicationListener  : Skipped config file 'file:./config/application-integration.yaml' resource not found
2019-09-04 00:00:46.427 DEBUG 3923 --- [       runner-6] o.s.b.c.c.ConfigFileApplicationListener  : Skipped config file 'file:./config/application-integration.yaml' for profile integrationresource not found
2019-09-04 00:00:46.427 DEBUG 3923 --- [       runner-6] o.s.b.c.c.ConfigFileApplicationListener  : Skipped config file 'file:./config/application.yaml' for profile integrationresource not found
2019-09-04 00:00:46.427 DEBUG 3923 --- [       runner-6] o.s.b.c.c.ConfigFileApplicationListener  : Skipped config file 'file:./application-integration.xml' resource not found
2019-09-04 00:00:46.427 DEBUG 3923 --- [       runner-6] o.s.b.c.c.ConfigFileApplicationListener  : Skipped config file 'file:./application-integration.xml' for profile integrationresource not found
2019-09-04 00:00:46.427 DEBUG 3923 --- [       runner-6] o.s.b.c.c.ConfigFileApplicationListener  : Skipped config file 'file:./application.xml' for profile integrationresource not found
2019-09-04 00:00:46.427 DEBUG 3923 --- [       runner-6] o.s.b.c.c.ConfigFileApplicationListener  : Skipped config file 'file:./application-integration.yml' resource not found
2019-09-04 00:00:46.427 DEBUG 3923 --- [       runner-6] o.s.b.c.c.ConfigFileApplicationListener  : Skipped config file 'file:./application-integration.yml' for profile integrationresource not found
2019-09-04 00:00:46.428 DEBUG 3923 --- [       runner-6] o.s.b.c.c.ConfigFileApplicationListener  : Skipped config file 'file:./application.yml' for profile integrationresource not found
2019-09-04 00:00:46.428 DEBUG 3923 --- [       runner-6] o.s.b.c.c.ConfigFileApplicationListener  : Skipped config file 'file:./application-integration.properties' resource not found
2019-09-04 00:00:46.428 DEBUG 3923 --- [       runner-6] o.s.b.c.c.ConfigFileApplicationListener  : Skipped config file 'file:./application-integration.properties' for profile integrationresource not found
2019-09-04 00:00:46.428 DEBUG 3923 --- [       runner-6] o.s.b.c.c.ConfigFileApplicationListener  : Skipped config file 'file:./application.properties' for profile integrationresource not found
2019-09-04 00:00:46.428 DEBUG 3923 --- [       runner-6] o.s.b.c.c.ConfigFileApplicationListener  : Skipped config file 'file:./application-integration.yaml' resource not found
2019-09-04 00:00:46.428 DEBUG 3923 --- [       runner-6] o.s.b.c.c.ConfigFileApplicationListener  : Skipped config file 'file:./application-integration.yaml' for profile integrationresource not found
2019-09-04 00:00:46.428 DEBUG 3923 --- [       runner-6] o.s.b.c.c.ConfigFileApplicationListener  : Skipped config file 'file:./application.yaml' for profile integrationresource not found
2019-09-04 00:00:46.429 DEBUG 3923 --- [       runner-6] o.s.b.c.c.ConfigFileApplicationListener  : Skipped config file 'classpath:/config/application-integration.xml' resource not found
2019-09-04 00:00:46.429 DEBUG 3923 --- [       runner-6] o.s.b.c.c.ConfigFileApplicationListener  : Skipped config file 'classpath:/config/application-integration.xml' for profile integrationresource not found
2019-09-04 00:00:46.429 DEBUG 3923 --- [       runner-6] o.s.b.c.c.ConfigFileApplicationListener  : Skipped config file 'classpath:/config/application.xml' for profile integrationresource not found
2019-09-04 00:00:46.429 DEBUG 3923 --- [       runner-6] o.s.b.c.c.ConfigFileApplicationListener  : Skipped config file 'classpath:/config/application-integration.yml' resource not found
2019-09-04 00:00:46.429 DEBUG 3923 --- [       runner-6] o.s.b.c.c.ConfigFileApplicationListener  : Skipped config file 'classpath:/config/application-integration.yml' for profile integrationresource not found
2019-09-04 00:00:46.429 DEBUG 3923 --- [       runner-6] o.s.b.c.c.ConfigFileApplicationListener  : Skipped config file 'classpath:/config/application.yml' for profile integrationresource not found
2019-09-04 00:00:46.429 DEBUG 3923 --- [       runner-6] o.s.b.c.c.ConfigFileApplicationListener  : Skipped config file 'classpath:/config/application-integration.properties' resource not found
2019-09-04 00:00:46.430 DEBUG 3923 --- [       runner-6] o.s.b.c.c.ConfigFileApplicationListener  : Skipped config file 'classpath:/config/application-integration.properties' for profile integrationresource not found
2019-09-04 00:00:46.430 DEBUG 3923 --- [       runner-6] o.s.b.c.c.ConfigFileApplicationListener  : Skipped config file 'classpath:/config/application.properties' for profile integrationresource not found
2019-09-04 00:00:46.430 DEBUG 3923 --- [       runner-6] o.s.b.c.c.ConfigFileApplicationListener  : Skipped config file 'classpath:/config/application-integration.yaml' resource not found
2019-09-04 00:00:46.430 DEBUG 3923 --- [       runner-6] o.s.b.c.c.ConfigFileApplicationListener  : Skipped config file 'classpath:/config/application-integration.yaml' for profile integrationresource not found
2019-09-04 00:00:46.430 DEBUG 3923 --- [       runner-6] o.s.b.c.c.ConfigFileApplicationListener  : Skipped config file 'classpath:/config/application.yaml' for profile integrationresource not found
2019-09-04 00:00:46.430 DEBUG 3923 --- [       runner-6] o.s.b.c.c.ConfigFileApplicationListener  : Skipped config file 'classpath:/application-integration.xml' resource not found
2019-09-04 00:00:46.431 DEBUG 3923 --- [       runner-6] o.s.b.c.c.ConfigFileApplicationListener  : Skipped config file 'classpath:/application-integration.xml' for profile integrationresource not found
2019-09-04 00:00:46.431 DEBUG 3923 --- [       runner-6] o.s.b.c.c.ConfigFileApplicationListener  : Skipped config file 'classpath:/application.xml' for profile integrationresource not found
2019-09-04 00:00:46.431 DEBUG 3923 --- [       runner-6] o.s.b.c.c.ConfigFileApplicationListener  : Skipped config file 'classpath:/application-integration.yml' resource not found
2019-09-04 00:00:46.431 DEBUG 3923 --- [       runner-6] o.s.b.c.c.ConfigFileApplicationListener  : Skipped config file 'classpath:/application-integration.yml' for profile integrationresource not found
2019-09-04 00:00:46.431 DEBUG 3923 --- [       runner-6] o.s.b.c.c.ConfigFileApplicationListener  : Skipped config file 'classpath:/application.yml' for profile integrationresource not found
2019-09-04 00:00:46.431 DEBUG 3923 --- [       runner-6] o.s.b.c.c.ConfigFileApplicationListener  : Skipped config file 'classpath:/application-integration.properties' resource not found
2019-09-04 00:00:46.431 DEBUG 3923 --- [       runner-6] o.s.b.c.c.ConfigFileApplicationListener  : Skipped config file 'classpath:/application-integration.properties' for profile integrationresource not found
2019-09-04 00:00:46.432 DEBUG 3923 --- [       runner-6] o.s.b.c.c.ConfigFileApplicationListener  : Skipped config file 'classpath:/application.properties' for profile integrationresource not found
2019-09-04 00:00:46.432 DEBUG 3923 --- [       runner-6] o.s.b.c.c.ConfigFileApplicationListener  : Skipped config file 'classpath:/application-integration.yaml' resource not found
2019-09-04 00:00:46.432 DEBUG 3923 --- [       runner-6] o.s.b.c.c.ConfigFileApplicationListener  : Skipped config file 'classpath:/application-integration.yaml' for profile integrationresource not found
2019-09-04 00:00:46.432 DEBUG 3923 --- [       runner-6] o.s.b.c.c.ConfigFileApplicationListener  : Skipped config file 'classpath:/application.yaml' for profile integrationresource not found
2019-09-04 00:00:46.433  INFO 3923 --- [       runner-6] s.c.a.AnnotationConfigApplicationContext : Refreshing org.springframework.context.annotation.AnnotationConfigApplicationContext@71f4c255: startup date [Wed Sep 04 00:00:46 UTC 2019]; root of context hierarchy
2019-09-04 00:00:46.834  INFO 3923 --- [       runner-6] .b.l.ClasspathLoggingApplicationListener : Application failed to start with classpath: []
2019-09-04 00:00:46.839 ERROR 3923 --- [       runner-6] o.s.boot.SpringApplication               : Application startup failed

java.lang.NoSuchMethodError: org.springframework.beans.factory.support.DefaultListableBeanFactory.isAllowEagerClassLoading()Z
 at org.springframework.boot.autoconfigure.condition.BeanTypeRegistry.get(BeanTypeRegistry.java:147)
 at org.springframework.boot.autoconfigure.condition.OnBeanCondition.collectBeanNamesForType(OnBeanCondition.java:154)
 at org.springframework.boot.autoconfigure.condition.OnBeanCondition.getBeanNamesForType(OnBeanCondition.java:143)
 at org.springframework.boot.autoconfigure.condition.OnBeanCondition.getMatchingBeans(OnBeanCondition.java:115)
 at org.springframework.boot.autoconfigure.condition.OnBeanCondition.getMatchOutcome(OnBeanCondition.java:90)
 at org.springframework.boot.autoconfigure.condition.SpringBootCondition.matches(SpringBootCondition.java:45)
 at org.springframework.context.annotation.ConditionEvaluator.shouldSkip(ConditionEvaluator.java:102)
 at org.springframework.context.annotation.ConfigurationClassBeanDefinitionReader.loadBeanDefinitionsForBeanMethod(ConfigurationClassBeanDefinitionReader.java:177)
 at org.springframework.context.annotation.ConfigurationClassBeanDefinitionReader.loadBeanDefinitionsForConfigurationClass(ConfigurationClassBeanDefinitionReader.java:146)
 at org.springframework.context.annotation.ConfigurationClassBeanDefinitionReader.loadBeanDefinitions(ConfigurationClassBeanDefinitionReader.java:122)
 at org.springframework.context.annotation.ConfigurationClassPostProcessor.processConfigBeanDefinitions(ConfigurationClassPostProcessor.java:318)
 at org.springframework.context.annotation.ConfigurationClassPostProcessor.postProcessBeanDefinitionRegistry(ConfigurationClassPostProcessor.java:239)
 at org.springframework.context.support.PostProcessorRegistrationDelegate.invokeBeanDefinitionRegistryPostProcessors(PostProcessorRegistrationDelegate.java:254)
 at org.springframework.context.support.PostProcessorRegistrationDelegate.invokeBeanFactoryPostProcessors(PostProcessorRegistrationDelegate.java:94)
 at org.springframework.context.support.AbstractApplicationContext.invokeBeanFactoryPostProcessors(AbstractApplicationContext.java:606)
 at org.springframework.context.support.AbstractApplicationContext.refresh(AbstractApplicationContext.java:462)
 at org.springframework.boot.SpringApplication.refresh(SpringApplication.java:691)
 at org.springframework.boot.SpringApplication.run(SpringApplication.java:321)
 at org.springframework.boot.SpringApplication.run(SpringApplication.java:961)
 at sun.reflect.NativeMethodAccessorImpl.invoke0(Native Method)
 at sun.reflect.NativeMethodAccessorImpl.invoke(NativeMethodAccessorImpl.java:62)
 at sun.reflect.DelegatingMethodAccessorImpl.invoke(DelegatingMethodAccessorImpl.java:43)
 at java.lang.reflect.Method.invoke(Method.java:498)
 at org.springframework.boot.cli.command.run.SpringApplicationRunner$RunThread.run(SpringApplicationRunner.java:152)

2019-09-04 00:00:46.840  INFO 3923 --- [       runner-6] s.c.a.AnnotationConfigApplicationContext : Closing org.springframework.context.annotation.AnnotationConfigApplicationContext@71f4c255: startup date [Wed Sep 04 00:00:46 UTC 2019]; root of context hierarchy
2019-09-04 00:00:46.841  WARN 3923 --- [       runner-6] s.c.a.AnnotationConfigApplicationContext : Exception thrown from ApplicationListener handling ContextClosedEvent

java.lang.IllegalStateException: ApplicationEventMulticaster not initialized - call 'refresh' before multicasting events via the context: org.springframework.context.annotation.AnnotationConfigApplicationContext@71f4c255: startup date [Wed Sep 04 00:00:46 UTC 2019]; root of context hierarchy
 at org.springframework.context.support.AbstractApplicationContext.getApplicationEventMulticaster(AbstractApplicationContext.java:344)
 at org.springframework.context.support.AbstractApplicationContext.publishEvent(AbstractApplicationContext.java:331)
 at org.springframework.context.support.AbstractApplicationContext.doClose(AbstractApplicationContext.java:869)
 at org.springframework.context.support.AbstractApplicationContext.close(AbstractApplicationContext.java:836)
 at org.springframework.boot.SpringApplication.run(SpringApplication.java:343)
 at org.springframework.boot.SpringApplication.run(SpringApplication.java:961)
 at sun.reflect.NativeMethodAccessorImpl.invoke0(Native Method)
 at sun.reflect.NativeMethodAccessorImpl.invoke(NativeMethodAccessorImpl.java:62)
 at sun.reflect.DelegatingMethodAccessorImpl.invoke(DelegatingMethodAccessorImpl.java:43)
 at java.lang.reflect.Method.invoke(Method.java:498)
 at org.springframework.boot.cli.command.run.SpringApplicationRunner$RunThread.run(SpringApplicationRunner.java:152)

2019-09-04 00:00:46.842  WARN 3923 --- [       runner-6] s.c.a.AnnotationConfigApplicationContext : Exception thrown from LifecycleProcessor on context close

java.lang.IllegalStateException: LifecycleProcessor not initialized - call 'refresh' before invoking lifecycle methods via the context: org.springframework.context.annotation.AnnotationConfigApplicationContext@71f4c255: startup date [Wed Sep 04 00:00:46 UTC 2019]; root of context hierarchy
 at org.springframework.context.support.AbstractApplicationContext.getLifecycleProcessor(AbstractApplicationContext.java:357)
 at org.springframework.context.support.AbstractApplicationContext.doClose(AbstractApplicationContext.java:877)
 at org.springframework.context.support.AbstractApplicationContext.close(AbstractApplicationContext.java:836)
 at org.springframework.boot.SpringApplication.run(SpringApplication.java:343)
 at org.springframework.boot.SpringApplication.run(SpringApplication.java:961)
 at sun.reflect.NativeMethodAccessorImpl.invoke0(Native Method)
 at sun.reflect.NativeMethodAccessorImpl.invoke(NativeMethodAccessorImpl.java:62)
 at sun.reflect.DelegatingMethodAccessorImpl.invoke(DelegatingMethodAccessorImpl.java:43)
 at java.lang.reflect.Method.invoke(Method.java:498)
 at org.springframework.boot.cli.command.run.SpringApplicationRunner$RunThread.run(SpringApplicationRunner.java:152)

java.lang.reflect.InvocationTargetException
 at sun.reflect.NativeMethodAccessorImpl.invoke0(Native Method)
 at sun.reflect.NativeMethodAccessorImpl.invoke(NativeMethodAccessorImpl.java:62)
 at sun.reflect.DelegatingMethodAccessorImpl.invoke(DelegatingMethodAccessorImpl.java:43)
 at java.lang.reflect.Method.invoke(Method.java:498)
 at org.springframework.boot.cli.command.run.SpringApplicationRunner$RunThread.run(SpringApplicationRunner.java:152)
Caused by: java.lang.NoSuchMethodError: org.springframework.beans.factory.support.DefaultListableBeanFactory.isAllowEagerClassLoading()Z
 at org.springframework.boot.autoconfigure.condition.BeanTypeRegistry.get(BeanTypeRegistry.java:147)
 at org.springframework.boot.autoconfigure.condition.OnBeanCondition.collectBeanNamesForType(OnBeanCondition.java:154)
 at org.springframework.boot.autoconfigure.condition.OnBeanCondition.getBeanNamesForType(OnBeanCondition.java:143)
 at org.springframework.boot.autoconfigure.condition.OnBeanCondition.getMatchingBeans(OnBeanCondition.java:115)
 at org.springframework.boot.autoconfigure.condition.OnBeanCondition.getMatchOutcome(OnBeanCondition.java:90)
 at org.springframework.boot.autoconfigure.condition.SpringBootCondition.matches(SpringBootCondition.java:45)
 at org.springframework.context.annotation.ConditionEvaluator.shouldSkip(ConditionEvaluator.java:102)
 at org.springframework.context.annotation.ConfigurationClassBeanDefinitionReader.loadBeanDefinitionsForBeanMethod(ConfigurationClassBeanDefinitionReader.java:177)
 at org.springframework.context.annotation.ConfigurationClassBeanDefinitionReader.loadBeanDefinitionsForConfigurationClass(ConfigurationClassBeanDefinitionReader.java:146)
 at org.springframework.context.annotation.ConfigurationClassBeanDefinitionReader.loadBeanDefinitions(ConfigurationClassBeanDefinitionReader.java:122)
 at org.springframework.context.annotation.ConfigurationClassPostProcessor.processConfigBeanDefinitions(ConfigurationClassPostProcessor.java:318)
 at org.springframework.context.annotation.ConfigurationClassPostProcessor.postProcessBeanDefinitionRegistry(ConfigurationClassPostProcessor.java:239)
 at org.springframework.context.support.PostProcessorRegistrationDelegate.invokeBeanDefinitionRegistryPostProcessors(PostProcessorRegistrationDelegate.java:254)
 at org.springframework.context.support.PostProcessorRegistrationDelegate.invokeBeanFactoryPostProcessors(PostProcessorRegistrationDelegate.java:94)
 at org.springframework.context.support.AbstractApplicationContext.invokeBeanFactoryPostProcessors(AbstractApplicationContext.java:606)
 at org.springframework.context.support.AbstractApplicationContext.refresh(AbstractApplicationContext.java:462)
 at org.springframework.boot.SpringApplication.refresh(SpringApplication.java:691)
 at org.springframework.boot.SpringApplication.run(SpringApplication.java:321)
 at org.springframework.boot.SpringApplication.run(SpringApplication.java:961)
 ... 5 more
"""
spring-projects-spring-boot,org.springframework.boot.cli.ReproIntegrationTests#grabAntBuilder,matched (5520 report(s) available),java.lang.IllegalStateException,Async Wait,guess: found async-related keyword 'executor' in exception/message/test name,"java.util.concurrent.ExecutionException: org.codehaus.groovy.control.MultipleCompilationErrorsException: startup failed:
General error during conversion: org.eclipse.aether.resolution.DependencyResolutionException: Failed to collect dependencies at org.codehaus.groovy:groovy-ant:jar:2.1.6

org.springframework.boot.cli.compiler.grape.DependencyResolutionFailedException: org.eclipse.aether.resolution.DependencyResolutionException: Failed to collect dependencies at org.codehaus.groovy:groovy-ant:jar:2.1.6
 at org.springframework.boot.cli.compiler.grape.AetherGrapeEngine.resolve(AetherGrapeEngine.java:223)
 at org.springframework.boot.cli.compiler.grape.AetherGrapeEngine.grab(AetherGrapeEngine.java:113)
 at groovy.grape.Grape.grab(Grape.java:163)
 at groovy.grape.GrabAnnotationTransformation.visit(GrabAnnotationTransformation.java:360)
 at org.codehaus.groovy.transform.ASTTransformationVisitor$3.call(ASTTransformationVisitor.java:319)
 at org.codehaus.groovy.control.CompilationUnit.applyToSourceUnits(CompilationUnit.java:923)
 at org.codehaus.groovy.control.CompilationUnit.doPhaseOperation(CompilationUnit.java:585)
 at org.codehaus.groovy.control.CompilationUnit.processPhaseOperations(CompilationUnit.java:561)
 at org.codehaus.groovy.control.CompilationUnit.compile(CompilationUnit.java:538)
 at org.springframework.boot.cli.compiler.GroovyCompiler.compile(GroovyCompiler.java:197)
 at org.springframework.boot.cli.command.run.SpringApplicationRunner.compileAndRun(SpringApplicationRunner.java:95)
 at org.springframework.boot.cli.command.run.RunCommand$RunOptionHandler.run(RunCommand.java:108)
 at org.springframework.boot.cli.command.options.OptionHandler.run(OptionHandler.java:92)
 at org.springframework.boot.cli.command.OptionParsingCommand.run(OptionParsingCommand.java:53)
 at org.springframework.boot.cli.CliTester$1.call(CliTester.java:104)
 at org.springframework.boot.cli.CliTester$1.call(CliTester.java:98)
 at java.util.concurrent.FutureTask.run(FutureTask.java:266)
 at java.util.concurrent.ThreadPoolExecutor.runWorker(ThreadPoolExecutor.java:1149)
 at java.util.concurrent.ThreadPoolExecutor$Worker.run(ThreadPoolExecutor.java:624)
 at java.lang.Thread.run(Thread.java:748)
Caused by: org.eclipse.aether.resolution.DependencyResolutionException: Failed to collect dependencies at org.codehaus.groovy:groovy-ant:jar:2.1.6
 at org.eclipse.aether.internal.impl.DefaultRepositorySystem.resolveDependencies(DefaultRepositorySystem.java:401)
 at org.springframework.boot.cli.compiler.grape.AetherGrapeEngine.resolve(AetherGrapeEngine.java:215)
 ... 19 more
Caused by: org.eclipse.aether.collection.DependencyCollectionException: Failed to collect dependencies at org.codehaus.groovy:groovy-ant:jar:2.1.6
 at org.eclipse.aether.internal.impl.DefaultDependencyCollector.collectDependencies(DefaultDependencyCollector.java:303)
 at org.eclipse.aether.internal.impl.DefaultRepositorySystem.resolveDependencies(DefaultRepositorySystem.java:362)
 ... 20 more
Caused by: org.eclipse.aether.resolution.ArtifactDescriptorException: Failed to read artifact descriptor for org.codehaus.groovy:groovy-ant:jar:2.1.6
 at org.apache.maven.repository.internal.DefaultArtifactDescriptorReader.loadPom(DefaultArtifactDescriptorReader.java:335)
 at org.apache.maven.repository.internal.DefaultArtifactDescriptorReader.readArtifactDescriptor(DefaultArtifactDescriptorReader.java:217)
 at org.eclipse.aether.internal.impl.DefaultDependencyCollector.resolveCachedArtifactDescriptor(DefaultDependencyCollector.java:537)
 at org.eclipse.aether.internal.impl.DefaultDependencyCollector.getArtifactDescriptorResult(DefaultDependencyCollector.java:521)
 at org.eclipse.aether.internal.impl.DefaultDependencyCollector.processDependency(DefaultDependencyCollector.java:421)
 at org.eclipse.aether.internal.impl.DefaultDependencyCollector.processDependency(DefaultDependencyCollector.java:375)
 at org.eclipse.aether.internal.impl.DefaultDependencyCollector.process(DefaultDependencyCollector.java:363)
 at org.eclipse.aether.internal.impl.DefaultDependencyCollector.collectDependencies(DefaultDependencyCollector.java:266)
 ... 21 more
Caused by: org.eclipse.aether.resolution.ArtifactResolutionException: Could not transfer artifact org.codehaus.groovy:groovy-ant:pom:2.1.6 from/to central (http://repo1.maven.org/maven2/): HTTPS Required (501)
 at org.eclipse.aether.internal.impl.DefaultArtifactResolver.resolve(DefaultArtifactResolver.java:462)
 at org.eclipse.aether.internal.impl.DefaultArtifactResolver.resolveArtifacts(DefaultArtifactResolver.java:264)
 at org.eclipse.aether.internal.impl.DefaultArtifactResolver.resolveArtifact(DefaultArtifactResolver.java:241)
 at org.apache.maven.repository.internal.DefaultArtifactDescriptorReader.loadPom(DefaultArtifactDescriptorReader.java:320)
 ... 28 more
Caused by: org.eclipse.aether.transfer.ArtifactTransferException: Could not transfer artifact org.codehaus.groovy:groovy-ant:pom:2.1.6 from/to central (http://repo1.maven.org/maven2/): HTTPS Required (501)
 at org.eclipse.aether.connector.basic.ArtifactTransportListener.transferFailed(ArtifactTransportListener.java:43)
 at org.eclipse.aether.connector.basic.BasicRepositoryConnector$TaskRunner.run(BasicRepositoryConnector.java:355)
 at org.eclipse.aether.util.concurrency.RunnableErrorForwarder$1.run(RunnableErrorForwarder.java:67)
 at org.eclipse.aether.connector.basic.BasicRepositoryConnector$DirectExecutor.execute(BasicRepositoryConnector.java:581)
 at org.eclipse.aether.connector.basic.BasicRepositoryConnector.get(BasicRepositoryConnector.java:249)
 at org.eclipse.aether.internal.impl.DefaultArtifactResolver.performDownloads(DefaultArtifactResolver.java:538)
 at org.eclipse.aether.internal.impl.DefaultArtifactResolver.resolve(DefaultArtifactResolver.java:439)
 ... 31 more
Caused by: org.apache.http.client.HttpResponseException: HTTPS Required (501)
 at org.eclipse.aether.transport.http.HttpTransporter.handleStatus(HttpTransporter.java:458)
 at org.eclipse.aether.transport.http.HttpTransporter.execute(HttpTransporter.java:283)
 at org.eclipse.aether.transport.http.HttpTransporter.implGet(HttpTransporter.java:235)
 at org.eclipse.aether.spi.connector.transport.AbstractTransporter.get(AbstractTransporter.java:59)
 at org.eclipse.aether.connector.basic.BasicRepositoryConnector$GetTaskRunner.runTask(BasicRepositoryConnector.java:447)
 at org.eclipse.aether.connector.basic.BasicRepositoryConnector$TaskRunner.run(BasicRepositoryConnector.java:350)
 ... 36 more

1 error
"
spring-projects-spring-boot,org.springframework.boot.cli.ReproIntegrationTests#shellDependencies,matched (8 report(s) available),java.lang.IllegalStateException,Order Dependent,"low-confidence guess: found phrase 'illegalstateexception' which can indicate leftover state from another test, but this cannot be confirmed without cross-test execution context",java.lang.IllegalStateException: java.net.ConnectException: Connection refused (Connection refused)
spring-projects-spring-boot,org.springframework.boot.cli.SampleIntegrationTests#beansSample,matched (8 report(s) available),java.lang.IllegalStateException,Order Dependent,"low-confidence guess: found phrase 'illegalstateexception' which can indicate leftover state from another test, but this cannot be confirmed without cross-test execution context",java.lang.IllegalStateException: java.net.ConnectException: Connection refused (Connection refused)
spring-projects-spring-boot,org.springframework.boot.cli.SampleIntegrationTests#templateSample,matched (10 report(s) available),java.lang.AssertionError,Order Dependent,"low-confidence guess: found phrase 'illegalstateexception' which can indicate leftover state from another test, but this cannot be confirmed without cross-test execution context","Wrong output: 
  .   ____          _            __ _ _
 /\\ / ___'_ __ _ _(_)_ __  __ _ \ \ \ \
( ( )\___ | '_ | '_| | '_ \/ _` | \ \ \ \
 \\/  ___)| |_)| | | | | || (_| |  ) ) ) )
  '  |____| .__|_| |_|_| |_\__, | / / / /
 =========|_|==============|___/=/_/_/_/
 :: Spring Boot ::  (v1.2.0.BUILD-SNAPSHOT)

2019-08-28 00:00:04.321  INFO 3932 --- [      runner-11] o.s.boot.SpringApplication               : Starting application on ip-172-31-62-70 with PID 3932 (/root/.m2/repository/org/springframework/boot/spring-boot/1.2.0.BUILD-SNAPSHOT/spring-boot-1.2.0.BUILD-SNAPSHOT.jar started by root in /working/proj/spring-projects-spring-boot-616/spring-projects-spring-boot/spring-boot-cli)
2019-08-28 00:00:04.323 DEBUG 3932 --- [      runner-11] o.s.boot.SpringApplication               : Running with Spring Boot v1.2.0.BUILD-SNAPSHOT, Spring v4.1.1.RELEASE
2019-08-28 00:00:04.323 DEBUG 3932 --- [      runner-11] o.s.boot.SpringApplication               : Loading source class org.test.MyService,class org.test.Example
2019-08-28 00:00:04.345 DEBUG 3932 --- [      runner-11] o.s.b.c.c.ConfigFileApplicationListener  : Activated profiles integration
2019-08-28 00:00:04.345 DEBUG 3932 --- [      runner-11] o.s.b.c.c.ConfigFileApplicationListener  : Skipped config file 'file:./config/application.xml' resource not found
2019-08-28 00:00:04.345 DEBUG 3932 --- [      runner-11] o.s.b.c.c.ConfigFileApplicationListener  : Skipped config file 'file:./config/application.yml' resource not found
2019-08-28 00:00:04.345 DEBUG 3932 --- [      runner-11] o.s.b.c.c.ConfigFileApplicationListener  : Skipped config file 'file:./config/application.properties' resource not found
2019-08-28 00:00:04.345 DEBUG 3932 --- [      runner-11] o.s.b.c.c.ConfigFileApplicationListener  : Skipped config file 'file:./config/application.yaml' resource not found
2019-08-28 00:00:04.346 DEBUG 3932 --- [      runner-11] o.s.b.c.c.ConfigFileApplicationListener  : Skipped config file 'file:./application.xml' resource not found
2019-08-28 00:00:04.346 DEBUG 3932 --- [      runner-11] o.s.b.c.c.ConfigFileApplicationListener  : Skipped config file 'file:./application.yml' resource not found
2019-08-28 00:00:04.346 DEBUG 3932 --- [      runner-11] o.s.b.c.c.ConfigFileApplicationListener  : Skipped config file 'file:./application.properties' resource not found
2019-08-28 00:00:04.346 DEBUG 3932 --- [      runner-11] o.s.b.c.c.ConfigFileApplicationListener  : Skipped config file 'file:./application.yaml' resource not found
2019-08-28 00:00:04.346 DEBUG 3932 --- [      runner-11] o.s.b.c.c.ConfigFileApplicationListener  : Skipped config file 'classpath:/config/application.xml' resource not found
2019-08-28 00:00:04.346 DEBUG 3932 --- [      runner-11] o.s.b.c.c.ConfigFileApplicationListener  : Skipped config file 'classpath:/config/application.yml' resource not found
2019-08-28 00:00:04.346 DEBUG 3932 --- [      runner-11] o.s.b.c.c.ConfigFileApplicationListener  : Skipped config file 'classpath:/config/application.properties' resource not found
2019-08-28 00:00:04.346 DEBUG 3932 --- [      runner-11] o.s.b.c.c.ConfigFileApplicationListener  : Skipped config file 'classpath:/config/application.yaml' resource not found
2019-08-28 00:00:04.347 DEBUG 3932 --- [      runner-11] o.s.b.c.c.ConfigFileApplicationListener  : Skipped config file 'classpath:/application.xml' resource not found
2019-08-28 00:00:04.347 DEBUG 3932 --- [      runner-11] o.s.b.c.c.ConfigFileApplicationListener  : Skipped config file 'classpath:/application.yml' resource not found
2019-08-28 00:00:04.347 DEBUG 3932 --- [      runner-11] o.s.b.c.c.ConfigFileApplicationListener  : Skipped config file 'classpath:/application.properties' resource not found
2019-08-28 00:00:04.347 DEBUG 3932 --- [      runner-11] o.s.b.c.c.ConfigFileApplicationListener  : Skipped config file 'classpath:/application.yaml' resource not found
2019-08-28 00:00:04.347 DEBUG 3932 --- [      runner-11] o.s.b.c.c.ConfigFileApplicationListener  : Skipped config file 'file:./config/application-integration.xml' resource not found
2019-08-28 00:00:04.347 DEBUG 3932 --- [      runner-11] o.s.b.c.c.ConfigFileApplicationListener  : Skipped config file 'file:./config/application-integration.xml' for profile integrationresource not found
2019-08-28 00:00:04.347 DEBUG 3932 --- [      runner-11] o.s.b.c.c.ConfigFileApplicationListener  : Skipped config file 'file:./config/application.xml' for profile integrationresource not found
2019-08-28 00:00:04.348 DEBUG 3932 --- [      runner-11] o.s.b.c.c.ConfigFileApplicationListener  : Skipped config file 'file:./config/application-integration.yml' resource not found
2019-08-28 00:00:04.348 DEBUG 3932 --- [      runner-11] o.s.b.c.c.ConfigFileApplicationListener  : Skipped config file 'file:./config/application-integration.yml' for profile integrationresource not found
2019-08-28 00:00:04.348 DEBUG 3932 --- [      runner-11] o.s.b.c.c.ConfigFileApplicationListener  : Skipped config file 'file:./config/application.yml' for profile integrationresource not found
2019-08-28 00:00:04.348 DEBUG 3932 --- [      runner-11] o.s.b.c.c.ConfigFileApplicationListener  : Skipped config file 'file:./config/application-integration.properties' resource not found
2019-08-28 00:00:04.348 DEBUG 3932 --- [      runner-11] o.s.b.c.c.ConfigFileApplicationListener  : Skipped config file 'file:./config/application-integration.properties' for profile integrationresource not found
2019-08-28 00:00:04.348 DEBUG 3932 --- [      runner-11] o.s.b.c.c.ConfigFileApplicationListener  : Skipped config file 'file:./config/application.properties' for profile integrationresource not found
2019-08-28 00:00:04.348 DEBUG 3932 --- [      runner-11] o.s.b.c.c.ConfigFileApplicationListener  : Skipped config file 'file:./config/application-integration.yaml' resource not found
2019-08-28 00:00:04.349 DEBUG 3932 --- [      runner-11] o.s.b.c.c.ConfigFileApplicationListener  : Skipped config file 'file:./config/application-integration.yaml' for profile integrationresource not found
2019-08-28 00:00:04.349 DEBUG 3932 --- [      runner-11] o.s.b.c.c.ConfigFileApplicationListener  : Skipped config file 'file:./config/application.yaml' for profile integrationresource not found
2019-08-28 00:00:04.349 DEBUG 3932 --- [      runner-11] o.s.b.c.c.ConfigFileApplicationListener  : Skipped config file 'file:./application-integration.xml' resource not found
2019-08-28 00:00:04.349 DEBUG 3932 --- [      runner-11] o.s.b.c.c.ConfigFileApplicationListener  : Skipped config file 'file:./application-integration.xml' for profile integrationresource not found
2019-08-28 00:00:04.349 DEBUG 3932 --- [      runner-11] o.s.b.c.c.ConfigFileApplicationListener  : Skipped config file 'file:./application.xml' for profile integrationresource not found
2019-08-28 00:00:04.349 DEBUG 3932 --- [      runner-11] o.s.b.c.c.ConfigFileApplicationListener  : Skipped config file 'file:./application-integration.yml' resource not found
2019-08-28 00:00:04.349 DEBUG 3932 --- [      runner-11] o.s.b.c.c.ConfigFileApplicationListener  : Skipped config file 'file:./application-integration.yml' for profile integrationresource not found
2019-08-28 00:00:04.350 DEBUG 3932 --- [      runner-11] o.s.b.c.c.ConfigFileApplicationListener  : Skipped config file 'file:./application.yml' for profile integrationresource not found
2019-08-28 00:00:04.350 DEBUG 3932 --- [      runner-11] o.s.b.c.c.ConfigFileApplicationListener  : Skipped config file 'file:./application-integration.properties' resource not found
2019-08-28 00:00:04.350 DEBUG 3932 --- [      runner-11] o.s.b.c.c.ConfigFileApplicationListener  : Skipped config file 'file:./application-integration.properties' for profile integrationresource not found
2019-08-28 00:00:04.350 DEBUG 3932 --- [      runner-11] o.s.b.c.c.ConfigFileApplicationListener  : Skipped config file 'file:./application.properties' for profile integrationresource not found
2019-08-28 00:00:04.350 DEBUG 3932 --- [      runner-11] o.s.b.c.c.ConfigFileApplicationListener  : Skipped config file 'file:./application-integration.yaml' resource not found
2019-08-28 00:00:04.350 DEBUG 3932 --- [      runner-11] o.s.b.c.c.ConfigFileApplicationListener  : Skipped config file 'file:./application-integration.yaml' for profile integrationresource not found
2019-08-28 00:00:04.350 DEBUG 3932 --- [      runner-11] o.s.b.c.c.ConfigFileApplicationListener  : Skipped config file 'file:./application.yaml' for profile integrationresource not found
2019-08-28 00:00:04.350 DEBUG 3932 --- [      runner-11] o.s.b.c.c.ConfigFileApplicationListener  : Skipped config file 'classpath:/config/application-integration.xml' resource not found
2019-08-28 00:00:04.351 DEBUG 3932 --- [      runner-11] o.s.b.c.c.ConfigFileApplicationListener  : Skipped config file 'classpath:/config/application-integration.xml' for profile integrationresource not found
2019-08-28 00:00:04.351 DEBUG 3932 --- [      runner-11] o.s.b.c.c.ConfigFileApplicationListener  : Skipped config file 'classpath:/config/application.xml' for profile integrationresource not found
2019-08-28 00:00:04.351 DEBUG 3932 --- [      runner-11] o.s.b.c.c.ConfigFileApplicationListener  : Skipped config file 'classpath:/config/application-integration.yml' resource not found
2019-08-28 00:00:04.351 DEBUG 3932 --- [      runner-11] o.s.b.c.c.ConfigFileApplicationListener  : Skipped config file 'classpath:/config/application-integration.yml' for profile integrationresource not found
2019-08-28 00:00:04.351 DEBUG 3932 --- [      runner-11] o.s.b.c.c.ConfigFileApplicationListener  : Skipped config file 'classpath:/config/application.yml' for profile integrationresource not found
2019-08-28 00:00:04.351 DEBUG 3932 --- [      runner-11] o.s.b.c.c.ConfigFileApplicationListener  : Skipped config file 'classpath:/config/application-integration.properties' resource not found
2019-08-28 00:00:04.352 DEBUG 3932 --- [      runner-11] o.s.b.c.c.ConfigFileApplicationListener  : Skipped config file 'classpath:/config/application-integration.properties' for profile integrationresource not found
2019-08-28 00:00:04.352 DEBUG 3932 --- [      runner-11] o.s.b.c.c.ConfigFileApplicationListener  : Skipped config file 'classpath:/config/application.properties' for profile integrationresource not found
2019-08-28 00:00:04.352 DEBUG 3932 --- [      runner-11] o.s.b.c.c.ConfigFileApplicationListener  : Skipped config file 'classpath:/config/application-integration.yaml' resource not found
2019-08-28 00:00:04.352 DEBUG 3932 --- [      runner-11] o.s.b.c.c.ConfigFileApplicationListener  : Skipped config file 'classpath:/config/application-integration.yaml' for profile integrationresource not found
2019-08-28 00:00:04.352 DEBUG 3932 --- [      runner-11] o.s.b.c.c.ConfigFileApplicationListener  : Skipped config file 'classpath:/config/application.yaml' for profile integrationresource not found
2019-08-28 00:00:04.352 DEBUG 3932 --- [      runner-11] o.s.b.c.c.ConfigFileApplicationListener  : Skipped config file 'classpath:/application-integration.xml' resource not found
2019-08-28 00:00:04.352 DEBUG 3932 --- [      runner-11] o.s.b.c.c.ConfigFileApplicationListener  : Skipped config file 'classpath:/application-integration.xml' for profile integrationresource not found
2019-08-28 00:00:04.352 DEBUG 3932 --- [      runner-11] o.s.b.c.c.ConfigFileApplicationListener  : Skipped config file 'classpath:/application.xml' for profile integrationresource not found
2019-08-28 00:00:04.353 DEBUG 3932 --- [      runner-11] o.s.b.c.c.ConfigFileApplicationListener  : Skipped config file 'classpath:/application-integration.yml' resource not found
2019-08-28 00:00:04.353 DEBUG 3932 --- [      runner-11] o.s.b.c.c.ConfigFileApplicationListener  : Skipped config file 'classpath:/application-integration.yml' for profile integrationresource not found
2019-08-28 00:00:04.353 DEBUG 3932 --- [      runner-11] o.s.b.c.c.ConfigFileApplicationListener  : Skipped config file 'classpath:/application.yml' for profile integrationresource not found
2019-08-28 00:00:04.353 DEBUG 3932 --- [      runner-11] o.s.b.c.c.ConfigFileApplicationListener  : Skipped config file 'classpath:/application-integration.properties' resource not found
2019-08-28 00:00:04.353 DEBUG 3932 --- [      runner-11] o.s.b.c.c.ConfigFileApplicationListener  : Skipped config file 'classpath:/application-integration.properties' for profile integrationresource not found
2019-08-28 00:00:04.353 DEBUG 3932 --- [      runner-11] o.s.b.c.c.ConfigFileApplicationListener  : Skipped config file 'classpath:/application.properties' for profile integrationresource not found
2019-08-28 00:00:04.353 DEBUG 3932 --- [      runner-11] o.s.b.c.c.ConfigFileApplicationListener  : Skipped config file 'classpath:/application-integration.yaml' resource not found
2019-08-28 00:00:04.353 DEBUG 3932 --- [      runner-11] o.s.b.c.c.ConfigFileApplicationListener  : Skipped config file 'classpath:/application-integration.yaml' for profile integrationresource not found
2019-08-28 00:00:04.354 DEBUG 3932 --- [      runner-11] o.s.b.c.c.ConfigFileApplicationListener  : Skipped config file 'classpath:/application.yaml' for profile integrationresource not found
2019-08-28 00:00:04.354  INFO 3932 --- [      runner-11] s.c.a.AnnotationConfigApplicationContext : Refreshing org.springframework.context.annotation.AnnotationConfigApplicationContext@29614cd1: startup date [Wed Aug 28 00:00:04 UTC 2019]; root of context hierarchy
2019-08-28 00:00:04.392  WARN 3932 --- [      runner-11] s.c.a.AnnotationConfigApplicationContext : Exception encountered during context initialization - cancelling refresh attempt

org.springframework.beans.factory.BeanDefinitionStoreException: Failed to process import candidates for configuration class [org.test.Example]; nested exception is java.lang.IllegalStateException: java.io.FileNotFoundException: class path resource [org/springframework/boot/autoconfigure/aop/AopAutoConfiguration.class] cannot be opened because it does not exist
 at org.springframework.context.annotation.ConfigurationClassParser.processDeferredImportSelectors(ConfigurationClassParser.java:433)
 at org.springframework.context.annotation.ConfigurationClassParser.parse(ConfigurationClassParser.java:175)
 at org.springframework.context.annotation.ConfigurationClassPostProcessor.processConfigBeanDefinitions(ConfigurationClassPostProcessor.java:306)
 at org.springframework.context.annotation.ConfigurationClassPostProcessor.postProcessBeanDefinitionRegistry(ConfigurationClassPostProcessor.java:239)
 at org.springframework.context.support.PostProcessorRegistrationDelegate.invokeBeanDefinitionRegistryPostProcessors(PostProcessorRegistrationDelegate.java:254)
 at org.springframework.context.support.PostProcessorRegistrationDelegate.invokeBeanFactoryPostProcessors(PostProcessorRegistrationDelegate.java:94)
 at org.springframework.context.support.AbstractApplicationContext.invokeBeanFactoryPostProcessors(AbstractApplicationContext.java:606)
 at org.springframework.context.support.AbstractApplicationContext.refresh(AbstractApplicationContext.java:462)
 at org.springframework.boot.SpringApplication.refresh(SpringApplication.java:691)
 at org.springframework.boot.SpringApplication.run(SpringApplication.java:321)
 at org.springframework.boot.SpringApplication.run(SpringApplication.java:961)
 at sun.reflect.NativeMethodAccessorImpl.invoke0(Native Method)
 at sun.reflect.NativeMethodAccessorImpl.invoke(NativeMethodAccessorImpl.java:62)
 at sun.reflect.DelegatingMethodAccessorImpl.invoke(DelegatingMethodAccessorImpl.java:43)
 at java.lang.reflect.Method.invoke(Method.java:498)
 at org.springframework.boot.cli.command.run.SpringApplicationRunner$RunThread.run(SpringApplicationRunner.java:152)
Caused by: java.lang.IllegalStateException: java.io.FileNotFoundException: class path resource [org/springframework/boot/autoconfigure/aop/AopAutoConfiguration.class] cannot be opened because it does not exist
 at org.springframework.boot.autoconfigure.EnableAutoConfigurationImportSelector.selectImports(EnableAutoConfigurationImportSelector.java:78)
 at org.springframework.context.annotation.ConfigurationClassParser.processDeferredImportSelectors(ConfigurationClassParser.java:425)
 ... 15 common frames omitted
Caused by: java.io.FileNotFoundException: class path resource [org/springframework/boot/autoconfigure/aop/AopAutoConfiguration.class] cannot be opened because it does not exist
 at org.springframework.core.io.ClassPathResource.getInputStream(ClassPathResource.java:172)
 at org.springframework.core.type.classreading.SimpleMetadataReader.<init>(SimpleMetadataReader.java:50)
 at org.springframework.core.type.classreading.SimpleMetadataReaderFactory.getMetadataReader(SimpleMetadataReaderFactory.java:82)
 at org.springframework.core.type.classreading.CachingMetadataReaderFactory.getMetadataReader(CachingMetadataReaderFactory.java:102)
 at org.springframework.core.type.classreading.SimpleMetadataReaderFactory.getMetadataReader(SimpleMetadataReaderFactory.java:77)
 at org.springframework.boot.autoconfigure.AutoConfigurationSorter$AutoConfigurationClasses.<init>(AutoConfigurationSorter.java:121)
 at org.springframework.boot.autoconfigure.AutoConfigurationSorter.getInPriorityOrder(AutoConfigurationSorter.java:60)
 at org.springframework.boot.autoconfigure.EnableAutoConfigurationImportSelector.selectImports(EnableAutoConfigurationImportSelector.java:72)
 ... 16 common frames omitted

2019-08-28 00:00:04.393  INFO 3932 --- [      runner-11] .b.l.ClasspathLoggingApplicationListener : Application failed to start with classpath: []
2019-08-28 00:00:04.394 ERROR 3932 --- [      runner-11] o.s.boot.SpringApplication               : Application startup failed

org.springframework.beans.factory.BeanDefinitionStoreException: Failed to process import candidates for configuration class [org.test.Example]; nested exception is java.lang.IllegalStateException: java.io.FileNotFoundException: class path resource [org/springframework/boot/autoconfigure/aop/AopAutoConfiguration.class] cannot be opened because it does not exist
 at org.springframework.context.annotation.ConfigurationClassParser.processDeferredImportSelectors(ConfigurationClassParser.java:433)
 at org.springframework.context.annotation.ConfigurationClassParser.parse(ConfigurationClassParser.java:175)
 at org.springframework.context.annotation.ConfigurationClassPostProcessor.processConfigBeanDefinitions(ConfigurationClassPostProcessor.java:306)
 at org.springframework.context.annotation.ConfigurationClassPostProcessor.postProcessBeanDefinitionRegistry(ConfigurationClassPostProcessor.java:239)
 at org.springframework.context.support.PostProcessorRegistrationDelegate.invokeBeanDefinitionRegistryPostProcessors(PostProcessorRegistrationDelegate.java:254)
 at org.springframework.context.support.PostProcessorRegistrationDelegate.invokeBeanFactoryPostProcessors(PostProcessorRegistrationDelegate.java:94)
 at org.springframework.context.support.AbstractApplicationContext.invokeBeanFactoryPostProcessors(AbstractApplicationContext.java:606)
 at org.springframework.context.support.AbstractApplicationContext.refresh(AbstractApplicationContext.java:462)
 at org.springframework.boot.SpringApplication.refresh(SpringApplication.java:691)
 at org.springframework.boot.SpringApplication.run(SpringApplication.java:321)
 at org.springframework.boot.SpringApplication.run(SpringApplication.java:961)
 at sun.reflect.NativeMethodAccessorImpl.invoke0(Native Method)
 at sun.reflect.NativeMethodAccessorImpl.invoke(NativeMethodAccessorImpl.java:62)
 at sun.reflect.DelegatingMethodAccessorImpl.invoke(DelegatingMethodAccessorImpl.java:43)
 at java.lang.reflect.Method.invoke(Method.java:498)
 at org.springframework.boot.cli.command.run.SpringApplicationRunner$RunThread.run(SpringApplicationRunner.java:152)
Caused by: java.lang.IllegalStateException: java.io.FileNotFoundException: class path resource [org/springframework/boot/autoconfigure/aop/AopAutoConfiguration.class] cannot be opened because it does not exist
 at org.springframework.boot.autoconfigure.EnableAutoConfigurationImportSelector.selectImports(EnableAutoConfigurationImportSelector.java:78)
 at org.springframework.context.annotation.ConfigurationClassParser.processDeferredImportSelectors(ConfigurationClassParser.java:425)
 ... 15 common frames omitted
Caused by: java.io.FileNotFoundException: class path resource [org/springframework/boot/autoconfigure/aop/AopAutoConfiguration.class] cannot be opened because it does not exist
 at org.springframework.core.io.ClassPathResource.getInputStream(ClassPathResource.java:172)
 at org.springframework.core.type.classreading.SimpleMetadataReader.<init>(SimpleMetadataReader.java:50)
 at org.springframework.core.type.classreading.SimpleMetadataReaderFactory.getMetadataReader(SimpleMetadataReaderFactory.java:82)
 at org.springframework.core.type.classreading.CachingMetadataReaderFactory.getMetadataReader(CachingMetadataReaderFactory.java:102)
 at org.springframework.core.type.classreading.SimpleMetadataReaderFactory.getMetadataReader(SimpleMetadataReaderFactory.java:77)
 at org.springframework.boot.autoconfigure.AutoConfigurationSorter$AutoConfigurationClasses.<init>(AutoConfigurationSorter.java:121)
 at org.springframework.boot.autoconfigure.AutoConfigurationSorter.getInPriorityOrder(AutoConfigurationSorter.java:60)
 at org.springframework.boot.autoconfigure.EnableAutoConfigurationImportSelector.selectImports(EnableAutoConfigurationImportSelector.java:72)
 ... 16 common frames omitted

java.lang.reflect.InvocationTargetException
 at sun.reflect.NativeMethodAccessorImpl.invoke0(Native Method)
 at sun.reflect.NativeMethodAccessorImpl.invoke(NativeMethodAccessorImpl.java:62)
 at sun.reflect.DelegatingMethodAccessorImpl.invoke(DelegatingMethodAccessorImpl.java:43)
 at java.lang.reflect.Method.invoke(Method.java:498)
 at org.springframework.boot.cli.command.run.SpringApplicationRunner$RunThread.run(SpringApplicationRunner.java:152)
Caused by: org.springframework.beans.factory.BeanDefinitionStoreException: Failed to process import candidates for configuration class [org.test.Example]; nested exception is java.lang.IllegalStateException: java.io.FileNotFoundException: class path resource [org/springframework/boot/autoconfigure/aop/AopAutoConfiguration.class] cannot be opened because it does not exist
 at org.springframework.context.annotation.ConfigurationClassParser.processDeferredImportSelectors(ConfigurationClassParser.java:433)
 at org.springframework.context.annotation.ConfigurationClassParser.parse(ConfigurationClassParser.java:175)
 at org.springframework.context.annotation.ConfigurationClassPostProcessor.processConfigBeanDefinitions(ConfigurationClassPostProcessor.java:306)
 at org.springframework.context.annotation.ConfigurationClassPostProcessor.postProcessBeanDefinitionRegistry(ConfigurationClassPostProcessor.java:239)
 at org.springframework.context.support.PostProcessorRegistrationDelegate.invokeBeanDefinitionRegistryPostProcessors(PostProcessorRegistrationDelegate.java:254)
 at org.springframework.context.support.PostProcessorRegistrationDelegate.invokeBeanFactoryPostProcessors(PostProcessorRegistrationDelegate.java:94)
 at org.springframework.context.support.AbstractApplicationContext.invokeBeanFactoryPostProcessors(AbstractApplicationContext.java:606)
 at org.springframework.context.support.AbstractApplicationContext.refresh(AbstractApplicationContext.java:462)
 at org.springframework.boot.SpringApplication.refresh(SpringApplication.java:691)
 at org.springframework.boot.SpringApplication.run(SpringApplication.java:321)
 at org.springframework.boot.SpringApplication.run(SpringApplication.java:961)
 ... 5 more
Caused by: java.lang.IllegalStateException: java.io.FileNotFoundException: class path resource [org/springframework/boot/autoconfigure/aop/AopAutoConfiguration.class] cannot be opened because it does not exist
 at org.springframework.boot.autoconfigure.EnableAutoConfigurationImportSelector.selectImports(EnableAutoConfigurationImportSelector.java:78)
 at org.springframework.context.annotation.ConfigurationClassParser.processDeferredImportSelectors(ConfigurationClassParser.java:425)
 ... 15 more
Caused by: java.io.FileNotFoundException: class path resource [org/springframework/boot/autoconfigure/aop/AopAutoConfiguration.class] cannot be opened because it does not exist
 at org.springframework.core.io.ClassPathResource.getInputStream(ClassPathResource.java:172)
 at org.springframework.core.type.classreading.SimpleMetadataReader.<init>(SimpleMetadataReader.java:50)
 at org.springframework.core.type.classreading.SimpleMetadataReaderFactory.getMetadataReader(SimpleMetadataReaderFactory.java:82)
 at org.springframework.core.type.classreading.CachingMetadataReaderFactory.getMetadataReader(CachingMetadataReaderFactory.java:102)
 at org.springframework.core.type.classreading.SimpleMetadataReaderFactory.getMetadataReader(SimpleMetadataReaderFactory.java:77)
 at org.springframework.boot.autoconfigure.AutoConfigurationSorter$AutoConfigurationClasses.<init>(AutoConfigurationSorter.java:121)
 at org.springframework.boot.autoconfigure.AutoConfigurationSorter.getInPriorityOrder(AutoConfigurationSorter.java:60)
 at org.springframework.boot.autoconfigure.EnableAutoConfigurationImportSelector.selectImports(EnableAutoConfigurationImportSelector.java:72)
 ... 16 more
"
spring-projects-spring-boot,org.springframework.boot.cli.SampleIntegrationTests#xmlSample,matched (10 report(s) available),java.lang.AssertionError,Order Dependent,"low-confidence guess: found phrase 'illegalstateexception' which can indicate leftover state from another test, but this cannot be confirmed without cross-test execution context","Wrong output: 
  .   ____          _            __ _ _
 /\\ / ___'_ __ _ _(_)_ __  __ _ \ \ \ \
( ( )\___ | '_ | '_| | '_ \/ _` | \ \ \ \
 \\/  ___)| |_)| | | | | || (_| |  ) ) ) )
  '  |____| .__|_| |_|_| |_\__, | / / / /
 =========|_|==============|___/=/_/_/_/
 :: Spring Boot ::  (v1.2.0.BUILD-SNAPSHOT)

2019-08-28 00:00:04.859  INFO 3932 --- [      runner-12] o.s.boot.SpringApplication               : Starting application on ip-172-31-62-70 with PID 3932 (/root/.m2/repository/org/springframework/boot/spring-boot/1.2.0.BUILD-SNAPSHOT/spring-boot-1.2.0.BUILD-SNAPSHOT.jar started by root in /working/proj/spring-projects-spring-boot-616/spring-projects-spring-boot/spring-boot-cli)
2019-08-28 00:00:04.862 DEBUG 3932 --- [      runner-12] o.s.boot.SpringApplication               : Running with Spring Boot v1.2.0.BUILD-SNAPSHOT, Spring v4.1.1.RELEASE
2019-08-28 00:00:04.862 DEBUG 3932 --- [      runner-12] o.s.boot.SpringApplication               : Loading source class org.test.Runner
2019-08-28 00:00:04.884 DEBUG 3932 --- [      runner-12] o.s.b.c.c.ConfigFileApplicationListener  : Activated profiles integration
2019-08-28 00:00:04.885 DEBUG 3932 --- [      runner-12] o.s.b.c.c.ConfigFileApplicationListener  : Skipped config file 'file:./config/application.xml' resource not found
2019-08-28 00:00:04.885 DEBUG 3932 --- [      runner-12] o.s.b.c.c.ConfigFileApplicationListener  : Skipped config file 'file:./config/application.yml' resource not found
2019-08-28 00:00:04.885 DEBUG 3932 --- [      runner-12] o.s.b.c.c.ConfigFileApplicationListener  : Skipped config file 'file:./config/application.properties' resource not found
2019-08-28 00:00:04.885 DEBUG 3932 --- [      runner-12] o.s.b.c.c.ConfigFileApplicationListener  : Skipped config file 'file:./config/application.yaml' resource not found
2019-08-28 00:00:04.885 DEBUG 3932 --- [      runner-12] o.s.b.c.c.ConfigFileApplicationListener  : Skipped config file 'file:./application.xml' resource not found
2019-08-28 00:00:04.885 DEBUG 3932 --- [      runner-12] o.s.b.c.c.ConfigFileApplicationListener  : Skipped config file 'file:./application.yml' resource not found
2019-08-28 00:00:04.885 DEBUG 3932 --- [      runner-12] o.s.b.c.c.ConfigFileApplicationListener  : Skipped config file 'file:./application.properties' resource not found
2019-08-28 00:00:04.886 DEBUG 3932 --- [      runner-12] o.s.b.c.c.ConfigFileApplicationListener  : Skipped config file 'file:./application.yaml' resource not found
2019-08-28 00:00:04.886 DEBUG 3932 --- [      runner-12] o.s.b.c.c.ConfigFileApplicationListener  : Skipped config file 'classpath:/config/application.xml' resource not found
2019-08-28 00:00:04.886 DEBUG 3932 --- [      runner-12] o.s.b.c.c.ConfigFileApplicationListener  : Skipped config file 'classpath:/config/application.yml' resource not found
2019-08-28 00:00:04.886 DEBUG 3932 --- [      runner-12] o.s.b.c.c.ConfigFileApplicationListener  : Skipped config file 'classpath:/config/application.properties' resource not found
2019-08-28 00:00:04.886 DEBUG 3932 --- [      runner-12] o.s.b.c.c.ConfigFileApplicationListener  : Skipped config file 'classpath:/config/application.yaml' resource not found
2019-08-28 00:00:04.886 DEBUG 3932 --- [      runner-12] o.s.b.c.c.ConfigFileApplicationListener  : Skipped config file 'classpath:/application.xml' resource not found
2019-08-28 00:00:04.886 DEBUG 3932 --- [      runner-12] o.s.b.c.c.ConfigFileApplicationListener  : Skipped config file 'classpath:/application.yml' resource not found
2019-08-28 00:00:04.886 DEBUG 3932 --- [      runner-12] o.s.b.c.c.ConfigFileApplicationListener  : Skipped config file 'classpath:/application.properties' resource not found
2019-08-28 00:00:04.887 DEBUG 3932 --- [      runner-12] o.s.b.c.c.ConfigFileApplicationListener  : Skipped config file 'classpath:/application.yaml' resource not found
2019-08-28 00:00:04.887 DEBUG 3932 --- [      runner-12] o.s.b.c.c.ConfigFileApplicationListener  : Skipped config file 'file:./config/application-integration.xml' resource not found
2019-08-28 00:00:04.887 DEBUG 3932 --- [      runner-12] o.s.b.c.c.ConfigFileApplicationListener  : Skipped config file 'file:./config/application-integration.xml' for profile integrationresource not found
2019-08-28 00:00:04.887 DEBUG 3932 --- [      runner-12] o.s.b.c.c.ConfigFileApplicationListener  : Skipped config file 'file:./config/application.xml' for profile integrationresource not found
2019-08-28 00:00:04.887 DEBUG 3932 --- [      runner-12] o.s.b.c.c.ConfigFileApplicationListener  : Skipped config file 'file:./config/application-integration.yml' resource not found
2019-08-28 00:00:04.887 DEBUG 3932 --- [      runner-12] o.s.b.c.c.ConfigFileApplicationListener  : Skipped config file 'file:./config/application-integration.yml' for profile integrationresource not found
2019-08-28 00:00:04.887 DEBUG 3932 --- [      runner-12] o.s.b.c.c.ConfigFileApplicationListener  : Skipped config file 'file:./config/application.yml' for profile integrationresource not found
2019-08-28 00:00:04.888 DEBUG 3932 --- [      runner-12] o.s.b.c.c.ConfigFileApplicationListener  : Skipped config file 'file:./config/application-integration.properties' resource not found
2019-08-28 00:00:04.888 DEBUG 3932 --- [      runner-12] o.s.b.c.c.ConfigFileApplicationListener  : Skipped config file 'file:./config/application-integration.properties' for profile integrationresource not found
2019-08-28 00:00:04.888 DEBUG 3932 --- [      runner-12] o.s.b.c.c.ConfigFileApplicationListener  : Skipped config file 'file:./config/application.properties' for profile integrationresource not found
2019-08-28 00:00:04.888 DEBUG 3932 --- [      runner-12] o.s.b.c.c.ConfigFileApplicationListener  : Skipped config file 'file:./config/application-integration.yaml' resource not found
2019-08-28 00:00:04.888 DEBUG 3932 --- [      runner-12] o.s.b.c.c.ConfigFileApplicationListener  : Skipped config file 'file:./config/application-integration.yaml' for profile integrationresource not found
2019-08-28 00:00:04.888 DEBUG 3932 --- [      runner-12] o.s.b.c.c.ConfigFileApplicationListener  : Skipped config file 'file:./config/application.yaml' for profile integrationresource not found
2019-08-28 00:00:04.888 DEBUG 3932 --- [      runner-12] o.s.b.c.c.ConfigFileApplicationListener  : Skipped config file 'file:./application-integration.xml' resource not found
2019-08-28 00:00:04.888 DEBUG 3932 --- [      runner-12] o.s.b.c.c.ConfigFileApplicationListener  : Skipped config file 'file:./application-integration.xml' for profile integrationresource not found
2019-08-28 00:00:04.889 DEBUG 3932 --- [      runner-12] o.s.b.c.c.ConfigFileApplicationListener  : Skipped config file 'file:./application.xml' for profile integrationresource not found
2019-08-28 00:00:04.889 DEBUG 3932 --- [      runner-12] o.s.b.c.c.ConfigFileApplicationListener  : Skipped config file 'file:./application-integration.yml' resource not found
2019-08-28 00:00:04.889 DEBUG 3932 --- [      runner-12] o.s.b.c.c.ConfigFileApplicationListener  : Skipped config file 'file:./application-integration.yml' for profile integrationresource not found
2019-08-28 00:00:04.889 DEBUG 3932 --- [      runner-12] o.s.b.c.c.ConfigFileApplicationListener  : Skipped config file 'file:./application.yml' for profile integrationresource not found
2019-08-28 00:00:04.889 DEBUG 3932 --- [      runner-12] o.s.b.c.c.ConfigFileApplicationListener  : Skipped config file 'file:./application-integration.properties' resource not found
2019-08-28 00:00:04.889 DEBUG 3932 --- [      runner-12] o.s.b.c.c.ConfigFileApplicationListener  : Skipped config file 'file:./application-integration.properties' for profile integrationresource not found
2019-08-28 00:00:04.890 DEBUG 3932 --- [      runner-12] o.s.b.c.c.ConfigFileApplicationListener  : Skipped config file 'file:./application.properties' for profile integrationresource not found
2019-08-28 00:00:04.890 DEBUG 3932 --- [      runner-12] o.s.b.c.c.ConfigFileApplicationListener  : Skipped config file 'file:./application-integration.yaml' resource not found
2019-08-28 00:00:04.890 DEBUG 3932 --- [      runner-12] o.s.b.c.c.ConfigFileApplicationListener  : Skipped config file 'file:./application-integration.yaml' for profile integrationresource not found
2019-08-28 00:00:04.890 DEBUG 3932 --- [      runner-12] o.s.b.c.c.ConfigFileApplicationListener  : Skipped config file 'file:./application.yaml' for profile integrationresource not found
2019-08-28 00:00:04.890 DEBUG 3932 --- [      runner-12] o.s.b.c.c.ConfigFileApplicationListener  : Skipped config file 'classpath:/config/application-integration.xml' resource not found
2019-08-28 00:00:04.890 DEBUG 3932 --- [      runner-12] o.s.b.c.c.ConfigFileApplicationListener  : Skipped config file 'classpath:/config/application-integration.xml' for profile integrationresource not found
2019-08-28 00:00:04.890 DEBUG 3932 --- [      runner-12] o.s.b.c.c.ConfigFileApplicationListener  : Skipped config file 'classpath:/config/application.xml' for profile integrationresource not found
2019-08-28 00:00:04.890 DEBUG 3932 --- [      runner-12] o.s.b.c.c.ConfigFileApplicationListener  : Skipped config file 'classpath:/config/application-integration.yml' resource not found
2019-08-28 00:00:04.891 DEBUG 3932 --- [      runner-12] o.s.b.c.c.ConfigFileApplicationListener  : Skipped config file 'classpath:/config/application-integration.yml' for profile integrationresource not found
2019-08-28 00:00:04.891 DEBUG 3932 --- [      runner-12] o.s.b.c.c.ConfigFileApplicationListener  : Skipped config file 'classpath:/config/application.yml' for profile integrationresource not found
2019-08-28 00:00:04.891 DEBUG 3932 --- [      runner-12] o.s.b.c.c.ConfigFileApplicationListener  : Skipped config file 'classpath:/config/application-integration.properties' resource not found
2019-08-28 00:00:04.891 DEBUG 3932 --- [      runner-12] o.s.b.c.c.ConfigFileApplicationListener  : Skipped config file 'classpath:/config/application-integration.properties' for profile integrationresource not found
2019-08-28 00:00:04.891 DEBUG 3932 --- [      runner-12] o.s.b.c.c.ConfigFileApplicationListener  : Skipped config file 'classpath:/config/application.properties' for profile integrationresource not found
2019-08-28 00:00:04.891 DEBUG 3932 --- [      runner-12] o.s.b.c.c.ConfigFileApplicationListener  : Skipped config file 'classpath:/config/application-integration.yaml' resource not found
2019-08-28 00:00:04.891 DEBUG 3932 --- [      runner-12] o.s.b.c.c.ConfigFileApplicationListener  : Skipped config file 'classpath:/config/application-integration.yaml' for profile integrationresource not found
2019-08-28 00:00:04.892 DEBUG 3932 --- [      runner-12] o.s.b.c.c.ConfigFileApplicationListener  : Skipped config file 'classpath:/config/application.yaml' for profile integrationresource not found
2019-08-28 00:00:04.892 DEBUG 3932 --- [      runner-12] o.s.b.c.c.ConfigFileApplicationListener  : Skipped config file 'classpath:/application-integration.xml' resource not found
2019-08-28 00:00:04.892 DEBUG 3932 --- [      runner-12] o.s.b.c.c.ConfigFileApplicationListener  : Skipped config file 'classpath:/application-integration.xml' for profile integrationresource not found
2019-08-28 00:00:04.892 DEBUG 3932 --- [      runner-12] o.s.b.c.c.ConfigFileApplicationListener  : Skipped config file 'classpath:/application.xml' for profile integrationresource not found
2019-08-28 00:00:04.892 DEBUG 3932 --- [      runner-12] o.s.b.c.c.ConfigFileApplicationListener  : Skipped config file 'classpath:/application-integration.yml' resource not found
2019-08-28 00:00:04.892 DEBUG 3932 --- [      runner-12] o.s.b.c.c.ConfigFileApplicationListener  : Skipped config file 'classpath:/application-integration.yml' for profile integrationresource not found
2019-08-28 00:00:04.892 DEBUG 3932 --- [      runner-12] o.s.b.c.c.ConfigFileApplicationListener  : Skipped config file 'classpath:/application.yml' for profile integrationresource not found
2019-08-28 00:00:04.893 DEBUG 3932 --- [      runner-12] o.s.b.c.c.ConfigFileApplicationListener  : Skipped config file 'classpath:/application-integration.properties' resource not found
2019-08-28 00:00:04.893 DEBUG 3932 --- [      runner-12] o.s.b.c.c.ConfigFileApplicationListener  : Skipped config file 'classpath:/application-integration.properties' for profile integrationresource not found
2019-08-28 00:00:04.893 DEBUG 3932 --- [      runner-12] o.s.b.c.c.ConfigFileApplicationListener  : Skipped config file 'classpath:/application.properties' for profile integrationresource not found
2019-08-28 00:00:04.893 DEBUG 3932 --- [      runner-12] o.s.b.c.c.ConfigFileApplicationListener  : Skipped config file 'classpath:/application-integration.yaml' resource not found
2019-08-28 00:00:04.893 DEBUG 3932 --- [      runner-12] o.s.b.c.c.ConfigFileApplicationListener  : Skipped config file 'classpath:/application-integration.yaml' for profile integrationresource not found
2019-08-28 00:00:04.893 DEBUG 3932 --- [      runner-12] o.s.b.c.c.ConfigFileApplicationListener  : Skipped config file 'classpath:/application.yaml' for profile integrationresource not found
2019-08-28 00:00:04.894  INFO 3932 --- [      runner-12] s.c.a.AnnotationConfigApplicationContext : Refreshing org.springframework.context.annotation.AnnotationConfigApplicationContext@7131f39f: startup date [Wed Aug 28 00:00:04 UTC 2019]; root of context hierarchy
2019-08-28 00:00:04.925  WARN 3932 --- [      runner-12] s.c.a.AnnotationConfigApplicationContext : Exception encountered during context initialization - cancelling refresh attempt

org.springframework.beans.factory.BeanDefinitionStoreException: Failed to process import candidates for configuration class [org.test.Runner]; nested exception is java.lang.IllegalStateException: java.io.FileNotFoundException: class path resource [org/springframework/boot/autoconfigure/aop/AopAutoConfiguration.class] cannot be opened because it does not exist
 at org.springframework.context.annotation.ConfigurationClassParser.processDeferredImportSelectors(ConfigurationClassParser.java:433)
 at org.springframework.context.annotation.ConfigurationClassParser.parse(ConfigurationClassParser.java:175)
 at org.springframework.context.annotation.ConfigurationClassPostProcessor.processConfigBeanDefinitions(ConfigurationClassPostProcessor.java:306)
 at org.springframework.context.annotation.ConfigurationClassPostProcessor.postProcessBeanDefinitionRegistry(ConfigurationClassPostProcessor.java:239)
 at org.springframework.context.support.PostProcessorRegistrationDelegate.invokeBeanDefinitionRegistryPostProcessors(PostProcessorRegistrationDelegate.java:254)
 at org.springframework.context.support.PostProcessorRegistrationDelegate.invokeBeanFactoryPostProcessors(PostProcessorRegistrationDelegate.java:94)
 at org.springframework.context.support.AbstractApplicationContext.invokeBeanFactoryPostProcessors(AbstractApplicationContext.java:606)
 at org.springframework.context.support.AbstractApplicationContext.refresh(AbstractApplicationContext.java:462)
 at org.springframework.boot.SpringApplication.refresh(SpringApplication.java:691)
 at org.springframework.boot.SpringApplication.run(SpringApplication.java:321)
 at org.springframework.boot.SpringApplication.run(SpringApplication.java:961)
 at sun.reflect.NativeMethodAccessorImpl.invoke0(Native Method)
 at sun.reflect.NativeMethodAccessorImpl.invoke(NativeMethodAccessorImpl.java:62)
 at sun.reflect.DelegatingMethodAccessorImpl.invoke(DelegatingMethodAccessorImpl.java:43)
 at java.lang.reflect.Method.invoke(Method.java:498)
 at org.springframework.boot.cli.command.run.SpringApplicationRunner$RunThread.run(SpringApplicationRunner.java:152)
Caused by: java.lang.IllegalStateException: java.io.FileNotFoundException: class path resource [org/springframework/boot/autoconfigure/aop/AopAutoConfiguration.class] cannot be opened because it does not exist
 at org.springframework.boot.autoconfigure.EnableAutoConfigurationImportSelector.selectImports(EnableAutoConfigurationImportSelector.java:78)
 at org.springframework.context.annotation.ConfigurationClassParser.processDeferredImportSelectors(ConfigurationClassParser.java:425)
 ... 15 common frames omitted
Caused by: java.io.FileNotFoundException: class path resource [org/springframework/boot/autoconfigure/aop/AopAutoConfiguration.class] cannot be opened because it does not exist
 at org.springframework.core.io.ClassPathResource.getInputStream(ClassPathResource.java:172)
 at org.springframework.core.type.classreading.SimpleMetadataReader.<init>(SimpleMetadataReader.java:50)
 at org.springframework.core.type.classreading.SimpleMetadataReaderFactory.getMetadataReader(SimpleMetadataReaderFactory.java:82)
 at org.springframework.core.type.classreading.CachingMetadataReaderFactory.getMetadataReader(CachingMetadataReaderFactory.java:102)
 at org.springframework.core.type.classreading.SimpleMetadataReaderFactory.getMetadataReader(SimpleMetadataReaderFactory.java:77)
 at org.springframework.boot.autoconfigure.AutoConfigurationSorter$AutoConfigurationClasses.<init>(AutoConfigurationSorter.java:121)
 at org.springframework.boot.autoconfigure.AutoConfigurationSorter.getInPriorityOrder(AutoConfigurationSorter.java:60)
 at org.springframework.boot.autoconfigure.EnableAutoConfigurationImportSelector.selectImports(EnableAutoConfigurationImportSelector.java:72)
 ... 16 common frames omitted

2019-08-28 00:00:04.926  INFO 3932 --- [      runner-12] .b.l.ClasspathLoggingApplicationListener : Application failed to start with classpath: []
2019-08-28 00:00:04.926 ERROR 3932 --- [      runner-12] o.s.boot.SpringApplication               : Application startup failed

org.springframework.beans.factory.BeanDefinitionStoreException: Failed to process import candidates for configuration class [org.test.Runner]; nested exception is java.lang.IllegalStateException: java.io.FileNotFoundException: class path resource [org/springframework/boot/autoconfigure/aop/AopAutoConfiguration.class] cannot be opened because it does not exist
 at org.springframework.context.annotation.ConfigurationClassParser.processDeferredImportSelectors(ConfigurationClassParser.java:433)
 at org.springframework.context.annotation.ConfigurationClassParser.parse(ConfigurationClassParser.java:175)
 at org.springframework.context.annotation.ConfigurationClassPostProcessor.processConfigBeanDefinitions(ConfigurationClassPostProcessor.java:306)
 at org.springframework.context.annotation.ConfigurationClassPostProcessor.postProcessBeanDefinitionRegistry(ConfigurationClassPostProcessor.java:239)
 at org.springframework.context.support.PostProcessorRegistrationDelegate.invokeBeanDefinitionRegistryPostProcessors(PostProcessorRegistrationDelegate.java:254)
 at org.springframework.context.support.PostProcessorRegistrationDelegate.invokeBeanFactoryPostProcessors(PostProcessorRegistrationDelegate.java:94)
 at org.springframework.context.support.AbstractApplicationContext.invokeBeanFactoryPostProcessors(AbstractApplicationContext.java:606)
 at org.springframework.context.support.AbstractApplicationContext.refresh(AbstractApplicationContext.java:462)
 at org.springframework.boot.SpringApplication.refresh(SpringApplication.java:691)
 at org.springframework.boot.SpringApplication.run(SpringApplication.java:321)
 at org.springframework.boot.SpringApplication.run(SpringApplication.java:961)
 at sun.reflect.NativeMethodAccessorImpl.invoke0(Native Method)
 at sun.reflect.NativeMethodAccessorImpl.invoke(NativeMethodAccessorImpl.java:62)
 at sun.reflect.DelegatingMethodAccessorImpl.invoke(DelegatingMethodAccessorImpl.java:43)
 at java.lang.reflect.Method.invoke(Method.java:498)
 at org.springframework.boot.cli.command.run.SpringApplicationRunner$RunThread.run(SpringApplicationRunner.java:152)
Caused by: java.lang.IllegalStateException: java.io.FileNotFoundException: class path resource [org/springframework/boot/autoconfigure/aop/AopAutoConfiguration.class] cannot be opened because it does not exist
 at org.springframework.boot.autoconfigure.EnableAutoConfigurationImportSelector.selectImports(EnableAutoConfigurationImportSelector.java:78)
 at org.springframework.context.annotation.ConfigurationClassParser.processDeferredImportSelectors(ConfigurationClassParser.java:425)
 ... 15 common frames omitted
Caused by: java.io.FileNotFoundException: class path resource [org/springframework/boot/autoconfigure/aop/AopAutoConfiguration.class] cannot be opened because it does not exist
 at org.springframework.core.io.ClassPathResource.getInputStream(ClassPathResource.java:172)
 at org.springframework.core.type.classreading.SimpleMetadataReader.<init>(SimpleMetadataReader.java:50)
 at org.springframework.core.type.classreading.SimpleMetadataReaderFactory.getMetadataReader(SimpleMetadataReaderFactory.java:82)
 at org.springframework.core.type.classreading.CachingMetadataReaderFactory.getMetadataReader(CachingMetadataReaderFactory.java:102)
 at org.springframework.core.type.classreading.SimpleMetadataReaderFactory.getMetadataReader(SimpleMetadataReaderFactory.java:77)
 at org.springframework.boot.autoconfigure.AutoConfigurationSorter$AutoConfigurationClasses.<init>(AutoConfigurationSorter.java:121)
 at org.springframework.boot.autoconfigure.AutoConfigurationSorter.getInPriorityOrder(AutoConfigurationSorter.java:60)
 at org.springframework.boot.autoconfigure.EnableAutoConfigurationImportSelector.selectImports(EnableAutoConfigurationImportSelector.java:72)
 ... 16 common frames omitted

java.lang.reflect.InvocationTargetException
 at sun.reflect.NativeMethodAccessorImpl.invoke0(Native Method)
 at sun.reflect.NativeMethodAccessorImpl.invoke(NativeMethodAccessorImpl.java:62)
 at sun.reflect.DelegatingMethodAccessorImpl.invoke(DelegatingMethodAccessorImpl.java:43)
 at java.lang.reflect.Method.invoke(Method.java:498)
 at org.springframework.boot.cli.command.run.SpringApplicationRunner$RunThread.run(SpringApplicationRunner.java:152)
Caused by: org.springframework.beans.factory.BeanDefinitionStoreException: Failed to process import candidates for configuration class [org.test.Runner]; nested exception is java.lang.IllegalStateException: java.io.FileNotFoundException: class path resource [org/springframework/boot/autoconfigure/aop/AopAutoConfiguration.class] cannot be opened because it does not exist
 at org.springframework.context.annotation.ConfigurationClassParser.processDeferredImportSelectors(ConfigurationClassParser.java:433)
 at org.springframework.context.annotation.ConfigurationClassParser.parse(ConfigurationClassParser.java:175)
 at org.springframework.context.annotation.ConfigurationClassPostProcessor.processConfigBeanDefinitions(ConfigurationClassPostProcessor.java:306)
 at org.springframework.context.annotation.ConfigurationClassPostProcessor.postProcessBeanDefinitionRegistry(ConfigurationClassPostProcessor.java:239)
 at org.springframework.context.support.PostProcessorRegistrationDelegate.invokeBeanDefinitionRegistryPostProcessors(PostProcessorRegistrationDelegate.java:254)
 at org.springframework.context.support.PostProcessorRegistrationDelegate.invokeBeanFactoryPostProcessors(PostProcessorRegistrationDelegate.java:94)
 at org.springframework.context.support.AbstractApplicationContext.invokeBeanFactoryPostProcessors(AbstractApplicationContext.java:606)
 at org.springframework.context.support.AbstractApplicationContext.refresh(AbstractApplicationContext.java:462)
 at org.springframework.boot.SpringApplication.refresh(SpringApplication.java:691)
 at org.springframework.boot.SpringApplication.run(SpringApplication.java:321)
 at org.springframework.boot.SpringApplication.run(SpringApplication.java:961)
 ... 5 more
Caused by: java.lang.IllegalStateException: java.io.FileNotFoundException: class path resource [org/springframework/boot/autoconfigure/aop/AopAutoConfiguration.class] cannot be opened because it does not exist
 at org.springframework.boot.autoconfigure.EnableAutoConfigurationImportSelector.selectImports(EnableAutoConfigurationImportSelector.java:78)
 at org.springframework.context.annotation.ConfigurationClassParser.processDeferredImportSelectors(ConfigurationClassParser.java:425)
 ... 15 more
Caused by: java.io.FileNotFoundException: class path resource [org/springframework/boot/autoconfigure/aop/AopAutoConfiguration.class] cannot be opened because it does not exist
 at org.springframework.core.io.ClassPathResource.getInputStream(ClassPathResource.java:172)
 at org.springframework.core.type.classreading.SimpleMetadataReader.<init>(SimpleMetadataReader.java:50)
 at org.springframework.core.type.classreading.SimpleMetadataReaderFactory.getMetadataReader(SimpleMetadataReaderFactory.java:82)
 at org.springframework.core.type.classreading.CachingMetadataReaderFactory.getMetadataReader(CachingMetadataReaderFactory.java:102)
 at org.springframework.core.type.classreading.SimpleMetadataReaderFactory.getMetadataReader(SimpleMetadataReaderFactory.java:77)
 at org.springframework.boot.autoconfigure.AutoConfigurationSorter$AutoConfigurationClasses.<init>(AutoConfigurationSorter.java:121)
 at org.springframework.boot.autoconfigure.AutoConfigurationSorter.getInPriorityOrder(AutoConfigurationSorter.java:60)
 at org.springframework.boot.autoconfigure.EnableAutoConfigurationImportSelector.selectImports(EnableAutoConfigurationImportSelector.java:72)
 ... 16 more
"
spring-projects-spring-boot,org.springframework.boot.cli.SampleIntegrationTests#webSample,matched (10 report(s) available),java.lang.IllegalStateException,Order Dependent,"low-confidence guess: found phrase 'illegalstateexception' which can indicate leftover state from another test, but this cannot be confirmed without cross-test execution context",java.lang.IllegalStateException: java.net.ConnectException: Connection refused (Connection refused)
spring-projects-spring-boot,org.springframework.boot.cli.SampleIntegrationTests#uiSample,matched (10 report(s) available),java.lang.IllegalStateException,Order Dependent,"low-confidence guess: found phrase 'illegalstateexception' which can indicate leftover state from another test, but this cannot be confirmed without cross-test execution context",java.lang.IllegalStateException: java.net.ConnectException: Connection refused (Connection refused)
spring-projects-spring-boot,org.springframework.boot.cli.SampleIntegrationTests#deviceSample,matched (10 report(s) available),java.lang.IllegalStateException,Order Dependent,"low-confidence guess: found phrase 'illegalstateexception' which can indicate leftover state from another test, but this cannot be confirmed without cross-test execution context",java.lang.IllegalStateException: java.net.ConnectException: Connection refused (Connection refused)
spring-projects-spring-boot,org.springframework.boot.cli.SampleIntegrationTests#jmsSample,matched (10 report(s) available),java.lang.AssertionError,Order Dependent,"low-confidence guess: found phrase 'illegalstateexception' which can indicate leftover state from another test, but this cannot be confirmed without cross-test execution context","Wrong output: 
  .   ____          _            __ _ _
 /\\ / ___'_ __ _ _(_)_ __  __ _ \ \ \ \
( ( )\___ | '_ | '_| | '_ \/ _` | \ \ \ \
 \\/  ___)| |_)| | | | | || (_| |  ) ) ) )
  '  |____| .__|_| |_|_| |_\__, | / / / /
 =========|_|==============|___/=/_/_/_/
 :: Spring Boot ::  (v1.2.0.BUILD-SNAPSHOT)

2019-08-28 00:00:09.009  INFO 3932 --- [      runner-16] o.s.boot.SpringApplication               : Starting application on ip-172-31-62-70 with PID 3932 (/root/.m2/repository/org/springframework/boot/spring-boot/1.2.0.BUILD-SNAPSHOT/spring-boot-1.2.0.BUILD-SNAPSHOT.jar started by root in /working/proj/spring-projects-spring-boot-616/spring-projects-spring-boot/spring-boot-cli)
2019-08-28 00:00:09.011 DEBUG 3932 --- [      runner-16] o.s.boot.SpringApplication               : Running with Spring Boot v1.2.0.BUILD-SNAPSHOT, Spring v4.1.1.RELEASE
2019-08-28 00:00:09.012 DEBUG 3932 --- [      runner-16] o.s.boot.SpringApplication               : Loading source class org.test.JmsExample,class org.test.JmsExample$_run_closure1
2019-08-28 00:00:09.042 DEBUG 3932 --- [      runner-16] o.s.b.c.c.ConfigFileApplicationListener  : Activated profiles integration
2019-08-28 00:00:09.042 DEBUG 3932 --- [      runner-16] o.s.b.c.c.ConfigFileApplicationListener  : Skipped config file 'file:./config/application.xml' resource not found
2019-08-28 00:00:09.042 DEBUG 3932 --- [      runner-16] o.s.b.c.c.ConfigFileApplicationListener  : Skipped config file 'file:./config/application.yml' resource not found
2019-08-28 00:00:09.042 DEBUG 3932 --- [      runner-16] o.s.b.c.c.ConfigFileApplicationListener  : Skipped config file 'file:./config/application.properties' resource not found
2019-08-28 00:00:09.043 DEBUG 3932 --- [      runner-16] o.s.b.c.c.ConfigFileApplicationListener  : Skipped config file 'file:./config/application.yaml' resource not found
2019-08-28 00:00:09.043 DEBUG 3932 --- [      runner-16] o.s.b.c.c.ConfigFileApplicationListener  : Skipped config file 'file:./application.xml' resource not found
2019-08-28 00:00:09.043 DEBUG 3932 --- [      runner-16] o.s.b.c.c.ConfigFileApplicationListener  : Skipped config file 'file:./application.yml' resource not found
2019-08-28 00:00:09.043 DEBUG 3932 --- [      runner-16] o.s.b.c.c.ConfigFileApplicationListener  : Skipped config file 'file:./application.properties' resource not found
2019-08-28 00:00:09.043 DEBUG 3932 --- [      runner-16] o.s.b.c.c.ConfigFileApplicationListener  : Skipped config file 'file:./application.yaml' resource not found
2019-08-28 00:00:09.043 DEBUG 3932 --- [      runner-16] o.s.b.c.c.ConfigFileApplicationListener  : Skipped config file 'classpath:/config/application.xml' resource not found
2019-08-28 00:00:09.043 DEBUG 3932 --- [      runner-16] o.s.b.c.c.ConfigFileApplicationListener  : Skipped config file 'classpath:/config/application.yml' resource not found
2019-08-28 00:00:09.044 DEBUG 3932 --- [      runner-16] o.s.b.c.c.ConfigFileApplicationListener  : Skipped config file 'classpath:/config/application.properties' resource not found
2019-08-28 00:00:09.044 DEBUG 3932 --- [      runner-16] o.s.b.c.c.ConfigFileApplicationListener  : Skipped config file 'classpath:/config/application.yaml' resource not found
2019-08-28 00:00:09.044 DEBUG 3932 --- [      runner-16] o.s.b.c.c.ConfigFileApplicationListener  : Skipped config file 'classpath:/application.xml' resource not found
2019-08-28 00:00:09.044 DEBUG 3932 --- [      runner-16] o.s.b.c.c.ConfigFileApplicationListener  : Skipped config file 'classpath:/application.yml' resource not found
2019-08-28 00:00:09.044 DEBUG 3932 --- [      runner-16] o.s.b.c.c.ConfigFileApplicationListener  : Skipped config file 'classpath:/application.properties' resource not found
2019-08-28 00:00:09.044 DEBUG 3932 --- [      runner-16] o.s.b.c.c.ConfigFileApplicationListener  : Skipped config file 'classpath:/application.yaml' resource not found
2019-08-28 00:00:09.044 DEBUG 3932 --- [      runner-16] o.s.b.c.c.ConfigFileApplicationListener  : Skipped config file 'file:./config/application-integration.xml' resource not found
2019-08-28 00:00:09.045 DEBUG 3932 --- [      runner-16] o.s.b.c.c.ConfigFileApplicationListener  : Skipped config file 'file:./config/application-integration.xml' for profile integrationresource not found
2019-08-28 00:00:09.045 DEBUG 3932 --- [      runner-16] o.s.b.c.c.ConfigFileApplicationListener  : Skipped config file 'file:./config/application.xml' for profile integrationresource not found
2019-08-28 00:00:09.045 DEBUG 3932 --- [      runner-16] o.s.b.c.c.ConfigFileApplicationListener  : Skipped config file 'file:./config/application-integration.yml' resource not found
2019-08-28 00:00:09.045 DEBUG 3932 --- [      runner-16] o.s.b.c.c.ConfigFileApplicationListener  : Skipped config file 'file:./config/application-integration.yml' for profile integrationresource not found
2019-08-28 00:00:09.045 DEBUG 3932 --- [      runner-16] o.s.b.c.c.ConfigFileApplicationListener  : Skipped config file 'file:./config/application.yml' for profile integrationresource not found
2019-08-28 00:00:09.045 DEBUG 3932 --- [      runner-16] o.s.b.c.c.ConfigFileApplicationListener  : Skipped config file 'file:./config/application-integration.properties' resource not found
2019-08-28 00:00:09.045 DEBUG 3932 --- [      runner-16] o.s.b.c.c.ConfigFileApplicationListener  : Skipped config file 'file:./config/application-integration.properties' for profile integrationresource not found
2019-08-28 00:00:09.046 DEBUG 3932 --- [      runner-16] o.s.b.c.c.ConfigFileApplicationListener  : Skipped config file 'file:./config/application.properties' for profile integrationresource not found
2019-08-28 00:00:09.046 DEBUG 3932 --- [      runner-16] o.s.b.c.c.ConfigFileApplicationListener  : Skipped config file 'file:./config/application-integration.yaml' resource not found
2019-08-28 00:00:09.046 DEBUG 3932 --- [      runner-16] o.s.b.c.c.ConfigFileApplicationListener  : Skipped config file 'file:./config/application-integration.yaml' for profile integrationresource not found
2019-08-28 00:00:09.046 DEBUG 3932 --- [      runner-16] o.s.b.c.c.ConfigFileApplicationListener  : Skipped config file 'file:./config/application.yaml' for profile integrationresource not found
2019-08-28 00:00:09.046 DEBUG 3932 --- [      runner-16] o.s.b.c.c.ConfigFileApplicationListener  : Skipped config file 'file:./application-integration.xml' resource not found
2019-08-28 00:00:09.046 DEBUG 3932 --- [      runner-16] o.s.b.c.c.ConfigFileApplicationListener  : Skipped config file 'file:./application-integration.xml' for profile integrationresource not found
2019-08-28 00:00:09.046 DEBUG 3932 --- [      runner-16] o.s.b.c.c.ConfigFileApplicationListener  : Skipped config file 'file:./application.xml' for profile integrationresource not found
2019-08-28 00:00:09.047 DEBUG 3932 --- [      runner-16] o.s.b.c.c.ConfigFileApplicationListener  : Skipped config file 'file:./application-integration.yml' resource not found
2019-08-28 00:00:09.047 DEBUG 3932 --- [      runner-16] o.s.b.c.c.ConfigFileApplicationListener  : Skipped config file 'file:./application-integration.yml' for profile integrationresource not found
2019-08-28 00:00:09.047 DEBUG 3932 --- [      runner-16] o.s.b.c.c.ConfigFileApplicationListener  : Skipped config file 'file:./application.yml' for profile integrationresource not found
2019-08-28 00:00:09.047 DEBUG 3932 --- [      runner-16] o.s.b.c.c.ConfigFileApplicationListener  : Skipped config file 'file:./application-integration.properties' resource not found
2019-08-28 00:00:09.047 DEBUG 3932 --- [      runner-16] o.s.b.c.c.ConfigFileApplicationListener  : Skipped config file 'file:./application-integration.properties' for profile integrationresource not found
2019-08-28 00:00:09.047 DEBUG 3932 --- [      runner-16] o.s.b.c.c.ConfigFileApplicationListener  : Skipped config file 'file:./application.properties' for profile integrationresource not found
2019-08-28 00:00:09.048 DEBUG 3932 --- [      runner-16] o.s.b.c.c.ConfigFileApplicationListener  : Skipped config file 'file:./application-integration.yaml' resource not found
2019-08-28 00:00:09.048 DEBUG 3932 --- [      runner-16] o.s.b.c.c.ConfigFileApplicationListener  : Skipped config file 'file:./application-integration.yaml' for profile integrationresource not found
2019-08-28 00:00:09.048 DEBUG 3932 --- [      runner-16] o.s.b.c.c.ConfigFileApplicationListener  : Skipped config file 'file:./application.yaml' for profile integrationresource not found
2019-08-28 00:00:09.048 DEBUG 3932 --- [      runner-16] o.s.b.c.c.ConfigFileApplicationListener  : Skipped config file 'classpath:/config/application-integration.xml' resource not found
2019-08-28 00:00:09.048 DEBUG 3932 --- [      runner-16] o.s.b.c.c.ConfigFileApplicationListener  : Skipped config file 'classpath:/config/application-integration.xml' for profile integrationresource not found
2019-08-28 00:00:09.048 DEBUG 3932 --- [      runner-16] o.s.b.c.c.ConfigFileApplicationListener  : Skipped config file 'classpath:/config/application.xml' for profile integrationresource not found
2019-08-28 00:00:09.048 DEBUG 3932 --- [      runner-16] o.s.b.c.c.ConfigFileApplicationListener  : Skipped config file 'classpath:/config/application-integration.yml' resource not found
2019-08-28 00:00:09.049 DEBUG 3932 --- [      runner-16] o.s.b.c.c.ConfigFileApplicationListener  : Skipped config file 'classpath:/config/application-integration.yml' for profile integrationresource not found
2019-08-28 00:00:09.049 DEBUG 3932 --- [      runner-16] o.s.b.c.c.ConfigFileApplicationListener  : Skipped config file 'classpath:/config/application.yml' for profile integrationresource not found
2019-08-28 00:00:09.049 DEBUG 3932 --- [      runner-16] o.s.b.c.c.ConfigFileApplicationListener  : Skipped config file 'classpath:/config/application-integration.properties' resource not found
2019-08-28 00:00:09.049 DEBUG 3932 --- [      runner-16] o.s.b.c.c.ConfigFileApplicationListener  : Skipped config file 'classpath:/config/application-integration.properties' for profile integrationresource not found
2019-08-28 00:00:09.049 DEBUG 3932 --- [      runner-16] o.s.b.c.c.ConfigFileApplicationListener  : Skipped config file 'classpath:/config/application.properties' for profile integrationresource not found
2019-08-28 00:00:09.049 DEBUG 3932 --- [      runner-16] o.s.b.c.c.ConfigFileApplicationListener  : Skipped config file 'classpath:/config/application-integration.yaml' resource not found
2019-08-28 00:00:09.049 DEBUG 3932 --- [      runner-16] o.s.b.c.c.ConfigFileApplicationListener  : Skipped config file 'classpath:/config/application-integration.yaml' for profile integrationresource not found
2019-08-28 00:00:09.049 DEBUG 3932 --- [      runner-16] o.s.b.c.c.ConfigFileApplicationListener  : Skipped config file 'classpath:/config/application.yaml' for profile integrationresource not found
2019-08-28 00:00:09.050 DEBUG 3932 --- [      runner-16] o.s.b.c.c.ConfigFileApplicationListener  : Skipped config file 'classpath:/application-integration.xml' resource not found
2019-08-28 00:00:09.050 DEBUG 3932 --- [      runner-16] o.s.b.c.c.ConfigFileApplicationListener  : Skipped config file 'classpath:/application-integration.xml' for profile integrationresource not found
2019-08-28 00:00:09.050 DEBUG 3932 --- [      runner-16] o.s.b.c.c.ConfigFileApplicationListener  : Skipped config file 'classpath:/application.xml' for profile integrationresource not found
2019-08-28 00:00:09.050 DEBUG 3932 --- [      runner-16] o.s.b.c.c.ConfigFileApplicationListener  : Skipped config file 'classpath:/application-integration.yml' resource not found
2019-08-28 00:00:09.050 DEBUG 3932 --- [      runner-16] o.s.b.c.c.ConfigFileApplicationListener  : Skipped config file 'classpath:/application-integration.yml' for profile integrationresource not found
2019-08-28 00:00:09.050 DEBUG 3932 --- [      runner-16] o.s.b.c.c.ConfigFileApplicationListener  : Skipped config file 'classpath:/application.yml' for profile integrationresource not found
2019-08-28 00:00:09.051 DEBUG 3932 --- [      runner-16] o.s.b.c.c.ConfigFileApplicationListener  : Skipped config file 'classpath:/application-integration.properties' resource not found
2019-08-28 00:00:09.051 DEBUG 3932 --- [      runner-16] o.s.b.c.c.ConfigFileApplicationListener  : Skipped config file 'classpath:/application-integration.properties' for profile integrationresource not found
2019-08-28 00:00:09.051 DEBUG 3932 --- [      runner-16] o.s.b.c.c.ConfigFileApplicationListener  : Skipped config file 'classpath:/application.properties' for profile integrationresource not found
2019-08-28 00:00:09.051 DEBUG 3932 --- [      runner-16] o.s.b.c.c.ConfigFileApplicationListener  : Skipped config file 'classpath:/application-integration.yaml' resource not found
2019-08-28 00:00:09.051 DEBUG 3932 --- [      runner-16] o.s.b.c.c.ConfigFileApplicationListener  : Skipped config file 'classpath:/application-integration.yaml' for profile integrationresource not found
2019-08-28 00:00:09.051 DEBUG 3932 --- [      runner-16] o.s.b.c.c.ConfigFileApplicationListener  : Skipped config file 'classpath:/application.yaml' for profile integrationresource not found
2019-08-28 00:00:09.052  INFO 3932 --- [      runner-16] s.c.a.AnnotationConfigApplicationContext : Refreshing org.springframework.context.annotation.AnnotationConfigApplicationContext@2a4076c9: startup date [Wed Aug 28 00:00:09 UTC 2019]; root of context hierarchy
2019-08-28 00:00:09.188  WARN 3932 --- [      runner-16] s.c.a.AnnotationConfigApplicationContext : Exception encountered during context initialization - cancelling refresh attempt

org.springframework.beans.factory.BeanDefinitionStoreException: Failed to process import candidates for configuration class [org.test.JmsExample]; nested exception is java.lang.IllegalStateException: java.io.FileNotFoundException: class path resource [org/springframework/boot/autoconfigure/aop/AopAutoConfiguration.class] cannot be opened because it does not exist
 at org.springframework.context.annotation.ConfigurationClassParser.processDeferredImportSelectors(ConfigurationClassParser.java:433)
 at org.springframework.context.annotation.ConfigurationClassParser.parse(ConfigurationClassParser.java:175)
 at org.springframework.context.annotation.ConfigurationClassPostProcessor.processConfigBeanDefinitions(ConfigurationClassPostProcessor.java:306)
 at org.springframework.context.annotation.ConfigurationClassPostProcessor.postProcessBeanDefinitionRegistry(ConfigurationClassPostProcessor.java:239)
 at org.springframework.context.support.PostProcessorRegistrationDelegate.invokeBeanDefinitionRegistryPostProcessors(PostProcessorRegistrationDelegate.java:254)
 at org.springframework.context.support.PostProcessorRegistrationDelegate.invokeBeanFactoryPostProcessors(PostProcessorRegistrationDelegate.java:94)
 at org.springframework.context.support.AbstractApplicationContext.invokeBeanFactoryPostProcessors(AbstractApplicationContext.java:606)
 at org.springframework.context.support.AbstractApplicationContext.refresh(AbstractApplicationContext.java:462)
 at org.springframework.boot.SpringApplication.refresh(SpringApplication.java:691)
 at org.springframework.boot.SpringApplication.run(SpringApplication.java:321)
 at org.springframework.boot.SpringApplication.run(SpringApplication.java:961)
 at sun.reflect.NativeMethodAccessorImpl.invoke0(Native Method)
 at sun.reflect.NativeMethodAccessorImpl.invoke(NativeMethodAccessorImpl.java:62)
 at sun.reflect.DelegatingMethodAccessorImpl.invoke(DelegatingMethodAccessorImpl.java:43)
 at java.lang.reflect.Method.invoke(Method.java:498)
 at org.springframework.boot.cli.command.run.SpringApplicationRunner$RunThread.run(SpringApplicationRunner.java:152)
Caused by: java.lang.IllegalStateException: java.io.FileNotFoundException: class path resource [org/springframework/boot/autoconfigure/aop/AopAutoConfiguration.class] cannot be opened because it does not exist
 at org.springframework.boot.autoconfigure.EnableAutoConfigurationImportSelector.selectImports(EnableAutoConfigurationImportSelector.java:78)
 at org.springframework.context.annotation.ConfigurationClassParser.processDeferredImportSelectors(ConfigurationClassParser.java:425)
 ... 15 common frames omitted
Caused by: java.io.FileNotFoundException: class path resource [org/springframework/boot/autoconfigure/aop/AopAutoConfiguration.class] cannot be opened because it does not exist
 at org.springframework.core.io.ClassPathResource.getInputStream(ClassPathResource.java:172)
 at org.springframework.core.type.classreading.SimpleMetadataReader.<init>(SimpleMetadataReader.java:50)
 at org.springframework.core.type.classreading.SimpleMetadataReaderFactory.getMetadataReader(SimpleMetadataReaderFactory.java:82)
 at org.springframework.core.type.classreading.CachingMetadataReaderFactory.getMetadataReader(CachingMetadataReaderFactory.java:102)
 at org.springframework.core.type.classreading.SimpleMetadataReaderFactory.getMetadataReader(SimpleMetadataReaderFactory.java:77)
 at org.springframework.boot.autoconfigure.AutoConfigurationSorter$AutoConfigurationClasses.<init>(AutoConfigurationSorter.java:121)
 at org.springframework.boot.autoconfigure.AutoConfigurationSorter.getInPriorityOrder(AutoConfigurationSorter.java:60)
 at org.springframework.boot.autoconfigure.EnableAutoConfigurationImportSelector.selectImports(EnableAutoConfigurationImportSelector.java:72)
 ... 16 common frames omitted

2019-08-28 00:00:09.190  INFO 3932 --- [      runner-16] .b.l.ClasspathLoggingApplicationListener : Application failed to start with classpath: []
2019-08-28 00:00:09.190 ERROR 3932 --- [      runner-16] o.s.boot.SpringApplication               : Application startup failed

org.springframework.beans.factory.BeanDefinitionStoreException: Failed to process import candidates for configuration class [org.test.JmsExample]; nested exception is java.lang.IllegalStateException: java.io.FileNotFoundException: class path resource [org/springframework/boot/autoconfigure/aop/AopAutoConfiguration.class] cannot be opened because it does not exist
 at org.springframework.context.annotation.ConfigurationClassParser.processDeferredImportSelectors(ConfigurationClassParser.java:433)
 at org.springframework.context.annotation.ConfigurationClassParser.parse(ConfigurationClassParser.java:175)
 at org.springframework.context.annotation.ConfigurationClassPostProcessor.processConfigBeanDefinitions(ConfigurationClassPostProcessor.java:306)
 at org.springframework.context.annotation.ConfigurationClassPostProcessor.postProcessBeanDefinitionRegistry(ConfigurationClassPostProcessor.java:239)
 at org.springframework.context.support.PostProcessorRegistrationDelegate.invokeBeanDefinitionRegistryPostProcessors(PostProcessorRegistrationDelegate.java:254)
 at org.springframework.context.support.PostProcessorRegistrationDelegate.invokeBeanFactoryPostProcessors(PostProcessorRegistrationDelegate.java:94)
 at org.springframework.context.support.AbstractApplicationContext.invokeBeanFactoryPostProcessors(AbstractApplicationContext.java:606)
 at org.springframework.context.support.AbstractApplicationContext.refresh(AbstractApplicationContext.java:462)
 at org.springframework.boot.SpringApplication.refresh(SpringApplication.java:691)
 at org.springframework.boot.SpringApplication.run(SpringApplication.java:321)
 at org.springframework.boot.SpringApplication.run(SpringApplication.java:961)
 at sun.reflect.NativeMethodAccessorImpl.invoke0(Native Method)
 at sun.reflect.NativeMethodAccessorImpl.invoke(NativeMethodAccessorImpl.java:62)
 at sun.reflect.DelegatingMethodAccessorImpl.invoke(DelegatingMethodAccessorImpl.java:43)
 at java.lang.reflect.Method.invoke(Method.java:498)
 at org.springframework.boot.cli.command.run.SpringApplicationRunner$RunThread.run(SpringApplicationRunner.java:152)
Caused by: java.lang.IllegalStateException: java.io.FileNotFoundException: class path resource [org/springframework/boot/autoconfigure/aop/AopAutoConfiguration.class] cannot be opened because it does not exist
 at org.springframework.boot.autoconfigure.EnableAutoConfigurationImportSelector.selectImports(EnableAutoConfigurationImportSelector.java:78)
 at org.springframework.context.annotation.ConfigurationClassParser.processDeferredImportSelectors(ConfigurationClassParser.java:425)
 ... 15 common frames omitted
Caused by: java.io.FileNotFoundException: class path resource [org/springframework/boot/autoconfigure/aop/AopAutoConfiguration.class] cannot be opened because it does not exist
 at org.springframework.core.io.ClassPathResource.getInputStream(ClassPathResource.java:172)
 at org.springframework.core.type.classreading.SimpleMetadataReader.<init>(SimpleMetadataReader.java:50)
 at org.springframework.core.type.classreading.SimpleMetadataReaderFactory.getMetadataReader(SimpleMetadataReaderFactory.java:82)
 at org.springframework.core.type.classreading.CachingMetadataReaderFactory.getMetadataReader(CachingMetadataReaderFactory.java:102)
 at org.springframework.core.type.classreading.SimpleMetadataReaderFactory.getMetadataReader(SimpleMetadataReaderFactory.java:77)
 at org.springframework.boot.autoconfigure.AutoConfigurationSorter$AutoConfigurationClasses.<init>(AutoConfigurationSorter.java:121)
 at org.springframework.boot.autoconfigure.AutoConfigurationSorter.getInPriorityOrder(AutoConfigurationSorter.java:60)
 at org.springframework.boot.autoconfigure.EnableAutoConfigurationImportSelector.selectImports(EnableAutoConfigurationImportSelector.java:72)
 ... 16 common frames omitted

java.lang.reflect.InvocationTargetException
 at sun.reflect.NativeMethodAccessorImpl.invoke0(Native Method)
 at sun.reflect.NativeMethodAccessorImpl.invoke(NativeMethodAccessorImpl.java:62)
 at sun.reflect.DelegatingMethodAccessorImpl.invoke(DelegatingMethodAccessorImpl.java:43)
 at java.lang.reflect.Method.invoke(Method.java:498)
 at org.springframework.boot.cli.command.run.SpringApplicationRunner$RunThread.run(SpringApplicationRunner.java:152)
Caused by: org.springframework.beans.factory.BeanDefinitionStoreException: Failed to process import candidates for configuration class [org.test.JmsExample]; nested exception is java.lang.IllegalStateException: java.io.FileNotFoundException: class path resource [org/springframework/boot/autoconfigure/aop/AopAutoConfiguration.class] cannot be opened because it does not exist
 at org.springframework.context.annotation.ConfigurationClassParser.processDeferredImportSelectors(ConfigurationClassParser.java:433)
 at org.springframework.context.annotation.ConfigurationClassParser.parse(ConfigurationClassParser.java:175)
 at org.springframework.context.annotation.ConfigurationClassPostProcessor.processConfigBeanDefinitions(ConfigurationClassPostProcessor.java:306)
 at org.springframework.context.annotation.ConfigurationClassPostProcessor.postProcessBeanDefinitionRegistry(ConfigurationClassPostProcessor.java:239)
 at org.springframework.context.support.PostProcessorRegistrationDelegate.invokeBeanDefinitionRegistryPostProcessors(PostProcessorRegistrationDelegate.java:254)
 at org.springframework.context.support.PostProcessorRegistrationDelegate.invokeBeanFactoryPostProcessors(PostProcessorRegistrationDelegate.java:94)
 at org.springframework.context.support.AbstractApplicationContext.invokeBeanFactoryPostProcessors(AbstractApplicationContext.java:606)
 at org.springframework.context.support.AbstractApplicationContext.refresh(AbstractApplicationContext.java:462)
 at org.springframework.boot.SpringApplication.refresh(SpringApplication.java:691)
 at org.springframework.boot.SpringApplication.run(SpringApplication.java:321)
 at org.springframework.boot.SpringApplication.run(SpringApplication.java:961)
 ... 5 more
Caused by: java.lang.IllegalStateException: java.io.FileNotFoundException: class path resource [org/springframework/boot/autoconfigure/aop/AopAutoConfiguration.class] cannot be opened because it does not exist
 at org.springframework.boot.autoconfigure.EnableAutoConfigurationImportSelector.selectImports(EnableAutoConfigurationImportSelector.java:78)
 at org.springframework.context.annotation.ConfigurationClassParser.processDeferredImportSelectors(ConfigurationClassParser.java:425)
 ... 15 more
Caused by: java.io.FileNotFoundException: class path resource [org/springframework/boot/autoconfigure/aop/AopAutoConfiguration.class] cannot be opened because it does not exist
 at org.springframework.core.io.ClassPathResource.getInputStream(ClassPathResource.java:172)
 at org.springframework.core.type.classreading.SimpleMetadataReader.<init>(SimpleMetadataReader.java:50)
 at org.springframework.core.type.classreading.SimpleMetadataReaderFactory.getMetadataReader(SimpleMetadataReaderFactory.java:82)
 at org.springframework.core.type.classreading.CachingMetadataReaderFactory.getMetadataReader(CachingMetadataReaderFactory.java:102)
 at org.springframework.core.type.classreading.SimpleMetadataReaderFactory.getMetadataReader(SimpleMetadataReaderFactory.java:77)
 at org.springframework.boot.autoconfigure.AutoConfigurationSorter$AutoConfigurationClasses.<init>(AutoConfigurationSorter.java:121)
 at org.springframework.boot.autoconfigure.AutoConfigurationSorter.getInPriorityOrder(AutoConfigurationSorter.java:60)
 at org.springframework.boot.autoconfigure.EnableAutoConfigurationImportSelector.selectImports(EnableAutoConfigurationImportSelector.java:72)
 ... 16 more
"
spring-projects-spring-boot,org.springframework.boot.cli.SampleIntegrationTests#caching,matched (10 report(s) available),java.lang.AssertionError,Order Dependent,"low-confidence guess: found phrase 'illegalstateexception' which can indicate leftover state from another test, but this cannot be confirmed without cross-test execution context","
Expected: a string containing ""Hello World""
     but: was ""
  .   ____          _            __ _ _
 /\\ / ___'_ __ _ _(_)_ __  __ _ \ \ \ \
( ( )\___ | '_ | '_| | '_ \/ _` | \ \ \ \
 \\/  ___)| |_)| | | | | || (_| |  ) ) ) )
  '  |____| .__|_| |_|_| |_\__, | / / / /
 =========|_|==============|___/=/_/_/_/
 :: Spring Boot ::  (v1.2.0.BUILD-SNAPSHOT)

2019-08-28 00:00:09.696  INFO 3932 --- [      runner-17] o.s.boot.SpringApplication               : Starting application on ip-172-31-62-70 with PID 3932 (/root/.m2/repository/org/springframework/boot/spring-boot/1.2.0.BUILD-SNAPSHOT/spring-boot-1.2.0.BUILD-SNAPSHOT.jar started by root in /working/proj/spring-projects-spring-boot-616/spring-projects-spring-boot/spring-boot-cli)
2019-08-28 00:00:09.698 DEBUG 3932 --- [      runner-17] o.s.boot.SpringApplication               : Running with Spring Boot v1.2.0.BUILD-SNAPSHOT, Spring v4.1.1.RELEASE
2019-08-28 00:00:09.698 DEBUG 3932 --- [      runner-17] o.s.boot.SpringApplication               : Loading source class org.test.Sample,class org.test.Sample$MyClient,class org.test.Sample$MyService
2019-08-28 00:00:09.734 DEBUG 3932 --- [      runner-17] o.s.b.c.c.ConfigFileApplicationListener  : Activated profiles integration
2019-08-28 00:00:09.734 DEBUG 3932 --- [      runner-17] o.s.b.c.c.ConfigFileApplicationListener  : Skipped config file 'file:./config/application.xml' resource not found
2019-08-28 00:00:09.734 DEBUG 3932 --- [      runner-17] o.s.b.c.c.ConfigFileApplicationListener  : Skipped config file 'file:./config/application.yml' resource not found
2019-08-28 00:00:09.734 DEBUG 3932 --- [      runner-17] o.s.b.c.c.ConfigFileApplicationListener  : Skipped config file 'file:./config/application.properties' resource not found
2019-08-28 00:00:09.735 DEBUG 3932 --- [      runner-17] o.s.b.c.c.ConfigFileApplicationListener  : Skipped config file 'file:./config/application.yaml' resource not found
2019-08-28 00:00:09.735 DEBUG 3932 --- [      runner-17] o.s.b.c.c.ConfigFileApplicationListener  : Skipped config file 'file:./application.xml' resource not found
2019-08-28 00:00:09.735 DEBUG 3932 --- [      runner-17] o.s.b.c.c.ConfigFileApplicationListener  : Skipped config file 'file:./application.yml' resource not found
2019-08-28 00:00:09.735 DEBUG 3932 --- [      runner-17] o.s.b.c.c.ConfigFileApplicationListener  : Skipped config file 'file:./application.properties' resource not found
2019-08-28 00:00:09.735 DEBUG 3932 --- [      runner-17] o.s.b.c.c.ConfigFileApplicationListener  : Skipped config file 'file:./application.yaml' resource not found
2019-08-28 00:00:09.735 DEBUG 3932 --- [      runner-17] o.s.b.c.c.ConfigFileApplicationListener  : Skipped config file 'classpath:/config/application.xml' resource not found
2019-08-28 00:00:09.735 DEBUG 3932 --- [      runner-17] o.s.b.c.c.ConfigFileApplicationListener  : Skipped config file 'classpath:/config/application.yml' resource not found
2019-08-28 00:00:09.736 DEBUG 3932 --- [      runner-17] o.s.b.c.c.ConfigFileApplicationListener  : Skipped config file 'classpath:/config/application.properties' resource not found
2019-08-28 00:00:09.736 DEBUG 3932 --- [      runner-17] o.s.b.c.c.ConfigFileApplicationListener  : Skipped config file 'classpath:/config/application.yaml' resource not found
2019-08-28 00:00:09.736 DEBUG 3932 --- [      runner-17] o.s.b.c.c.ConfigFileApplicationListener  : Skipped config file 'classpath:/application.xml' resource not found
2019-08-28 00:00:09.736 DEBUG 3932 --- [      runner-17] o.s.b.c.c.ConfigFileApplicationListener  : Skipped config file 'classpath:/application.yml' resource not found
2019-08-28 00:00:09.736 DEBUG 3932 --- [      runner-17] o.s.b.c.c.ConfigFileApplicationListener  : Skipped config file 'classpath:/application.properties' resource not found
2019-08-28 00:00:09.738 DEBUG 3932 --- [      runner-17] o.s.b.c.c.ConfigFileApplicationListener  : Skipped config file 'classpath:/application.yaml' resource not found
2019-08-28 00:00:09.738 DEBUG 3932 --- [      runner-17] o.s.b.c.c.ConfigFileApplicationListener  : Skipped config file 'file:./config/application-integration.xml' resource not found
2019-08-28 00:00:09.738 DEBUG 3932 --- [      runner-17] o.s.b.c.c.ConfigFileApplicationListener  : Skipped config file 'file:./config/application-integration.xml' for profile integrationresource not found
2019-08-28 00:00:09.739 DEBUG 3932 --- [      runner-17] o.s.b.c.c.ConfigFileApplicationListener  : Skipped config file 'file:./config/application.xml' for profile integrationresource not found
2019-08-28 00:00:09.739 DEBUG 3932 --- [      runner-17] o.s.b.c.c.ConfigFileApplicationListener  : Skipped config file 'file:./config/application-integration.yml' resource not found
2019-08-28 00:00:09.740 DEBUG 3932 --- [      runner-17] o.s.b.c.c.ConfigFileApplicationListener  : Skipped config file 'file:./config/application-integration.yml' for profile integrationresource not found
2019-08-28 00:00:09.740 DEBUG 3932 --- [      runner-17] o.s.b.c.c.ConfigFileApplicationListener  : Skipped config file 'file:./config/application.yml' for profile integrationresource not found
2019-08-28 00:00:09.740 DEBUG 3932 --- [      runner-17] o.s.b.c.c.ConfigFileApplicationListener  : Skipped config file 'file:./config/application-integration.properties' resource not found
2019-08-28 00:00:09.740 DEBUG 3932 --- [      runner-17] o.s.b.c.c.ConfigFileApplicationListener  : Skipped config file 'file:./config/application-integration.properties' for profile integrationresource not found
2019-08-28 00:00:09.740 DEBUG 3932 --- [      runner-17] o.s.b.c.c.ConfigFileApplicationListener  : Skipped config file 'file:./config/application.properties' for profile integrationresource not found
2019-08-28 00:00:09.740 DEBUG 3932 --- [      runner-17] o.s.b.c.c.ConfigFileApplicationListener  : Skipped config file 'file:./config/application-integration.yaml' resource not found
2019-08-28 00:00:09.740 DEBUG 3932 --- [      runner-17] o.s.b.c.c.ConfigFileApplicationListener  : Skipped config file 'file:./config/application-integration.yaml' for profile integrationresource not found
2019-08-28 00:00:09.740 DEBUG 3932 --- [      runner-17] o.s.b.c.c.ConfigFileApplicationListener  : Skipped config file 'file:./config/application.yaml' for profile integrationresource not found
2019-08-28 00:00:09.741 DEBUG 3932 --- [      runner-17] o.s.b.c.c.ConfigFileApplicationListener  : Skipped config file 'file:./application-integration.xml' resource not found
2019-08-28 00:00:09.741 DEBUG 3932 --- [      runner-17] o.s.b.c.c.ConfigFileApplicationListener  : Skipped config file 'file:./application-integration.xml' for profile integrationresource not found
2019-08-28 00:00:09.741 DEBUG 3932 --- [      runner-17] o.s.b.c.c.ConfigFileApplicationListener  : Skipped config file 'file:./application.xml' for profile integrationresource not found
2019-08-28 00:00:09.741 DEBUG 3932 --- [      runner-17] o.s.b.c.c.ConfigFileApplicationListener  : Skipped config file 'file:./application-integration.yml' resource not found
2019-08-28 00:00:09.742 DEBUG 3932 --- [      runner-17] o.s.b.c.c.ConfigFileApplicationListener  : Skipped config file 'file:./application-integration.yml' for profile integrationresource not found
2019-08-28 00:00:09.744 DEBUG 3932 --- [      runner-17] o.s.b.c.c.ConfigFileApplicationListener  : Skipped config file 'file:./application.yml' for profile integrationresource not found
2019-08-28 00:00:09.745 DEBUG 3932 --- [      runner-17] o.s.b.c.c.ConfigFileApplicationListener  : Skipped config file 'file:./application-integration.properties' resource not found
2019-08-28 00:00:09.745 DEBUG 3932 --- [      runner-17] o.s.b.c.c.ConfigFileApplicationListener  : Skipped config file 'file:./application-integration.properties' for profile integrationresource not found
2019-08-28 00:00:09.745 DEBUG 3932 --- [      runner-17] o.s.b.c.c.ConfigFileApplicationListener  : Skipped config file 'file:./application.properties' for profile integrationresource not found
2019-08-28 00:00:09.745 DEBUG 3932 --- [      runner-17] o.s.b.c.c.ConfigFileApplicationListener  : Skipped config file 'file:./application-integration.yaml' resource not found
2019-08-28 00:00:09.745 DEBUG 3932 --- [      runner-17] o.s.b.c.c.ConfigFileApplicationListener  : Skipped config file 'file:./application-integration.yaml' for profile integrationresource not found
2019-08-28 00:00:09.745 DEBUG 3932 --- [      runner-17] o.s.b.c.c.ConfigFileApplicationListener  : Skipped config file 'file:./application.yaml' for profile integrationresource not found
2019-08-28 00:00:09.746 DEBUG 3932 --- [      runner-17] o.s.b.c.c.ConfigFileApplicationListener  : Skipped config file 'classpath:/config/application-integration.xml' resource not found
2019-08-28 00:00:09.746 DEBUG 3932 --- [      runner-17] o.s.b.c.c.ConfigFileApplicationListener  : Skipped config file 'classpath:/config/application-integration.xml' for profile integrationresource not found
2019-08-28 00:00:09.746 DEBUG 3932 --- [      runner-17] o.s.b.c.c.ConfigFileApplicationListener  : Skipped config file 'classpath:/config/application.xml' for profile integrationresource not found
2019-08-28 00:00:09.746 DEBUG 3932 --- [      runner-17] o.s.b.c.c.ConfigFileApplicationListener  : Skipped config file 'classpath:/config/application-integration.yml' resource not found
2019-08-28 00:00:09.746 DEBUG 3932 --- [      runner-17] o.s.b.c.c.ConfigFileApplicationListener  : Skipped config file 'classpath:/config/application-integration.yml' for profile integrationresource not found
2019-08-28 00:00:09.746 DEBUG 3932 --- [      runner-17] o.s.b.c.c.ConfigFileApplicationListener  : Skipped config file 'classpath:/config/application.yml' for profile integrationresource not found
2019-08-28 00:00:09.746 DEBUG 3932 --- [      runner-17] o.s.b.c.c.ConfigFileApplicationListener  : Skipped config file 'classpath:/config/application-integration.properties' resource not found
2019-08-28 00:00:09.746 DEBUG 3932 --- [      runner-17] o.s.b.c.c.ConfigFileApplicationListener  : Skipped config file 'classpath:/config/application-integration.properties' for profile integrationresource not found
2019-08-28 00:00:09.746 DEBUG 3932 --- [      runner-17] o.s.b.c.c.ConfigFileApplicationListener  : Skipped config file 'classpath:/config/application.properties' for profile integrationresource not found
2019-08-28 00:00:09.747 DEBUG 3932 --- [      runner-17] o.s.b.c.c.ConfigFileApplicationListener  : Skipped config file 'classpath:/config/application-integration.yaml' resource not found
2019-08-28 00:00:09.747 DEBUG 3932 --- [      runner-17] o.s.b.c.c.ConfigFileApplicationListener  : Skipped config file 'classpath:/config/application-integration.yaml' for profile integrationresource not found
2019-08-28 00:00:09.749 DEBUG 3932 --- [      runner-17] o.s.b.c.c.ConfigFileApplicationListener  : Skipped config file 'classpath:/config/application.yaml' for profile integrationresource not found
2019-08-28 00:00:09.749 DEBUG 3932 --- [      runner-17] o.s.b.c.c.ConfigFileApplicationListener  : Skipped config file 'classpath:/application-integration.xml' resource not found
2019-08-28 00:00:09.749 DEBUG 3932 --- [      runner-17] o.s.b.c.c.ConfigFileApplicationListener  : Skipped config file 'classpath:/application-integration.xml' for profile integrationresource not found
2019-08-28 00:00:09.749 DEBUG 3932 --- [      runner-17] o.s.b.c.c.ConfigFileApplicationListener  : Skipped config file 'classpath:/application.xml' for profile integrationresource not found
2019-08-28 00:00:09.749 DEBUG 3932 --- [      runner-17] o.s.b.c.c.ConfigFileApplicationListener  : Skipped config file 'classpath:/application-integration.yml' resource not found
2019-08-28 00:00:09.750 DEBUG 3932 --- [      runner-17] o.s.b.c.c.ConfigFileApplicationListener  : Skipped config file 'classpath:/application-integration.yml' for profile integrationresource not found
2019-08-28 00:00:09.750 DEBUG 3932 --- [      runner-17] o.s.b.c.c.ConfigFileApplicationListener  : Skipped config file 'classpath:/application.yml' for profile integrationresource not found
2019-08-28 00:00:09.750 DEBUG 3932 --- [      runner-17] o.s.b.c.c.ConfigFileApplicationListener  : Skipped config file 'classpath:/application-integration.properties' resource not found
2019-08-28 00:00:09.750 DEBUG 3932 --- [      runner-17] o.s.b.c.c.ConfigFileApplicationListener  : Skipped config file 'classpath:/application-integration.properties' for profile integrationresource not found
2019-08-28 00:00:09.750 DEBUG 3932 --- [      runner-17] o.s.b.c.c.ConfigFileApplicationListener  : Skipped config file 'classpath:/application.properties' for profile integrationresource not found
2019-08-28 00:00:09.750 DEBUG 3932 --- [      runner-17] o.s.b.c.c.ConfigFileApplicationListener  : Skipped config file 'classpath:/application-integration.yaml' resource not found
2019-08-28 00:00:09.750 DEBUG 3932 --- [      runner-17] o.s.b.c.c.ConfigFileApplicationListener  : Skipped config file 'classpath:/application-integration.yaml' for profile integrationresource not found
2019-08-28 00:00:09.750 DEBUG 3932 --- [      runner-17] o.s.b.c.c.ConfigFileApplicationListener  : Skipped config file 'classpath:/application.yaml' for profile integrationresource not found
2019-08-28 00:00:09.751  INFO 3932 --- [      runner-17] s.c.a.AnnotationConfigApplicationContext : Refreshing org.springframework.context.annotation.AnnotationConfigApplicationContext@7738d235: startup date [Wed Aug 28 00:00:09 UTC 2019]; root of context hierarchy
2019-08-28 00:00:09.832  WARN 3932 --- [      runner-17] s.c.a.AnnotationConfigApplicationContext : Exception encountered during context initialization - cancelling refresh attempt

org.springframework.beans.factory.BeanDefinitionStoreException: Failed to process import candidates for configuration class [org.test.Sample]; nested exception is java.lang.IllegalStateException: java.io.FileNotFoundException: class path resource [org/springframework/boot/autoconfigure/aop/AopAutoConfiguration.class] cannot be opened because it does not exist
 at org.springframework.context.annotation.ConfigurationClassParser.processDeferredImportSelectors(ConfigurationClassParser.java:433)
 at org.springframework.context.annotation.ConfigurationClassParser.parse(ConfigurationClassParser.java:175)
 at org.springframework.context.annotation.ConfigurationClassPostProcessor.processConfigBeanDefinitions(ConfigurationClassPostProcessor.java:306)
 at org.springframework.context.annotation.ConfigurationClassPostProcessor.postProcessBeanDefinitionRegistry(ConfigurationClassPostProcessor.java:239)
 at org.springframework.context.support.PostProcessorRegistrationDelegate.invokeBeanDefinitionRegistryPostProcessors(PostProcessorRegistrationDelegate.java:254)
 at org.springframework.context.support.PostProcessorRegistrationDelegate.invokeBeanFactoryPostProcessors(PostProcessorRegistrationDelegate.java:94)
 at org.springframework.context.support.AbstractApplicationContext.invokeBeanFactoryPostProcessors(AbstractApplicationContext.java:606)
 at org.springframework.context.support.AbstractApplicationContext.refresh(AbstractApplicationContext.java:462)
 at org.springframework.boot.SpringApplication.refresh(SpringApplication.java:691)
 at org.springframework.boot.SpringApplication.run(SpringApplication.java:321)
 at org.springframework.boot.SpringApplication.run(SpringApplication.java:961)
 at sun.reflect.NativeMethodAccessorImpl.invoke0(Native Method)
 at sun.reflect.NativeMethodAccessorImpl.invoke(NativeMethodAccessorImpl.java:62)
 at sun.reflect.DelegatingMethodAccessorImpl.invoke(DelegatingMethodAccessorImpl.java:43)
 at java.lang.reflect.Method.invoke(Method.java:498)
 at org.springframework.boot.cli.command.run.SpringApplicationRunner$RunThread.run(SpringApplicationRunner.java:152)
Caused by: java.lang.IllegalStateException: java.io.FileNotFoundException: class path resource [org/springframework/boot/autoconfigure/aop/AopAutoConfiguration.class] cannot be opened because it does not exist
 at org.springframework.boot.autoconfigure.EnableAutoConfigurationImportSelector.selectImports(EnableAutoConfigurationImportSelector.java:78)
 at org.springframework.context.annotation.ConfigurationClassParser.processDeferredImportSelectors(ConfigurationClassParser.java:425)
 ... 15 common frames omitted
Caused by: java.io.FileNotFoundException: class path resource [org/springframework/boot/autoconfigure/aop/AopAutoConfiguration.class] cannot be opened because it does not exist
 at org.springframework.core.io.ClassPathResource.getInputStream(ClassPathResource.java:172)
 at org.springframework.core.type.classreading.SimpleMetadataReader.<init>(SimpleMetadataReader.java:50)
 at org.springframework.core.type.classreading.SimpleMetadataReaderFactory.getMetadataReader(SimpleMetadataReaderFactory.java:82)
 at org.springframework.core.type.classreading.CachingMetadataReaderFactory.getMetadataReader(CachingMetadataReaderFactory.java:102)
 at org.springframework.core.type.classreading.SimpleMetadataReaderFactory.getMetadataReader(SimpleMetadataReaderFactory.java:77)
 at org.springframework.boot.autoconfigure.AutoConfigurationSorter$AutoConfigurationClasses.<init>(AutoConfigurationSorter.java:121)
 at org.springframework.boot.autoconfigure.AutoConfigurationSorter.getInPriorityOrder(AutoConfigurationSorter.java:60)
 at org.springframework.boot.autoconfigure.EnableAutoConfigurationImportSelector.selectImports(EnableAutoConfigurationImportSelector.java:72)
 ... 16 common frames omitted

2019-08-28 00:00:09.834  INFO 3932 --- [      runner-17] .b.l.ClasspathLoggingApplicationListener : Application failed to start with classpath: []
2019-08-28 00:00:09.835 ERROR 3932 --- [      runner-17] o.s.boot.SpringApplication               : Application startup failed

org.springframework.beans.factory.BeanDefinitionStoreException: Failed to process import candidates for configuration class [org.test.Sample]; nested exception is java.lang.IllegalStateException: java.io.FileNotFoundException: class path resource [org/springframework/boot/autoconfigure/aop/AopAutoConfiguration.class] cannot be opened because it does not exist
 at org.springframework.context.annotation.ConfigurationClassParser.processDeferredImportSelectors(ConfigurationClassParser.java:433)
 at org.springframework.context.annotation.ConfigurationClassParser.parse(ConfigurationClassParser.java:175)
 at org.springframework.context.annotation.ConfigurationClassPostProcessor.processConfigBeanDefinitions(ConfigurationClassPostProcessor.java:306)
 at org.springframework.context.annotation.ConfigurationClassPostProcessor.postProcessBeanDefinitionRegistry(ConfigurationClassPostProcessor.java:239)
 at org.springframework.context.support.PostProcessorRegistrationDelegate.invokeBeanDefinitionRegistryPostProcessors(PostProcessorRegistrationDelegate.java:254)
 at org.springframework.context.support.PostProcessorRegistrationDelegate.invokeBeanFactoryPostProcessors(PostProcessorRegistrationDelegate.java:94)
 at org.springframework.context.support.AbstractApplicationContext.invokeBeanFactoryPostProcessors(AbstractApplicationContext.java:606)
 at org.springframework.context.support.AbstractApplicationContext.refresh(AbstractApplicationContext.java:462)
 at org.springframework.boot.SpringApplication.refresh(SpringApplication.java:691)
 at org.springframework.boot.SpringApplication.run(SpringApplication.java:321)
 at org.springframework.boot.SpringApplication.run(SpringApplication.java:961)
 at sun.reflect.NativeMethodAccessorImpl.invoke0(Native Method)
 at sun.reflect.NativeMethodAccessorImpl.invoke(NativeMethodAccessorImpl.java:62)
 at sun.reflect.DelegatingMethodAccessorImpl.invoke(DelegatingMethodAccessorImpl.java:43)
 at java.lang.reflect.Method.invoke(Method.java:498)
 at org.springframework.boot.cli.command.run.SpringApplicationRunner$RunThread.run(SpringApplicationRunner.java:152)
Caused by: java.lang.IllegalStateException: java.io.FileNotFoundException: class path resource [org/springframework/boot/autoconfigure/aop/AopAutoConfiguration.class] cannot be opened because it does not exist
 at org.springframework.boot.autoconfigure.EnableAutoConfigurationImportSelector.selectImports(EnableAutoConfigurationImportSelector.java:78)
 at org.springframework.context.annotation.ConfigurationClassParser.processDeferredImportSelectors(ConfigurationClassParser.java:425)
 ... 15 common frames omitted
Caused by: java.io.FileNotFoundException: class path resource [org/springframework/boot/autoconfigure/aop/AopAutoConfiguration.class] cannot be opened because it does not exist
 at org.springframework.core.io.ClassPathResource.getInputStream(ClassPathResource.java:172)
 at org.springframework.core.type.classreading.SimpleMetadataReader.<init>(SimpleMetadataReader.java:50)
 at org.springframework.core.type.classreading.SimpleMetadataReaderFactory.getMetadataReader(SimpleMetadataReaderFactory.java:82)
 at org.springframework.core.type.classreading.CachingMetadataReaderFactory.getMetadataReader(CachingMetadataReaderFactory.java:102)
 at org.springframework.core.type.classreading.SimpleMetadataReaderFactory.getMetadataReader(SimpleMetadataReaderFactory.java:77)
 at org.springframework.boot.autoconfigure.AutoConfigurationSorter$AutoConfigurationClasses.<init>(AutoConfigurationSorter.java:121)
 at org.springframework.boot.autoconfigure.AutoConfigurationSorter.getInPriorityOrder(AutoConfigurationSorter.java:60)
 at org.springframework.boot.autoconfigure.EnableAutoConfigurationImportSelector.selectImports(EnableAutoConfigurationImportSelector.java:72)
 ... 16 common frames omitted

java.lang.reflect.InvocationTargetException
 at sun.reflect.NativeMethodAccessorImpl.invoke0(Native Method)
 at sun.reflect.NativeMethodAccessorImpl.invoke(NativeMethodAccessorImpl.java:62)
 at sun.reflect.DelegatingMethodAccessorImpl.invoke(DelegatingMethodAccessorImpl.java:43)
 at java.lang.reflect.Method.invoke(Method.java:498)
 at org.springframework.boot.cli.command.run.SpringApplicationRunner$RunThread.run(SpringApplicationRunner.java:152)
Caused by: org.springframework.beans.factory.BeanDefinitionStoreException: Failed to process import candidates for configuration class [org.test.Sample]; nested exception is java.lang.IllegalStateException: java.io.FileNotFoundException: class path resource [org/springframework/boot/autoconfigure/aop/AopAutoConfiguration.class] cannot be opened because it does not exist
 at org.springframework.context.annotation.ConfigurationClassParser.processDeferredImportSelectors(ConfigurationClassParser.java:433)
 at org.springframework.context.annotation.ConfigurationClassParser.parse(ConfigurationClassParser.java:175)
 at org.springframework.context.annotation.ConfigurationClassPostProcessor.processConfigBeanDefinitions(ConfigurationClassPostProcessor.java:306)
 at org.springframework.context.annotation.ConfigurationClassPostProcessor.postProcessBeanDefinitionRegistry(ConfigurationClassPostProcessor.java:239)
 at org.springframework.context.support.PostProcessorRegistrationDelegate.invokeBeanDefinitionRegistryPostProcessors(PostProcessorRegistrationDelegate.java:254)
 at org.springframework.context.support.PostProcessorRegistrationDelegate.invokeBeanFactoryPostProcessors(PostProcessorRegistrationDelegate.java:94)
 at org.springframework.context.support.AbstractApplicationContext.invokeBeanFactoryPostProcessors(AbstractApplicationContext.java:606)
 at org.springframework.context.support.AbstractApplicationContext.refresh(AbstractApplicationContext.java:462)
 at org.springframework.boot.SpringApplication.refresh(SpringApplication.java:691)
 at org.springframework.boot.SpringApplication.run(SpringApplication.java:321)
 at org.springframework.boot.SpringApplication.run(SpringApplication.java:961)
 ... 5 more
Caused by: java.lang.IllegalStateException: java.io.FileNotFoundException: class path resource [org/springframework/boot/autoconfigure/aop/AopAutoConfiguration.class] cannot be opened because it does not exist
 at org.springframework.boot.autoconfigure.EnableAutoConfigurationImportSelector.selectImports(EnableAutoConfigurationImportSelector.java:78)
 at org.springframework.context.annotation.ConfigurationClassParser.processDeferredImportSelectors(ConfigurationClassParser.java:425)
 ... 15 more
Caused by: java.io.FileNotFoundException: class path resource [org/springframework/boot/autoconfigure/aop/AopAutoConfiguration.class] cannot be opened because it does not exist
 at org.springframework.core.io.ClassPathResource.getInputStream(ClassPathResource.java:172)
 at org.springframework.core.type.classreading.SimpleMetadataReader.<init>(SimpleMetadataReader.java:50)
 at org.springframework.core.type.classreading.SimpleMetadataReaderFactory.getMetadataReader(SimpleMetadataReaderFactory.java:82)
 at org.springframework.core.type.classreading.CachingMetadataReaderFactory.getMetadataReader(CachingMetadataReaderFactory.java:102)
 at org.springframework.core.type.classreading.SimpleMetadataReaderFactory.getMetadataReader(SimpleMetadataReaderFactory.java:77)
 at org.springframework.boot.autoconfigure.AutoConfigurationSorter$AutoConfigurationClasses.<init>(AutoConfigurationSorter.java:121)
 at org.springframework.boot.autoconfigure.AutoConfigurationSorter.getInPriorityOrder(AutoConfigurationSorter.java:60)
 at org.springframework.boot.autoconfigure.EnableAutoConfigurationImportSelector.selectImports(EnableAutoConfigurationImportSelector.java:72)
 ... 16 more
"""
spring-projects-spring-boot,org.springframework.boot.cli.SampleIntegrationTests#httpSample,matched (5522 report(s) available),java.lang.IllegalStateException,Async Wait,guess: found async-related keyword 'executor' in exception/message/test name,"java.util.concurrent.ExecutionException: org.codehaus.groovy.control.MultipleCompilationErrorsException: startup failed:
General error during conversion: org.eclipse.aether.resolution.DependencyResolutionException: Failed to collect dependencies at org.codehaus.groovy.modules.http-builder:http-builder:jar:0.5.2

org.springframework.boot.cli.compiler.grape.DependencyResolutionFailedException: org.eclipse.aether.resolution.DependencyResolutionException: Failed to collect dependencies at org.codehaus.groovy.modules.http-builder:http-builder:jar:0.5.2
 at org.springframework.boot.cli.compiler.grape.AetherGrapeEngine.resolve(AetherGrapeEngine.java:223)
 at org.springframework.boot.cli.compiler.grape.AetherGrapeEngine.grab(AetherGrapeEngine.java:113)
 at groovy.grape.Grape.grab(Grape.java:163)
 at groovy.grape.GrabAnnotationTransformation.visit(GrabAnnotationTransformation.java:360)
 at org.codehaus.groovy.transform.ASTTransformationVisitor$3.call(ASTTransformationVisitor.java:319)
 at org.codehaus.groovy.control.CompilationUnit.applyToSourceUnits(CompilationUnit.java:923)
 at org.codehaus.groovy.control.CompilationUnit.doPhaseOperation(CompilationUnit.java:585)
 at org.codehaus.groovy.control.CompilationUnit.processPhaseOperations(CompilationUnit.java:561)
 at org.codehaus.groovy.control.CompilationUnit.compile(CompilationUnit.java:538)
 at org.springframework.boot.cli.compiler.GroovyCompiler.compile(GroovyCompiler.java:197)
 at org.springframework.boot.cli.command.run.SpringApplicationRunner.compileAndRun(SpringApplicationRunner.java:95)
 at org.springframework.boot.cli.command.run.RunCommand$RunOptionHandler.run(RunCommand.java:108)
 at org.springframework.boot.cli.command.options.OptionHandler.run(OptionHandler.java:92)
 at org.springframework.boot.cli.command.OptionParsingCommand.run(OptionParsingCommand.java:53)
 at org.springframework.boot.cli.CliTester$1.call(CliTester.java:104)
 at org.springframework.boot.cli.CliTester$1.call(CliTester.java:98)
 at java.util.concurrent.FutureTask.run(FutureTask.java:266)
 at java.util.concurrent.ThreadPoolExecutor.runWorker(ThreadPoolExecutor.java:1149)
 at java.util.concurrent.ThreadPoolExecutor$Worker.run(ThreadPoolExecutor.java:624)
 at java.lang.Thread.run(Thread.java:748)
Caused by: org.eclipse.aether.resolution.DependencyResolutionException: Failed to collect dependencies at org.codehaus.groovy.modules.http-builder:http-builder:jar:0.5.2
 at org.eclipse.aether.internal.impl.DefaultRepositorySystem.resolveDependencies(DefaultRepositorySystem.java:401)
 at org.springframework.boot.cli.compiler.grape.AetherGrapeEngine.resolve(AetherGrapeEngine.java:215)
 ... 19 more
Caused by: org.eclipse.aether.collection.DependencyCollectionException: Failed to collect dependencies at org.codehaus.groovy.modules.http-builder:http-builder:jar:0.5.2
 at org.eclipse.aether.internal.impl.DefaultDependencyCollector.collectDependencies(DefaultDependencyCollector.java:303)
 at org.eclipse.aether.internal.impl.DefaultRepositorySystem.resolveDependencies(DefaultRepositorySystem.java:362)
 ... 20 more
Caused by: org.eclipse.aether.resolution.ArtifactDescriptorException: Failed to read artifact descriptor for org.codehaus.groovy.modules.http-builder:http-builder:jar:0.5.2
 at org.apache.maven.repository.internal.DefaultArtifactDescriptorReader.loadPom(DefaultArtifactDescriptorReader.java:335)
 at org.apache.maven.repository.internal.DefaultArtifactDescriptorReader.readArtifactDescriptor(DefaultArtifactDescriptorReader.java:217)
 at org.eclipse.aether.internal.impl.DefaultDependencyCollector.resolveCachedArtifactDescriptor(DefaultDependencyCollector.java:537)
 at org.eclipse.aether.internal.impl.DefaultDependencyCollector.getArtifactDescriptorResult(DefaultDependencyCollector.java:521)
 at org.eclipse.aether.internal.impl.DefaultDependencyCollector.processDependency(DefaultDependencyCollector.java:421)
 at org.eclipse.aether.internal.impl.DefaultDependencyCollector.processDependency(DefaultDependencyCollector.java:375)
 at org.eclipse.aether.internal.impl.DefaultDependencyCollector.process(DefaultDependencyCollector.java:363)
 at org.eclipse.aether.internal.impl.DefaultDependencyCollector.collectDependencies(DefaultDependencyCollector.java:266)
 ... 21 more
Caused by: org.eclipse.aether.resolution.ArtifactResolutionException: Could not transfer artifact org.codehaus.groovy.modules.http-builder:http-builder:pom:0.5.2 from/to central (http://repo1.maven.org/maven2/): HTTPS Required (501)
 at org.eclipse.aether.internal.impl.DefaultArtifactResolver.resolve(DefaultArtifactResolver.java:462)
 at org.eclipse.aether.internal.impl.DefaultArtifactResolver.resolveArtifacts(DefaultArtifactResolver.java:264)
 at org.eclipse.aether.internal.impl.DefaultArtifactResolver.resolveArtifact(DefaultArtifactResolver.java:241)
 at org.apache.maven.repository.internal.DefaultArtifactDescriptorReader.loadPom(DefaultArtifactDescriptorReader.java:320)
 ... 28 more
Caused by: org.eclipse.aether.transfer.ArtifactTransferException: Could not transfer artifact org.codehaus.groovy.modules.http-builder:http-builder:pom:0.5.2 from/to central (http://repo1.maven.org/maven2/): HTTPS Required (501)
 at org.eclipse.aether.connector.basic.ArtifactTransportListener.transferFailed(ArtifactTransportListener.java:43)
 at org.eclipse.aether.connector.basic.BasicRepositoryConnector$TaskRunner.run(BasicRepositoryConnector.java:355)
 at org.eclipse.aether.util.concurrency.RunnableErrorForwarder$1.run(RunnableErrorForwarder.java:67)
 at org.eclipse.aether.connector.basic.BasicRepositoryConnector$DirectExecutor.execute(BasicRepositoryConnector.java:581)
 at org.eclipse.aether.connector.basic.BasicRepositoryConnector.get(BasicRepositoryConnector.java:249)
 at org.eclipse.aether.internal.impl.DefaultArtifactResolver.performDownloads(DefaultArtifactResolver.java:538)
 at org.eclipse.aether.internal.impl.DefaultArtifactResolver.resolve(DefaultArtifactResolver.java:439)
 ... 31 more
Caused by: org.apache.http.client.HttpResponseException: HTTPS Required (501)
 at org.eclipse.aether.transport.http.HttpTransporter.handleStatus(HttpTransporter.java:458)
 at org.eclipse.aether.transport.http.HttpTransporter.execute(HttpTransporter.java:283)
 at org.eclipse.aether.transport.http.HttpTransporter.implGet(HttpTransporter.java:235)
 at org.eclipse.aether.spi.connector.transport.AbstractTransporter.get(AbstractTransporter.java:59)
 at org.eclipse.aether.connector.basic.BasicRepositoryConnector$GetTaskRunner.runTask(BasicRepositoryConnector.java:447)
 at org.eclipse.aether.connector.basic.BasicRepositoryConnector$TaskRunner.run(BasicRepositoryConnector.java:350)
 ... 36 more

1 error
"
spring-projects-spring-boot,org.springframework.boot.cli.SampleIntegrationTests#jobSample,matched (10 report(s) available),java.lang.AssertionError,Order Dependent,"low-confidence guess: found phrase 'illegalstateexception' which can indicate leftover state from another test, but this cannot be confirmed without cross-test execution context","Wrong output: 
  .   ____          _            __ _ _
 /\\ / ___'_ __ _ _(_)_ __  __ _ \ \ \ \
( ( )\___ | '_ | '_| | '_ \/ _` | \ \ \ \
 \\/  ___)| |_)| | | | | || (_| |  ) ) ) )
  '  |____| .__|_| |_|_| |_\__, | / / / /
 =========|_|==============|___/=/_/_/_/
 :: Spring Boot ::  (v1.2.0.BUILD-SNAPSHOT)

2019-08-28 00:00:12.665  INFO 3932 --- [      runner-19] o.s.boot.SpringApplication               : Starting application on ip-172-31-62-70 with PID 3932 (/root/.m2/repository/org/springframework/boot/spring-boot/1.2.0.BUILD-SNAPSHOT/spring-boot-1.2.0.BUILD-SNAPSHOT.jar started by root in /working/proj/spring-projects-spring-boot-616/spring-projects-spring-boot/spring-boot-cli)
2019-08-28 00:00:12.668 DEBUG 3932 --- [      runner-19] o.s.boot.SpringApplication               : Running with Spring Boot v1.2.0.BUILD-SNAPSHOT, Spring v4.1.1.RELEASE
2019-08-28 00:00:12.668 DEBUG 3932 --- [      runner-19] o.s.boot.SpringApplication               : Loading source class org.test.JobConfig,class org.test.JobConfig$1
2019-08-28 00:00:12.703 DEBUG 3932 --- [      runner-19] o.s.b.c.c.ConfigFileApplicationListener  : Activated profiles integration
2019-08-28 00:00:12.704 DEBUG 3932 --- [      runner-19] o.s.b.c.c.ConfigFileApplicationListener  : Skipped config file 'file:./config/application.xml' resource not found
2019-08-28 00:00:12.704 DEBUG 3932 --- [      runner-19] o.s.b.c.c.ConfigFileApplicationListener  : Skipped config file 'file:./config/application.yml' resource not found
2019-08-28 00:00:12.704 DEBUG 3932 --- [      runner-19] o.s.b.c.c.ConfigFileApplicationListener  : Skipped config file 'file:./config/application.properties' resource not found
2019-08-28 00:00:12.704 DEBUG 3932 --- [      runner-19] o.s.b.c.c.ConfigFileApplicationListener  : Skipped config file 'file:./config/application.yaml' resource not found
2019-08-28 00:00:12.704 DEBUG 3932 --- [      runner-19] o.s.b.c.c.ConfigFileApplicationListener  : Skipped config file 'file:./application.xml' resource not found
2019-08-28 00:00:12.705 DEBUG 3932 --- [      runner-19] o.s.b.c.c.ConfigFileApplicationListener  : Skipped config file 'file:./application.yml' resource not found
2019-08-28 00:00:12.705 DEBUG 3932 --- [      runner-19] o.s.b.c.c.ConfigFileApplicationListener  : Skipped config file 'file:./application.properties' resource not found
2019-08-28 00:00:12.705 DEBUG 3932 --- [      runner-19] o.s.b.c.c.ConfigFileApplicationListener  : Skipped config file 'file:./application.yaml' resource not found
2019-08-28 00:00:12.705 DEBUG 3932 --- [      runner-19] o.s.b.c.c.ConfigFileApplicationListener  : Skipped config file 'classpath:/config/application.xml' resource not found
2019-08-28 00:00:12.705 DEBUG 3932 --- [      runner-19] o.s.b.c.c.ConfigFileApplicationListener  : Skipped config file 'classpath:/config/application.yml' resource not found
2019-08-28 00:00:12.705 DEBUG 3932 --- [      runner-19] o.s.b.c.c.ConfigFileApplicationListener  : Skipped config file 'classpath:/config/application.properties' resource not found
2019-08-28 00:00:12.705 DEBUG 3932 --- [      runner-19] o.s.b.c.c.ConfigFileApplicationListener  : Skipped config file 'classpath:/config/application.yaml' resource not found
2019-08-28 00:00:12.706 DEBUG 3932 --- [      runner-19] o.s.b.c.c.ConfigFileApplicationListener  : Skipped config file 'classpath:/application.xml' resource not found
2019-08-28 00:00:12.706 DEBUG 3932 --- [      runner-19] o.s.b.c.c.ConfigFileApplicationListener  : Skipped config file 'classpath:/application.yml' resource not found
2019-08-28 00:00:12.706 DEBUG 3932 --- [      runner-19] o.s.b.c.c.ConfigFileApplicationListener  : Skipped config file 'classpath:/application.properties' resource not found
2019-08-28 00:00:12.708 DEBUG 3932 --- [      runner-19] o.s.b.c.c.ConfigFileApplicationListener  : Skipped config file 'classpath:/application.yaml' resource not found
2019-08-28 00:00:12.709 DEBUG 3932 --- [      runner-19] o.s.b.c.c.ConfigFileApplicationListener  : Skipped config file 'file:./config/application-integration.xml' resource not found
2019-08-28 00:00:12.709 DEBUG 3932 --- [      runner-19] o.s.b.c.c.ConfigFileApplicationListener  : Skipped config file 'file:./config/application-integration.xml' for profile integrationresource not found
2019-08-28 00:00:12.709 DEBUG 3932 --- [      runner-19] o.s.b.c.c.ConfigFileApplicationListener  : Skipped config file 'file:./config/application.xml' for profile integrationresource not found
2019-08-28 00:00:12.710 DEBUG 3932 --- [      runner-19] o.s.b.c.c.ConfigFileApplicationListener  : Skipped config file 'file:./config/application-integration.yml' resource not found
2019-08-28 00:00:12.710 DEBUG 3932 --- [      runner-19] o.s.b.c.c.ConfigFileApplicationListener  : Skipped config file 'file:./config/application-integration.yml' for profile integrationresource not found
2019-08-28 00:00:12.710 DEBUG 3932 --- [      runner-19] o.s.b.c.c.ConfigFileApplicationListener  : Skipped config file 'file:./config/application.yml' for profile integrationresource not found
2019-08-28 00:00:12.710 DEBUG 3932 --- [      runner-19] o.s.b.c.c.ConfigFileApplicationListener  : Skipped config file 'file:./config/application-integration.properties' resource not found
2019-08-28 00:00:12.710 DEBUG 3932 --- [      runner-19] o.s.b.c.c.ConfigFileApplicationListener  : Skipped config file 'file:./config/application-integration.properties' for profile integrationresource not found
2019-08-28 00:00:12.710 DEBUG 3932 --- [      runner-19] o.s.b.c.c.ConfigFileApplicationListener  : Skipped config file 'file:./config/application.properties' for profile integrationresource not found
2019-08-28 00:00:12.711 DEBUG 3932 --- [      runner-19] o.s.b.c.c.ConfigFileApplicationListener  : Skipped config file 'file:./config/application-integration.yaml' resource not found
2019-08-28 00:00:12.711 DEBUG 3932 --- [      runner-19] o.s.b.c.c.ConfigFileApplicationListener  : Skipped config file 'file:./config/application-integration.yaml' for profile integrationresource not found
2019-08-28 00:00:12.711 DEBUG 3932 --- [      runner-19] o.s.b.c.c.ConfigFileApplicationListener  : Skipped config file 'file:./config/application.yaml' for profile integrationresource not found
2019-08-28 00:00:12.711 DEBUG 3932 --- [      runner-19] o.s.b.c.c.ConfigFileApplicationListener  : Skipped config file 'file:./application-integration.xml' resource not found
2019-08-28 00:00:12.711 DEBUG 3932 --- [      runner-19] o.s.b.c.c.ConfigFileApplicationListener  : Skipped config file 'file:./application-integration.xml' for profile integrationresource not found
2019-08-28 00:00:12.711 DEBUG 3932 --- [      runner-19] o.s.b.c.c.ConfigFileApplicationListener  : Skipped config file 'file:./application.xml' for profile integrationresource not found
2019-08-28 00:00:12.712 DEBUG 3932 --- [      runner-19] o.s.b.c.c.ConfigFileApplicationListener  : Skipped config file 'file:./application-integration.yml' resource not found
2019-08-28 00:00:12.712 DEBUG 3932 --- [      runner-19] o.s.b.c.c.ConfigFileApplicationListener  : Skipped config file 'file:./application-integration.yml' for profile integrationresource not found
2019-08-28 00:00:12.716 DEBUG 3932 --- [      runner-19] o.s.b.c.c.ConfigFileApplicationListener  : Skipped config file 'file:./application.yml' for profile integrationresource not found
2019-08-28 00:00:12.716 DEBUG 3932 --- [      runner-19] o.s.b.c.c.ConfigFileApplicationListener  : Skipped config file 'file:./application-integration.properties' resource not found
2019-08-28 00:00:12.716 DEBUG 3932 --- [      runner-19] o.s.b.c.c.ConfigFileApplicationListener  : Skipped config file 'file:./application-integration.properties' for profile integrationresource not found
2019-08-28 00:00:12.716 DEBUG 3932 --- [      runner-19] o.s.b.c.c.ConfigFileApplicationListener  : Skipped config file 'file:./application.properties' for profile integrationresource not found
2019-08-28 00:00:12.716 DEBUG 3932 --- [      runner-19] o.s.b.c.c.ConfigFileApplicationListener  : Skipped config file 'file:./application-integration.yaml' resource not found
2019-08-28 00:00:12.717 DEBUG 3932 --- [      runner-19] o.s.b.c.c.ConfigFileApplicationListener  : Skipped config file 'file:./application-integration.yaml' for profile integrationresource not found
2019-08-28 00:00:12.717 DEBUG 3932 --- [      runner-19] o.s.b.c.c.ConfigFileApplicationListener  : Skipped config file 'file:./application.yaml' for profile integrationresource not found
2019-08-28 00:00:12.717 DEBUG 3932 --- [      runner-19] o.s.b.c.c.ConfigFileApplicationListener  : Skipped config file 'classpath:/config/application-integration.xml' resource not found
2019-08-28 00:00:12.717 DEBUG 3932 --- [      runner-19] o.s.b.c.c.ConfigFileApplicationListener  : Skipped config file 'classpath:/config/application-integration.xml' for profile integrationresource not found
2019-08-28 00:00:12.717 DEBUG 3932 --- [      runner-19] o.s.b.c.c.ConfigFileApplicationListener  : Skipped config file 'classpath:/config/application.xml' for profile integrationresource not found
2019-08-28 00:00:12.717 DEBUG 3932 --- [      runner-19] o.s.b.c.c.ConfigFileApplicationListener  : Skipped config file 'classpath:/config/application-integration.yml' resource not found
2019-08-28 00:00:12.717 DEBUG 3932 --- [      runner-19] o.s.b.c.c.ConfigFileApplicationListener  : Skipped config file 'classpath:/config/application-integration.yml' for profile integrationresource not found
2019-08-28 00:00:12.717 DEBUG 3932 --- [      runner-19] o.s.b.c.c.ConfigFileApplicationListener  : Skipped config file 'classpath:/config/application.yml' for profile integrationresource not found
2019-08-28 00:00:12.718 DEBUG 3932 --- [      runner-19] o.s.b.c.c.ConfigFileApplicationListener  : Skipped config file 'classpath:/config/application-integration.properties' resource not found
2019-08-28 00:00:12.718 DEBUG 3932 --- [      runner-19] o.s.b.c.c.ConfigFileApplicationListener  : Skipped config file 'classpath:/config/application-integration.properties' for profile integrationresource not found
2019-08-28 00:00:12.718 DEBUG 3932 --- [      runner-19] o.s.b.c.c.ConfigFileApplicationListener  : Skipped config file 'classpath:/config/application.properties' for profile integrationresource not found
2019-08-28 00:00:12.718 DEBUG 3932 --- [      runner-19] o.s.b.c.c.ConfigFileApplicationListener  : Skipped config file 'classpath:/config/application-integration.yaml' resource not found
2019-08-28 00:00:12.718 DEBUG 3932 --- [      runner-19] o.s.b.c.c.ConfigFileApplicationListener  : Skipped config file 'classpath:/config/application-integration.yaml' for profile integrationresource not found
2019-08-28 00:00:12.721 DEBUG 3932 --- [      runner-19] o.s.b.c.c.ConfigFileApplicationListener  : Skipped config file 'classpath:/config/application.yaml' for profile integrationresource not found
2019-08-28 00:00:12.721 DEBUG 3932 --- [      runner-19] o.s.b.c.c.ConfigFileApplicationListener  : Skipped config file 'classpath:/application-integration.xml' resource not found
2019-08-28 00:00:12.721 DEBUG 3932 --- [      runner-19] o.s.b.c.c.ConfigFileApplicationListener  : Skipped config file 'classpath:/application-integration.xml' for profile integrationresource not found
2019-08-28 00:00:12.721 DEBUG 3932 --- [      runner-19] o.s.b.c.c.ConfigFileApplicationListener  : Skipped config file 'classpath:/application.xml' for profile integrationresource not found
2019-08-28 00:00:12.721 DEBUG 3932 --- [      runner-19] o.s.b.c.c.ConfigFileApplicationListener  : Skipped config file 'classpath:/application-integration.yml' resource not found
2019-08-28 00:00:12.721 DEBUG 3932 --- [      runner-19] o.s.b.c.c.ConfigFileApplicationListener  : Skipped config file 'classpath:/application-integration.yml' for profile integrationresource not found
2019-08-28 00:00:12.721 DEBUG 3932 --- [      runner-19] o.s.b.c.c.ConfigFileApplicationListener  : Skipped config file 'classpath:/application.yml' for profile integrationresource not found
2019-08-28 00:00:12.722 DEBUG 3932 --- [      runner-19] o.s.b.c.c.ConfigFileApplicationListener  : Skipped config file 'classpath:/application-integration.properties' resource not found
2019-08-28 00:00:12.722 DEBUG 3932 --- [      runner-19] o.s.b.c.c.ConfigFileApplicationListener  : Skipped config file 'classpath:/application-integration.properties' for profile integrationresource not found
2019-08-28 00:00:12.722 DEBUG 3932 --- [      runner-19] o.s.b.c.c.ConfigFileApplicationListener  : Skipped config file 'classpath:/application.properties' for profile integrationresource not found
2019-08-28 00:00:12.722 DEBUG 3932 --- [      runner-19] o.s.b.c.c.ConfigFileApplicationListener  : Skipped config file 'classpath:/application-integration.yaml' resource not found
2019-08-28 00:00:12.722 DEBUG 3932 --- [      runner-19] o.s.b.c.c.ConfigFileApplicationListener  : Skipped config file 'classpath:/application-integration.yaml' for profile integrationresource not found
2019-08-28 00:00:12.722 DEBUG 3932 --- [      runner-19] o.s.b.c.c.ConfigFileApplicationListener  : Skipped config file 'classpath:/application.yaml' for profile integrationresource not found
2019-08-28 00:00:12.723  INFO 3932 --- [      runner-19] s.c.a.AnnotationConfigApplicationContext : Refreshing org.springframework.context.annotation.AnnotationConfigApplicationContext@7f653ead: startup date [Wed Aug 28 00:00:12 UTC 2019]; root of context hierarchy
2019-08-28 00:00:12.809  WARN 3932 --- [      runner-19] s.c.a.AnnotationConfigApplicationContext : Exception encountered during context initialization - cancelling refresh attempt

org.springframework.beans.factory.BeanDefinitionStoreException: Failed to process import candidates for configuration class [org.test.JobConfig]; nested exception is java.lang.IllegalStateException: java.io.FileNotFoundException: class path resource [org/springframework/boot/autoconfigure/aop/AopAutoConfiguration.class] cannot be opened because it does not exist
 at org.springframework.context.annotation.ConfigurationClassParser.processDeferredImportSelectors(ConfigurationClassParser.java:433)
 at org.springframework.context.annotation.ConfigurationClassParser.parse(ConfigurationClassParser.java:175)
 at org.springframework.context.annotation.ConfigurationClassPostProcessor.processConfigBeanDefinitions(ConfigurationClassPostProcessor.java:306)
 at org.springframework.context.annotation.ConfigurationClassPostProcessor.postProcessBeanDefinitionRegistry(ConfigurationClassPostProcessor.java:239)
 at org.springframework.context.support.PostProcessorRegistrationDelegate.invokeBeanDefinitionRegistryPostProcessors(PostProcessorRegistrationDelegate.java:254)
 at org.springframework.context.support.PostProcessorRegistrationDelegate.invokeBeanFactoryPostProcessors(PostProcessorRegistrationDelegate.java:94)
 at org.springframework.context.support.AbstractApplicationContext.invokeBeanFactoryPostProcessors(AbstractApplicationContext.java:606)
 at org.springframework.context.support.AbstractApplicationContext.refresh(AbstractApplicationContext.java:462)
 at org.springframework.boot.SpringApplication.refresh(SpringApplication.java:691)
 at org.springframework.boot.SpringApplication.run(SpringApplication.java:321)
 at org.springframework.boot.SpringApplication.run(SpringApplication.java:961)
 at sun.reflect.NativeMethodAccessorImpl.invoke0(Native Method)
 at sun.reflect.NativeMethodAccessorImpl.invoke(NativeMethodAccessorImpl.java:62)
 at sun.reflect.DelegatingMethodAccessorImpl.invoke(DelegatingMethodAccessorImpl.java:43)
 at java.lang.reflect.Method.invoke(Method.java:498)
 at org.springframework.boot.cli.command.run.SpringApplicationRunner$RunThread.run(SpringApplicationRunner.java:152)
Caused by: java.lang.IllegalStateException: java.io.FileNotFoundException: class path resource [org/springframework/boot/autoconfigure/aop/AopAutoConfiguration.class] cannot be opened because it does not exist
 at org.springframework.boot.autoconfigure.EnableAutoConfigurationImportSelector.selectImports(EnableAutoConfigurationImportSelector.java:78)
 at org.springframework.context.annotation.ConfigurationClassParser.processDeferredImportSelectors(ConfigurationClassParser.java:425)
 ... 15 common frames omitted
Caused by: java.io.FileNotFoundException: class path resource [org/springframework/boot/autoconfigure/aop/AopAutoConfiguration.class] cannot be opened because it does not exist
 at org.springframework.core.io.ClassPathResource.getInputStream(ClassPathResource.java:172)
 at org.springframework.core.type.classreading.SimpleMetadataReader.<init>(SimpleMetadataReader.java:50)
 at org.springframework.core.type.classreading.SimpleMetadataReaderFactory.getMetadataReader(SimpleMetadataReaderFactory.java:82)
 at org.springframework.core.type.classreading.CachingMetadataReaderFactory.getMetadataReader(CachingMetadataReaderFactory.java:102)
 at org.springframework.core.type.classreading.SimpleMetadataReaderFactory.getMetadataReader(SimpleMetadataReaderFactory.java:77)
 at org.springframework.boot.autoconfigure.AutoConfigurationSorter$AutoConfigurationClasses.<init>(AutoConfigurationSorter.java:121)
 at org.springframework.boot.autoconfigure.AutoConfigurationSorter.getInPriorityOrder(AutoConfigurationSorter.java:60)
 at org.springframework.boot.autoconfigure.EnableAutoConfigurationImportSelector.selectImports(EnableAutoConfigurationImportSelector.java:72)
 ... 16 common frames omitted

2019-08-28 00:00:12.811  INFO 3932 --- [      runner-19] .b.l.ClasspathLoggingApplicationListener : Application failed to start with classpath: []
2019-08-28 00:00:12.812 ERROR 3932 --- [      runner-19] o.s.boot.SpringApplication               : Application startup failed

org.springframework.beans.factory.BeanDefinitionStoreException: Failed to process import candidates for configuration class [org.test.JobConfig]; nested exception is java.lang.IllegalStateException: java.io.FileNotFoundException: class path resource [org/springframework/boot/autoconfigure/aop/AopAutoConfiguration.class] cannot be opened because it does not exist
 at org.springframework.context.annotation.ConfigurationClassParser.processDeferredImportSelectors(ConfigurationClassParser.java:433)
 at org.springframework.context.annotation.ConfigurationClassParser.parse(ConfigurationClassParser.java:175)
 at org.springframework.context.annotation.ConfigurationClassPostProcessor.processConfigBeanDefinitions(ConfigurationClassPostProcessor.java:306)
 at org.springframework.context.annotation.ConfigurationClassPostProcessor.postProcessBeanDefinitionRegistry(ConfigurationClassPostProcessor.java:239)
 at org.springframework.context.support.PostProcessorRegistrationDelegate.invokeBeanDefinitionRegistryPostProcessors(PostProcessorRegistrationDelegate.java:254)
 at org.springframework.context.support.PostProcessorRegistrationDelegate.invokeBeanFactoryPostProcessors(PostProcessorRegistrationDelegate.java:94)
 at org.springframework.context.support.AbstractApplicationContext.invokeBeanFactoryPostProcessors(AbstractApplicationContext.java:606)
 at org.springframework.context.support.AbstractApplicationContext.refresh(AbstractApplicationContext.java:462)
 at org.springframework.boot.SpringApplication.refresh(SpringApplication.java:691)
 at org.springframework.boot.SpringApplication.run(SpringApplication.java:321)
 at org.springframework.boot.SpringApplication.run(SpringApplication.java:961)
 at sun.reflect.NativeMethodAccessorImpl.invoke0(Native Method)
 at sun.reflect.NativeMethodAccessorImpl.invoke(NativeMethodAccessorImpl.java:62)
 at sun.reflect.DelegatingMethodAccessorImpl.invoke(DelegatingMethodAccessorImpl.java:43)
 at java.lang.reflect.Method.invoke(Method.java:498)
 at org.springframework.boot.cli.command.run.SpringApplicationRunner$RunThread.run(SpringApplicationRunner.java:152)
Caused by: java.lang.IllegalStateException: java.io.FileNotFoundException: class path resource [org/springframework/boot/autoconfigure/aop/AopAutoConfiguration.class] cannot be opened because it does not exist
 at org.springframework.boot.autoconfigure.EnableAutoConfigurationImportSelector.selectImports(EnableAutoConfigurationImportSelector.java:78)
 at org.springframework.context.annotation.ConfigurationClassParser.processDeferredImportSelectors(ConfigurationClassParser.java:425)
 ... 15 common frames omitted
Caused by: java.io.FileNotFoundException: class path resource [org/springframework/boot/autoconfigure/aop/AopAutoConfiguration.class] cannot be opened because it does not exist
 at org.springframework.core.io.ClassPathResource.getInputStream(ClassPathResource.java:172)
 at org.springframework.core.type.classreading.SimpleMetadataReader.<init>(SimpleMetadataReader.java:50)
 at org.springframework.core.type.classreading.SimpleMetadataReaderFactory.getMetadataReader(SimpleMetadataReaderFactory.java:82)
 at org.springframework.core.type.classreading.CachingMetadataReaderFactory.getMetadataReader(CachingMetadataReaderFactory.java:102)
 at org.springframework.core.type.classreading.SimpleMetadataReaderFactory.getMetadataReader(SimpleMetadataReaderFactory.java:77)
 at org.springframework.boot.autoconfigure.AutoConfigurationSorter$AutoConfigurationClasses.<init>(AutoConfigurationSorter.java:121)
 at org.springframework.boot.autoconfigure.AutoConfigurationSorter.getInPriorityOrder(AutoConfigurationSorter.java:60)
 at org.springframework.boot.autoconfigure.EnableAutoConfigurationImportSelector.selectImports(EnableAutoConfigurationImportSelector.java:72)
 ... 16 common frames omitted

java.lang.reflect.InvocationTargetException
 at sun.reflect.NativeMethodAccessorImpl.invoke0(Native Method)
 at sun.reflect.NativeMethodAccessorImpl.invoke(NativeMethodAccessorImpl.java:62)
 at sun.reflect.DelegatingMethodAccessorImpl.invoke(DelegatingMethodAccessorImpl.java:43)
 at java.lang.reflect.Method.invoke(Method.java:498)
 at org.springframework.boot.cli.command.run.SpringApplicationRunner$RunThread.run(SpringApplicationRunner.java:152)
Caused by: org.springframework.beans.factory.BeanDefinitionStoreException: Failed to process import candidates for configuration class [org.test.JobConfig]; nested exception is java.lang.IllegalStateException: java.io.FileNotFoundException: class path resource [org/springframework/boot/autoconfigure/aop/AopAutoConfiguration.class] cannot be opened because it does not exist
 at org.springframework.context.annotation.ConfigurationClassParser.processDeferredImportSelectors(ConfigurationClassParser.java:433)
 at org.springframework.context.annotation.ConfigurationClassParser.parse(ConfigurationClassParser.java:175)
 at org.springframework.context.annotation.ConfigurationClassPostProcessor.processConfigBeanDefinitions(ConfigurationClassPostProcessor.java:306)
 at org.springframework.context.annotation.ConfigurationClassPostProcessor.postProcessBeanDefinitionRegistry(ConfigurationClassPostProcessor.java:239)
 at org.springframework.context.support.PostProcessorRegistrationDelegate.invokeBeanDefinitionRegistryPostProcessors(PostProcessorRegistrationDelegate.java:254)
 at org.springframework.context.support.PostProcessorRegistrationDelegate.invokeBeanFactoryPostProcessors(PostProcessorRegistrationDelegate.java:94)
 at org.springframework.context.support.AbstractApplicationContext.invokeBeanFactoryPostProcessors(AbstractApplicationContext.java:606)
 at org.springframework.context.support.AbstractApplicationContext.refresh(AbstractApplicationContext.java:462)
 at org.springframework.boot.SpringApplication.refresh(SpringApplication.java:691)
 at org.springframework.boot.SpringApplication.run(SpringApplication.java:321)
 at org.springframework.boot.SpringApplication.run(SpringApplication.java:961)
 ... 5 more
Caused by: java.lang.IllegalStateException: java.io.FileNotFoundException: class path resource [org/springframework/boot/autoconfigure/aop/AopAutoConfiguration.class] cannot be opened because it does not exist
 at org.springframework.boot.autoconfigure.EnableAutoConfigurationImportSelector.selectImports(EnableAutoConfigurationImportSelector.java:78)
 at org.springframework.context.annotation.ConfigurationClassParser.processDeferredImportSelectors(ConfigurationClassParser.java:425)
 ... 15 more
Caused by: java.io.FileNotFoundException: class path resource [org/springframework/boot/autoconfigure/aop/AopAutoConfiguration.class] cannot be opened because it does not exist
 at org.springframework.core.io.ClassPathResource.getInputStream(ClassPathResource.java:172)
 at org.springframework.core.type.classreading.SimpleMetadataReader.<init>(SimpleMetadataReader.java:50)
 at org.springframework.core.type.classreading.SimpleMetadataReaderFactory.getMetadataReader(SimpleMetadataReaderFactory.java:82)
 at org.springframework.core.type.classreading.CachingMetadataReaderFactory.getMetadataReader(CachingMetadataReaderFactory.java:102)
 at org.springframework.core.type.classreading.SimpleMetadataReaderFactory.getMetadataReader(SimpleMetadataReaderFactory.java:77)
 at org.springframework.boot.autoconfigure.AutoConfigurationSorter$AutoConfigurationClasses.<init>(AutoConfigurationSorter.java:121)
 at org.springframework.boot.autoconfigure.AutoConfigurationSorter.getInPriorityOrder(AutoConfigurationSorter.java:60)
 at org.springframework.boot.autoconfigure.EnableAutoConfigurationImportSelector.selectImports(EnableAutoConfigurationImportSelector.java:72)
 ... 16 more
"
spring-projects-spring-boot,org.springframework.boot.cli.SampleIntegrationTests#actuatorSample,matched (10 report(s) available),java.lang.IllegalStateException,Order Dependent,"low-confidence guess: found phrase 'illegalstateexception' which can indicate leftover state from another test, but this cannot be confirmed without cross-test execution context",java.lang.IllegalStateException: java.net.ConnectException: Connection refused (Connection refused)
spring-projects-spring-boot,org.springframework.boot.cli.SampleIntegrationTests#appSample,matched (11 report(s) available),java.lang.AssertionError,Order Dependent,"low-confidence guess: found phrase 'illegalstateexception' which can indicate leftover state from another test, but this cannot be confirmed without cross-test execution context","Wrong output: 
  .   ____          _            __ _ _
 /\\ / ___'_ __ _ _(_)_ __  __ _ \ \ \ \
( ( )\___ | '_ | '_| | '_ \/ _` | \ \ \ \
 \\/  ___)| |_)| | | | | || (_| |  ) ) ) )
  '  |____| .__|_| |_|_| |_\__, | / / / /
 =========|_|==============|___/=/_/_/_/
 :: Spring Boot ::  (v1.2.0.BUILD-SNAPSHOT)

2019-09-06 00:00:07.335  INFO 3859 --- [      runner-21] o.s.boot.SpringApplication               : Starting application on ip-172-31-62-234 with PID 3859 (/root/.m2/repository/org/springframework/boot/spring-boot/1.2.0.BUILD-SNAPSHOT/spring-boot-1.2.0.BUILD-SNAPSHOT.jar started by root in /working/proj/spring-projects-spring-boot-2914/spring-projects-spring-boot/spring-boot-cli)
2019-09-06 00:00:07.337 DEBUG 3859 --- [      runner-21] o.s.boot.SpringApplication               : Running with Spring Boot v1.2.0.BUILD-SNAPSHOT, Spring v4.1.1.RELEASE
2019-09-06 00:00:07.338 DEBUG 3859 --- [      runner-21] o.s.boot.SpringApplication               : Loading source class org.test.MyService,class org.test.Example
2019-09-06 00:00:07.368 DEBUG 3859 --- [      runner-21] o.s.b.c.c.ConfigFileApplicationListener  : Activated profiles integration
2019-09-06 00:00:07.368 DEBUG 3859 --- [      runner-21] o.s.b.c.c.ConfigFileApplicationListener  : Skipped config file 'file:./config/application.xml' resource not found
2019-09-06 00:00:07.369 DEBUG 3859 --- [      runner-21] o.s.b.c.c.ConfigFileApplicationListener  : Skipped config file 'file:./config/application.yml' resource not found
2019-09-06 00:00:07.369 DEBUG 3859 --- [      runner-21] o.s.b.c.c.ConfigFileApplicationListener  : Skipped config file 'file:./config/application.properties' resource not found
2019-09-06 00:00:07.369 DEBUG 3859 --- [      runner-21] o.s.b.c.c.ConfigFileApplicationListener  : Skipped config file 'file:./config/application.yaml' resource not found
2019-09-06 00:00:07.369 DEBUG 3859 --- [      runner-21] o.s.b.c.c.ConfigFileApplicationListener  : Skipped config file 'file:./application.xml' resource not found
2019-09-06 00:00:07.369 DEBUG 3859 --- [      runner-21] o.s.b.c.c.ConfigFileApplicationListener  : Skipped config file 'file:./application.yml' resource not found
2019-09-06 00:00:07.369 DEBUG 3859 --- [      runner-21] o.s.b.c.c.ConfigFileApplicationListener  : Skipped config file 'file:./application.properties' resource not found
2019-09-06 00:00:07.369 DEBUG 3859 --- [      runner-21] o.s.b.c.c.ConfigFileApplicationListener  : Skipped config file 'file:./application.yaml' resource not found
2019-09-06 00:00:07.369 DEBUG 3859 --- [      runner-21] o.s.b.c.c.ConfigFileApplicationListener  : Skipped config file 'classpath:/config/application.xml' resource not found
2019-09-06 00:00:07.370 DEBUG 3859 --- [      runner-21] o.s.b.c.c.ConfigFileApplicationListener  : Skipped config file 'classpath:/config/application.yml' resource not found
2019-09-06 00:00:07.370 DEBUG 3859 --- [      runner-21] o.s.b.c.c.ConfigFileApplicationListener  : Skipped config file 'classpath:/config/application.properties' resource not found
2019-09-06 00:00:07.370 DEBUG 3859 --- [      runner-21] o.s.b.c.c.ConfigFileApplicationListener  : Skipped config file 'classpath:/config/application.yaml' resource not found
2019-09-06 00:00:07.370 DEBUG 3859 --- [      runner-21] o.s.b.c.c.ConfigFileApplicationListener  : Skipped config file 'classpath:/application.xml' resource not found
2019-09-06 00:00:07.370 DEBUG 3859 --- [      runner-21] o.s.b.c.c.ConfigFileApplicationListener  : Skipped config file 'classpath:/application.yml' resource not found
2019-09-06 00:00:07.370 DEBUG 3859 --- [      runner-21] o.s.b.c.c.ConfigFileApplicationListener  : Skipped config file 'classpath:/application.properties' resource not found
2019-09-06 00:00:07.370 DEBUG 3859 --- [      runner-21] o.s.b.c.c.ConfigFileApplicationListener  : Skipped config file 'classpath:/application.yaml' resource not found
2019-09-06 00:00:07.370 DEBUG 3859 --- [      runner-21] o.s.b.c.c.ConfigFileApplicationListener  : Skipped config file 'file:./config/application-integration.xml' resource not found
2019-09-06 00:00:07.370 DEBUG 3859 --- [      runner-21] o.s.b.c.c.ConfigFileApplicationListener  : Skipped config file 'file:./config/application-integration.xml' for profile integrationresource not found
2019-09-06 00:00:07.371 DEBUG 3859 --- [      runner-21] o.s.b.c.c.ConfigFileApplicationListener  : Skipped config file 'file:./config/application.xml' for profile integrationresource not found
2019-09-06 00:00:07.371 DEBUG 3859 --- [      runner-21] o.s.b.c.c.ConfigFileApplicationListener  : Skipped config file 'file:./config/application-integration.yml' resource not found
2019-09-06 00:00:07.371 DEBUG 3859 --- [      runner-21] o.s.b.c.c.ConfigFileApplicationListener  : Skipped config file 'file:./config/application-integration.yml' for profile integrationresource not found
2019-09-06 00:00:07.371 DEBUG 3859 --- [      runner-21] o.s.b.c.c.ConfigFileApplicationListener  : Skipped config file 'file:./config/application.yml' for profile integrationresource not found
2019-09-06 00:00:07.371 DEBUG 3859 --- [      runner-21] o.s.b.c.c.ConfigFileApplicationListener  : Skipped config file 'file:./config/application-integration.properties' resource not found
2019-09-06 00:00:07.371 DEBUG 3859 --- [      runner-21] o.s.b.c.c.ConfigFileApplicationListener  : Skipped config file 'file:./config/application-integration.properties' for profile integrationresource not found
2019-09-06 00:00:07.372 DEBUG 3859 --- [      runner-21] o.s.b.c.c.ConfigFileApplicationListener  : Skipped config file 'file:./config/application.properties' for profile integrationresource not found
2019-09-06 00:00:07.372 DEBUG 3859 --- [      runner-21] o.s.b.c.c.ConfigFileApplicationListener  : Skipped config file 'file:./config/application-integration.yaml' resource not found
2019-09-06 00:00:07.372 DEBUG 3859 --- [      runner-21] o.s.b.c.c.ConfigFileApplicationListener  : Skipped config file 'file:./config/application-integration.yaml' for profile integrationresource not found
2019-09-06 00:00:07.372 DEBUG 3859 --- [      runner-21] o.s.b.c.c.ConfigFileApplicationListener  : Skipped config file 'file:./config/application.yaml' for profile integrationresource not found
2019-09-06 00:00:07.372 DEBUG 3859 --- [      runner-21] o.s.b.c.c.ConfigFileApplicationListener  : Skipped config file 'file:./application-integration.xml' resource not found
2019-09-06 00:00:07.372 DEBUG 3859 --- [      runner-21] o.s.b.c.c.ConfigFileApplicationListener  : Skipped config file 'file:./application-integration.xml' for profile integrationresource not found
2019-09-06 00:00:07.372 DEBUG 3859 --- [      runner-21] o.s.b.c.c.ConfigFileApplicationListener  : Skipped config file 'file:./application.xml' for profile integrationresource not found
2019-09-06 00:00:07.372 DEBUG 3859 --- [      runner-21] o.s.b.c.c.ConfigFileApplicationListener  : Skipped config file 'file:./application-integration.yml' resource not found
2019-09-06 00:00:07.373 DEBUG 3859 --- [      runner-21] o.s.b.c.c.ConfigFileApplicationListener  : Skipped config file 'file:./application-integration.yml' for profile integrationresource not found
2019-09-06 00:00:07.373 DEBUG 3859 --- [      runner-21] o.s.b.c.c.ConfigFileApplicationListener  : Skipped config file 'file:./application.yml' for profile integrationresource not found
2019-09-06 00:00:07.373 DEBUG 3859 --- [      runner-21] o.s.b.c.c.ConfigFileApplicationListener  : Skipped config file 'file:./application-integration.properties' resource not found
2019-09-06 00:00:07.373 DEBUG 3859 --- [      runner-21] o.s.b.c.c.ConfigFileApplicationListener  : Skipped config file 'file:./application-integration.properties' for profile integrationresource not found
2019-09-06 00:00:07.373 DEBUG 3859 --- [      runner-21] o.s.b.c.c.ConfigFileApplicationListener  : Skipped config file 'file:./application.properties' for profile integrationresource not found
2019-09-06 00:00:07.373 DEBUG 3859 --- [      runner-21] o.s.b.c.c.ConfigFileApplicationListener  : Skipped config file 'file:./application-integration.yaml' resource not found
2019-09-06 00:00:07.373 DEBUG 3859 --- [      runner-21] o.s.b.c.c.ConfigFileApplicationListener  : Skipped config file 'file:./application-integration.yaml' for profile integrationresource not found
2019-09-06 00:00:07.373 DEBUG 3859 --- [      runner-21] o.s.b.c.c.ConfigFileApplicationListener  : Skipped config file 'file:./application.yaml' for profile integrationresource not found
2019-09-06 00:00:07.373 DEBUG 3859 --- [      runner-21] o.s.b.c.c.ConfigFileApplicationListener  : Skipped config file 'classpath:/config/application-integration.xml' resource not found
2019-09-06 00:00:07.374 DEBUG 3859 --- [      runner-21] o.s.b.c.c.ConfigFileApplicationListener  : Skipped config file 'classpath:/config/application-integration.xml' for profile integrationresource not found
2019-09-06 00:00:07.374 DEBUG 3859 --- [      runner-21] o.s.b.c.c.ConfigFileApplicationListener  : Skipped config file 'classpath:/config/application.xml' for profile integrationresource not found
2019-09-06 00:00:07.374 DEBUG 3859 --- [      runner-21] o.s.b.c.c.ConfigFileApplicationListener  : Skipped config file 'classpath:/config/application-integration.yml' resource not found
2019-09-06 00:00:07.374 DEBUG 3859 --- [      runner-21] o.s.b.c.c.ConfigFileApplicationListener  : Skipped config file 'classpath:/config/application-integration.yml' for profile integrationresource not found
2019-09-06 00:00:07.374 DEBUG 3859 --- [      runner-21] o.s.b.c.c.ConfigFileApplicationListener  : Skipped config file 'classpath:/config/application.yml' for profile integrationresource not found
2019-09-06 00:00:07.374 DEBUG 3859 --- [      runner-21] o.s.b.c.c.ConfigFileApplicationListener  : Skipped config file 'classpath:/config/application-integration.properties' resource not found
2019-09-06 00:00:07.374 DEBUG 3859 --- [      runner-21] o.s.b.c.c.ConfigFileApplicationListener  : Skipped config file 'classpath:/config/application-integration.properties' for profile integrationresource not found
2019-09-06 00:00:07.375 DEBUG 3859 --- [      runner-21] o.s.b.c.c.ConfigFileApplicationListener  : Skipped config file 'classpath:/config/application.properties' for profile integrationresource not found
2019-09-06 00:00:07.375 DEBUG 3859 --- [      runner-21] o.s.b.c.c.ConfigFileApplicationListener  : Skipped config file 'classpath:/config/application-integration.yaml' resource not found
2019-09-06 00:00:07.375 DEBUG 3859 --- [      runner-21] o.s.b.c.c.ConfigFileApplicationListener  : Skipped config file 'classpath:/config/application-integration.yaml' for profile integrationresource not found
2019-09-06 00:00:07.375 DEBUG 3859 --- [      runner-21] o.s.b.c.c.ConfigFileApplicationListener  : Skipped config file 'classpath:/config/application.yaml' for profile integrationresource not found
2019-09-06 00:00:07.375 DEBUG 3859 --- [      runner-21] o.s.b.c.c.ConfigFileApplicationListener  : Skipped config file 'classpath:/application-integration.xml' resource not found
2019-09-06 00:00:07.375 DEBUG 3859 --- [      runner-21] o.s.b.c.c.ConfigFileApplicationListener  : Skipped config file 'classpath:/application-integration.xml' for profile integrationresource not found
2019-09-06 00:00:07.375 DEBUG 3859 --- [      runner-21] o.s.b.c.c.ConfigFileApplicationListener  : Skipped config file 'classpath:/application.xml' for profile integrationresource not found
2019-09-06 00:00:07.375 DEBUG 3859 --- [      runner-21] o.s.b.c.c.ConfigFileApplicationListener  : Skipped config file 'classpath:/application-integration.yml' resource not found
2019-09-06 00:00:07.376 DEBUG 3859 --- [      runner-21] o.s.b.c.c.ConfigFileApplicationListener  : Skipped config file 'classpath:/application-integration.yml' for profile integrationresource not found
2019-09-06 00:00:07.376 DEBUG 3859 --- [      runner-21] o.s.b.c.c.ConfigFileApplicationListener  : Skipped config file 'classpath:/application.yml' for profile integrationresource not found
2019-09-06 00:00:07.376 DEBUG 3859 --- [      runner-21] o.s.b.c.c.ConfigFileApplicationListener  : Skipped config file 'classpath:/application-integration.properties' resource not found
2019-09-06 00:00:07.376 DEBUG 3859 --- [      runner-21] o.s.b.c.c.ConfigFileApplicationListener  : Skipped config file 'classpath:/application-integration.properties' for profile integrationresource not found
2019-09-06 00:00:07.376 DEBUG 3859 --- [      runner-21] o.s.b.c.c.ConfigFileApplicationListener  : Skipped config file 'classpath:/application.properties' for profile integrationresource not found
2019-09-06 00:00:07.377 DEBUG 3859 --- [      runner-21] o.s.b.c.c.ConfigFileApplicationListener  : Skipped config file 'classpath:/application-integration.yaml' resource not found
2019-09-06 00:00:07.377 DEBUG 3859 --- [      runner-21] o.s.b.c.c.ConfigFileApplicationListener  : Skipped config file 'classpath:/application-integration.yaml' for profile integrationresource not found
2019-09-06 00:00:07.377 DEBUG 3859 --- [      runner-21] o.s.b.c.c.ConfigFileApplicationListener  : Skipped config file 'classpath:/application.yaml' for profile integrationresource not found
2019-09-06 00:00:07.378  INFO 3859 --- [      runner-21] s.c.a.AnnotationConfigApplicationContext : Refreshing org.springframework.context.annotation.AnnotationConfigApplicationContext@3a27c049: startup date [Fri Sep 06 00:00:07 UTC 2019]; root of context hierarchy
2019-09-06 00:00:07.421  WARN 3859 --- [      runner-21] s.c.a.AnnotationConfigApplicationContext : Exception encountered during context initialization - cancelling refresh attempt

org.springframework.beans.factory.BeanDefinitionStoreException: Failed to process import candidates for configuration class [org.test.Example]; nested exception is java.lang.IllegalStateException: java.io.FileNotFoundException: class path resource [org/springframework/boot/autoconfigure/aop/AopAutoConfiguration.class] cannot be opened because it does not exist
 at org.springframework.context.annotation.ConfigurationClassParser.processDeferredImportSelectors(ConfigurationClassParser.java:433)
 at org.springframework.context.annotation.ConfigurationClassParser.parse(ConfigurationClassParser.java:175)
 at org.springframework.context.annotation.ConfigurationClassPostProcessor.processConfigBeanDefinitions(ConfigurationClassPostProcessor.java:306)
 at org.springframework.context.annotation.ConfigurationClassPostProcessor.postProcessBeanDefinitionRegistry(ConfigurationClassPostProcessor.java:239)
 at org.springframework.context.support.PostProcessorRegistrationDelegate.invokeBeanDefinitionRegistryPostProcessors(PostProcessorRegistrationDelegate.java:254)
 at org.springframework.context.support.PostProcessorRegistrationDelegate.invokeBeanFactoryPostProcessors(PostProcessorRegistrationDelegate.java:94)
 at org.springframework.context.support.AbstractApplicationContext.invokeBeanFactoryPostProcessors(AbstractApplicationContext.java:606)
 at org.springframework.context.support.AbstractApplicationContext.refresh(AbstractApplicationContext.java:462)
 at org.springframework.boot.SpringApplication.refresh(SpringApplication.java:691)
 at org.springframework.boot.SpringApplication.run(SpringApplication.java:321)
 at org.springframework.boot.SpringApplication.run(SpringApplication.java:961)
 at sun.reflect.NativeMethodAccessorImpl.invoke0(Native Method)
 at sun.reflect.NativeMethodAccessorImpl.invoke(NativeMethodAccessorImpl.java:62)
 at sun.reflect.DelegatingMethodAccessorImpl.invoke(DelegatingMethodAccessorImpl.java:43)
 at java.lang.reflect.Method.invoke(Method.java:498)
 at org.springframework.boot.cli.command.run.SpringApplicationRunner$RunThread.run(SpringApplicationRunner.java:152)
Caused by: java.lang.IllegalStateException: java.io.FileNotFoundException: class path resource [org/springframework/boot/autoconfigure/aop/AopAutoConfiguration.class] cannot be opened because it does not exist
 at org.springframework.boot.autoconfigure.EnableAutoConfigurationImportSelector.selectImports(EnableAutoConfigurationImportSelector.java:78)
 at org.springframework.context.annotation.ConfigurationClassParser.processDeferredImportSelectors(ConfigurationClassParser.java:425)
 ... 15 common frames omitted
Caused by: java.io.FileNotFoundException: class path resource [org/springframework/boot/autoconfigure/aop/AopAutoConfiguration.class] cannot be opened because it does not exist
 at org.springframework.core.io.ClassPathResource.getInputStream(ClassPathResource.java:172)
 at org.springframework.core.type.classreading.SimpleMetadataReader.<init>(SimpleMetadataReader.java:50)
 at org.springframework.core.type.classreading.SimpleMetadataReaderFactory.getMetadataReader(SimpleMetadataReaderFactory.java:82)
 at org.springframework.core.type.classreading.CachingMetadataReaderFactory.getMetadataReader(CachingMetadataReaderFactory.java:102)
 at org.springframework.core.type.classreading.SimpleMetadataReaderFactory.getMetadataReader(SimpleMetadataReaderFactory.java:77)
 at org.springframework.boot.autoconfigure.AutoConfigurationSorter$AutoConfigurationClasses.<init>(AutoConfigurationSorter.java:121)
 at org.springframework.boot.autoconfigure.AutoConfigurationSorter.getInPriorityOrder(AutoConfigurationSorter.java:60)
 at org.springframework.boot.autoconfigure.EnableAutoConfigurationImportSelector.selectImports(EnableAutoConfigurationImportSelector.java:72)
 ... 16 common frames omitted

2019-09-06 00:00:07.422  INFO 3859 --- [      runner-21] .b.l.ClasspathLoggingApplicationListener : Application failed to start with classpath: []
2019-09-06 00:00:07.423 ERROR 3859 --- [      runner-21] o.s.boot.SpringApplication               : Application startup failed

org.springframework.beans.factory.BeanDefinitionStoreException: Failed to process import candidates for configuration class [org.test.Example]; nested exception is java.lang.IllegalStateException: java.io.FileNotFoundException: class path resource [org/springframework/boot/autoconfigure/aop/AopAutoConfiguration.class] cannot be opened because it does not exist
 at org.springframework.context.annotation.ConfigurationClassParser.processDeferredImportSelectors(ConfigurationClassParser.java:433)
 at org.springframework.context.annotation.ConfigurationClassParser.parse(ConfigurationClassParser.java:175)
 at org.springframework.context.annotation.ConfigurationClassPostProcessor.processConfigBeanDefinitions(ConfigurationClassPostProcessor.java:306)
 at org.springframework.context.annotation.ConfigurationClassPostProcessor.postProcessBeanDefinitionRegistry(ConfigurationClassPostProcessor.java:239)
 at org.springframework.context.support.PostProcessorRegistrationDelegate.invokeBeanDefinitionRegistryPostProcessors(PostProcessorRegistrationDelegate.java:254)
 at org.springframework.context.support.PostProcessorRegistrationDelegate.invokeBeanFactoryPostProcessors(PostProcessorRegistrationDelegate.java:94)
 at org.springframework.context.support.AbstractApplicationContext.invokeBeanFactoryPostProcessors(AbstractApplicationContext.java:606)
 at org.springframework.context.support.AbstractApplicationContext.refresh(AbstractApplicationContext.java:462)
 at org.springframework.boot.SpringApplication.refresh(SpringApplication.java:691)
 at org.springframework.boot.SpringApplication.run(SpringApplication.java:321)
 at org.springframework.boot.SpringApplication.run(SpringApplication.java:961)
 at sun.reflect.NativeMethodAccessorImpl.invoke0(Native Method)
 at sun.reflect.NativeMethodAccessorImpl.invoke(NativeMethodAccessorImpl.java:62)
 at sun.reflect.DelegatingMethodAccessorImpl.invoke(DelegatingMethodAccessorImpl.java:43)
 at java.lang.reflect.Method.invoke(Method.java:498)
 at org.springframework.boot.cli.command.run.SpringApplicationRunner$RunThread.run(SpringApplicationRunner.java:152)
Caused by: java.lang.IllegalStateException: java.io.FileNotFoundException: class path resource [org/springframework/boot/autoconfigure/aop/AopAutoConfiguration.class] cannot be opened because it does not exist
 at org.springframework.boot.autoconfigure.EnableAutoConfigurationImportSelector.selectImports(EnableAutoConfigurationImportSelector.java:78)
 at org.springframework.context.annotation.ConfigurationClassParser.processDeferredImportSelectors(ConfigurationClassParser.java:425)
 ... 15 common frames omitted
Caused by: java.io.FileNotFoundException: class path resource [org/springframework/boot/autoconfigure/aop/AopAutoConfiguration.class] cannot be opened because it does not exist
 at org.springframework.core.io.ClassPathResource.getInputStream(ClassPathResource.java:172)
 at org.springframework.core.type.classreading.SimpleMetadataReader.<init>(SimpleMetadataReader.java:50)
 at org.springframework.core.type.classreading.SimpleMetadataReaderFactory.getMetadataReader(SimpleMetadataReaderFactory.java:82)
 at org.springframework.core.type.classreading.CachingMetadataReaderFactory.getMetadataReader(CachingMetadataReaderFactory.java:102)
 at org.springframework.core.type.classreading.SimpleMetadataReaderFactory.getMetadataReader(SimpleMetadataReaderFactory.java:77)
 at org.springframework.boot.autoconfigure.AutoConfigurationSorter$AutoConfigurationClasses.<init>(AutoConfigurationSorter.java:121)
 at org.springframework.boot.autoconfigure.AutoConfigurationSorter.getInPriorityOrder(AutoConfigurationSorter.java:60)
 at org.springframework.boot.autoconfigure.EnableAutoConfigurationImportSelector.selectImports(EnableAutoConfigurationImportSelector.java:72)
 ... 16 common frames omitted

java.lang.reflect.InvocationTargetException
 at sun.reflect.NativeMethodAccessorImpl.invoke0(Native Method)
 at sun.reflect.NativeMethodAccessorImpl.invoke(NativeMethodAccessorImpl.java:62)
 at sun.reflect.DelegatingMethodAccessorImpl.invoke(DelegatingMethodAccessorImpl.java:43)
 at java.lang.reflect.Method.invoke(Method.java:498)
 at org.springframework.boot.cli.command.run.SpringApplicationRunner$RunThread.run(SpringApplicationRunner.java:152)
Caused by: org.springframework.beans.factory.BeanDefinitionStoreException: Failed to process import candidates for configuration class [org.test.Example]; nested exception is java.lang.IllegalStateException: java.io.FileNotFoundException: class path resource [org/springframework/boot/autoconfigure/aop/AopAutoConfiguration.class] cannot be opened because it does not exist
 at org.springframework.context.annotation.ConfigurationClassParser.processDeferredImportSelectors(ConfigurationClassParser.java:433)
 at org.springframework.context.annotation.ConfigurationClassParser.parse(ConfigurationClassParser.java:175)
 at org.springframework.context.annotation.ConfigurationClassPostProcessor.processConfigBeanDefinitions(ConfigurationClassPostProcessor.java:306)
 at org.springframework.context.annotation.ConfigurationClassPostProcessor.postProcessBeanDefinitionRegistry(ConfigurationClassPostProcessor.java:239)
 at org.springframework.context.support.PostProcessorRegistrationDelegate.invokeBeanDefinitionRegistryPostProcessors(PostProcessorRegistrationDelegate.java:254)
 at org.springframework.context.support.PostProcessorRegistrationDelegate.invokeBeanFactoryPostProcessors(PostProcessorRegistrationDelegate.java:94)
 at org.springframework.context.support.AbstractApplicationContext.invokeBeanFactoryPostProcessors(AbstractApplicationContext.java:606)
 at org.springframework.context.support.AbstractApplicationContext.refresh(AbstractApplicationContext.java:462)
 at org.springframework.boot.SpringApplication.refresh(SpringApplication.java:691)
 at org.springframework.boot.SpringApplication.run(SpringApplication.java:321)
 at org.springframework.boot.SpringApplication.run(SpringApplication.java:961)
 ... 5 more
Caused by: java.lang.IllegalStateException: java.io.FileNotFoundException: class path resource [org/springframework/boot/autoconfigure/aop/AopAutoConfiguration.class] cannot be opened because it does not exist
 at org.springframework.boot.autoconfigure.EnableAutoConfigurationImportSelector.selectImports(EnableAutoConfigurationImportSelector.java:78)
 at org.springframework.context.annotation.ConfigurationClassParser.processDeferredImportSelectors(ConfigurationClassParser.java:425)
 ... 15 more
Caused by: java.io.FileNotFoundException: class path resource [org/springframework/boot/autoconfigure/aop/AopAutoConfiguration.class] cannot be opened because it does not exist
 at org.springframework.core.io.ClassPathResource.getInputStream(ClassPathResource.java:172)
 at org.springframework.core.type.classreading.SimpleMetadataReader.<init>(SimpleMetadataReader.java:50)
 at org.springframework.core.type.classreading.SimpleMetadataReaderFactory.getMetadataReader(SimpleMetadataReaderFactory.java:82)
 at org.springframework.core.type.classreading.CachingMetadataReaderFactory.getMetadataReader(CachingMetadataReaderFactory.java:102)
 at org.springframework.core.type.classreading.SimpleMetadataReaderFactory.getMetadataReader(SimpleMetadataReaderFactory.java:77)
 at org.springframework.boot.autoconfigure.AutoConfigurationSorter$AutoConfigurationClasses.<init>(AutoConfigurationSorter.java:121)
 at org.springframework.boot.autoconfigure.AutoConfigurationSorter.getInPriorityOrder(AutoConfigurationSorter.java:60)
 at org.springframework.boot.autoconfigure.EnableAutoConfigurationImportSelector.selectImports(EnableAutoConfigurationImportSelector.java:72)
 ... 16 more
"
spring-projects-spring-boot,org.springframework.boot.cli.SampleIntegrationTests#txSample,matched (11 report(s) available),java.lang.AssertionError,Order Dependent,"low-confidence guess: found phrase 'illegalstateexception' which can indicate leftover state from another test, but this cannot be confirmed without cross-test execution context","Wrong output: 
  .   ____          _            __ _ _
 /\\ / ___'_ __ _ _(_)_ __  __ _ \ \ \ \
( ( )\___ | '_ | '_| | '_ \/ _` | \ \ \ \
 \\/  ___)| |_)| | | | | || (_| |  ) ) ) )
  '  |____| .__|_| |_|_| |_\__, | / / / /
 =========|_|==============|___/=/_/_/_/
 :: Spring Boot ::  (v1.2.0.BUILD-SNAPSHOT)

2019-09-06 00:00:08.697  INFO 3859 --- [      runner-22] o.s.boot.SpringApplication               : Starting application on ip-172-31-62-234 with PID 3859 (/root/.m2/repository/org/springframework/boot/spring-boot/1.2.0.BUILD-SNAPSHOT/spring-boot-1.2.0.BUILD-SNAPSHOT.jar started by root in /working/proj/spring-projects-spring-boot-2914/spring-projects-spring-boot/spring-boot-cli)
2019-09-06 00:00:08.700 DEBUG 3859 --- [      runner-22] o.s.boot.SpringApplication               : Running with Spring Boot v1.2.0.BUILD-SNAPSHOT, Spring v4.1.1.RELEASE
2019-09-06 00:00:08.700 DEBUG 3859 --- [      runner-22] o.s.boot.SpringApplication               : Loading source class org.test.Example
2019-09-06 00:00:08.728 DEBUG 3859 --- [      runner-22] o.s.b.c.c.ConfigFileApplicationListener  : Activated profiles integration
2019-09-06 00:00:08.728 DEBUG 3859 --- [      runner-22] o.s.b.c.c.ConfigFileApplicationListener  : Skipped config file 'file:./config/application.xml' resource not found
2019-09-06 00:00:08.728 DEBUG 3859 --- [      runner-22] o.s.b.c.c.ConfigFileApplicationListener  : Skipped config file 'file:./config/application.yml' resource not found
2019-09-06 00:00:08.728 DEBUG 3859 --- [      runner-22] o.s.b.c.c.ConfigFileApplicationListener  : Skipped config file 'file:./config/application.properties' resource not found
2019-09-06 00:00:08.729 DEBUG 3859 --- [      runner-22] o.s.b.c.c.ConfigFileApplicationListener  : Skipped config file 'file:./config/application.yaml' resource not found
2019-09-06 00:00:08.729 DEBUG 3859 --- [      runner-22] o.s.b.c.c.ConfigFileApplicationListener  : Skipped config file 'file:./application.xml' resource not found
2019-09-06 00:00:08.729 DEBUG 3859 --- [      runner-22] o.s.b.c.c.ConfigFileApplicationListener  : Skipped config file 'file:./application.yml' resource not found
2019-09-06 00:00:08.729 DEBUG 3859 --- [      runner-22] o.s.b.c.c.ConfigFileApplicationListener  : Skipped config file 'file:./application.properties' resource not found
2019-09-06 00:00:08.729 DEBUG 3859 --- [      runner-22] o.s.b.c.c.ConfigFileApplicationListener  : Skipped config file 'file:./application.yaml' resource not found
2019-09-06 00:00:08.729 DEBUG 3859 --- [      runner-22] o.s.b.c.c.ConfigFileApplicationListener  : Skipped config file 'classpath:/config/application.xml' resource not found
2019-09-06 00:00:08.729 DEBUG 3859 --- [      runner-22] o.s.b.c.c.ConfigFileApplicationListener  : Skipped config file 'classpath:/config/application.yml' resource not found
2019-09-06 00:00:08.729 DEBUG 3859 --- [      runner-22] o.s.b.c.c.ConfigFileApplicationListener  : Skipped config file 'classpath:/config/application.properties' resource not found
2019-09-06 00:00:08.730 DEBUG 3859 --- [      runner-22] o.s.b.c.c.ConfigFileApplicationListener  : Skipped config file 'classpath:/config/application.yaml' resource not found
2019-09-06 00:00:08.730 DEBUG 3859 --- [      runner-22] o.s.b.c.c.ConfigFileApplicationListener  : Skipped config file 'classpath:/application.xml' resource not found
2019-09-06 00:00:08.730 DEBUG 3859 --- [      runner-22] o.s.b.c.c.ConfigFileApplicationListener  : Skipped config file 'classpath:/application.yml' resource not found
2019-09-06 00:00:08.730 DEBUG 3859 --- [      runner-22] o.s.b.c.c.ConfigFileApplicationListener  : Skipped config file 'classpath:/application.properties' resource not found
2019-09-06 00:00:08.730 DEBUG 3859 --- [      runner-22] o.s.b.c.c.ConfigFileApplicationListener  : Skipped config file 'classpath:/application.yaml' resource not found
2019-09-06 00:00:08.730 DEBUG 3859 --- [      runner-22] o.s.b.c.c.ConfigFileApplicationListener  : Skipped config file 'file:./config/application-integration.xml' resource not found
2019-09-06 00:00:08.730 DEBUG 3859 --- [      runner-22] o.s.b.c.c.ConfigFileApplicationListener  : Skipped config file 'file:./config/application-integration.xml' for profile integrationresource not found
2019-09-06 00:00:08.730 DEBUG 3859 --- [      runner-22] o.s.b.c.c.ConfigFileApplicationListener  : Skipped config file 'file:./config/application.xml' for profile integrationresource not found
2019-09-06 00:00:08.731 DEBUG 3859 --- [      runner-22] o.s.b.c.c.ConfigFileApplicationListener  : Skipped config file 'file:./config/application-integration.yml' resource not found
2019-09-06 00:00:08.731 DEBUG 3859 --- [      runner-22] o.s.b.c.c.ConfigFileApplicationListener  : Skipped config file 'file:./config/application-integration.yml' for profile integrationresource not found
2019-09-06 00:00:08.731 DEBUG 3859 --- [      runner-22] o.s.b.c.c.ConfigFileApplicationListener  : Skipped config file 'file:./config/application.yml' for profile integrationresource not found
2019-09-06 00:00:08.731 DEBUG 3859 --- [      runner-22] o.s.b.c.c.ConfigFileApplicationListener  : Skipped config file 'file:./config/application-integration.properties' resource not found
2019-09-06 00:00:08.731 DEBUG 3859 --- [      runner-22] o.s.b.c.c.ConfigFileApplicationListener  : Skipped config file 'file:./config/application-integration.properties' for profile integrationresource not found
2019-09-06 00:00:08.731 DEBUG 3859 --- [      runner-22] o.s.b.c.c.ConfigFileApplicationListener  : Skipped config file 'file:./config/application.properties' for profile integrationresource not found
2019-09-06 00:00:08.731 DEBUG 3859 --- [      runner-22] o.s.b.c.c.ConfigFileApplicationListener  : Skipped config file 'file:./config/application-integration.yaml' resource not found
2019-09-06 00:00:08.732 DEBUG 3859 --- [      runner-22] o.s.b.c.c.ConfigFileApplicationListener  : Skipped config file 'file:./config/application-integration.yaml' for profile integrationresource not found
2019-09-06 00:00:08.732 DEBUG 3859 --- [      runner-22] o.s.b.c.c.ConfigFileApplicationListener  : Skipped config file 'file:./config/application.yaml' for profile integrationresource not found
2019-09-06 00:00:08.732 DEBUG 3859 --- [      runner-22] o.s.b.c.c.ConfigFileApplicationListener  : Skipped config file 'file:./application-integration.xml' resource not found
2019-09-06 00:00:08.732 DEBUG 3859 --- [      runner-22] o.s.b.c.c.ConfigFileApplicationListener  : Skipped config file 'file:./application-integration.xml' for profile integrationresource not found
2019-09-06 00:00:08.732 DEBUG 3859 --- [      runner-22] o.s.b.c.c.ConfigFileApplicationListener  : Skipped config file 'file:./application.xml' for profile integrationresource not found
2019-09-06 00:00:08.732 DEBUG 3859 --- [      runner-22] o.s.b.c.c.ConfigFileApplicationListener  : Skipped config file 'file:./application-integration.yml' resource not found
2019-09-06 00:00:08.733 DEBUG 3859 --- [      runner-22] o.s.b.c.c.ConfigFileApplicationListener  : Skipped config file 'file:./application-integration.yml' for profile integrationresource not found
2019-09-06 00:00:08.733 DEBUG 3859 --- [      runner-22] o.s.b.c.c.ConfigFileApplicationListener  : Skipped config file 'file:./application.yml' for profile integrationresource not found
2019-09-06 00:00:08.733 DEBUG 3859 --- [      runner-22] o.s.b.c.c.ConfigFileApplicationListener  : Skipped config file 'file:./application-integration.properties' resource not found
2019-09-06 00:00:08.733 DEBUG 3859 --- [      runner-22] o.s.b.c.c.ConfigFileApplicationListener  : Skipped config file 'file:./application-integration.properties' for profile integrationresource not found
2019-09-06 00:00:08.733 DEBUG 3859 --- [      runner-22] o.s.b.c.c.ConfigFileApplicationListener  : Skipped config file 'file:./application.properties' for profile integrationresource not found
2019-09-06 00:00:08.733 DEBUG 3859 --- [      runner-22] o.s.b.c.c.ConfigFileApplicationListener  : Skipped config file 'file:./application-integration.yaml' resource not found
2019-09-06 00:00:08.733 DEBUG 3859 --- [      runner-22] o.s.b.c.c.ConfigFileApplicationListener  : Skipped config file 'file:./application-integration.yaml' for profile integrationresource not found
2019-09-06 00:00:08.734 DEBUG 3859 --- [      runner-22] o.s.b.c.c.ConfigFileApplicationListener  : Skipped config file 'file:./application.yaml' for profile integrationresource not found
2019-09-06 00:00:08.734 DEBUG 3859 --- [      runner-22] o.s.b.c.c.ConfigFileApplicationListener  : Skipped config file 'classpath:/config/application-integration.xml' resource not found
2019-09-06 00:00:08.734 DEBUG 3859 --- [      runner-22] o.s.b.c.c.ConfigFileApplicationListener  : Skipped config file 'classpath:/config/application-integration.xml' for profile integrationresource not found
2019-09-06 00:00:08.734 DEBUG 3859 --- [      runner-22] o.s.b.c.c.ConfigFileApplicationListener  : Skipped config file 'classpath:/config/application.xml' for profile integrationresource not found
2019-09-06 00:00:08.734 DEBUG 3859 --- [      runner-22] o.s.b.c.c.ConfigFileApplicationListener  : Skipped config file 'classpath:/config/application-integration.yml' resource not found
2019-09-06 00:00:08.734 DEBUG 3859 --- [      runner-22] o.s.b.c.c.ConfigFileApplicationListener  : Skipped config file 'classpath:/config/application-integration.yml' for profile integrationresource not found
2019-09-06 00:00:08.734 DEBUG 3859 --- [      runner-22] o.s.b.c.c.ConfigFileApplicationListener  : Skipped config file 'classpath:/config/application.yml' for profile integrationresource not found
2019-09-06 00:00:08.735 DEBUG 3859 --- [      runner-22] o.s.b.c.c.ConfigFileApplicationListener  : Skipped config file 'classpath:/config/application-integration.properties' resource not found
2019-09-06 00:00:08.735 DEBUG 3859 --- [      runner-22] o.s.b.c.c.ConfigFileApplicationListener  : Skipped config file 'classpath:/config/application-integration.properties' for profile integrationresource not found
2019-09-06 00:00:08.735 DEBUG 3859 --- [      runner-22] o.s.b.c.c.ConfigFileApplicationListener  : Skipped config file 'classpath:/config/application.properties' for profile integrationresource not found
2019-09-06 00:00:08.735 DEBUG 3859 --- [      runner-22] o.s.b.c.c.ConfigFileApplicationListener  : Skipped config file 'classpath:/config/application-integration.yaml' resource not found
2019-09-06 00:00:08.735 DEBUG 3859 --- [      runner-22] o.s.b.c.c.ConfigFileApplicationListener  : Skipped config file 'classpath:/config/application-integration.yaml' for profile integrationresource not found
2019-09-06 00:00:08.735 DEBUG 3859 --- [      runner-22] o.s.b.c.c.ConfigFileApplicationListener  : Skipped config file 'classpath:/config/application.yaml' for profile integrationresource not found
2019-09-06 00:00:08.735 DEBUG 3859 --- [      runner-22] o.s.b.c.c.ConfigFileApplicationListener  : Skipped config file 'classpath:/application-integration.xml' resource not found
2019-09-06 00:00:08.735 DEBUG 3859 --- [      runner-22] o.s.b.c.c.ConfigFileApplicationListener  : Skipped config file 'classpath:/application-integration.xml' for profile integrationresource not found
2019-09-06 00:00:08.735 DEBUG 3859 --- [      runner-22] o.s.b.c.c.ConfigFileApplicationListener  : Skipped config file 'classpath:/application.xml' for profile integrationresource not found
2019-09-06 00:00:08.736 DEBUG 3859 --- [      runner-22] o.s.b.c.c.ConfigFileApplicationListener  : Skipped config file 'classpath:/application-integration.yml' resource not found
2019-09-06 00:00:08.736 DEBUG 3859 --- [      runner-22] o.s.b.c.c.ConfigFileApplicationListener  : Skipped config file 'classpath:/application-integration.yml' for profile integrationresource not found
2019-09-06 00:00:08.736 DEBUG 3859 --- [      runner-22] o.s.b.c.c.ConfigFileApplicationListener  : Skipped config file 'classpath:/application.yml' for profile integrationresource not found
2019-09-06 00:00:08.736 DEBUG 3859 --- [      runner-22] o.s.b.c.c.ConfigFileApplicationListener  : Skipped config file 'classpath:/application-integration.properties' resource not found
2019-09-06 00:00:08.736 DEBUG 3859 --- [      runner-22] o.s.b.c.c.ConfigFileApplicationListener  : Skipped config file 'classpath:/application-integration.properties' for profile integrationresource not found
2019-09-06 00:00:08.736 DEBUG 3859 --- [      runner-22] o.s.b.c.c.ConfigFileApplicationListener  : Skipped config file 'classpath:/application.properties' for profile integrationresource not found
2019-09-06 00:00:08.737 DEBUG 3859 --- [      runner-22] o.s.b.c.c.ConfigFileApplicationListener  : Skipped config file 'classpath:/application-integration.yaml' resource not found
2019-09-06 00:00:08.737 DEBUG 3859 --- [      runner-22] o.s.b.c.c.ConfigFileApplicationListener  : Skipped config file 'classpath:/application-integration.yaml' for profile integrationresource not found
2019-09-06 00:00:08.737 DEBUG 3859 --- [      runner-22] o.s.b.c.c.ConfigFileApplicationListener  : Skipped config file 'classpath:/application.yaml' for profile integrationresource not found
2019-09-06 00:00:08.738  INFO 3859 --- [      runner-22] s.c.a.AnnotationConfigApplicationContext : Refreshing org.springframework.context.annotation.AnnotationConfigApplicationContext@64e59582: startup date [Fri Sep 06 00:00:08 UTC 2019]; root of context hierarchy
2019-09-06 00:00:08.804  WARN 3859 --- [      runner-22] s.c.a.AnnotationConfigApplicationContext : Exception encountered during context initialization - cancelling refresh attempt

org.springframework.beans.factory.BeanDefinitionStoreException: Failed to process import candidates for configuration class [org.test.Example]; nested exception is java.lang.IllegalStateException: java.io.FileNotFoundException: class path resource [org/springframework/boot/autoconfigure/aop/AopAutoConfiguration.class] cannot be opened because it does not exist
 at org.springframework.context.annotation.ConfigurationClassParser.processDeferredImportSelectors(ConfigurationClassParser.java:433)
 at org.springframework.context.annotation.ConfigurationClassParser.parse(ConfigurationClassParser.java:175)
 at org.springframework.context.annotation.ConfigurationClassPostProcessor.processConfigBeanDefinitions(ConfigurationClassPostProcessor.java:306)
 at org.springframework.context.annotation.ConfigurationClassPostProcessor.postProcessBeanDefinitionRegistry(ConfigurationClassPostProcessor.java:239)
 at org.springframework.context.support.PostProcessorRegistrationDelegate.invokeBeanDefinitionRegistryPostProcessors(PostProcessorRegistrationDelegate.java:254)
 at org.springframework.context.support.PostProcessorRegistrationDelegate.invokeBeanFactoryPostProcessors(PostProcessorRegistrationDelegate.java:94)
 at org.springframework.context.support.AbstractApplicationContext.invokeBeanFactoryPostProcessors(AbstractApplicationContext.java:606)
 at org.springframework.context.support.AbstractApplicationContext.refresh(AbstractApplicationContext.java:462)
 at org.springframework.boot.SpringApplication.refresh(SpringApplication.java:691)
 at org.springframework.boot.SpringApplication.run(SpringApplication.java:321)
 at org.springframework.boot.SpringApplication.run(SpringApplication.java:961)
 at sun.reflect.NativeMethodAccessorImpl.invoke0(Native Method)
 at sun.reflect.NativeMethodAccessorImpl.invoke(NativeMethodAccessorImpl.java:62)
 at sun.reflect.DelegatingMethodAccessorImpl.invoke(DelegatingMethodAccessorImpl.java:43)
 at java.lang.reflect.Method.invoke(Method.java:498)
 at org.springframework.boot.cli.command.run.SpringApplicationRunner$RunThread.run(SpringApplicationRunner.java:152)
Caused by: java.lang.IllegalStateException: java.io.FileNotFoundException: class path resource [org/springframework/boot/autoconfigure/aop/AopAutoConfiguration.class] cannot be opened because it does not exist
 at org.springframework.boot.autoconfigure.EnableAutoConfigurationImportSelector.selectImports(EnableAutoConfigurationImportSelector.java:78)
 at org.springframework.context.annotation.ConfigurationClassParser.processDeferredImportSelectors(ConfigurationClassParser.java:425)
 ... 15 common frames omitted
Caused by: java.io.FileNotFoundException: class path resource [org/springframework/boot/autoconfigure/aop/AopAutoConfiguration.class] cannot be opened because it does not exist
 at org.springframework.core.io.ClassPathResource.getInputStream(ClassPathResource.java:172)
 at org.springframework.core.type.classreading.SimpleMetadataReader.<init>(SimpleMetadataReader.java:50)
 at org.springframework.core.type.classreading.SimpleMetadataReaderFactory.getMetadataReader(SimpleMetadataReaderFactory.java:82)
 at org.springframework.core.type.classreading.CachingMetadataReaderFactory.getMetadataReader(CachingMetadataReaderFactory.java:102)
 at org.springframework.core.type.classreading.SimpleMetadataReaderFactory.getMetadataReader(SimpleMetadataReaderFactory.java:77)
 at org.springframework.boot.autoconfigure.AutoConfigurationSorter$AutoConfigurationClasses.<init>(AutoConfigurationSorter.java:121)
 at org.springframework.boot.autoconfigure.AutoConfigurationSorter.getInPriorityOrder(AutoConfigurationSorter.java:60)
 at org.springframework.boot.autoconfigure.EnableAutoConfigurationImportSelector.selectImports(EnableAutoConfigurationImportSelector.java:72)
 ... 16 common frames omitted

2019-09-06 00:00:08.805  INFO 3859 --- [      runner-22] .b.l.ClasspathLoggingApplicationListener : Application failed to start with classpath: []
2019-09-06 00:00:08.806 ERROR 3859 --- [      runner-22] o.s.boot.SpringApplication               : Application startup failed

org.springframework.beans.factory.BeanDefinitionStoreException: Failed to process import candidates for configuration class [org.test.Example]; nested exception is java.lang.IllegalStateException: java.io.FileNotFoundException: class path resource [org/springframework/boot/autoconfigure/aop/AopAutoConfiguration.class] cannot be opened because it does not exist
 at org.springframework.context.annotation.ConfigurationClassParser.processDeferredImportSelectors(ConfigurationClassParser.java:433)
 at org.springframework.context.annotation.ConfigurationClassParser.parse(ConfigurationClassParser.java:175)
 at org.springframework.context.annotation.ConfigurationClassPostProcessor.processConfigBeanDefinitions(ConfigurationClassPostProcessor.java:306)
 at org.springframework.context.annotation.ConfigurationClassPostProcessor.postProcessBeanDefinitionRegistry(ConfigurationClassPostProcessor.java:239)
 at org.springframework.context.support.PostProcessorRegistrationDelegate.invokeBeanDefinitionRegistryPostProcessors(PostProcessorRegistrationDelegate.java:254)
 at org.springframework.context.support.PostProcessorRegistrationDelegate.invokeBeanFactoryPostProcessors(PostProcessorRegistrationDelegate.java:94)
 at org.springframework.context.support.AbstractApplicationContext.invokeBeanFactoryPostProcessors(AbstractApplicationContext.java:606)
 at org.springframework.context.support.AbstractApplicationContext.refresh(AbstractApplicationContext.java:462)
 at org.springframework.boot.SpringApplication.refresh(SpringApplication.java:691)
 at org.springframework.boot.SpringApplication.run(SpringApplication.java:321)
 at org.springframework.boot.SpringApplication.run(SpringApplication.java:961)
 at sun.reflect.NativeMethodAccessorImpl.invoke0(Native Method)
 at sun.reflect.NativeMethodAccessorImpl.invoke(NativeMethodAccessorImpl.java:62)
 at sun.reflect.DelegatingMethodAccessorImpl.invoke(DelegatingMethodAccessorImpl.java:43)
 at java.lang.reflect.Method.invoke(Method.java:498)
 at org.springframework.boot.cli.command.run.SpringApplicationRunner$RunThread.run(SpringApplicationRunner.java:152)
Caused by: java.lang.IllegalStateException: java.io.FileNotFoundException: class path resource [org/springframework/boot/autoconfigure/aop/AopAutoConfiguration.class] cannot be opened because it does not exist
 at org.springframework.boot.autoconfigure.EnableAutoConfigurationImportSelector.selectImports(EnableAutoConfigurationImportSelector.java:78)
 at org.springframework.context.annotation.ConfigurationClassParser.processDeferredImportSelectors(ConfigurationClassParser.java:425)
 ... 15 common frames omitted
Caused by: java.io.FileNotFoundException: class path resource [org/springframework/boot/autoconfigure/aop/AopAutoConfiguration.class] cannot be opened because it does not exist
 at org.springframework.core.io.ClassPathResource.getInputStream(ClassPathResource.java:172)
 at org.springframework.core.type.classreading.SimpleMetadataReader.<init>(SimpleMetadataReader.java:50)
 at org.springframework.core.type.classreading.SimpleMetadataReaderFactory.getMetadataReader(SimpleMetadataReaderFactory.java:82)
 at org.springframework.core.type.classreading.CachingMetadataReaderFactory.getMetadataReader(CachingMetadataReaderFactory.java:102)
 at org.springframework.core.type.classreading.SimpleMetadataReaderFactory.getMetadataReader(SimpleMetadataReaderFactory.java:77)
 at org.springframework.boot.autoconfigure.AutoConfigurationSorter$AutoConfigurationClasses.<init>(AutoConfigurationSorter.java:121)
 at org.springframework.boot.autoconfigure.AutoConfigurationSorter.getInPriorityOrder(AutoConfigurationSorter.java:60)
 at org.springframework.boot.autoconfigure.EnableAutoConfigurationImportSelector.selectImports(EnableAutoConfigurationImportSelector.java:72)
 ... 16 common frames omitted

java.lang.reflect.InvocationTargetException
 at sun.reflect.NativeMethodAccessorImpl.invoke0(Native Method)
 at sun.reflect.NativeMethodAccessorImpl.invoke(NativeMethodAccessorImpl.java:62)
 at sun.reflect.DelegatingMethodAccessorImpl.invoke(DelegatingMethodAccessorImpl.java:43)
 at java.lang.reflect.Method.invoke(Method.java:498)
 at org.springframework.boot.cli.command.run.SpringApplicationRunner$RunThread.run(SpringApplicationRunner.java:152)
Caused by: org.springframework.beans.factory.BeanDefinitionStoreException: Failed to process import candidates for configuration class [org.test.Example]; nested exception is java.lang.IllegalStateException: java.io.FileNotFoundException: class path resource [org/springframework/boot/autoconfigure/aop/AopAutoConfiguration.class] cannot be opened because it does not exist
 at org.springframework.context.annotation.ConfigurationClassParser.processDeferredImportSelectors(ConfigurationClassParser.java:433)
 at org.springframework.context.annotation.ConfigurationClassParser.parse(ConfigurationClassParser.java:175)
 at org.springframework.context.annotation.ConfigurationClassPostProcessor.processConfigBeanDefinitions(ConfigurationClassPostProcessor.java:306)
 at org.springframework.context.annotation.ConfigurationClassPostProcessor.postProcessBeanDefinitionRegistry(ConfigurationClassPostProcessor.java:239)
 at org.springframework.context.support.PostProcessorRegistrationDelegate.invokeBeanDefinitionRegistryPostProcessors(PostProcessorRegistrationDelegate.java:254)
 at org.springframework.context.support.PostProcessorRegistrationDelegate.invokeBeanFactoryPostProcessors(PostProcessorRegistrationDelegate.java:94)
 at org.springframework.context.support.AbstractApplicationContext.invokeBeanFactoryPostProcessors(AbstractApplicationContext.java:606)
 at org.springframework.context.support.AbstractApplicationContext.refresh(AbstractApplicationContext.java:462)
 at org.springframework.boot.SpringApplication.refresh(SpringApplication.java:691)
 at org.springframework.boot.SpringApplication.run(SpringApplication.java:321)
 at org.springframework.boot.SpringApplication.run(SpringApplication.java:961)
 ... 5 more
Caused by: java.lang.IllegalStateException: java.io.FileNotFoundException: class path resource [org/springframework/boot/autoconfigure/aop/AopAutoConfiguration.class] cannot be opened because it does not exist
 at org.springframework.boot.autoconfigure.EnableAutoConfigurationImportSelector.selectImports(EnableAutoConfigurationImportSelector.java:78)
 at org.springframework.context.annotation.ConfigurationClassParser.processDeferredImportSelectors(ConfigurationClassParser.java:425)
 ... 15 more
Caused by: java.io.FileNotFoundException: class path resource [org/springframework/boot/autoconfigure/aop/AopAutoConfiguration.class] cannot be opened because it does not exist
 at org.springframework.core.io.ClassPathResource.getInputStream(ClassPathResource.java:172)
 at org.springframework.core.type.classreading.SimpleMetadataReader.<init>(SimpleMetadataReader.java:50)
 at org.springframework.core.type.classreading.SimpleMetadataReaderFactory.getMetadataReader(SimpleMetadataReaderFactory.java:82)
 at org.springframework.core.type.classreading.CachingMetadataReaderFactory.getMetadataReader(CachingMetadataReaderFactory.java:102)
 at org.springframework.core.type.classreading.SimpleMetadataReaderFactory.getMetadataReader(SimpleMetadataReaderFactory.java:77)
 at org.springframework.boot.autoconfigure.AutoConfigurationSorter$AutoConfigurationClasses.<init>(AutoConfigurationSorter.java:121)
 at org.springframework.boot.autoconfigure.AutoConfigurationSorter.getInPriorityOrder(AutoConfigurationSorter.java:60)
 at org.springframework.boot.autoconfigure.EnableAutoConfigurationImportSelector.selectImports(EnableAutoConfigurationImportSelector.java:72)
 ... 16 more
"
spring-projects-spring-boot,org.springframework.boot.cli.SampleIntegrationTests#jobWebSample,matched (11 report(s) available),java.lang.AssertionError,Order Dependent,"low-confidence guess: found phrase 'illegalstateexception' which can indicate leftover state from another test, but this cannot be confirmed without cross-test execution context","Wrong output: 
  .   ____          _            __ _ _
 /\\ / ___'_ __ _ _(_)_ __  __ _ \ \ \ \
( ( )\___ | '_ | '_| | '_ \/ _` | \ \ \ \
 \\/  ___)| |_)| | | | | || (_| |  ) ) ) )
  '  |____| .__|_| |_|_| |_\__, | / / / /
 =========|_|==============|___/=/_/_/_/
 :: Spring Boot ::  (v1.2.0.BUILD-SNAPSHOT)

2019-09-06 00:00:10.835  INFO 3859 --- [      runner-23] o.s.boot.SpringApplication               : Starting application on ip-172-31-62-234 with PID 3859 (/root/.m2/repository/org/springframework/boot/spring-boot/1.2.0.BUILD-SNAPSHOT/spring-boot-1.2.0.BUILD-SNAPSHOT.jar started by root in /working/proj/spring-projects-spring-boot-2914/spring-projects-spring-boot/spring-boot-cli)
2019-09-06 00:00:10.838 DEBUG 3859 --- [      runner-23] o.s.boot.SpringApplication               : Running with Spring Boot v1.2.0.BUILD-SNAPSHOT, Spring v4.1.1.RELEASE
2019-09-06 00:00:10.838 DEBUG 3859 --- [      runner-23] o.s.boot.SpringApplication               : Loading source class Example,class org.test.JobConfig,class org.test.JobConfig$1,class MyService
2019-09-06 00:00:10.874 DEBUG 3859 --- [      runner-23] o.s.b.c.c.ConfigFileApplicationListener  : Activated profiles integration
2019-09-06 00:00:10.874 DEBUG 3859 --- [      runner-23] o.s.b.c.c.ConfigFileApplicationListener  : Skipped config file 'file:./config/application.xml' resource not found
2019-09-06 00:00:10.874 DEBUG 3859 --- [      runner-23] o.s.b.c.c.ConfigFileApplicationListener  : Skipped config file 'file:./config/application.yml' resource not found
2019-09-06 00:00:10.874 DEBUG 3859 --- [      runner-23] o.s.b.c.c.ConfigFileApplicationListener  : Skipped config file 'file:./config/application.properties' resource not found
2019-09-06 00:00:10.874 DEBUG 3859 --- [      runner-23] o.s.b.c.c.ConfigFileApplicationListener  : Skipped config file 'file:./config/application.yaml' resource not found
2019-09-06 00:00:10.874 DEBUG 3859 --- [      runner-23] o.s.b.c.c.ConfigFileApplicationListener  : Skipped config file 'file:./application.xml' resource not found
2019-09-06 00:00:10.874 DEBUG 3859 --- [      runner-23] o.s.b.c.c.ConfigFileApplicationListener  : Skipped config file 'file:./application.yml' resource not found
2019-09-06 00:00:10.874 DEBUG 3859 --- [      runner-23] o.s.b.c.c.ConfigFileApplicationListener  : Skipped config file 'file:./application.properties' resource not found
2019-09-06 00:00:10.875 DEBUG 3859 --- [      runner-23] o.s.b.c.c.ConfigFileApplicationListener  : Skipped config file 'file:./application.yaml' resource not found
2019-09-06 00:00:10.875 DEBUG 3859 --- [      runner-23] o.s.b.c.c.ConfigFileApplicationListener  : Skipped config file 'classpath:/config/application.xml' resource not found
2019-09-06 00:00:10.875 DEBUG 3859 --- [      runner-23] o.s.b.c.c.ConfigFileApplicationListener  : Skipped config file 'classpath:/config/application.yml' resource not found
2019-09-06 00:00:10.875 DEBUG 3859 --- [      runner-23] o.s.b.c.c.ConfigFileApplicationListener  : Skipped config file 'classpath:/config/application.properties' resource not found
2019-09-06 00:00:10.875 DEBUG 3859 --- [      runner-23] o.s.b.c.c.ConfigFileApplicationListener  : Skipped config file 'classpath:/config/application.yaml' resource not found
2019-09-06 00:00:10.875 DEBUG 3859 --- [      runner-23] o.s.b.c.c.ConfigFileApplicationListener  : Skipped config file 'classpath:/application.xml' resource not found
2019-09-06 00:00:10.875 DEBUG 3859 --- [      runner-23] o.s.b.c.c.ConfigFileApplicationListener  : Skipped config file 'classpath:/application.yml' resource not found
2019-09-06 00:00:10.876 DEBUG 3859 --- [      runner-23] o.s.b.c.c.ConfigFileApplicationListener  : Skipped config file 'classpath:/application.properties' resource not found
2019-09-06 00:00:10.876 DEBUG 3859 --- [      runner-23] o.s.b.c.c.ConfigFileApplicationListener  : Skipped config file 'classpath:/application.yaml' resource not found
2019-09-06 00:00:10.876 DEBUG 3859 --- [      runner-23] o.s.b.c.c.ConfigFileApplicationListener  : Skipped config file 'file:./config/application-integration.xml' resource not found
2019-09-06 00:00:10.876 DEBUG 3859 --- [      runner-23] o.s.b.c.c.ConfigFileApplicationListener  : Skipped config file 'file:./config/application-integration.xml' for profile integrationresource not found
2019-09-06 00:00:10.876 DEBUG 3859 --- [      runner-23] o.s.b.c.c.ConfigFileApplicationListener  : Skipped config file 'file:./config/application.xml' for profile integrationresource not found
2019-09-06 00:00:10.876 DEBUG 3859 --- [      runner-23] o.s.b.c.c.ConfigFileApplicationListener  : Skipped config file 'file:./config/application-integration.yml' resource not found
2019-09-06 00:00:10.876 DEBUG 3859 --- [      runner-23] o.s.b.c.c.ConfigFileApplicationListener  : Skipped config file 'file:./config/application-integration.yml' for profile integrationresource not found
2019-09-06 00:00:10.877 DEBUG 3859 --- [      runner-23] o.s.b.c.c.ConfigFileApplicationListener  : Skipped config file 'file:./config/application.yml' for profile integrationresource not found
2019-09-06 00:00:10.877 DEBUG 3859 --- [      runner-23] o.s.b.c.c.ConfigFileApplicationListener  : Skipped config file 'file:./config/application-integration.properties' resource not found
2019-09-06 00:00:10.877 DEBUG 3859 --- [      runner-23] o.s.b.c.c.ConfigFileApplicationListener  : Skipped config file 'file:./config/application-integration.properties' for profile integrationresource not found
2019-09-06 00:00:10.877 DEBUG 3859 --- [      runner-23] o.s.b.c.c.ConfigFileApplicationListener  : Skipped config file 'file:./config/application.properties' for profile integrationresource not found
2019-09-06 00:00:10.877 DEBUG 3859 --- [      runner-23] o.s.b.c.c.ConfigFileApplicationListener  : Skipped config file 'file:./config/application-integration.yaml' resource not found
2019-09-06 00:00:10.877 DEBUG 3859 --- [      runner-23] o.s.b.c.c.ConfigFileApplicationListener  : Skipped config file 'file:./config/application-integration.yaml' for profile integrationresource not found
2019-09-06 00:00:10.877 DEBUG 3859 --- [      runner-23] o.s.b.c.c.ConfigFileApplicationListener  : Skipped config file 'file:./config/application.yaml' for profile integrationresource not found
2019-09-06 00:00:10.878 DEBUG 3859 --- [      runner-23] o.s.b.c.c.ConfigFileApplicationListener  : Skipped config file 'file:./application-integration.xml' resource not found
2019-09-06 00:00:10.878 DEBUG 3859 --- [      runner-23] o.s.b.c.c.ConfigFileApplicationListener  : Skipped config file 'file:./application-integration.xml' for profile integrationresource not found
2019-09-06 00:00:10.878 DEBUG 3859 --- [      runner-23] o.s.b.c.c.ConfigFileApplicationListener  : Skipped config file 'file:./application.xml' for profile integrationresource not found
2019-09-06 00:00:10.878 DEBUG 3859 --- [      runner-23] o.s.b.c.c.ConfigFileApplicationListener  : Skipped config file 'file:./application-integration.yml' resource not found
2019-09-06 00:00:10.878 DEBUG 3859 --- [      runner-23] o.s.b.c.c.ConfigFileApplicationListener  : Skipped config file 'file:./application-integration.yml' for profile integrationresource not found
2019-09-06 00:00:10.878 DEBUG 3859 --- [      runner-23] o.s.b.c.c.ConfigFileApplicationListener  : Skipped config file 'file:./application.yml' for profile integrationresource not found
2019-09-06 00:00:10.878 DEBUG 3859 --- [      runner-23] o.s.b.c.c.ConfigFileApplicationListener  : Skipped config file 'file:./application-integration.properties' resource not found
2019-09-06 00:00:10.878 DEBUG 3859 --- [      runner-23] o.s.b.c.c.ConfigFileApplicationListener  : Skipped config file 'file:./application-integration.properties' for profile integrationresource not found
2019-09-06 00:00:10.878 DEBUG 3859 --- [      runner-23] o.s.b.c.c.ConfigFileApplicationListener  : Skipped config file 'file:./application.properties' for profile integrationresource not found
2019-09-06 00:00:10.879 DEBUG 3859 --- [      runner-23] o.s.b.c.c.ConfigFileApplicationListener  : Skipped config file 'file:./application-integration.yaml' resource not found
2019-09-06 00:00:10.879 DEBUG 3859 --- [      runner-23] o.s.b.c.c.ConfigFileApplicationListener  : Skipped config file 'file:./application-integration.yaml' for profile integrationresource not found
2019-09-06 00:00:10.879 DEBUG 3859 --- [      runner-23] o.s.b.c.c.ConfigFileApplicationListener  : Skipped config file 'file:./application.yaml' for profile integrationresource not found
2019-09-06 00:00:10.879 DEBUG 3859 --- [      runner-23] o.s.b.c.c.ConfigFileApplicationListener  : Skipped config file 'classpath:/config/application-integration.xml' resource not found
2019-09-06 00:00:10.879 DEBUG 3859 --- [      runner-23] o.s.b.c.c.ConfigFileApplicationListener  : Skipped config file 'classpath:/config/application-integration.xml' for profile integrationresource not found
2019-09-06 00:00:10.879 DEBUG 3859 --- [      runner-23] o.s.b.c.c.ConfigFileApplicationListener  : Skipped config file 'classpath:/config/application.xml' for profile integrationresource not found
2019-09-06 00:00:10.880 DEBUG 3859 --- [      runner-23] o.s.b.c.c.ConfigFileApplicationListener  : Skipped config file 'classpath:/config/application-integration.yml' resource not found
2019-09-06 00:00:10.880 DEBUG 3859 --- [      runner-23] o.s.b.c.c.ConfigFileApplicationListener  : Skipped config file 'classpath:/config/application-integration.yml' for profile integrationresource not found
2019-09-06 00:00:10.880 DEBUG 3859 --- [      runner-23] o.s.b.c.c.ConfigFileApplicationListener  : Skipped config file 'classpath:/config/application.yml' for profile integrationresource not found
2019-09-06 00:00:10.880 DEBUG 3859 --- [      runner-23] o.s.b.c.c.ConfigFileApplicationListener  : Skipped config file 'classpath:/config/application-integration.properties' resource not found
2019-09-06 00:00:10.880 DEBUG 3859 --- [      runner-23] o.s.b.c.c.ConfigFileApplicationListener  : Skipped config file 'classpath:/config/application-integration.properties' for profile integrationresource not found
2019-09-06 00:00:10.880 DEBUG 3859 --- [      runner-23] o.s.b.c.c.ConfigFileApplicationListener  : Skipped config file 'classpath:/config/application.properties' for profile integrationresource not found
2019-09-06 00:00:10.880 DEBUG 3859 --- [      runner-23] o.s.b.c.c.ConfigFileApplicationListener  : Skipped config file 'classpath:/config/application-integration.yaml' resource not found
2019-09-06 00:00:10.880 DEBUG 3859 --- [      runner-23] o.s.b.c.c.ConfigFileApplicationListener  : Skipped config file 'classpath:/config/application-integration.yaml' for profile integrationresource not found
2019-09-06 00:00:10.881 DEBUG 3859 --- [      runner-23] o.s.b.c.c.ConfigFileApplicationListener  : Skipped config file 'classpath:/config/application.yaml' for profile integrationresource not found
2019-09-06 00:00:10.881 DEBUG 3859 --- [      runner-23] o.s.b.c.c.ConfigFileApplicationListener  : Skipped config file 'classpath:/application-integration.xml' resource not found
2019-09-06 00:00:10.881 DEBUG 3859 --- [      runner-23] o.s.b.c.c.ConfigFileApplicationListener  : Skipped config file 'classpath:/application-integration.xml' for profile integrationresource not found
2019-09-06 00:00:10.881 DEBUG 3859 --- [      runner-23] o.s.b.c.c.ConfigFileApplicationListener  : Skipped config file 'classpath:/application.xml' for profile integrationresource not found
2019-09-06 00:00:10.881 DEBUG 3859 --- [      runner-23] o.s.b.c.c.ConfigFileApplicationListener  : Skipped config file 'classpath:/application-integration.yml' resource not found
2019-09-06 00:00:10.881 DEBUG 3859 --- [      runner-23] o.s.b.c.c.ConfigFileApplicationListener  : Skipped config file 'classpath:/application-integration.yml' for profile integrationresource not found
2019-09-06 00:00:10.881 DEBUG 3859 --- [      runner-23] o.s.b.c.c.ConfigFileApplicationListener  : Skipped config file 'classpath:/application.yml' for profile integrationresource not found
2019-09-06 00:00:10.882 DEBUG 3859 --- [      runner-23] o.s.b.c.c.ConfigFileApplicationListener  : Skipped config file 'classpath:/application-integration.properties' resource not found
2019-09-06 00:00:10.882 DEBUG 3859 --- [      runner-23] o.s.b.c.c.ConfigFileApplicationListener  : Skipped config file 'classpath:/application-integration.properties' for profile integrationresource not found
2019-09-06 00:00:10.882 DEBUG 3859 --- [      runner-23] o.s.b.c.c.ConfigFileApplicationListener  : Skipped config file 'classpath:/application.properties' for profile integrationresource not found
2019-09-06 00:00:10.882 DEBUG 3859 --- [      runner-23] o.s.b.c.c.ConfigFileApplicationListener  : Skipped config file 'classpath:/application-integration.yaml' resource not found
2019-09-06 00:00:10.882 DEBUG 3859 --- [      runner-23] o.s.b.c.c.ConfigFileApplicationListener  : Skipped config file 'classpath:/application-integration.yaml' for profile integrationresource not found
2019-09-06 00:00:10.882 DEBUG 3859 --- [      runner-23] o.s.b.c.c.ConfigFileApplicationListener  : Skipped config file 'classpath:/application.yaml' for profile integrationresource not found
2019-09-06 00:00:10.883  INFO 3859 --- [      runner-23] ationConfigEmbeddedWebApplicationContext : Refreshing org.springframework.boot.context.embedded.AnnotationConfigEmbeddedWebApplicationContext@468f24fa: startup date [Fri Sep 06 00:00:10 UTC 2019]; root of context hierarchy
2019-09-06 00:00:10.893 DEBUG 3859 --- [      runner-23] ationConfigEmbeddedWebApplicationContext : Bean factory for org.springframework.boot.context.embedded.AnnotationConfigEmbeddedWebApplicationContext@468f24fa: org.springframework.beans.factory.support.DefaultListableBeanFactory@63be24ac: defining beans [org.springframework.context.annotation.internalConfigurationAnnotationProcessor,org.springframework.context.annotation.internalAutowiredAnnotationProcessor,org.springframework.context.annotation.internalRequiredAnnotationProcessor,org.springframework.context.annotation.internalCommonAnnotationProcessor,example,jobConfig,myService]; root of factory hierarchy
2019-09-06 00:00:10.967  WARN 3859 --- [      runner-23] ationConfigEmbeddedWebApplicationContext : Exception encountered during context initialization - cancelling refresh attempt

org.springframework.beans.factory.BeanDefinitionStoreException: Failed to process import candidates for configuration class [Example]; nested exception is java.lang.IllegalStateException: java.io.FileNotFoundException: class path resource [org/springframework/boot/autoconfigure/aop/AopAutoConfiguration.class] cannot be opened because it does not exist
 at org.springframework.context.annotation.ConfigurationClassParser.processDeferredImportSelectors(ConfigurationClassParser.java:433)
 at org.springframework.context.annotation.ConfigurationClassParser.parse(ConfigurationClassParser.java:175)
 at org.springframework.context.annotation.ConfigurationClassPostProcessor.processConfigBeanDefinitions(ConfigurationClassPostProcessor.java:306)
 at org.springframework.context.annotation.ConfigurationClassPostProcessor.postProcessBeanDefinitionRegistry(ConfigurationClassPostProcessor.java:239)
 at org.springframework.context.support.PostProcessorRegistrationDelegate.invokeBeanDefinitionRegistryPostProcessors(PostProcessorRegistrationDelegate.java:254)
 at org.springframework.context.support.PostProcessorRegistrationDelegate.invokeBeanFactoryPostProcessors(PostProcessorRegistrationDelegate.java:94)
 at org.springframework.context.support.AbstractApplicationContext.invokeBeanFactoryPostProcessors(AbstractApplicationContext.java:606)
 at org.springframework.context.support.AbstractApplicationContext.refresh(AbstractApplicationContext.java:462)
 at org.springframework.boot.context.embedded.EmbeddedWebApplicationContext.refresh(EmbeddedWebApplicationContext.java:109)
 at org.springframework.boot.SpringApplication.refresh(SpringApplication.java:691)
 at org.springframework.boot.SpringApplication.run(SpringApplication.java:321)
 at org.springframework.boot.SpringApplication.run(SpringApplication.java:961)
 at sun.reflect.NativeMethodAccessorImpl.invoke0(Native Method)
 at sun.reflect.NativeMethodAccessorImpl.invoke(NativeMethodAccessorImpl.java:62)
 at sun.reflect.DelegatingMethodAccessorImpl.invoke(DelegatingMethodAccessorImpl.java:43)
 at java.lang.reflect.Method.invoke(Method.java:498)
 at org.springframework.boot.cli.command.run.SpringApplicationRunner$RunThread.run(SpringApplicationRunner.java:152)
Caused by: java.lang.IllegalStateException: java.io.FileNotFoundException: class path resource [org/springframework/boot/autoconfigure/aop/AopAutoConfiguration.class] cannot be opened because it does not exist
 at org.springframework.boot.autoconfigure.EnableAutoConfigurationImportSelector.selectImports(EnableAutoConfigurationImportSelector.java:78)
 at org.springframework.context.annotation.ConfigurationClassParser.processDeferredImportSelectors(ConfigurationClassParser.java:425)
 ... 16 common frames omitted
Caused by: java.io.FileNotFoundException: class path resource [org/springframework/boot/autoconfigure/aop/AopAutoConfiguration.class] cannot be opened because it does not exist
 at org.springframework.core.io.ClassPathResource.getInputStream(ClassPathResource.java:172)
 at org.springframework.core.type.classreading.SimpleMetadataReader.<init>(SimpleMetadataReader.java:50)
 at org.springframework.core.type.classreading.SimpleMetadataReaderFactory.getMetadataReader(SimpleMetadataReaderFactory.java:82)
 at org.springframework.core.type.classreading.CachingMetadataReaderFactory.getMetadataReader(CachingMetadataReaderFactory.java:102)
 at org.springframework.core.type.classreading.SimpleMetadataReaderFactory.getMetadataReader(SimpleMetadataReaderFactory.java:77)
 at org.springframework.boot.autoconfigure.AutoConfigurationSorter$AutoConfigurationClasses.<init>(AutoConfigurationSorter.java:121)
 at org.springframework.boot.autoconfigure.AutoConfigurationSorter.getInPriorityOrder(AutoConfigurationSorter.java:60)
 at org.springframework.boot.autoconfigure.EnableAutoConfigurationImportSelector.selectImports(EnableAutoConfigurationImportSelector.java:72)
 ... 17 common frames omitted

2019-09-06 00:00:10.968  INFO 3859 --- [      runner-23] .b.l.ClasspathLoggingApplicationListener : Application failed to start with classpath: []
2019-09-06 00:00:10.969 ERROR 3859 --- [      runner-23] o.s.boot.SpringApplication               : Application startup failed

org.springframework.beans.factory.BeanDefinitionStoreException: Failed to process import candidates for configuration class [Example]; nested exception is java.lang.IllegalStateException: java.io.FileNotFoundException: class path resource [org/springframework/boot/autoconfigure/aop/AopAutoConfiguration.class] cannot be opened because it does not exist
 at org.springframework.context.annotation.ConfigurationClassParser.processDeferredImportSelectors(ConfigurationClassParser.java:433)
 at org.springframework.context.annotation.ConfigurationClassParser.parse(ConfigurationClassParser.java:175)
 at org.springframework.context.annotation.ConfigurationClassPostProcessor.processConfigBeanDefinitions(ConfigurationClassPostProcessor.java:306)
 at org.springframework.context.annotation.ConfigurationClassPostProcessor.postProcessBeanDefinitionRegistry(ConfigurationClassPostProcessor.java:239)
 at org.springframework.context.support.PostProcessorRegistrationDelegate.invokeBeanDefinitionRegistryPostProcessors(PostProcessorRegistrationDelegate.java:254)
 at org.springframework.context.support.PostProcessorRegistrationDelegate.invokeBeanFactoryPostProcessors(PostProcessorRegistrationDelegate.java:94)
 at org.springframework.context.support.AbstractApplicationContext.invokeBeanFactoryPostProcessors(AbstractApplicationContext.java:606)
 at org.springframework.context.support.AbstractApplicationContext.refresh(AbstractApplicationContext.java:462)
 at org.springframework.boot.context.embedded.EmbeddedWebApplicationContext.refresh(EmbeddedWebApplicationContext.java:109)
 at org.springframework.boot.SpringApplication.refresh(SpringApplication.java:691)
 at org.springframework.boot.SpringApplication.run(SpringApplication.java:321)
 at org.springframework.boot.SpringApplication.run(SpringApplication.java:961)
 at sun.reflect.NativeMethodAccessorImpl.invoke0(Native Method)
 at sun.reflect.NativeMethodAccessorImpl.invoke(NativeMethodAccessorImpl.java:62)
 at sun.reflect.DelegatingMethodAccessorImpl.invoke(DelegatingMethodAccessorImpl.java:43)
 at java.lang.reflect.Method.invoke(Method.java:498)
 at org.springframework.boot.cli.command.run.SpringApplicationRunner$RunThread.run(SpringApplicationRunner.java:152)
Caused by: java.lang.IllegalStateException: java.io.FileNotFoundException: class path resource [org/springframework/boot/autoconfigure/aop/AopAutoConfiguration.class] cannot be opened because it does not exist
 at org.springframework.boot.autoconfigure.EnableAutoConfigurationImportSelector.selectImports(EnableAutoConfigurationImportSelector.java:78)
 at org.springframework.context.annotation.ConfigurationClassParser.processDeferredImportSelectors(ConfigurationClassParser.java:425)
 ... 16 common frames omitted
Caused by: java.io.FileNotFoundException: class path resource [org/springframework/boot/autoconfigure/aop/AopAutoConfiguration.class] cannot be opened because it does not exist
 at org.springframework.core.io.ClassPathResource.getInputStream(ClassPathResource.java:172)
 at org.springframework.core.type.classreading.SimpleMetadataReader.<init>(SimpleMetadataReader.java:50)
 at org.springframework.core.type.classreading.SimpleMetadataReaderFactory.getMetadataReader(SimpleMetadataReaderFactory.java:82)
 at org.springframework.core.type.classreading.CachingMetadataReaderFactory.getMetadataReader(CachingMetadataReaderFactory.java:102)
 at org.springframework.core.type.classreading.SimpleMetadataReaderFactory.getMetadataReader(SimpleMetadataReaderFactory.java:77)
 at org.springframework.boot.autoconfigure.AutoConfigurationSorter$AutoConfigurationClasses.<init>(AutoConfigurationSorter.java:121)
 at org.springframework.boot.autoconfigure.AutoConfigurationSorter.getInPriorityOrder(AutoConfigurationSorter.java:60)
 at org.springframework.boot.autoconfigure.EnableAutoConfigurationImportSelector.selectImports(EnableAutoConfigurationImportSelector.java:72)
 ... 17 common frames omitted

java.lang.reflect.InvocationTargetException
 at sun.reflect.NativeMethodAccessorImpl.invoke0(Native Method)
 at sun.reflect.NativeMethodAccessorImpl.invoke(NativeMethodAccessorImpl.java:62)
 at sun.reflect.DelegatingMethodAccessorImpl.invoke(DelegatingMethodAccessorImpl.java:43)
 at java.lang.reflect.Method.invoke(Method.java:498)
 at org.springframework.boot.cli.command.run.SpringApplicationRunner$RunThread.run(SpringApplicationRunner.java:152)
Caused by: org.springframework.beans.factory.BeanDefinitionStoreException: Failed to process import candidates for configuration class [Example]; nested exception is java.lang.IllegalStateException: java.io.FileNotFoundException: class path resource [org/springframework/boot/autoconfigure/aop/AopAutoConfiguration.class] cannot be opened because it does not exist
 at org.springframework.context.annotation.ConfigurationClassParser.processDeferredImportSelectors(ConfigurationClassParser.java:433)
 at org.springframework.context.annotation.ConfigurationClassParser.parse(ConfigurationClassParser.java:175)
 at org.springframework.context.annotation.ConfigurationClassPostProcessor.processConfigBeanDefinitions(ConfigurationClassPostProcessor.java:306)
 at org.springframework.context.annotation.ConfigurationClassPostProcessor.postProcessBeanDefinitionRegistry(ConfigurationClassPostProcessor.java:239)
 at org.springframework.context.support.PostProcessorRegistrationDelegate.invokeBeanDefinitionRegistryPostProcessors(PostProcessorRegistrationDelegate.java:254)
 at org.springframework.context.support.PostProcessorRegistrationDelegate.invokeBeanFactoryPostProcessors(PostProcessorRegistrationDelegate.java:94)
 at org.springframework.context.support.AbstractApplicationContext.invokeBeanFactoryPostProcessors(AbstractApplicationContext.java:606)
 at org.springframework.context.support.AbstractApplicationContext.refresh(AbstractApplicationContext.java:462)
 at org.springframework.boot.context.embedded.EmbeddedWebApplicationContext.refresh(EmbeddedWebApplicationContext.java:109)
 at org.springframework.boot.SpringApplication.refresh(SpringApplication.java:691)
 at org.springframework.boot.SpringApplication.run(SpringApplication.java:321)
 at org.springframework.boot.SpringApplication.run(SpringApplication.java:961)
 ... 5 more
Caused by: java.lang.IllegalStateException: java.io.FileNotFoundException: class path resource [org/springframework/boot/autoconfigure/aop/AopAutoConfiguration.class] cannot be opened because it does not exist
 at org.springframework.boot.autoconfigure.EnableAutoConfigurationImportSelector.selectImports(EnableAutoConfigurationImportSelector.java:78)
 at org.springframework.context.annotation.ConfigurationClassParser.processDeferredImportSelectors(ConfigurationClassParser.java:425)
 ... 16 more
Caused by: java.io.FileNotFoundException: class path resource [org/springframework/boot/autoconfigure/aop/AopAutoConfiguration.class] cannot be opened because it does not exist
 at org.springframework.core.io.ClassPathResource.getInputStream(ClassPathResource.java:172)
 at org.springframework.core.type.classreading.SimpleMetadataReader.<init>(SimpleMetadataReader.java:50)
 at org.springframework.core.type.classreading.SimpleMetadataReaderFactory.getMetadataReader(SimpleMetadataReaderFactory.java:82)
 at org.springframework.core.type.classreading.CachingMetadataReaderFactory.getMetadataReader(CachingMetadataReaderFactory.java:102)
 at org.springframework.core.type.classreading.SimpleMetadataReaderFactory.getMetadataReader(SimpleMetadataReaderFactory.java:77)
 at org.springframework.boot.autoconfigure.AutoConfigurationSorter$AutoConfigurationClasses.<init>(AutoConfigurationSorter.java:121)
 at org.springframework.boot.autoconfigure.AutoConfigurationSorter.getInPriorityOrder(AutoConfigurationSorter.java:60)
 at org.springframework.boot.autoconfigure.EnableAutoConfigurationImportSelector.selectImports(EnableAutoConfigurationImportSelector.java:72)
 ... 17 more
"
