project,test,match_status,exception_type,category,message
activiti-activiti,org.activiti.spring.test.servicetask.ServiceTaskSpringDelegationTest#testAsyncMethodExpressionOnSpringBean,matched (1 report(s) available),org.activiti.engine.ActivitiException,Other (ActivitiException),time limit of 5000 was exceeded
activiti-activiti,org.activiti.spring.test.jobexecutor.SpringAsyncExecutorTest#testHappyJobExecutorPath,matched (15 report(s) available),junit.framework.AssertionFailedError,Assertion Failure,
activiti-activiti,org.activiti.engine.test.jobexecutor.AsyncExecutorTest#testAsyncExecutorDisabledOnOneEngine,matched (6 report(s) available),java.lang.AssertionError,Assertion Failure,expected:<1> but was:<2>
activiti-activiti,org.activiti.engine.test.jobexecutor.AsyncExecutorTest#testRegularAsyncExecution,matched (1 report(s) available),java.lang.AssertionError,Assertion Failure,expected:<1> but was:<0>
activiti-activiti,org.activiti.engine.test.jobexecutor.AsyncExecutorTest#testAsyncFailingScript,matched (15 report(s) available),java.lang.AssertionError,Assertion Failure,expected:<3> but was:<4>
activiti-activiti,org.activiti.engine.test.api.repository.ProcessDefinitionSuspensionTest#testDelayedActivateProcessDefinition,matched (1 report(s) available),org.apache.ibatis.exceptions.PersistenceException,Other (PersistenceException),"
### Error updating database.  Cause: org.h2.jdbc.JdbcSQLException: Referential integrity constraint violation: ""ACT_FK_TIMER_JOB_PROC_DEF: PUBLIC.ACT_RU_TIMER_JOB FOREIGN KEY(PROC_DEF_ID_) REFERENCES PUBLIC.ACT_RE_PROCDEF(ID_) ('oneTaskProcess:1:4156')""; SQL statement:
delete from ACT_RE_PROCDEF where DEPLOYMENT_ID_ = ? [23503-197]
### The error may involve org.activiti.engine.impl.persistence.entity.ProcessDefinitionEntityImpl.deleteProcessDefinitionsByDeploymentId-Inline
### The error occurre"
activiti-activiti,org.activiti.engine.test.api.repository.ProcessDefinitionSuspensionTest#testSuspendProcessInstancesDuringProcessDefinitionSuspend,matched (1 report(s) available),org.activiti.engine.ActivitiException,Other (ActivitiException),Query return 2 results instead of max 1
activiti-activiti,org.activiti.engine.test.api.repository.ProcessDefinitionSuspensionTest#testDelayedSuspendMultipleProcessDefinitionsByKey,matched (1 report(s) available),junit.framework.AssertionFailedError,Assertion Failure,expected:<5> but was:<4>
activiti-activiti,org.activiti.engine.test.jobexecutor.JobExecutorTest#testBasicJobExecutorOperation,matched (46 report(s) available),junit.framework.AssertionFailedError,Assertion Failure,"expected:<[message-four, message-one, message-three, message-two, timer-one, timer-two]> but was:<[message-four, message-one, message-three, message-two, timer-one]>"
activiti-activiti,org.activiti.engine.test.bpmn.gateway.EventBasedGatewayTest#testCatchTimerCancelsSignal,matched (3 report(s) available),junit.framework.AssertionFailedError,Assertion Failure,expected:<0> but was:<1>
activiti-activiti,org.activiti.engine.test.bpmn.event.timer.StartTimerEventRepeatWithEndTest#testCycleDateStartTimerEvent,matched (1 report(s) available),java.lang.NullPointerException,Null Pointer,
activiti-activiti,org.activiti.engine.test.jobexecutor.JobExecutorExceptionsTest#testQueryByExceptionWithRealJobExecutor,matched (1 report(s) available),org.activiti.engine.ActivitiException,Other (ActivitiException),time limit of 5000 was exceeded
activiti-activiti,org.activiti.engine.test.bpmn.event.timer.compatibility.StartTimerEventRepeatCompatibilityTest#testCycleDateStartTimerEvent,matched (2 report(s) available),junit.framework.AssertionFailedError,Assertion Failure,expected:<10> but was:<11>
activiti-activiti,org.activiti.engine.test.bpmn.event.end.TerminateEndEventTest#testTerminateInSubProcessWithBoundary,matched (18 report(s) available),junit.framework.AssertionFailedError,Assertion Failure,Expected finished process instance '39452' but it was still in the db
activiti-activiti,org.activiti.engine.test.bpmn.event.timer.BoundaryTimerEventTest#testExpressionOnTimer,matched (46 report(s) available),junit.framework.AssertionFailedError,Assertion Failure,expected:<0> but was:<1>
activiti-activiti,org.activiti.engine.test.bpmn.event.timer.BoundaryTimerEventTest#testMultipleTimersOnUserTask,matched (47 report(s) available),junit.framework.AssertionFailedError,Assertion Failure,expected:<0> but was:<3>
activiti-activiti,org.activiti.engine.test.bpmn.event.timer.StartTimerEventTest#testDurationStartTimerEvent,matched (3 report(s) available),junit.framework.AssertionFailedError,Assertion Failure,expected:<1> but was:<0>
activiti-activiti,org.activiti.engine.test.bpmn.subprocess.SubProcessTest#testNestedSimpleSubprocessWithTimerOnInnerSubProcess,matched (13 report(s) available),junit.framework.ComparisonFailure,Assertion Failure,expected:<[Escalated task]> but was:<[Task in subprocess]>
activiti-activiti,org.activiti.engine.test.bpmn.subprocess.SubProcessTest#testSimpleSubProcessWithTimer,matched (2 report(s) available),junit.framework.ComparisonFailure,Assertion Failure,expected:<[Fix escalated problem]> but was:<[Task in subprocess]>
activiti-activiti,org.activiti.engine.test.bpmn.event.timer.compatibility.BoundaryTimerEventRepeatCompatibilityTest#testRepeatWithoutEnd,matched (1 report(s) available),org.activiti.engine.ActivitiException,Other (ActivitiException),time limit of 2000 was exceeded
activiti-activiti,org.activiti.engine.test.bpmn.event.timer.IntermediateTimerEventTest#testCatchingTimerEvent,matched (47 report(s) available),junit.framework.AssertionFailedError,Assertion Failure,expected:<0> but was:<1>
activiti-activiti,org.activiti.engine.test.bpmn.event.timer.IntermediateTimerEventTest#testTimerEventWithStartAndDuration,matched (24 report(s) available),junit.framework.AssertionFailedError,Assertion Failure,expected:<0> but was:<1>
activiti-activiti,org.activiti.engine.test.bpmn.async.AsyncExclusiveJobsTest#testExclusiveJobs,matched (3 report(s) available),org.activiti.engine.ActivitiException,Other (ActivitiException),time limit of 20000 was exceeded
activiti-activiti,org.activiti.engine.test.api.event.JobEventsTest#testTimerFiredForIntermediateTimer,matched (1 report(s) available),junit.framework.AssertionFailedError,Assertion Failure,TIMER_FIRED event was expected 1 times. expected:<1> but was:<2>
activiti-activiti,org.activiti.engine.test.bpmn.exclusive.ExclusiveTimerEventTest#testCatchingTimerEvent,matched (1 report(s) available),org.activiti.engine.ActivitiException,Other (ActivitiException),time limit of 5000 was exceeded
activiti-activiti,org.activiti.engine.test.bpmn.async.AsyncTaskTest#testAsyncTask,matched (1 report(s) available),org.activiti.engine.ActivitiException,Other (ActivitiException),time limit of 5000 was exceeded
activiti-activiti,org.activiti.engine.test.bpmn.async.AsyncTaskTest#testBasicAsyncCallActivity,matched (1 report(s) available),org.activiti.engine.ActivitiException,Other (ActivitiException),time limit of 5000 was exceeded
activiti-activiti,org.activiti.engine.test.api.task.TaskServiceTest#testGetVariableByHistoricActivityInstance,matched (29 report(s) available),junit.framework.AssertionFailedError,Assertion Failure,expected:<value1> but was:<value2>
activiti-activiti,org.activiti.engine.test.bpmn.event.timer.BoundaryTimerNonInterruptingEventTest#testJoin,matched (42 report(s) available),junit.framework.AssertionFailedError,Assertion Failure,expected:<0> but was:<1>
activiti-activiti,org.activiti.engine.test.bpmn.event.timer.BoundaryTimerNonInterruptingEventTest#testMultipleTimersOnUserTask,matched (17 report(s) available),junit.framework.AssertionFailedError,Assertion Failure,expected:<0> but was:<1>
activiti-activiti,org.activiti.engine.test.api.event.ActivityEventsTest#testActivityTimeOutEvent,matched (62 report(s) available),org.activiti.engine.ActivitiException,Other (ActivitiException),time limit of 2000 was exceeded
activiti-activiti,org.activiti.engine.test.history.HistoricVariableInstanceTest#testHistoricVariableQueryByTaskIds,matched (932 report(s) available),junit.framework.ComparisonFailure,Assertion Failure,expected:<taskVar[1]> but was:<taskVar[2]>
Alluxio-alluxio,tachyon.MasterFaultToleranceTest#getClientsTest,matched (88 report(s) available),java.lang.NullPointerException:,Null Pointer,
Alluxio-alluxio,tachyon.MasterFaultToleranceTest#faultTest,matched (109 report(s) available),java.lang.NullPointerException:,Null Pointer,
Alluxio-alluxio,tachyon.MasterInfoTest#createFileTest,matched (76 report(s) available),java.lang.NullPointerException:,Null Pointer,
Alluxio-alluxio,tachyon.MasterInfoTest#deleteFileTest,matched (76 report(s) available),java.lang.NullPointerException:,Null Pointer,
Alluxio-alluxio,tachyon.MasterInfoTest#deleteDirectoryWithDirectoriesTest,matched (76 report(s) available),java.lang.NullPointerException:,Null Pointer,
Alluxio-alluxio,tachyon.MasterInfoTest#lsTest,matched (76 report(s) available),java.lang.NullPointerException:,Null Pointer,
Alluxio-alluxio,tachyon.MasterInfoTest#addCheckpointTest,matched (76 report(s) available),java.lang.NullPointerException:,Null Pointer,
Alluxio-alluxio,tachyon.MasterInfoTest#notFileCheckpointTest,matched (76 report(s) available),java.lang.NullPointerException:,Null Pointer,
Alluxio-alluxio,tachyon.MasterInfoTest#createFilePerfTest,matched (76 report(s) available),java.lang.NullPointerException:,Null Pointer,
Alluxio-alluxio,tachyon.MasterInfoTest#createDirectoryTest,matched (76 report(s) available),java.lang.NullPointerException:,Null Pointer,
Alluxio-alluxio,tachyon.MasterInfoTest#createFileInvalidPathTest,matched (76 report(s) available),java.lang.NullPointerException:,Null Pointer,
Alluxio-alluxio,tachyon.MasterInfoTest#createAlreadyExistFileTest,matched (76 report(s) available),java.lang.NullPointerException:,Null Pointer,
Alluxio-alluxio,tachyon.MasterInfoTest#createRawTableTest,matched (76 report(s) available),java.lang.NullPointerException:,Null Pointer,
Alluxio-alluxio,tachyon.MasterInfoTest#negativeColumnTest,matched (76 report(s) available),java.lang.NullPointerException:,Null Pointer,
Alluxio-alluxio,tachyon.MasterInfoTest#tooManyColumnsTest,matched (76 report(s) available),java.lang.NullPointerException:,Null Pointer,
Alluxio-alluxio,tachyon.MasterInfoTest#deleteEmptyDirectoryTest,matched (76 report(s) available),java.lang.NullPointerException:,Null Pointer,
Alluxio-alluxio,tachyon.MasterInfoTest#deleteDirectoryWithFilesTest,matched (76 report(s) available),java.lang.NullPointerException:,Null Pointer,
Alluxio-alluxio,tachyon.MasterInfoTest#deleteDirectoryWithFilesTest2,matched (76 report(s) available),java.lang.NullPointerException:,Null Pointer,
Alluxio-alluxio,tachyon.MasterInfoTest#deleteDirectoryWithDirectoriesTest2,matched (76 report(s) available),java.lang.NullPointerException:,Null Pointer,
Alluxio-alluxio,tachyon.MasterInfoTest#getCapacityBytesTest,matched (76 report(s) available),java.lang.NullPointerException:,Null Pointer,
Alluxio-alluxio,tachyon.MasterInfoTest#clientFileInfoEmptyFileTest,matched (76 report(s) available),java.lang.NullPointerException:,Null Pointer,
Alluxio-alluxio,tachyon.MasterInfoTest#clientFileInfoDirectoryTest,matched (76 report(s) available),java.lang.NullPointerException:,Null Pointer,
Alluxio-alluxio,tachyon.DataServerTest#readPartialTest2,matched (76 report(s) available),java.lang.NullPointerException:,Null Pointer,
Alluxio-alluxio,tachyon.DataServerTest#readPartialTest1,matched (76 report(s) available),java.lang.NullPointerException:,Null Pointer,
Alluxio-alluxio,tachyon.DataServerTest#readTest,matched (77 report(s) available),java.lang.NullPointerException:,Null Pointer,
Alluxio-alluxio,tachyon.client.LocalBlockInStreamTest#readTest1,matched (73 report(s) available),java.net.UnknownHostException,Connection / Network,ip-172-31-57-97: ip-172-31-57-97: Temporary failure in name resolution
Alluxio-alluxio,tachyon.client.LocalBlockInStreamTest#readTest2,matched (73 report(s) available),java.net.UnknownHostException,Connection / Network,ip-172-31-57-97: ip-172-31-57-97: Temporary failure in name resolution
Alluxio-alluxio,tachyon.client.LocalBlockInStreamTest#readTest3,matched (74 report(s) available),java.net.UnknownHostException,Connection / Network,ip-172-31-57-97: ip-172-31-57-97: Temporary failure in name resolution
Alluxio-alluxio,tachyon.client.LocalBlockInStreamTest#skipTest,matched (74 report(s) available),java.net.UnknownHostException,Connection / Network,ip-172-31-57-97: ip-172-31-57-97: Temporary failure in name resolution
Alluxio-alluxio,tachyon.client.RemoteBlockInStreamTest#readTest1,matched (74 report(s) available),java.lang.IllegalArgumentException,Other (IllegalArgumentException),Unknown under file system scheme null/3
Alluxio-alluxio,tachyon.client.RemoteBlockInStreamTest#readTest2,matched (73 report(s) available),java.net.UnknownHostException,Connection / Network,ip-172-31-57-97: ip-172-31-57-97: Temporary failure in name resolution
Alluxio-alluxio,tachyon.client.RemoteBlockInStreamTest#readTest3,matched (73 report(s) available),java.net.UnknownHostException,Connection / Network,ip-172-31-57-97: ip-172-31-57-97: Temporary failure in name resolution
Alluxio-alluxio,tachyon.client.RemoteBlockInStreamTest#skipTest,matched (73 report(s) available),java.net.UnknownHostException,Connection / Network,ip-172-31-57-97: ip-172-31-57-97: Temporary failure in name resolution
Alluxio-alluxio,tachyon.client.RemoteBlockInStreamTest#readTest7,matched (73 report(s) available),java.net.UnknownHostException,Connection / Network,ip-172-31-57-97: ip-172-31-57-97: Temporary failure in name resolution
Alluxio-alluxio,tachyon.client.RemoteBlockInStreamTest#readTest4,matched (74 report(s) available),java.lang.AssertionError:,Assertion Failure,
Alluxio-alluxio,tachyon.client.RemoteBlockInStreamTest#readTest6,matched (73 report(s) available),java.net.UnknownHostException,Connection / Network,ip-172-31-57-97: ip-172-31-57-97: Temporary failure in name resolution
Alluxio-alluxio,tachyon.client.RemoteBlockInStreamTest#readTest5,matched (73 report(s) available),java.net.UnknownHostException,Connection / Network,ip-172-31-57-97: ip-172-31-57-97: Temporary failure in name resolution
Alluxio-alluxio,tachyon.MasterClientTest#openCloseTest,matched (76 report(s) available),java.lang.NullPointerException:,Null Pointer,
Alluxio-alluxio,tachyon.WorkerServiceHandlerTest#returnSpaceTest,matched (73 report(s) available),java.net.UnknownHostException,Connection / Network,ip-172-31-57-97: ip-172-31-57-97: Temporary failure in name resolution
Alluxio-alluxio,tachyon.WorkerServiceHandlerTest#evictionTest,matched (75 report(s) available),java.net.UnknownHostException,Connection / Network,ip-172-31-57-97: ip-172-31-57-97: Temporary failure in name resolution
Alluxio-alluxio,tachyon.WorkerServiceHandlerTest#overCapacityRequestSpaceTest,matched (73 report(s) available),java.net.UnknownHostException,Connection / Network,ip-172-31-57-97: ip-172-31-57-97: Temporary failure in name resolution
Alluxio-alluxio,tachyon.WorkerServiceHandlerTest#totalOverCapacityRequestSpaceTest,matched (73 report(s) available),java.net.UnknownHostException,Connection / Network,ip-172-31-57-97: ip-172-31-57-97: Temporary failure in name resolution
Alluxio-alluxio,tachyon.WorkerServiceHandlerTest#overReturnSpaceTest,matched (73 report(s) available),java.net.UnknownHostException,Connection / Network,ip-172-31-57-97: ip-172-31-57-97: Temporary failure in name resolution
Alluxio-alluxio,tachyon.client.TachyonFileTest#isInMemoryTest2,matched (84 report(s) available),junit.framework.AssertionFailedError:,Assertion Failure,
Alluxio-alluxio,tachyon.client.TachyonFileTest#isInMemoryTest,matched (74 report(s) available),java.net.UnknownHostException,Connection / Network,ip-172-31-57-97: ip-172-31-57-97: Temporary failure in name resolution
Alluxio-alluxio,tachyon.client.TachyonFileTest#isInMemoryTest3,matched (84 report(s) available),junit.framework.AssertionFailedError:,Assertion Failure,
Alluxio-alluxio,tachyon.client.TachyonFileTest#writeEmptyFileTest,matched (74 report(s) available),java.lang.IllegalArgumentException,Other (IllegalArgumentException),Unknown under file system scheme null/2
Alluxio-alluxio,tachyon.client.FileOutStreamTest#writeTest1,matched (98 report(s) available),java.net.UnknownHostException,Connection / Network,ip-172-31-57-97: ip-172-31-57-97: Temporary failure in name resolution
Alluxio-alluxio,tachyon.client.FileOutStreamTest#writeTest2,matched (101 report(s) available),java.io.IOException,Connection / Network,The machine does not have any local worker.
Alluxio-alluxio,tachyon.client.FileOutStreamTest#writeTest3,matched (241 report(s) available),java.io.IOException,Connection / Network,The machine does not have any local worker.
Alluxio-alluxio,tachyon.command.TFsShellTest#locationTest,matched (76 report(s) available),java.io.IOException,Connection / Network,The machine does not have any local worker.
Alluxio-alluxio,tachyon.command.TFsShellTest#mkdirTest,matched (73 report(s) available),java.net.UnknownHostException,Connection / Network,ip-172-31-57-97: ip-172-31-57-97: Temporary failure in name resolution
Alluxio-alluxio,tachyon.command.TFsShellTest#mkdirShortPathTest,matched (73 report(s) available),java.net.UnknownHostException,Connection / Network,ip-172-31-57-97: ip-172-31-57-97: Temporary failure in name resolution
Alluxio-alluxio,tachyon.command.TFsShellTest#mkdirComplexPathTest,matched (73 report(s) available),java.net.UnknownHostException,Connection / Network,ip-172-31-57-97: ip-172-31-57-97: Temporary failure in name resolution
Alluxio-alluxio,tachyon.command.TFsShellTest#mkdirExistingTest,matched (73 report(s) available),java.net.UnknownHostException,Connection / Network,ip-172-31-57-97: ip-172-31-57-97: Temporary failure in name resolution
Alluxio-alluxio,tachyon.command.TFsShellTest#mkdirInvalidPathTest,matched (73 report(s) available),java.net.UnknownHostException,Connection / Network,ip-172-31-57-97: ip-172-31-57-97: Temporary failure in name resolution
Alluxio-alluxio,tachyon.command.TFsShellTest#rmTest,matched (73 report(s) available),java.net.UnknownHostException,Connection / Network,ip-172-31-57-97: ip-172-31-57-97: Temporary failure in name resolution
Alluxio-alluxio,tachyon.command.TFsShellTest#rmNotExistingFileTest,matched (73 report(s) available),java.net.UnknownHostException,Connection / Network,ip-172-31-57-97: ip-172-31-57-97: Temporary failure in name resolution
Alluxio-alluxio,tachyon.command.TFsShellTest#renameTest,matched (73 report(s) available),java.net.UnknownHostException,Connection / Network,ip-172-31-57-97: ip-172-31-57-97: Temporary failure in name resolution
Alluxio-alluxio,tachyon.command.TFsShellTest#renameToExistingFileTest,matched (73 report(s) available),java.net.UnknownHostException,Connection / Network,ip-172-31-57-97: ip-172-31-57-97: Temporary failure in name resolution
Alluxio-alluxio,tachyon.command.TFsShellTest#renameParentDirectoryTest,matched (73 report(s) available),java.net.UnknownHostException,Connection / Network,ip-172-31-57-97: ip-172-31-57-97: Temporary failure in name resolution
Alluxio-alluxio,tachyon.command.TFsShellTest#copyFromLocalTest,matched (73 report(s) available),java.net.UnknownHostException,Connection / Network,ip-172-31-57-97: ip-172-31-57-97: Temporary failure in name resolution
Alluxio-alluxio,tachyon.command.TFsShellTest#copyFromLocalLargeTest,matched (73 report(s) available),java.net.UnknownHostException,Connection / Network,ip-172-31-57-97: ip-172-31-57-97: Temporary failure in name resolution
Alluxio-alluxio,tachyon.command.TFsShellTest#copyToLocalTest,matched (115 report(s) available),java.io.IOException,Connection / Network,The machine does not have any local worker.
Alluxio-alluxio,tachyon.command.TFsShellTest#copyToLocalLargeTest,matched (80 report(s) available),java.net.UnknownHostException,Connection / Network,ip-172-31-57-97: ip-172-31-57-97: Temporary failure in name resolution
Alluxio-alluxio,tachyon.command.TFsShellTest#fileinfoTest,matched (91 report(s) available),java.net.UnknownHostException,Connection / Network,ip-172-31-57-97: ip-172-31-57-97: Temporary failure in name resolution
Alluxio-alluxio,tachyon.client.table.RawColumnTest#basicTest,matched (73 report(s) available),java.net.UnknownHostException,Connection / Network,ip-172-31-57-97: ip-172-31-57-97: Temporary failure in name resolution
Alluxio-alluxio,tachyon.client.FileInStreamTest#readTest1,matched (212 report(s) available),java.io.IOException,Connection / Network,The machine does not have any local worker.
Alluxio-alluxio,tachyon.client.FileInStreamTest#readTest2,matched (103 report(s) available),java.net.UnknownHostException,Connection / Network,ip-172-31-57-97: ip-172-31-57-97: Temporary failure in name resolution
Alluxio-alluxio,tachyon.client.FileInStreamTest#readTest3,matched (73 report(s) available),java.net.UnknownHostException,Connection / Network,ip-172-31-57-97: ip-172-31-57-97: Temporary failure in name resolution
Alluxio-alluxio,tachyon.client.FileInStreamTest#skipTest,matched (73 report(s) available),java.net.UnknownHostException,Connection / Network,ip-172-31-57-97: ip-172-31-57-97: Temporary failure in name resolution
Alluxio-alluxio,tachyon.JournalTest#EmptyImageTest,matched (76 report(s) available),java.lang.NullPointerException:,Null Pointer,
Alluxio-alluxio,tachyon.JournalTest#FileTest,matched (76 report(s) available),java.lang.NullPointerException:,Null Pointer,
Alluxio-alluxio,tachyon.JournalTest#ManyFileTest,matched (76 report(s) available),java.lang.NullPointerException:,Null Pointer,
Alluxio-alluxio,tachyon.JournalTest#FileFolderTest,matched (76 report(s) available),java.lang.NullPointerException:,Null Pointer,
Alluxio-alluxio,tachyon.JournalTest#RenameTest,matched (76 report(s) available),java.lang.NullPointerException:,Null Pointer,
Alluxio-alluxio,tachyon.JournalTest#DeleteTest,matched (76 report(s) available),java.lang.NullPointerException:,Null Pointer,
Alluxio-alluxio,tachyon.JournalTest#AddBlockTest,matched (76 report(s) available),java.lang.NullPointerException:,Null Pointer,
Alluxio-alluxio,tachyon.JournalTest#AddCheckpointTest,matched (76 report(s) available),java.lang.NullPointerException:,Null Pointer,
Alluxio-alluxio,tachyon.client.table.RawTableTest#getIdTest,matched (73 report(s) available),java.net.UnknownHostException,Connection / Network,ip-172-31-57-97: ip-172-31-57-97: Temporary failure in name resolution
Alluxio-alluxio,tachyon.client.table.RawTableTest#rawtablePerfTest,matched (73 report(s) available),java.net.UnknownHostException,Connection / Network,ip-172-31-57-97: ip-172-31-57-97: Temporary failure in name resolution
Alluxio-alluxio,tachyon.client.table.RawTableTest#getColumnsTest,matched (73 report(s) available),java.net.UnknownHostException,Connection / Network,ip-172-31-57-97: ip-172-31-57-97: Temporary failure in name resolution
Alluxio-alluxio,tachyon.client.table.RawTableTest#getNameTest,matched (73 report(s) available),java.net.UnknownHostException,Connection / Network,ip-172-31-57-97: ip-172-31-57-97: Temporary failure in name resolution
Alluxio-alluxio,tachyon.client.table.RawTableTest#getPathTest,matched (73 report(s) available),java.net.UnknownHostException,Connection / Network,ip-172-31-57-97: ip-172-31-57-97: Temporary failure in name resolution
Alluxio-alluxio,tachyon.client.table.RawTableTest#getMetadataTest,matched (73 report(s) available),java.net.UnknownHostException,Connection / Network,ip-172-31-57-97: ip-172-31-57-97: Temporary failure in name resolution
Alluxio-alluxio,tachyon.client.table.RawTableTest#updateMetadataTest,matched (73 report(s) available),java.net.UnknownHostException,Connection / Network,ip-172-31-57-97: ip-172-31-57-97: Temporary failure in name resolution
Alluxio-alluxio,tachyon.client.BlockInStreamTest#readTest1,matched (73 report(s) available),java.net.UnknownHostException,Connection / Network,ip-172-31-57-97: ip-172-31-57-97: Temporary failure in name resolution
Alluxio-alluxio,tachyon.client.BlockInStreamTest#readTest2,matched (73 report(s) available),java.net.UnknownHostException,Connection / Network,ip-172-31-57-97: ip-172-31-57-97: Temporary failure in name resolution
Alluxio-alluxio,tachyon.client.BlockInStreamTest#readTest3,matched (73 report(s) available),java.net.UnknownHostException,Connection / Network,ip-172-31-57-97: ip-172-31-57-97: Temporary failure in name resolution
Alluxio-alluxio,tachyon.client.BlockInStreamTest#skipTest,matched (73 report(s) available),java.net.UnknownHostException,Connection / Network,ip-172-31-57-97: ip-172-31-57-97: Temporary failure in name resolution
Alluxio-alluxio,tachyon.client.TachyonFSTest#createFileWithInvalidPathExceptionTest,matched (73 report(s) available),java.net.UnknownHostException,Connection / Network,ip-172-31-57-97: ip-172-31-57-97: Temporary failure in name resolution
Alluxio-alluxio,tachyon.client.TachyonFSTest#createFileWithFileAlreadyExistExceptionTest,matched (73 report(s) available),java.net.UnknownHostException,Connection / Network,ip-172-31-57-97: ip-172-31-57-97: Temporary failure in name resolution
Alluxio-alluxio,tachyon.client.TachyonFSTest#createFileWithCheckpointFileTest,matched (73 report(s) available),java.net.UnknownHostException,Connection / Network,ip-172-31-57-97: ip-172-31-57-97: Temporary failure in name resolution
Alluxio-alluxio,tachyon.client.TachyonFSTest#createRawTableTestEmptyMetadata,matched (73 report(s) available),java.net.UnknownHostException,Connection / Network,ip-172-31-57-97: ip-172-31-57-97: Temporary failure in name resolution
Alluxio-alluxio,tachyon.client.TachyonFSTest#createRawTableTestWithMetadata,matched (73 report(s) available),java.net.UnknownHostException,Connection / Network,ip-172-31-57-97: ip-172-31-57-97: Temporary failure in name resolution
Alluxio-alluxio,tachyon.client.TachyonFSTest#createRawTableWithInvalidPathExceptionTest1,matched (73 report(s) available),java.net.UnknownHostException,Connection / Network,ip-172-31-57-97: ip-172-31-57-97: Temporary failure in name resolution
Alluxio-alluxio,tachyon.client.TachyonFSTest#createRawTableWithInvalidPathExceptionTest2,matched (73 report(s) available),java.net.UnknownHostException,Connection / Network,ip-172-31-57-97: ip-172-31-57-97: Temporary failure in name resolution
Alluxio-alluxio,tachyon.client.TachyonFSTest#createRawTableWithFileAlreadyExistExceptionTest,matched (73 report(s) available),java.net.UnknownHostException,Connection / Network,ip-172-31-57-97: ip-172-31-57-97: Temporary failure in name resolution
Alluxio-alluxio,tachyon.client.TachyonFSTest#createRawTableWithTableColumnExceptionTest1,matched (73 report(s) available),java.net.UnknownHostException,Connection / Network,ip-172-31-57-97: ip-172-31-57-97: Temporary failure in name resolution
Alluxio-alluxio,tachyon.client.TachyonFSTest#createRawTableWithTableColumnExceptionTest2,matched (73 report(s) available),java.net.UnknownHostException,Connection / Network,ip-172-31-57-97: ip-172-31-57-97: Temporary failure in name resolution
Alluxio-alluxio,tachyon.client.TachyonFSTest#createRawTableWithTableColumnExceptionTest3,matched (73 report(s) available),java.net.UnknownHostException,Connection / Network,ip-172-31-57-97: ip-172-31-57-97: Temporary failure in name resolution
Alluxio-alluxio,tachyon.client.TachyonFSTest#renameFileTest3,matched (73 report(s) available),java.net.UnknownHostException,Connection / Network,ip-172-31-57-97: ip-172-31-57-97: Temporary failure in name resolution
Alluxio-alluxio,tachyon.client.TachyonFSTest#lockBlockTest1,matched (92 report(s) available),java.lang.AssertionError:,Assertion Failure,
Alluxio-alluxio,tachyon.client.TachyonFSTest#lockBlockTest2,matched (74 report(s) available),java.lang.IllegalArgumentException,Other (IllegalArgumentException),Unknown under file system scheme null/2
Alluxio-alluxio,tachyon.client.TachyonFSTest#lockBlockTest3,matched (75 report(s) available),java.net.UnknownHostException,Connection / Network,ip-172-31-57-97: ip-172-31-57-97: Temporary failure in name resolution
Alluxio-alluxio,tachyon.client.TachyonFSTest#lockBlockTest4,matched (90 report(s) available),java.net.UnknownHostException,Connection / Network,ip-172-31-57-97: ip-172-31-57-97: Temporary failure in name resolution
Alluxio-alluxio,tachyon.client.TachyonFSTest#unlockBlockTest1,matched (74 report(s) available),java.net.UnknownHostException,Connection / Network,ip-172-31-57-97: ip-172-31-57-97: Temporary failure in name resolution
Alluxio-alluxio,tachyon.client.TachyonFSTest#unlockBlockTest2,matched (73 report(s) available),java.net.UnknownHostException,Connection / Network,ip-172-31-57-97: ip-172-31-57-97: Temporary failure in name resolution
Alluxio-alluxio,tachyon.client.TachyonFSTest#unlockBlockTest3,matched (75 report(s) available),java.net.UnknownHostException,Connection / Network,ip-172-31-57-97: ip-172-31-57-97: Temporary failure in name resolution
Alluxio-alluxio,tachyon.client.TachyonFSTest#createFileTest2,matched (73 report(s) available),java.net.UnknownHostException,Connection / Network,ip-172-31-57-97: ip-172-31-57-97: Temporary failure in name resolution
Alluxio-alluxio,tachyon.client.TachyonFSTest#renameFileTest1,matched (73 report(s) available),java.net.UnknownHostException,Connection / Network,ip-172-31-57-97: ip-172-31-57-97: Temporary failure in name resolution
Alluxio-alluxio,tachyon.client.TachyonFSTest#renameFileTest2,matched (73 report(s) available),java.net.UnknownHostException,Connection / Network,ip-172-31-57-97: ip-172-31-57-97: Temporary failure in name resolution
Alluxio-alluxio,tachyon.client.TachyonFSTest#createFileTest,matched (73 report(s) available),java.net.UnknownHostException,Connection / Network,ip-172-31-57-97: ip-172-31-57-97: Temporary failure in name resolution
Alluxio-alluxio,tachyon.client.TachyonFSTest#deleteFileTest,matched (238 report(s) available),java.lang.AssertionError,Assertion Failure,expected:<0> but was:<2000>
apache-ambari,org.apache.ambari.server.controller.AmbariManagementControllerTest#testGetClusters,matched (65 report(s) available),com.google.inject.ProvisionException,Other (ProvisionException),"Guice provision errors:  1) Error injecting constructor, java.net.UnknownHostException: ip-172-31-55-102: ip-172-31-55-102: Temporary failure in name resolution   at org.apache.ambari.server.controller.AmbariManagementControllerImpl.<init>(AmbariManagementControllerImpl.java:134)   at org.apache.ambari.server.controller.AmbariManagementControllerImpl.class(AmbariManagementControllerImpl.java:88)   while locating org.apache.ambari.server.controller.AmbariManagementControllerImpl   while locating "
apache-ambari,org.apache.ambari.server.controller.AmbariManagementControllerTest#testGetClustersWithFilters,matched (65 report(s) available),com.google.inject.ProvisionException,Other (ProvisionException),"Guice provision errors:  1) Error injecting constructor, java.net.UnknownHostException: ip-172-31-55-102: ip-172-31-55-102: Temporary failure in name resolution   at org.apache.ambari.server.controller.AmbariManagementControllerImpl.<init>(AmbariManagementControllerImpl.java:134)   at org.apache.ambari.server.controller.AmbariManagementControllerImpl.class(AmbariManagementControllerImpl.java:88)   while locating org.apache.ambari.server.controller.AmbariManagementControllerImpl   while locating "
apache-ambari,org.apache.ambari.server.controller.AmbariManagementControllerTest#testGetServices,matched (65 report(s) available),com.google.inject.ProvisionException,Other (ProvisionException),"Guice provision errors:  1) Error injecting constructor, java.net.UnknownHostException: ip-172-31-55-102: ip-172-31-55-102: Temporary failure in name resolution   at org.apache.ambari.server.controller.AmbariManagementControllerImpl.<init>(AmbariManagementControllerImpl.java:134)   at org.apache.ambari.server.controller.AmbariManagementControllerImpl.class(AmbariManagementControllerImpl.java:88)   while locating org.apache.ambari.server.controller.AmbariManagementControllerImpl   while locating "
apache-ambari,org.apache.ambari.server.controller.AmbariManagementControllerTest#testGetServicesWithFilters,matched (65 report(s) available),com.google.inject.ProvisionException,Other (ProvisionException),"Guice provision errors:  1) Error injecting constructor, java.net.UnknownHostException: ip-172-31-55-102: ip-172-31-55-102: Temporary failure in name resolution   at org.apache.ambari.server.controller.AmbariManagementControllerImpl.<init>(AmbariManagementControllerImpl.java:134)   at org.apache.ambari.server.controller.AmbariManagementControllerImpl.class(AmbariManagementControllerImpl.java:88)   while locating org.apache.ambari.server.controller.AmbariManagementControllerImpl   while locating "
apache-ambari,org.apache.ambari.server.controller.AmbariManagementControllerTest#testGetServiceComponents,matched (65 report(s) available),com.google.inject.ProvisionException,Other (ProvisionException),"Guice provision errors:  1) Error injecting constructor, java.net.UnknownHostException: ip-172-31-55-102: ip-172-31-55-102: Temporary failure in name resolution   at org.apache.ambari.server.controller.AmbariManagementControllerImpl.<init>(AmbariManagementControllerImpl.java:134)   at org.apache.ambari.server.controller.AmbariManagementControllerImpl.class(AmbariManagementControllerImpl.java:88)   while locating org.apache.ambari.server.controller.AmbariManagementControllerImpl   while locating "
apache-ambari,org.apache.ambari.server.controller.AmbariManagementControllerTest#testGetServiceComponentsWithFilters,matched (65 report(s) available),com.google.inject.ProvisionException,Other (ProvisionException),"Guice provision errors:  1) Error injecting constructor, java.net.UnknownHostException: ip-172-31-55-102: ip-172-31-55-102: Temporary failure in name resolution   at org.apache.ambari.server.controller.AmbariManagementControllerImpl.<init>(AmbariManagementControllerImpl.java:134)   at org.apache.ambari.server.controller.AmbariManagementControllerImpl.class(AmbariManagementControllerImpl.java:88)   while locating org.apache.ambari.server.controller.AmbariManagementControllerImpl   while locating "
apache-ambari,org.apache.ambari.server.controller.AmbariManagementControllerTest#testGetServiceComponentHosts,matched (65 report(s) available),com.google.inject.ProvisionException,Other (ProvisionException),"Guice provision errors:  1) Error injecting constructor, java.net.UnknownHostException: ip-172-31-55-102: ip-172-31-55-102: Temporary failure in name resolution   at org.apache.ambari.server.controller.AmbariManagementControllerImpl.<init>(AmbariManagementControllerImpl.java:134)   at org.apache.ambari.server.controller.AmbariManagementControllerImpl.class(AmbariManagementControllerImpl.java:88)   while locating org.apache.ambari.server.controller.AmbariManagementControllerImpl   while locating "
apache-ambari,org.apache.ambari.server.controller.AmbariManagementControllerTest#testGetServiceComponentHostsWithFilters,matched (65 report(s) available),com.google.inject.ProvisionException,Other (ProvisionException),"Guice provision errors:  1) Error injecting constructor, java.net.UnknownHostException: ip-172-31-55-102: ip-172-31-55-102: Temporary failure in name resolution   at org.apache.ambari.server.controller.AmbariManagementControllerImpl.<init>(AmbariManagementControllerImpl.java:134)   at org.apache.ambari.server.controller.AmbariManagementControllerImpl.class(AmbariManagementControllerImpl.java:88)   while locating org.apache.ambari.server.controller.AmbariManagementControllerImpl   while locating "
apache-ambari,org.apache.ambari.server.controller.AmbariManagementControllerTest#testGetHosts,matched (65 report(s) available),com.google.inject.ProvisionException,Other (ProvisionException),"Guice provision errors:  1) Error injecting constructor, java.net.UnknownHostException: ip-172-31-55-102: ip-172-31-55-102: Temporary failure in name resolution   at org.apache.ambari.server.controller.AmbariManagementControllerImpl.<init>(AmbariManagementControllerImpl.java:134)   at org.apache.ambari.server.controller.AmbariManagementControllerImpl.class(AmbariManagementControllerImpl.java:88)   while locating org.apache.ambari.server.controller.AmbariManagementControllerImpl   while locating "
apache-ambari,org.apache.ambari.server.controller.AmbariManagementControllerTest#testServiceUpdateBasic,matched (65 report(s) available),com.google.inject.ProvisionException,Other (ProvisionException),"Guice provision errors:  1) Error injecting constructor, java.net.UnknownHostException: ip-172-31-55-102: ip-172-31-55-102: Temporary failure in name resolution   at org.apache.ambari.server.controller.AmbariManagementControllerImpl.<init>(AmbariManagementControllerImpl.java:134)   at org.apache.ambari.server.controller.AmbariManagementControllerImpl.class(AmbariManagementControllerImpl.java:88)   while locating org.apache.ambari.server.controller.AmbariManagementControllerImpl   while locating "
apache-ambari,org.apache.ambari.server.controller.AmbariManagementControllerTest#testServiceUpdateInvalidRequest,matched (65 report(s) available),com.google.inject.ProvisionException,Other (ProvisionException),"Guice provision errors:  1) Error injecting constructor, java.net.UnknownHostException: ip-172-31-55-102: ip-172-31-55-102: Temporary failure in name resolution   at org.apache.ambari.server.controller.AmbariManagementControllerImpl.<init>(AmbariManagementControllerImpl.java:134)   at org.apache.ambari.server.controller.AmbariManagementControllerImpl.class(AmbariManagementControllerImpl.java:88)   while locating org.apache.ambari.server.controller.AmbariManagementControllerImpl   while locating "
apache-ambari,org.apache.ambari.server.controller.AmbariManagementControllerTest#testServiceUpdateInvalidUpdates,matched (65 report(s) available),com.google.inject.ProvisionException,Other (ProvisionException),"Guice provision errors:  1) Error injecting constructor, java.net.UnknownHostException: ip-172-31-55-102: ip-172-31-55-102: Temporary failure in name resolution   at org.apache.ambari.server.controller.AmbariManagementControllerImpl.<init>(AmbariManagementControllerImpl.java:134)   at org.apache.ambari.server.controller.AmbariManagementControllerImpl.class(AmbariManagementControllerImpl.java:88)   while locating org.apache.ambari.server.controller.AmbariManagementControllerImpl   while locating "
apache-ambari,org.apache.ambari.server.controller.AmbariManagementControllerTest#testServiceUpdateRecursive,matched (65 report(s) available),com.google.inject.ProvisionException,Other (ProvisionException),"Guice provision errors:  1) Error injecting constructor, java.net.UnknownHostException: ip-172-31-55-102: ip-172-31-55-102: Temporary failure in name resolution   at org.apache.ambari.server.controller.AmbariManagementControllerImpl.<init>(AmbariManagementControllerImpl.java:134)   at org.apache.ambari.server.controller.AmbariManagementControllerImpl.class(AmbariManagementControllerImpl.java:88)   while locating org.apache.ambari.server.controller.AmbariManagementControllerImpl   while locating "
apache-ambari,org.apache.ambari.server.controller.AmbariManagementControllerTest#testServiceComponentUpdateRecursive,matched (65 report(s) available),com.google.inject.ProvisionException,Other (ProvisionException),"Guice provision errors:  1) Error injecting constructor, java.net.UnknownHostException: ip-172-31-55-102: ip-172-31-55-102: Temporary failure in name resolution   at org.apache.ambari.server.controller.AmbariManagementControllerImpl.<init>(AmbariManagementControllerImpl.java:134)   at org.apache.ambari.server.controller.AmbariManagementControllerImpl.class(AmbariManagementControllerImpl.java:88)   while locating org.apache.ambari.server.controller.AmbariManagementControllerImpl   while locating "
apache-ambari,org.apache.ambari.server.controller.AmbariManagementControllerTest#testServiceComponentHostUpdateRecursive,matched (65 report(s) available),com.google.inject.ProvisionException,Other (ProvisionException),"Guice provision errors:  1) Error injecting constructor, java.net.UnknownHostException: ip-172-31-55-102: ip-172-31-55-102: Temporary failure in name resolution   at org.apache.ambari.server.controller.AmbariManagementControllerImpl.<init>(AmbariManagementControllerImpl.java:134)   at org.apache.ambari.server.controller.AmbariManagementControllerImpl.class(AmbariManagementControllerImpl.java:88)   while locating org.apache.ambari.server.controller.AmbariManagementControllerImpl   while locating "
apache-ambari,org.apache.ambari.server.controller.AmbariManagementControllerTest#testStartClientComponent,matched (65 report(s) available),com.google.inject.ProvisionException,Other (ProvisionException),"Guice provision errors:  1) Error injecting constructor, java.net.UnknownHostException: ip-172-31-55-102: ip-172-31-55-102: Temporary failure in name resolution   at org.apache.ambari.server.controller.AmbariManagementControllerImpl.<init>(AmbariManagementControllerImpl.java:134)   at org.apache.ambari.server.controller.AmbariManagementControllerImpl.class(AmbariManagementControllerImpl.java:88)   while locating org.apache.ambari.server.controller.AmbariManagementControllerImpl   while locating "
apache-ambari,org.apache.ambari.server.controller.AmbariManagementControllerTest#testStartClientHostComponent,matched (65 report(s) available),com.google.inject.ProvisionException,Other (ProvisionException),"Guice provision errors:  1) Error injecting constructor, java.net.UnknownHostException: ip-172-31-55-102: ip-172-31-55-102: Temporary failure in name resolution   at org.apache.ambari.server.controller.AmbariManagementControllerImpl.<init>(AmbariManagementControllerImpl.java:134)   at org.apache.ambari.server.controller.AmbariManagementControllerImpl.class(AmbariManagementControllerImpl.java:88)   while locating org.apache.ambari.server.controller.AmbariManagementControllerImpl   while locating "
apache-ambari,org.apache.ambari.server.controller.AmbariManagementControllerTest#testGetRequestAndTaskStatus,matched (65 report(s) available),com.google.inject.ProvisionException,Other (ProvisionException),"Guice provision errors:  1) Error injecting constructor, java.net.UnknownHostException: ip-172-31-55-102: ip-172-31-55-102: Temporary failure in name resolution   at org.apache.ambari.server.controller.AmbariManagementControllerImpl.<init>(AmbariManagementControllerImpl.java:134)   at org.apache.ambari.server.controller.AmbariManagementControllerImpl.class(AmbariManagementControllerImpl.java:88)   while locating org.apache.ambari.server.controller.AmbariManagementControllerImpl   while locating "
apache-ambari,org.apache.ambari.server.controller.AmbariManagementControllerTest#testGetActions,matched (65 report(s) available),com.google.inject.ProvisionException,Other (ProvisionException),"Guice provision errors:  1) Error injecting constructor, java.net.UnknownHostException: ip-172-31-55-102: ip-172-31-55-102: Temporary failure in name resolution   at org.apache.ambari.server.controller.AmbariManagementControllerImpl.<init>(AmbariManagementControllerImpl.java:134)   at org.apache.ambari.server.controller.AmbariManagementControllerImpl.class(AmbariManagementControllerImpl.java:88)   while locating org.apache.ambari.server.controller.AmbariManagementControllerImpl   while locating "
apache-ambari,org.apache.ambari.server.controller.AmbariManagementControllerTest#testCreateActions,matched (65 report(s) available),com.google.inject.ProvisionException,Other (ProvisionException),"Guice provision errors:  1) Error injecting constructor, java.net.UnknownHostException: ip-172-31-55-102: ip-172-31-55-102: Temporary failure in name resolution   at org.apache.ambari.server.controller.AmbariManagementControllerImpl.<init>(AmbariManagementControllerImpl.java:134)   at org.apache.ambari.server.controller.AmbariManagementControllerImpl.class(AmbariManagementControllerImpl.java:88)   while locating org.apache.ambari.server.controller.AmbariManagementControllerImpl   while locating "
apache-ambari,org.apache.ambari.server.controller.AmbariManagementControllerTest#testCreateAndGetUsers,matched (65 report(s) available),com.google.inject.ProvisionException,Other (ProvisionException),"Guice provision errors:  1) Error injecting constructor, java.net.UnknownHostException: ip-172-31-55-102: ip-172-31-55-102: Temporary failure in name resolution   at org.apache.ambari.server.controller.AmbariManagementControllerImpl.<init>(AmbariManagementControllerImpl.java:134)   at org.apache.ambari.server.controller.AmbariManagementControllerImpl.class(AmbariManagementControllerImpl.java:88)   while locating org.apache.ambari.server.controller.AmbariManagementControllerImpl   while locating "
apache-ambari,org.apache.ambari.server.controller.AmbariManagementControllerTest#testGetUsers,matched (65 report(s) available),com.google.inject.ProvisionException,Other (ProvisionException),"Guice provision errors:  1) Error injecting constructor, java.net.UnknownHostException: ip-172-31-55-102: ip-172-31-55-102: Temporary failure in name resolution   at org.apache.ambari.server.controller.AmbariManagementControllerImpl.<init>(AmbariManagementControllerImpl.java:134)   at org.apache.ambari.server.controller.AmbariManagementControllerImpl.class(AmbariManagementControllerImpl.java:88)   while locating org.apache.ambari.server.controller.AmbariManagementControllerImpl   while locating "
apache-ambari,org.apache.ambari.server.controller.AmbariManagementControllerTest#testUpdateUsers,matched (65 report(s) available),com.google.inject.ProvisionException,Other (ProvisionException),"Guice provision errors:  1) Error injecting constructor, java.net.UnknownHostException: ip-172-31-55-102: ip-172-31-55-102: Temporary failure in name resolution   at org.apache.ambari.server.controller.AmbariManagementControllerImpl.<init>(AmbariManagementControllerImpl.java:134)   at org.apache.ambari.server.controller.AmbariManagementControllerImpl.class(AmbariManagementControllerImpl.java:88)   while locating org.apache.ambari.server.controller.AmbariManagementControllerImpl   while locating "
apache-ambari,org.apache.ambari.server.controller.AmbariManagementControllerTest#testDeleteUsers,matched (65 report(s) available),com.google.inject.ProvisionException,Other (ProvisionException),"Guice provision errors:  1) Error injecting constructor, java.net.UnknownHostException: ip-172-31-55-102: ip-172-31-55-102: Temporary failure in name resolution   at org.apache.ambari.server.controller.AmbariManagementControllerImpl.<init>(AmbariManagementControllerImpl.java:134)   at org.apache.ambari.server.controller.AmbariManagementControllerImpl.class(AmbariManagementControllerImpl.java:88)   while locating org.apache.ambari.server.controller.AmbariManagementControllerImpl   while locating "
apache-ambari,org.apache.ambari.server.controller.AmbariManagementControllerTest#testRcaOnJobtrackerHost,matched (65 report(s) available),com.google.inject.ProvisionException,Other (ProvisionException),"Guice provision errors:  1) Error injecting constructor, java.net.UnknownHostException: ip-172-31-55-102: ip-172-31-55-102: Temporary failure in name resolution   at org.apache.ambari.server.controller.AmbariManagementControllerImpl.<init>(AmbariManagementControllerImpl.java:134)   at org.apache.ambari.server.controller.AmbariManagementControllerImpl.class(AmbariManagementControllerImpl.java:88)   while locating org.apache.ambari.server.controller.AmbariManagementControllerImpl   while locating "
apache-ambari,org.apache.ambari.server.controller.AmbariManagementControllerTest#testConfigUpdates,matched (65 report(s) available),com.google.inject.ProvisionException,Other (ProvisionException),"Guice provision errors:  1) Error injecting constructor, java.net.UnknownHostException: ip-172-31-55-102: ip-172-31-55-102: Temporary failure in name resolution   at org.apache.ambari.server.controller.AmbariManagementControllerImpl.<init>(AmbariManagementControllerImpl.java:134)   at org.apache.ambari.server.controller.AmbariManagementControllerImpl.class(AmbariManagementControllerImpl.java:88)   while locating org.apache.ambari.server.controller.AmbariManagementControllerImpl   while locating "
apache-ambari,org.apache.ambari.server.controller.AmbariManagementControllerTest#testClientServiceSmokeTests,matched (65 report(s) available),com.google.inject.ProvisionException,Other (ProvisionException),"Guice provision errors:  1) Error injecting constructor, java.net.UnknownHostException: ip-172-31-55-102: ip-172-31-55-102: Temporary failure in name resolution   at org.apache.ambari.server.controller.AmbariManagementControllerImpl.<init>(AmbariManagementControllerImpl.java:134)   at org.apache.ambari.server.controller.AmbariManagementControllerImpl.class(AmbariManagementControllerImpl.java:88)   while locating org.apache.ambari.server.controller.AmbariManagementControllerImpl   while locating "
apache-ambari,org.apache.ambari.server.controller.AmbariManagementControllerTest#testCreateClusterWithInvalidStack,matched (65 report(s) available),com.google.inject.ProvisionException,Other (ProvisionException),"Guice provision errors:  1) Error injecting constructor, java.net.UnknownHostException: ip-172-31-55-102: ip-172-31-55-102: Temporary failure in name resolution   at org.apache.ambari.server.controller.AmbariManagementControllerImpl.<init>(AmbariManagementControllerImpl.java:134)   at org.apache.ambari.server.controller.AmbariManagementControllerImpl.class(AmbariManagementControllerImpl.java:88)   while locating org.apache.ambari.server.controller.AmbariManagementControllerImpl   while locating "
apache-ambari,org.apache.ambari.server.controller.AmbariManagementControllerTest#testCreateClusterWithDesiredClusterConfigs,matched (65 report(s) available),com.google.inject.ProvisionException,Other (ProvisionException),"Guice provision errors:  1) Error injecting constructor, java.net.UnknownHostException: ip-172-31-55-102: ip-172-31-55-102: Temporary failure in name resolution   at org.apache.ambari.server.controller.AmbariManagementControllerImpl.<init>(AmbariManagementControllerImpl.java:134)   at org.apache.ambari.server.controller.AmbariManagementControllerImpl.class(AmbariManagementControllerImpl.java:88)   while locating org.apache.ambari.server.controller.AmbariManagementControllerImpl   while locating "
apache-ambari,org.apache.ambari.server.controller.AmbariManagementControllerTest#testCreateClusterSimple,matched (65 report(s) available),com.google.inject.ProvisionException,Other (ProvisionException),"Guice provision errors:  1) Error injecting constructor, java.net.UnknownHostException: ip-172-31-55-102: ip-172-31-55-102: Temporary failure in name resolution   at org.apache.ambari.server.controller.AmbariManagementControllerImpl.<init>(AmbariManagementControllerImpl.java:134)   at org.apache.ambari.server.controller.AmbariManagementControllerImpl.class(AmbariManagementControllerImpl.java:88)   while locating org.apache.ambari.server.controller.AmbariManagementControllerImpl   while locating "
apache-ambari,org.apache.ambari.server.controller.AmbariManagementControllerTest#testCreateClusterWithHostMapping,matched (65 report(s) available),com.google.inject.ProvisionException,Other (ProvisionException),"Guice provision errors:  1) Error injecting constructor, java.net.UnknownHostException: ip-172-31-55-102: ip-172-31-55-102: Temporary failure in name resolution   at org.apache.ambari.server.controller.AmbariManagementControllerImpl.<init>(AmbariManagementControllerImpl.java:134)   at org.apache.ambari.server.controller.AmbariManagementControllerImpl.class(AmbariManagementControllerImpl.java:88)   while locating org.apache.ambari.server.controller.AmbariManagementControllerImpl   while locating "
apache-ambari,org.apache.ambari.server.controller.AmbariManagementControllerTest#testCreateServicesSimple,matched (65 report(s) available),com.google.inject.ProvisionException,Other (ProvisionException),"Guice provision errors:  1) Error injecting constructor, java.net.UnknownHostException: ip-172-31-55-102: ip-172-31-55-102: Temporary failure in name resolution   at org.apache.ambari.server.controller.AmbariManagementControllerImpl.<init>(AmbariManagementControllerImpl.java:134)   at org.apache.ambari.server.controller.AmbariManagementControllerImpl.class(AmbariManagementControllerImpl.java:88)   while locating org.apache.ambari.server.controller.AmbariManagementControllerImpl   while locating "
apache-ambari,org.apache.ambari.server.controller.AmbariManagementControllerTest#testCreateServicesWithInvalidRequest,matched (65 report(s) available),com.google.inject.ProvisionException,Other (ProvisionException),"Guice provision errors:  1) Error injecting constructor, java.net.UnknownHostException: ip-172-31-55-102: ip-172-31-55-102: Temporary failure in name resolution   at org.apache.ambari.server.controller.AmbariManagementControllerImpl.<init>(AmbariManagementControllerImpl.java:134)   at org.apache.ambari.server.controller.AmbariManagementControllerImpl.class(AmbariManagementControllerImpl.java:88)   while locating org.apache.ambari.server.controller.AmbariManagementControllerImpl   while locating "
apache-ambari,org.apache.ambari.server.controller.AmbariManagementControllerTest#testCreateServiceWithInvalidInfo,matched (65 report(s) available),com.google.inject.ProvisionException,Other (ProvisionException),"Guice provision errors:  1) Error injecting constructor, java.net.UnknownHostException: ip-172-31-55-102: ip-172-31-55-102: Temporary failure in name resolution   at org.apache.ambari.server.controller.AmbariManagementControllerImpl.<init>(AmbariManagementControllerImpl.java:134)   at org.apache.ambari.server.controller.AmbariManagementControllerImpl.class(AmbariManagementControllerImpl.java:88)   while locating org.apache.ambari.server.controller.AmbariManagementControllerImpl   while locating "
apache-ambari,org.apache.ambari.server.controller.AmbariManagementControllerTest#testCreateServicesMultiple,matched (65 report(s) available),com.google.inject.ProvisionException,Other (ProvisionException),"Guice provision errors:  1) Error injecting constructor, java.net.UnknownHostException: ip-172-31-55-102: ip-172-31-55-102: Temporary failure in name resolution   at org.apache.ambari.server.controller.AmbariManagementControllerImpl.<init>(AmbariManagementControllerImpl.java:134)   at org.apache.ambari.server.controller.AmbariManagementControllerImpl.class(AmbariManagementControllerImpl.java:88)   while locating org.apache.ambari.server.controller.AmbariManagementControllerImpl   while locating "
apache-ambari,org.apache.ambari.server.controller.AmbariManagementControllerTest#testCreateServiceComponentSimple,matched (65 report(s) available),com.google.inject.ProvisionException,Other (ProvisionException),"Guice provision errors:  1) Error injecting constructor, java.net.UnknownHostException: ip-172-31-55-102: ip-172-31-55-102: Temporary failure in name resolution   at org.apache.ambari.server.controller.AmbariManagementControllerImpl.<init>(AmbariManagementControllerImpl.java:134)   at org.apache.ambari.server.controller.AmbariManagementControllerImpl.class(AmbariManagementControllerImpl.java:88)   while locating org.apache.ambari.server.controller.AmbariManagementControllerImpl   while locating "
apache-ambari,org.apache.ambari.server.controller.AmbariManagementControllerTest#testCreateClusterWithInvalidRequest,matched (65 report(s) available),com.google.inject.ProvisionException,Other (ProvisionException),"Guice provision errors:  1) Error injecting constructor, java.net.UnknownHostException: ip-172-31-55-102: ip-172-31-55-102: Temporary failure in name resolution   at org.apache.ambari.server.controller.AmbariManagementControllerImpl.<init>(AmbariManagementControllerImpl.java:134)   at org.apache.ambari.server.controller.AmbariManagementControllerImpl.class(AmbariManagementControllerImpl.java:88)   while locating org.apache.ambari.server.controller.AmbariManagementControllerImpl   while locating "
apache-ambari,org.apache.ambari.server.controller.AmbariManagementControllerTest#testCreateServiceComponentWithInvalidRequest,matched (65 report(s) available),com.google.inject.ProvisionException,Other (ProvisionException),"Guice provision errors:  1) Error injecting constructor, java.net.UnknownHostException: ip-172-31-55-102: ip-172-31-55-102: Temporary failure in name resolution   at org.apache.ambari.server.controller.AmbariManagementControllerImpl.<init>(AmbariManagementControllerImpl.java:134)   at org.apache.ambari.server.controller.AmbariManagementControllerImpl.class(AmbariManagementControllerImpl.java:88)   while locating org.apache.ambari.server.controller.AmbariManagementControllerImpl   while locating "
apache-ambari,org.apache.ambari.server.controller.AmbariManagementControllerTest#testCreateServiceComponentWithConfigs,matched (65 report(s) available),com.google.inject.ProvisionException,Other (ProvisionException),"Guice provision errors:  1) Error injecting constructor, java.net.UnknownHostException: ip-172-31-55-102: ip-172-31-55-102: Temporary failure in name resolution   at org.apache.ambari.server.controller.AmbariManagementControllerImpl.<init>(AmbariManagementControllerImpl.java:134)   at org.apache.ambari.server.controller.AmbariManagementControllerImpl.class(AmbariManagementControllerImpl.java:88)   while locating org.apache.ambari.server.controller.AmbariManagementControllerImpl   while locating "
apache-ambari,org.apache.ambari.server.controller.AmbariManagementControllerTest#testCreateServiceComponentMultiple,matched (65 report(s) available),com.google.inject.ProvisionException,Other (ProvisionException),"Guice provision errors:  1) Error injecting constructor, java.net.UnknownHostException: ip-172-31-55-102: ip-172-31-55-102: Temporary failure in name resolution   at org.apache.ambari.server.controller.AmbariManagementControllerImpl.<init>(AmbariManagementControllerImpl.java:134)   at org.apache.ambari.server.controller.AmbariManagementControllerImpl.class(AmbariManagementControllerImpl.java:88)   while locating org.apache.ambari.server.controller.AmbariManagementControllerImpl   while locating "
apache-ambari,org.apache.ambari.server.controller.AmbariManagementControllerTest#testCreateServiceComponentHostSimple,matched (65 report(s) available),com.google.inject.ProvisionException,Other (ProvisionException),"Guice provision errors:  1) Error injecting constructor, java.net.UnknownHostException: ip-172-31-55-102: ip-172-31-55-102: Temporary failure in name resolution   at org.apache.ambari.server.controller.AmbariManagementControllerImpl.<init>(AmbariManagementControllerImpl.java:134)   at org.apache.ambari.server.controller.AmbariManagementControllerImpl.class(AmbariManagementControllerImpl.java:88)   while locating org.apache.ambari.server.controller.AmbariManagementControllerImpl   while locating "
apache-ambari,org.apache.ambari.server.controller.AmbariManagementControllerTest#testCreateServiceComponentHostMultiple,matched (65 report(s) available),com.google.inject.ProvisionException,Other (ProvisionException),"Guice provision errors:  1) Error injecting constructor, java.net.UnknownHostException: ip-172-31-55-102: ip-172-31-55-102: Temporary failure in name resolution   at org.apache.ambari.server.controller.AmbariManagementControllerImpl.<init>(AmbariManagementControllerImpl.java:134)   at org.apache.ambari.server.controller.AmbariManagementControllerImpl.class(AmbariManagementControllerImpl.java:88)   while locating org.apache.ambari.server.controller.AmbariManagementControllerImpl   while locating "
apache-ambari,org.apache.ambari.server.controller.AmbariManagementControllerTest#testCreateServiceComponentHostWithInvalidRequest,matched (65 report(s) available),com.google.inject.ProvisionException,Other (ProvisionException),"Guice provision errors:  1) Error injecting constructor, java.net.UnknownHostException: ip-172-31-55-102: ip-172-31-55-102: Temporary failure in name resolution   at org.apache.ambari.server.controller.AmbariManagementControllerImpl.<init>(AmbariManagementControllerImpl.java:134)   at org.apache.ambari.server.controller.AmbariManagementControllerImpl.class(AmbariManagementControllerImpl.java:88)   while locating org.apache.ambari.server.controller.AmbariManagementControllerImpl   while locating "
apache-ambari,org.apache.ambari.server.controller.AmbariManagementControllerTest#testCreateHostSimple,matched (65 report(s) available),com.google.inject.ProvisionException,Other (ProvisionException),"Guice provision errors:  1) Error injecting constructor, java.net.UnknownHostException: ip-172-31-55-102: ip-172-31-55-102: Temporary failure in name resolution   at org.apache.ambari.server.controller.AmbariManagementControllerImpl.<init>(AmbariManagementControllerImpl.java:134)   at org.apache.ambari.server.controller.AmbariManagementControllerImpl.class(AmbariManagementControllerImpl.java:88)   while locating org.apache.ambari.server.controller.AmbariManagementControllerImpl   while locating "
apache-ambari,org.apache.ambari.server.controller.AmbariManagementControllerTest#testCreateHostMultiple,matched (65 report(s) available),com.google.inject.ProvisionException,Other (ProvisionException),"Guice provision errors:  1) Error injecting constructor, java.net.UnknownHostException: ip-172-31-55-102: ip-172-31-55-102: Temporary failure in name resolution   at org.apache.ambari.server.controller.AmbariManagementControllerImpl.<init>(AmbariManagementControllerImpl.java:134)   at org.apache.ambari.server.controller.AmbariManagementControllerImpl.class(AmbariManagementControllerImpl.java:88)   while locating org.apache.ambari.server.controller.AmbariManagementControllerImpl   while locating "
apache-ambari,org.apache.ambari.server.controller.AmbariManagementControllerTest#testCreateHostWithInvalidRequests,matched (65 report(s) available),com.google.inject.ProvisionException,Other (ProvisionException),"Guice provision errors:  1) Error injecting constructor, java.net.UnknownHostException: ip-172-31-55-102: ip-172-31-55-102: Temporary failure in name resolution   at org.apache.ambari.server.controller.AmbariManagementControllerImpl.<init>(AmbariManagementControllerImpl.java:134)   at org.apache.ambari.server.controller.AmbariManagementControllerImpl.class(AmbariManagementControllerImpl.java:88)   while locating org.apache.ambari.server.controller.AmbariManagementControllerImpl   while locating "
apache-ambari,org.apache.ambari.server.controller.AmbariManagementControllerTest#testInstallAndStartService,matched (65 report(s) available),com.google.inject.ProvisionException,Other (ProvisionException),"Guice provision errors:  1) Error injecting constructor, java.net.UnknownHostException: ip-172-31-55-102: ip-172-31-55-102: Temporary failure in name resolution   at org.apache.ambari.server.controller.AmbariManagementControllerImpl.<init>(AmbariManagementControllerImpl.java:134)   at org.apache.ambari.server.controller.AmbariManagementControllerImpl.class(AmbariManagementControllerImpl.java:88)   while locating org.apache.ambari.server.controller.AmbariManagementControllerImpl   while locating "
apache-ambari,org.apache.ambari.server.agent.TestHeartbeatMonitor#testHeartbeatStateCommandsEnqueueing,matched (1 report(s) available),java.lang.AssertionError,Assertion Failure,HeartbeatMonitor should be already stopped
apache-ambari,org.apache.ambari.server.agent.TestActionQueue#testConcurrentOperations,matched (927 report(s) available),java.lang.AssertionError,Assertion Failure,expected:<0> but was:<4>
apache-ambari,org.apache.ambari.server.bootstrap.BootStrapTest#testRun,matched (65 report(s) available),java.net.UnknownHostException,Connection / Network,ip-172-31-55-102: ip-172-31-55-102: Temporary failure in name resolution
apache-ambari,org.apache.ambari.server.security.authorization.AmbariLdapAuthenticationProviderTest#testBadCredential,matched (8 report(s) available),java.lang.Exception,Other (Exception),"Unexpected exception, expected<org.springframework.security.authentication.BadCredentialsException> but was<org.springframework.security.authentication.InternalAuthenticationServiceException>"
apache-ambari,org.apache.ambari.server.security.authorization.AmbariLdapAuthenticationProviderTest#testAuthenticate,matched (8 report(s) available),org.springframework.security.authentication.InternalAuthenticationServiceException,Other (InternalAuthenticationServiceException),localhost:33389; nested exception is javax.naming.CommunicationException: localhost:33389 [Root exception is java.net.ConnectException: Connection refused (Connection refused)]
apache-hbase,org.apache.hadoop.hbase.stargate.client.TestRemoteAdmin#testDeleteTable,matched (2011 report(s) available),java.io.IOException,Connection / Network,Cannot lock storage build/test/data/dfs/name1. The directory is already locked.
apache-hbase,org.apache.hadoop.hbase.stargate.client.TestRemoteAdmin#testCreateTable,matched (2011 report(s) available),java.io.IOException,Connection / Network,Cannot lock storage build/test/data/dfs/name1. The directory is already locked.
apache-hbase,org.apache.hadoop.hbase.stargate.TestStatusResource#testGetClusterStatusXML,matched (2011 report(s) available),java.io.IOException,Connection / Network,Cannot lock storage build/test/data/dfs/name1. The directory is already locked.
apache-hbase,org.apache.hadoop.hbase.stargate.TestStatusResource#testGetClusterStatusPB,matched (2011 report(s) available),java.io.IOException,Connection / Network,Cannot lock storage build/test/data/dfs/name1. The directory is already locked.
apache-hbase,org.apache.hadoop.hbase.stargate.Test00MiniCluster#testDFSMiniCluster,matched (2011 report(s) available),java.io.IOException,Connection / Network,Cannot lock storage build/test/data/dfs/name1. The directory is already locked.
apache-hbase,org.apache.hadoop.hbase.stargate.Test00MiniCluster#testZooKeeperMiniCluster,matched (2011 report(s) available),java.io.IOException,Connection / Network,Cannot lock storage build/test/data/dfs/name1. The directory is already locked.
apache-hbase,org.apache.hadoop.hbase.stargate.Test00MiniCluster#testHBaseMiniCluster,matched (2011 report(s) available),java.io.IOException,Connection / Network,Cannot lock storage build/test/data/dfs/name1. The directory is already locked.
apache-hbase,org.apache.hadoop.hbase.stargate.Test00MiniCluster#testStargateServlet,matched (2011 report(s) available),java.io.IOException,Connection / Network,Cannot lock storage build/test/data/dfs/name1. The directory is already locked.
apache-hbase,org.apache.hadoop.hbase.stargate.client.TestRemoteTable#testGetTableDescriptor,matched (2011 report(s) available),java.io.IOException,Connection / Network,Cannot lock storage build/test/data/dfs/name1. The directory is already locked.
apache-hbase,org.apache.hadoop.hbase.stargate.client.TestRemoteTable#testGet,matched (2014 report(s) available),java.io.IOException,Connection / Network,Cannot lock storage build/test/data/dfs/name1. The directory is already locked.
apache-hbase,org.apache.hadoop.hbase.stargate.client.TestRemoteTable#testPut,matched (2011 report(s) available),java.io.IOException,Connection / Network,Cannot lock storage build/test/data/dfs/name1. The directory is already locked.
apache-hbase,org.apache.hadoop.hbase.stargate.client.TestRemoteTable#testDelete,matched (2011 report(s) available),java.io.IOException,Connection / Network,Cannot lock storage build/test/data/dfs/name1. The directory is already locked.
apache-hbase,org.apache.hadoop.hbase.stargate.client.TestRemoteTable#testScanner,matched (2011 report(s) available),java.io.IOException,Connection / Network,Cannot lock storage build/test/data/dfs/name1. The directory is already locked.
apache-hbase,org.apache.hadoop.hbase.stargate.TestTableResource#testTableListText,matched (2011 report(s) available),java.io.IOException,Connection / Network,Cannot lock storage build/test/data/dfs/name1. The directory is already locked.
apache-hbase,org.apache.hadoop.hbase.stargate.TestTableResource#testTableListJSON,matched (2011 report(s) available),java.io.IOException,Connection / Network,Cannot lock storage build/test/data/dfs/name1. The directory is already locked.
apache-hbase,org.apache.hadoop.hbase.stargate.TestTableResource#testTableListXML,matched (2011 report(s) available),java.io.IOException,Connection / Network,Cannot lock storage build/test/data/dfs/name1. The directory is already locked.
apache-hbase,org.apache.hadoop.hbase.stargate.TestTableResource#testTableListPB,matched (2011 report(s) available),java.io.IOException,Connection / Network,Cannot lock storage build/test/data/dfs/name1. The directory is already locked.
apache-hbase,org.apache.hadoop.hbase.stargate.TestScannersWithFilters#testNoFilter,matched (2011 report(s) available),java.io.IOException,Connection / Network,Cannot lock storage build/test/data/dfs/name1. The directory is already locked.
apache-hbase,org.apache.hadoop.hbase.stargate.TestScannersWithFilters#testPrefixFilter,matched (2011 report(s) available),java.io.IOException,Connection / Network,Cannot lock storage build/test/data/dfs/name1. The directory is already locked.
apache-hbase,org.apache.hadoop.hbase.stargate.TestScannersWithFilters#testPageFilter,matched (2011 report(s) available),java.io.IOException,Connection / Network,Cannot lock storage build/test/data/dfs/name1. The directory is already locked.
apache-hbase,org.apache.hadoop.hbase.stargate.TestScannersWithFilters#testInclusiveStopFilter,matched (2011 report(s) available),java.io.IOException,Connection / Network,Cannot lock storage build/test/data/dfs/name1. The directory is already locked.
apache-hbase,org.apache.hadoop.hbase.stargate.TestScannersWithFilters#testQualifierFilter,matched (2011 report(s) available),java.io.IOException,Connection / Network,Cannot lock storage build/test/data/dfs/name1. The directory is already locked.
apache-hbase,org.apache.hadoop.hbase.stargate.TestScannersWithFilters#testRowFilter,matched (2011 report(s) available),java.io.IOException,Connection / Network,Cannot lock storage build/test/data/dfs/name1. The directory is already locked.
apache-hbase,org.apache.hadoop.hbase.stargate.TestScannersWithFilters#testValueFilter,matched (2011 report(s) available),java.io.IOException,Connection / Network,Cannot lock storage build/test/data/dfs/name1. The directory is already locked.
apache-hbase,org.apache.hadoop.hbase.stargate.TestScannersWithFilters#testSkipFilter,matched (2011 report(s) available),java.io.IOException,Connection / Network,Cannot lock storage build/test/data/dfs/name1. The directory is already locked.
apache-hbase,org.apache.hadoop.hbase.stargate.TestScannersWithFilters#testFilterList,matched (2011 report(s) available),java.io.IOException,Connection / Network,Cannot lock storage build/test/data/dfs/name1. The directory is already locked.
apache-hbase,org.apache.hadoop.hbase.stargate.TestScannersWithFilters#testFirstKeyOnlyFilter,matched (2011 report(s) available),java.io.IOException,Connection / Network,Cannot lock storage build/test/data/dfs/name1. The directory is already locked.
apache-hbase,org.apache.hadoop.hbase.stargate.util.TestHTableTokenBucket#testTokenBucketConfig,matched (2011 report(s) available),java.io.IOException,Connection / Network,Cannot lock storage build/test/data/dfs/name1. The directory is already locked.
apache-hbase,org.apache.hadoop.hbase.stargate.util.TestHTableTokenBucket#testTokenBucket,matched (2011 report(s) available),java.io.IOException,Connection / Network,Cannot lock storage build/test/data/dfs/name1. The directory is already locked.
apache-hbase,org.apache.hadoop.hbase.stargate.auth.TestZooKeeperAuthenticator#testGetPlainUser,matched (2011 report(s) available),java.io.IOException,Connection / Network,Cannot lock storage build/test/data/dfs/name1. The directory is already locked.
apache-hbase,org.apache.hadoop.hbase.stargate.auth.TestZooKeeperAuthenticator#testGetAdminUser,matched (2011 report(s) available),java.io.IOException,Connection / Network,Cannot lock storage build/test/data/dfs/name1. The directory is already locked.
apache-hbase,org.apache.hadoop.hbase.stargate.auth.TestZooKeeperAuthenticator#testGetUserUnknown,matched (2011 report(s) available),java.io.IOException,Connection / Network,Cannot lock storage build/test/data/dfs/name1. The directory is already locked.
apache-hbase,org.apache.hadoop.hbase.stargate.auth.TestZooKeeperAuthenticator#testGetDisabledUser,matched (2011 report(s) available),java.io.IOException,Connection / Network,Cannot lock storage build/test/data/dfs/name1. The directory is already locked.
apache-hbase,org.apache.hadoop.hbase.stargate.TestVersionResource#testGetStargateVersionText,matched (2011 report(s) available),java.io.IOException,Connection / Network,Cannot lock storage build/test/data/dfs/name1. The directory is already locked.
apache-hbase,org.apache.hadoop.hbase.stargate.TestVersionResource#testGetStargateVersionXML,matched (2011 report(s) available),java.io.IOException,Connection / Network,Cannot lock storage build/test/data/dfs/name1. The directory is already locked.
apache-hbase,org.apache.hadoop.hbase.stargate.TestVersionResource#testGetStargateVersionJSON,matched (2011 report(s) available),java.io.IOException,Connection / Network,Cannot lock storage build/test/data/dfs/name1. The directory is already locked.
apache-hbase,org.apache.hadoop.hbase.stargate.TestVersionResource#testGetStargateVersionPB,matched (2011 report(s) available),java.io.IOException,Connection / Network,Cannot lock storage build/test/data/dfs/name1. The directory is already locked.
apache-hbase,org.apache.hadoop.hbase.stargate.TestVersionResource#testGetStorageClusterVersionText,matched (2011 report(s) available),java.io.IOException,Connection / Network,Cannot lock storage build/test/data/dfs/name1. The directory is already locked.
apache-hbase,org.apache.hadoop.hbase.stargate.TestVersionResource#testGetStorageClusterVersionXML,matched (2011 report(s) available),java.io.IOException,Connection / Network,Cannot lock storage build/test/data/dfs/name1. The directory is already locked.
apache-hbase,org.apache.hadoop.hbase.stargate.TestVersionResource#testGetStorageClusterVersionJSON,matched (2011 report(s) available),java.io.IOException,Connection / Network,Cannot lock storage build/test/data/dfs/name1. The directory is already locked.
apache-hbase,org.apache.hadoop.hbase.stargate.TestRowResource#testDelete,matched (2011 report(s) available),java.io.IOException,Connection / Network,Cannot lock storage build/test/data/dfs/name1. The directory is already locked.
apache-hbase,org.apache.hadoop.hbase.stargate.TestRowResource#testSingleCellGetPutXML,matched (2011 report(s) available),java.io.IOException,Connection / Network,Cannot lock storage build/test/data/dfs/name1. The directory is already locked.
apache-hbase,org.apache.hadoop.hbase.stargate.TestRowResource#testSingleCellGetPutPB,matched (2011 report(s) available),java.io.IOException,Connection / Network,Cannot lock storage build/test/data/dfs/name1. The directory is already locked.
apache-hbase,org.apache.hadoop.hbase.stargate.TestRowResource#testSingleCellGetPutBinary,matched (2011 report(s) available),java.io.IOException,Connection / Network,Cannot lock storage build/test/data/dfs/name1. The directory is already locked.
apache-hbase,org.apache.hadoop.hbase.stargate.TestRowResource#testSingleCellGetJSON,matched (2011 report(s) available),java.io.IOException,Connection / Network,Cannot lock storage build/test/data/dfs/name1. The directory is already locked.
apache-hbase,org.apache.hadoop.hbase.stargate.TestRowResource#testURLEncodedKey,matched (2011 report(s) available),java.io.IOException,Connection / Network,Cannot lock storage build/test/data/dfs/name1. The directory is already locked.
apache-hbase,org.apache.hadoop.hbase.stargate.TestRowResource#testMultiCellGetPutXML,matched (2011 report(s) available),java.io.IOException,Connection / Network,Cannot lock storage build/test/data/dfs/name1. The directory is already locked.
apache-hbase,org.apache.hadoop.hbase.stargate.TestRowResource#testMultiCellGetPutPB,matched (2011 report(s) available),java.io.IOException,Connection / Network,Cannot lock storage build/test/data/dfs/name1. The directory is already locked.
apache-hbase,org.apache.hadoop.hbase.stargate.auth.TestHTableAuthenticator#testGetPlainUser,matched (2011 report(s) available),java.io.IOException,Connection / Network,Cannot lock storage build/test/data/dfs/name1. The directory is already locked.
apache-hbase,org.apache.hadoop.hbase.stargate.auth.TestHTableAuthenticator#testGetAdminUser,matched (2011 report(s) available),java.io.IOException,Connection / Network,Cannot lock storage build/test/data/dfs/name1. The directory is already locked.
apache-hbase,org.apache.hadoop.hbase.stargate.auth.TestHTableAuthenticator#testGetUserUnknown,matched (2011 report(s) available),java.io.IOException,Connection / Network,Cannot lock storage build/test/data/dfs/name1. The directory is already locked.
apache-hbase,org.apache.hadoop.hbase.stargate.auth.TestHTableAuthenticator#testGetDisabledUser,matched (2011 report(s) available),java.io.IOException,Connection / Network,Cannot lock storage build/test/data/dfs/name1. The directory is already locked.
apache-hbase,org.apache.hadoop.hbase.stargate.TestSchemaResource#testTableCreateAndDeleteXML,matched (2011 report(s) available),org.apache.hadoop.hbase.client.NoServerForRegionException,Other (NoServerForRegionException),Timed out trying to locate root region because: Failed setting up proxy to /127.0.0.1:33921 after attempts=1
apache-hbase,org.apache.hadoop.hbase.stargate.TestSchemaResource#testTableCreateAndDeletePB,matched (2011 report(s) available),java.io.IOException,Connection / Network,Cannot lock storage build/test/data/dfs/name1. The directory is already locked.
apache-hbase,org.apache.hadoop.hbase.stargate.TestScannerResource#testSimpleScannerXML,matched (2011 report(s) available),java.io.IOException,Connection / Network,Cannot lock storage build/test/data/dfs/name1. The directory is already locked.
apache-hbase,org.apache.hadoop.hbase.stargate.TestScannerResource#testSimpleScannerPB,matched (2011 report(s) available),java.io.IOException,Connection / Network,Cannot lock storage build/test/data/dfs/name1. The directory is already locked.
apache-hbase,org.apache.hadoop.hbase.stargate.TestScannerResource#testSimpleScannerBinary,matched (2011 report(s) available),java.io.IOException,Connection / Network,Cannot lock storage build/test/data/dfs/name1. The directory is already locked.
apache-hbase,org.apache.hadoop.hbase.stargate.TestScannerResource#testFullTableScan,matched (2011 report(s) available),java.io.IOException,Connection / Network,Cannot lock storage build/test/data/dfs/name1. The directory is already locked.
apache-hbase,org.apache.hadoop.hbase.TestMergeTable#testMergeTable,matched (2521 report(s) available),org.apache.hadoop.hbase.client.NoServerForRegionException,Other (NoServerForRegionException),Timed out trying to locate root region because: Failed setting up proxy to /127.0.0.1:46717 after attempts=1
apache-hbase,org.apache.hadoop.hbase.mapred.TestTableMapReduce#testMultiRegionTable,matched (1989 report(s) available),org.apache.hadoop.hbase.client.NoServerForRegionException,Other (NoServerForRegionException),Timed out trying to locate root region because: Failed setting up proxy to /127.0.0.1:36829 after attempts=1
apache-hbase,org.apache.hadoop.hbase.mapreduce.TestTableMapReduce#testMultiRegionTable,matched (1989 report(s) available),org.apache.hadoop.hbase.client.NoServerForRegionException,Other (NoServerForRegionException),Timed out trying to locate root region because: Failed setting up proxy to /127.0.0.1:43719 after attempts=1
apache-hbase,org.apache.hadoop.hbase.regionserver.TestGetClosestAtOrBefore#testUsingMetaAndBinary,matched (71 report(s) available),java.net.UnknownHostException,Connection / Network,ip-172-31-55-102: ip-172-31-55-102: Temporary failure in name resolution
apache-hbase,org.apache.hadoop.hbase.regionserver.TestGetClosestAtOrBefore#testGetClosestRowBefore3,matched (71 report(s) available),java.io.IOException,Connection / Network,Cannot lock storage /working/proj/apache-hbase-3849/apache-hbase/core/build/hbase/test/dfs/name1. The directory is already locked.
apache-hbase,org.apache.hadoop.hbase.regionserver.TestGetClosestAtOrBefore#testGetClosestRowBefore2,matched (71 report(s) available),java.io.IOException,Connection / Network,Cannot lock storage /working/proj/apache-hbase-3849/apache-hbase/core/build/hbase/test/dfs/name1. The directory is already locked.
apache-hbase,org.apache.hadoop.hbase.client.TestScannerTimeout#test2481,matched (48 report(s) available),java.lang.AssertionError,Assertion Failure,We should be timing out
apache-hbase,org.apache.hadoop.hbase.TestZooKeeper#testRegionServerSessionExpired,matched (3 report(s) available),org.apache.hadoop.hbase.master.NotAllMetaRegionsOnlineException,Other (NotAllMetaRegionsOnlineException),org.apache.hadoop.hbase.master.NotAllMetaRegionsOnlineException  at org.apache.hadoop.hbase.master.HMaster.createTable(HMaster.java:724)  at sun.reflect.NativeMethodAccessorImpl.invoke0(Native Method)  at sun.reflect.NativeMethodAccessorImpl.invoke(NativeMethodAccessorImpl.java:62)  at sun.reflect.DelegatingMethodAccessorImpl.invoke(DelegatingMethodAccessorImpl.java:43)  at java.lang.reflect.Method.invoke(Method.java:498)  at org.apache.hadoop.hbase.ipc.HBaseRPC$Server.call(HBaseRPC.java:576)  a
apache-hbase,org.apache.hadoop.hbase.regionserver.TestHRegion#testWritesWhileGetting,matched (142 report(s) available),java.lang.AssertionError,Assertion Failure,i=101 expected:<1000> but was:<0>
apache-hbase,org.apache.hadoop.hbase.regionserver.TestStoreReconstruction#runReconstructionLog,matched (71 report(s) available),java.net.UnknownHostException,Connection / Network,ip-172-31-55-102: ip-172-31-55-102: Temporary failure in name resolution
apache-hbase,org.apache.hadoop.hbase.master.TestRegionManager#testGetFirstMetaRegionForRegionAfterMetaSplit,matched (1991 report(s) available),org.apache.hadoop.hbase.client.NoServerForRegionException,Other (NoServerForRegionException),Timed out trying to locate root region because: Failed setting up proxy to /127.0.0.1:35185 after attempts=1
apache-hbase,org.apache.hadoop.hbase.regionserver.wal.TestHLog#testSplit,matched (71 report(s) available),java.net.UnknownHostException,Connection / Network,ip-172-31-55-102: ip-172-31-55-102: Temporary failure in name resolution
apache-hbase,org.apache.hadoop.hbase.regionserver.wal.TestHLog#testFindMemstoresWithEditsOlderThan,matched (72 report(s) available),java.io.IOException,Connection / Network,Cannot lock storage /working/proj/apache-hbase-3849/apache-hbase/core/build/hbase/test/dfs/name1. The directory is already locked.
apache-hbase,org.apache.hadoop.hbase.regionserver.wal.TestHLog#testEditAdd,matched (72 report(s) available),java.io.IOException,Connection / Network,Cannot lock storage /working/proj/apache-hbase-3849/apache-hbase/core/build/hbase/test/dfs/name1. The directory is already locked.
apache-hbase,org.apache.hadoop.hbase.regionserver.wal.TestHLog#testAppend,matched (73 report(s) available),java.io.IOException,Connection / Network,Cannot lock storage /working/proj/apache-hbase-3849/apache-hbase/core/build/hbase/test/dfs/name1. The directory is already locked.
apache-hbase,org.apache.hadoop.hbase.TestMergeMeta#testMergeMeta,matched (71 report(s) available),java.net.UnknownHostException,Connection / Network,ip-172-31-55-102: ip-172-31-55-102: Temporary failure in name resolution
apache-hbase,org.apache.hadoop.hbase.regionserver.TestScanner#testFilters,matched (71 report(s) available),java.net.UnknownHostException,Connection / Network,ip-172-31-55-102: ip-172-31-55-102: Temporary failure in name resolution
apache-hbase,org.apache.hadoop.hbase.regionserver.TestScanner#testStopRow,matched (71 report(s) available),java.io.IOException,Connection / Network,Cannot lock storage /working/proj/apache-hbase-3849/apache-hbase/core/build/hbase/test/dfs/name1. The directory is already locked.
apache-hbase,org.apache.hadoop.hbase.regionserver.TestScanner#testRaceBetweenClientAndTimeout,matched (71 report(s) available),java.io.IOException,Connection / Network,Cannot lock storage /working/proj/apache-hbase-3849/apache-hbase/core/build/hbase/test/dfs/name1. The directory is already locked.
apache-hbase,org.apache.hadoop.hbase.regionserver.TestScanner#testScanner,matched (71 report(s) available),java.io.IOException,Connection / Network,Cannot lock storage /working/proj/apache-hbase-3849/apache-hbase/core/build/hbase/test/dfs/name1. The directory is already locked.
apache-hbase,org.apache.hadoop.hbase.regionserver.TestScanner#testScanAndSyncFlush,matched (71 report(s) available),java.io.IOException,Connection / Network,Cannot lock storage /working/proj/apache-hbase-3849/apache-hbase/core/build/hbase/test/dfs/name1. The directory is already locked.
apache-hbase,org.apache.hadoop.hbase.regionserver.TestScanner#testScanAndRealConcurrentFlush,matched (71 report(s) available),java.io.IOException,Connection / Network,Cannot lock storage /working/proj/apache-hbase-3849/apache-hbase/core/build/hbase/test/dfs/name1. The directory is already locked.
apache-hbase,org.apache.hadoop.hbase.regionserver.wal.TestLogRolling#testLogRolling,matched (1989 report(s) available),org.apache.hadoop.hbase.client.NoServerForRegionException,Other (NoServerForRegionException),Timed out trying to locate root region because: Failed setting up proxy to /127.0.0.1:36691 after attempts=1
apache-hbase,org.apache.hadoop.hbase.regionserver.wal.TestLogRolling#testLogRollOnDatanodeDeath,matched (1989 report(s) available),org.apache.hadoop.hbase.client.NoServerForRegionException,Other (NoServerForRegionException),Timed out trying to locate root region because: Failed setting up proxy to /127.0.0.1:45739 after attempts=1
apache-hbase,org.apache.hadoop.hbase.util.TestMergeTool#testMergeTool,matched (71 report(s) available),java.net.UnknownHostException,Connection / Network,ip-172-31-55-102: ip-172-31-55-102: Temporary failure in name resolution
apache-hbase,org.apache.hadoop.hbase.TestRegionRebalancing#testRebalancing,matched (1989 report(s) available),org.apache.hadoop.hbase.client.NoServerForRegionException,Other (NoServerForRegionException),Timed out trying to locate root region because: Failed setting up proxy to /127.0.0.1:35591 after attempts=1
apache-hbase,org.apache.hadoop.hbase.TestInfoServers#testInfoServersAreUp,matched (1990 report(s) available),org.apache.hadoop.hbase.client.NoServerForRegionException,Other (NoServerForRegionException),Timed out trying to locate root region because: Failed setting up proxy to /127.0.0.1:41187 after attempts=1
apache-hbase,org.apache.hadoop.hbase.client.TestFromClientSide#testFilters,matched (1 report(s) available),java.io.IOException,Connection / Network,java.io.IOException: Target HLog directory already exists: hdfs://localhost:34211/user/root/testFilters/278689230/.logs  at org.apache.hadoop.hbase.regionserver.wal.HLog.<init>(HLog.java:278)  at org.apache.hadoop.hbase.regionserver.HRegion.createHRegion(HRegion.java:2081)  at org.apache.hadoop.hbase.master.RegionManager.createRegion(RegionManager.java:731)  at org.apache.hadoop.hbase.master.HMaster.createTable(HMaster.java:771)  at org.apache.hadoop.hbase.master.HMaster.createTable(HMaster.java
apache-hbase,org.apache.hadoop.hbase.client.TestFromClientSide#testSimpleMissing,matched (2 report(s) available),java.io.IOException,Connection / Network,java.io.IOException: Target HLog directory already exists: hdfs://localhost:34211/user/root/testSimpleMissing/1712606028/.logs  at org.apache.hadoop.hbase.regionserver.wal.HLog.<init>(HLog.java:278)  at org.apache.hadoop.hbase.regionserver.HRegion.createHRegion(HRegion.java:2081)  at org.apache.hadoop.hbase.master.RegionManager.createRegion(RegionManager.java:731)  at org.apache.hadoop.hbase.master.HMaster.createTable(HMaster.java:771)  at org.apache.hadoop.hbase.master.HMaster.createTable(HMast
apache-hbase,org.apache.hadoop.hbase.client.TestFromClientSide#testSingleRowMultipleFamily,matched (2 report(s) available),java.io.IOException,Connection / Network,java.io.IOException: Target HLog directory already exists: hdfs://localhost:34211/user/root/testSingleRowMultipleFamily/1828221799/.logs  at org.apache.hadoop.hbase.regionserver.wal.HLog.<init>(HLog.java:278)  at org.apache.hadoop.hbase.regionserver.HRegion.createHRegion(HRegion.java:2081)  at org.apache.hadoop.hbase.master.RegionManager.createRegion(RegionManager.java:731)  at org.apache.hadoop.hbase.master.HMaster.createTable(HMaster.java:771)  at org.apache.hadoop.hbase.master.HMaster.createT
apache-hbase,org.apache.hadoop.hbase.client.TestFromClientSide#testVersions,matched (2 report(s) available),java.io.IOException,Connection / Network,java.io.IOException: Target HLog directory already exists: hdfs://localhost:34211/user/root/testVersions/917534149/.logs  at org.apache.hadoop.hbase.regionserver.wal.HLog.<init>(HLog.java:278)  at org.apache.hadoop.hbase.regionserver.HRegion.createHRegion(HRegion.java:2081)  at org.apache.hadoop.hbase.master.RegionManager.createRegion(RegionManager.java:731)  at org.apache.hadoop.hbase.master.HMaster.createTable(HMaster.java:771)  at org.apache.hadoop.hbase.master.HMaster.createTable(HMaster.jav
apache-hbase,org.apache.hadoop.hbase.client.TestFromClientSide#testVersionLimits,matched (2 report(s) available),java.io.IOException,Connection / Network,java.io.IOException: Target HLog directory already exists: hdfs://localhost:34211/user/root/testVersionLimits/35847340/.logs  at org.apache.hadoop.hbase.regionserver.wal.HLog.<init>(HLog.java:278)  at org.apache.hadoop.hbase.regionserver.HRegion.createHRegion(HRegion.java:2081)  at org.apache.hadoop.hbase.master.RegionManager.createRegion(RegionManager.java:731)  at org.apache.hadoop.hbase.master.HMaster.createTable(HMaster.java:771)  at org.apache.hadoop.hbase.master.HMaster.createTable(HMaster
apache-hbase,org.apache.hadoop.hbase.client.TestFromClientSide#testDeletes,matched (2 report(s) available),java.io.IOException,Connection / Network,java.io.IOException: Target HLog directory already exists: hdfs://localhost:34211/user/root/testDeletes/600535117/.logs  at org.apache.hadoop.hbase.regionserver.wal.HLog.<init>(HLog.java:278)  at org.apache.hadoop.hbase.regionserver.HRegion.createHRegion(HRegion.java:2081)  at org.apache.hadoop.hbase.master.RegionManager.createRegion(RegionManager.java:731)  at org.apache.hadoop.hbase.master.HMaster.createTable(HMaster.java:771)  at org.apache.hadoop.hbase.master.HMaster.createTable(HMaster.java
apache-hbase,org.apache.hadoop.hbase.client.TestFromClientSide#testJiraTest867,matched (2 report(s) available),java.io.IOException,Connection / Network,java.io.IOException: Target HLog directory already exists: hdfs://localhost:34211/user/root/testJiraTest867/482443768/.logs  at org.apache.hadoop.hbase.regionserver.wal.HLog.<init>(HLog.java:278)  at org.apache.hadoop.hbase.regionserver.HRegion.createHRegion(HRegion.java:2081)  at org.apache.hadoop.hbase.master.RegionManager.createRegion(RegionManager.java:731)  at org.apache.hadoop.hbase.master.HMaster.createTable(HMaster.java:771)  at org.apache.hadoop.hbase.master.HMaster.createTable(HMaster.
apache-hbase,org.apache.hadoop.hbase.client.TestFromClientSide#testJiraTest861,matched (2 report(s) available),java.io.IOException,Connection / Network,java.io.IOException: Target HLog directory already exists: hdfs://localhost:34211/user/root/testJiraTest861/826539894/.logs  at org.apache.hadoop.hbase.regionserver.wal.HLog.<init>(HLog.java:278)  at org.apache.hadoop.hbase.regionserver.HRegion.createHRegion(HRegion.java:2081)  at org.apache.hadoop.hbase.master.RegionManager.createRegion(RegionManager.java:731)  at org.apache.hadoop.hbase.master.HMaster.createTable(HMaster.java:771)  at org.apache.hadoop.hbase.master.HMaster.createTable(HMaster.
apache-hbase,org.apache.hadoop.hbase.client.TestFromClientSide#testJiraTest33,matched (2 report(s) available),java.io.IOException,Connection / Network,java.io.IOException: Target HLog directory already exists: hdfs://localhost:34211/user/root/testJiraTest33/1683273695/.logs  at org.apache.hadoop.hbase.regionserver.wal.HLog.<init>(HLog.java:278)  at org.apache.hadoop.hbase.regionserver.HRegion.createHRegion(HRegion.java:2081)  at org.apache.hadoop.hbase.master.RegionManager.createRegion(RegionManager.java:731)  at org.apache.hadoop.hbase.master.HMaster.createTable(HMaster.java:771)  at org.apache.hadoop.hbase.master.HMaster.createTable(HMaster.
apache-hbase,org.apache.hadoop.hbase.client.TestFromClientSide#testJiraTest1014,matched (2 report(s) available),java.io.IOException,Connection / Network,java.io.IOException: Target HLog directory already exists: hdfs://localhost:34211/user/root/testJiraTest1014/688367676/.logs  at org.apache.hadoop.hbase.regionserver.wal.HLog.<init>(HLog.java:278)  at org.apache.hadoop.hbase.regionserver.HRegion.createHRegion(HRegion.java:2081)  at org.apache.hadoop.hbase.master.RegionManager.createRegion(RegionManager.java:731)  at org.apache.hadoop.hbase.master.HMaster.createTable(HMaster.java:771)  at org.apache.hadoop.hbase.master.HMaster.createTable(HMaster
apache-hbase,org.apache.hadoop.hbase.client.TestFromClientSide#testJiraTest1182,matched (2 report(s) available),java.io.IOException,Connection / Network,java.io.IOException: Target HLog directory already exists: hdfs://localhost:34211/user/root/testJiraTest1182/1531009091/.logs  at org.apache.hadoop.hbase.regionserver.wal.HLog.<init>(HLog.java:278)  at org.apache.hadoop.hbase.regionserver.HRegion.createHRegion(HRegion.java:2081)  at org.apache.hadoop.hbase.master.RegionManager.createRegion(RegionManager.java:731)  at org.apache.hadoop.hbase.master.HMaster.createTable(HMaster.java:771)  at org.apache.hadoop.hbase.master.HMaster.createTable(HMaste
apache-hbase,org.apache.hadoop.hbase.client.TestFromClientSide#testJiraTest52,matched (2 report(s) available),java.io.IOException,Connection / Network,java.io.IOException: Target HLog directory already exists: hdfs://localhost:34211/user/root/testJiraTest52/747897613/.logs  at org.apache.hadoop.hbase.regionserver.wal.HLog.<init>(HLog.java:278)  at org.apache.hadoop.hbase.regionserver.HRegion.createHRegion(HRegion.java:2081)  at org.apache.hadoop.hbase.master.RegionManager.createRegion(RegionManager.java:731)  at org.apache.hadoop.hbase.master.HMaster.createTable(HMaster.java:771)  at org.apache.hadoop.hbase.master.HMaster.createTable(HMaster.j
apache-hbase,org.apache.hadoop.hbase.client.TestFromClientSide#testGet_EmptyTable,matched (2 report(s) available),java.io.IOException,Connection / Network,java.io.IOException: Target HLog directory already exists: hdfs://localhost:34211/user/root/testGet_EmptyTable/1087127079/.logs  at org.apache.hadoop.hbase.regionserver.wal.HLog.<init>(HLog.java:278)  at org.apache.hadoop.hbase.regionserver.HRegion.createHRegion(HRegion.java:2081)  at org.apache.hadoop.hbase.master.RegionManager.createRegion(RegionManager.java:731)  at org.apache.hadoop.hbase.master.HMaster.createTable(HMaster.java:771)  at org.apache.hadoop.hbase.master.HMaster.createTable(HMas
apache-hbase,org.apache.hadoop.hbase.client.TestFromClientSide#testGet_NonExistentRow,matched (2 report(s) available),java.io.IOException,Connection / Network,java.io.IOException: Target HLog directory already exists: hdfs://localhost:34211/user/root/testGet_NonExistentRow/604272762/.logs  at org.apache.hadoop.hbase.regionserver.wal.HLog.<init>(HLog.java:278)  at org.apache.hadoop.hbase.regionserver.HRegion.createHRegion(HRegion.java:2081)  at org.apache.hadoop.hbase.master.RegionManager.createRegion(RegionManager.java:731)  at org.apache.hadoop.hbase.master.HMaster.createTable(HMaster.java:771)  at org.apache.hadoop.hbase.master.HMaster.createTable(H
apache-hbase,org.apache.hadoop.hbase.client.TestFromClientSide#testRowsPut,matched (2 report(s) available),java.io.IOException,Connection / Network,java.io.IOException: Target HLog directory already exists: hdfs://localhost:34211/user/root/testRowsPut/1541717881/.logs  at org.apache.hadoop.hbase.regionserver.wal.HLog.<init>(HLog.java:278)  at org.apache.hadoop.hbase.regionserver.HRegion.createHRegion(HRegion.java:2081)  at org.apache.hadoop.hbase.master.RegionManager.createRegion(RegionManager.java:731)  at org.apache.hadoop.hbase.master.HMaster.createTable(HMaster.java:771)  at org.apache.hadoop.hbase.master.HMaster.createTable(HMaster.jav
apache-hbase,org.apache.hadoop.hbase.client.TestFromClientSide#testRowsPutBufferedOneFlush,matched (2 report(s) available),java.io.IOException,Connection / Network,java.io.IOException: Target HLog directory already exists: hdfs://localhost:34211/user/root/testRowsPutBufferedOneFlush/250149366/.logs  at org.apache.hadoop.hbase.regionserver.wal.HLog.<init>(HLog.java:278)  at org.apache.hadoop.hbase.regionserver.HRegion.createHRegion(HRegion.java:2081)  at org.apache.hadoop.hbase.master.RegionManager.createRegion(RegionManager.java:731)  at org.apache.hadoop.hbase.master.HMaster.createTable(HMaster.java:771)  at org.apache.hadoop.hbase.master.HMaster.createTa
apache-hbase,org.apache.hadoop.hbase.client.TestFromClientSide#testRowsPutBufferedManyManyFlushes,matched (2 report(s) available),java.io.IOException,Connection / Network,java.io.IOException: Target HLog directory already exists: hdfs://localhost:34211/user/root/testRowsPutBufferedManyManyFlushes/1064377158/.logs  at org.apache.hadoop.hbase.regionserver.wal.HLog.<init>(HLog.java:278)  at org.apache.hadoop.hbase.regionserver.HRegion.createHRegion(HRegion.java:2081)  at org.apache.hadoop.hbase.master.RegionManager.createRegion(RegionManager.java:731)  at org.apache.hadoop.hbase.master.HMaster.createTable(HMaster.java:771)  at org.apache.hadoop.hbase.master.HMaster.
apache-hbase,org.apache.hadoop.hbase.client.TestFromClientSide#testHBase737,matched (2 report(s) available),java.io.IOException,Connection / Network,java.io.IOException: Target HLog directory already exists: hdfs://localhost:34211/user/root/testHBase737/1943520359/.logs  at org.apache.hadoop.hbase.regionserver.wal.HLog.<init>(HLog.java:278)  at org.apache.hadoop.hbase.regionserver.HRegion.createHRegion(HRegion.java:2081)  at org.apache.hadoop.hbase.master.RegionManager.createRegion(RegionManager.java:731)  at org.apache.hadoop.hbase.master.HMaster.createTable(HMaster.java:771)  at org.apache.hadoop.hbase.master.HMaster.createTable(HMaster.ja
apache-hbase,org.apache.hadoop.hbase.client.TestFromClientSide#testListTables,matched (2 report(s) available),java.io.IOException,Connection / Network,java.io.IOException: Target HLog directory already exists: hdfs://localhost:34211/user/root/testListTables1/499577541/.logs  at org.apache.hadoop.hbase.regionserver.wal.HLog.<init>(HLog.java:278)  at org.apache.hadoop.hbase.regionserver.HRegion.createHRegion(HRegion.java:2081)  at org.apache.hadoop.hbase.master.RegionManager.createRegion(RegionManager.java:731)  at org.apache.hadoop.hbase.master.HMaster.createTable(HMaster.java:771)  at org.apache.hadoop.hbase.master.HMaster.createTable(HMaster.
apache-hbase,org.apache.hadoop.hbase.client.TestFromClientSide#testMiscHTableStuff,matched (2 report(s) available),java.io.IOException,Connection / Network,java.io.IOException: Target HLog directory already exists: hdfs://localhost:34211/user/root/testMiscHTableStuffA/1068529823/.logs  at org.apache.hadoop.hbase.regionserver.wal.HLog.<init>(HLog.java:278)  at org.apache.hadoop.hbase.regionserver.HRegion.createHRegion(HRegion.java:2081)  at org.apache.hadoop.hbase.master.RegionManager.createRegion(RegionManager.java:731)  at org.apache.hadoop.hbase.master.HMaster.createTable(HMaster.java:771)  at org.apache.hadoop.hbase.master.HMaster.createTable(HM
apache-hbase,org.apache.hadoop.hbase.client.TestFromClientSide#testGetClosestRowBefore,matched (2 report(s) available),java.io.IOException,Connection / Network,java.io.IOException: Target HLog directory already exists: hdfs://localhost:34211/user/root/testGetClosestRowBefore/1834378646/.logs  at org.apache.hadoop.hbase.regionserver.wal.HLog.<init>(HLog.java:278)  at org.apache.hadoop.hbase.regionserver.HRegion.createHRegion(HRegion.java:2081)  at org.apache.hadoop.hbase.master.RegionManager.createRegion(RegionManager.java:731)  at org.apache.hadoop.hbase.master.HMaster.createTable(HMaster.java:771)  at org.apache.hadoop.hbase.master.HMaster.createTable
apache-hbase,org.apache.hadoop.hbase.TestScanMultipleVersions#testScanMultipleVersions,matched (1989 report(s) available),org.apache.hadoop.hbase.client.NoServerForRegionException,Other (NoServerForRegionException),Timed out trying to locate root region because: Failed setting up proxy to /127.0.0.1:37253 after attempts=1
apache-hbase,org.apache.hadoop.hbase.regionserver.TestGetDeleteTracker#testIsDeleted_NotDeleted,matched (1 report(s) available),junit.framework.AssertionFailedError,Assertion Failure,expected:<false> but was:<true>
apache-hbase,org.apache.hadoop.hbase.io.hfile.TestLruBlockCache#testBackgroundEvictionThread,matched (1165 report(s) available),junit.framework.AssertionFailedError,Assertion Failure,null
apache-hbase,org.apache.hadoop.hbase.master.TestMasterTransitions#testRegionCloseWhenNoMetaHBase2428,matched (913 report(s) available),java.lang.Exception,Other (Exception),test timed out after 300000 milliseconds
apache-hbase,org.apache.hadoop.hbase.master.TestMasterTransitions#testAddingServerBeforeOldIsDead2413,matched (918 report(s) available),org.apache.hadoop.hbase.client.RetriesExhaustedException,Other (RetriesExhaustedException),"Trying to contact region server 172.31.55.202:45097 for region master_transitions,,1566856861011, row '', but failed after 4 attempts. Exceptions: org.apache.hadoop.hbase.NotServingRegionException: org.apache.hadoop.hbase.NotServingRegionException: master_transitions,,1566856861011  at org.apache.hadoop.hbase.regionserver.HRegionServer.getRegion(HRegionServer.java:2209)  at org.apache.hadoop.hbase.regionserver.HRegionServer.openScanner(HRegionServer.java:1813)  at sun.reflect.GeneratedMethodAcce"
apache-hbase,org.apache.hadoop.hbase.master.TestMasterTransitions#testKillRSWithOpeningRegion2482,matched (934 report(s) available),org.apache.hadoop.hbase.client.NoServerForRegionException,Other (NoServerForRegionException),"Timed out trying to locate root region because: org.apache.hadoop.hbase.NotServingRegionException: -ROOT-,,0  at org.apache.hadoop.hbase.regionserver.HRegionServer.getRegion(HRegionServer.java:2209)  at org.apache.hadoop.hbase.regionserver.HRegionServer.getRegionInfo(HRegionServer.java:1666)  at sun.reflect.GeneratedMethodAccessor26.invoke(Unknown Source)  at sun.reflect.DelegatingMethodAccessorImpl.invoke(DelegatingMethodAccessorImpl.java:43)  at java.lang.reflect.Method.invoke(Method.java:498)"
apache-hbase,org.apache.hadoop.hbase.master.TestMinimumServerCount#testMinimumServerCount,matched (1990 report(s) available),org.apache.hadoop.hbase.client.NoServerForRegionException,Other (NoServerForRegionException),Timed out trying to locate root region because: Failed setting up proxy to /127.0.0.1:33191 after attempts=1
apache-hbase,org.apache.hadoop.hbase.client.TestTimestamp#testTimestamps,matched (1989 report(s) available),org.apache.hadoop.hbase.client.NoServerForRegionException,Other (NoServerForRegionException),Timed out trying to locate root region because: Failed setting up proxy to /127.0.0.1:41415 after attempts=1
apache-hbase,org.apache.hadoop.hbase.mapreduce.TestTimeRangeMapRed#testTimeRangeMapRed,matched (1990 report(s) available),org.apache.hadoop.hbase.client.NoServerForRegionException,Other (NoServerForRegionException),Timed out trying to locate root region because: Failed setting up proxy to /127.0.0.1:36151 after attempts=1
apache-hbase,org.apache.hadoop.hbase.thrift.TestThriftServer#testAll,matched (1989 report(s) available),org.apache.hadoop.hbase.client.NoServerForRegionException,Other (NoServerForRegionException),Timed out trying to locate root region because: Failed setting up proxy to /127.0.0.1:32807 after attempts=1
apache-hbase,org.apache.hadoop.hbase.mapreduce.TestTableInputFormatScan#testScanEmptyToEmpty,matched (5 report(s) available),java.lang.NullPointerException,Null Pointer,
apache-hbase,org.apache.hadoop.hbase.mapreduce.TestTableInputFormatScan#testScanEmptyToAPP,matched (5 report(s) available),java.lang.NullPointerException,Null Pointer,
apache-hbase,org.apache.hadoop.hbase.mapreduce.TestTableInputFormatScan#testScanEmptyToBBA,matched (5 report(s) available),java.lang.NullPointerException,Null Pointer,
apache-hbase,org.apache.hadoop.hbase.mapreduce.TestTableInputFormatScan#testScanEmptyToBBB,matched (4 report(s) available),java.lang.NullPointerException,Null Pointer,
apache-hbase,org.apache.hadoop.hbase.mapreduce.TestTableInputFormatScan#testScanEmptyToOPP,matched (4 report(s) available),java.lang.NullPointerException,Null Pointer,
apache-hbase,org.apache.hadoop.hbase.mapreduce.TestTableInputFormatScan#testScanOBBToOPP,matched (3 report(s) available),java.lang.NullPointerException,Null Pointer,
apache-hbase,org.apache.hadoop.hbase.mapreduce.TestTableInputFormatScan#testScanOBBToQPP,matched (3 report(s) available),java.lang.NullPointerException,Null Pointer,
apache-hbase,org.apache.hadoop.hbase.mapreduce.TestTableInputFormatScan#testScanOPPToEmpty,matched (3 report(s) available),java.lang.NullPointerException,Null Pointer,
apache-hbase,org.apache.hadoop.hbase.mapreduce.TestTableInputFormatScan#testScanYYXToEmpty,matched (3 report(s) available),java.lang.NullPointerException,Null Pointer,
apache-hbase,org.apache.hadoop.hbase.mapreduce.TestTableInputFormatScan#testScanYYYToEmpty,matched (3 report(s) available),java.lang.NullPointerException,Null Pointer,
apache-hbase,org.apache.hadoop.hbase.mapreduce.TestTableInputFormatScan#testScanYZYToEmpty,matched (3 report(s) available),java.lang.NullPointerException,Null Pointer,
apache-hbase,org.apache.hadoop.hbase.client.TestAdmin#testCreateTable,matched (51 report(s) available),java.io.IOException,Connection / Network,java.io.IOException: Target HLog directory already exists: hdfs://localhost:44647/user/root/testCreateTable/2028121222/.logs  at org.apache.hadoop.hbase.regionserver.wal.HLog.<init>(HLog.java:278)  at org.apache.hadoop.hbase.regionserver.HRegion.createHRegion(HRegion.java:2081)  at org.apache.hadoop.hbase.master.RegionManager.createRegion(RegionManager.java:731)  at org.apache.hadoop.hbase.master.HMaster.createTable(HMaster.java:771)  at org.apache.hadoop.hbase.master.HMaster.createTable(HMaster
apache-hbase,org.apache.hadoop.hbase.client.TestAdmin#testCreateTableWithRegions,matched (6 report(s) available),java.io.IOException,Connection / Network,java.io.IOException: Target HLog directory already exists: hdfs://localhost:44647/user/root/testCreateTableWithRegions/1742746836/.logs  at org.apache.hadoop.hbase.regionserver.wal.HLog.<init>(HLog.java:278)  at org.apache.hadoop.hbase.regionserver.HRegion.createHRegion(HRegion.java:2081)  at org.apache.hadoop.hbase.master.RegionManager.createRegion(RegionManager.java:731)  at org.apache.hadoop.hbase.master.HMaster.createTable(HMaster.java:771)  at org.apache.hadoop.hbase.master.HMaster.createTa
apache-hbase,org.apache.hadoop.hbase.client.TestAdmin#testForceSplit,matched (5 report(s) available),java.lang.RuntimeException,Other (RuntimeException),"org.apache.hadoop.hbase.client.RetriesExhaustedException: Trying to contact region server null for region , row 'kmf', but failed after 6 attempts. Exceptions: org.apache.hadoop.hbase.client.NoServerForRegionException: No server address listed in .META. for region testForceSplit,kmf,1568227923023 org.apache.hadoop.hbase.client.NoServerForRegionException: No server address listed in .META. for region testForceSplit,kmf,1568227923023 org.apache.hadoop.hbase.client.NoServerForRegionException: No se"
apache-hbase,org.apache.hadoop.hbase.client.TestAdmin#testEnableDisableAddColumnDeleteColumn,matched (143 report(s) available),java.io.IOException,Connection / Network,java.io.IOException: Target HLog directory already exists: hdfs://localhost:38985/user/root/testMasterAdmin/2086354931/.logs  at org.apache.hadoop.hbase.regionserver.wal.HLog.<init>(HLog.java:278)  at org.apache.hadoop.hbase.regionserver.HRegion.createHRegion(HRegion.java:2081)  at org.apache.hadoop.hbase.master.RegionManager.createRegion(RegionManager.java:731)  at org.apache.hadoop.hbase.master.HMaster.createTable(HMaster.java:771)  at org.apache.hadoop.hbase.master.HMaster.createTable(HMaster
apache-hbase,org.apache.hadoop.hbase.client.TestAdmin#testCreateBadTables,matched (143 report(s) available),java.lang.AssertionError,Assertion Failure,expected:<1> but was:<0>
apache-hbase,org.apache.hadoop.hbase.client.TestAdmin#testTableNameClash,matched (144 report(s) available),java.io.IOException,Connection / Network,java.io.IOException: Target HLog directory already exists: hdfs://localhost:38985/user/root/testTableNameClashSOMEUPPERCASE/489028266/.logs  at org.apache.hadoop.hbase.regionserver.wal.HLog.<init>(HLog.java:278)  at org.apache.hadoop.hbase.regionserver.HRegion.createHRegion(HRegion.java:2081)  at org.apache.hadoop.hbase.master.RegionManager.createRegion(RegionManager.java:731)  at org.apache.hadoop.hbase.master.HMaster.createTable(HMaster.java:771)  at org.apache.hadoop.hbase.master.HMaster.crea
apache-hbase,org.apache.hadoop.hbase.client.TestAdmin#testReadOnlyTable,matched (143 report(s) available),java.io.IOException,Connection / Network,java.io.IOException: Target HLog directory already exists: hdfs://localhost:38985/user/root/testReadOnlyTable/441762323/.logs  at org.apache.hadoop.hbase.regionserver.wal.HLog.<init>(HLog.java:278)  at org.apache.hadoop.hbase.regionserver.HRegion.createHRegion(HRegion.java:2081)  at org.apache.hadoop.hbase.master.RegionManager.createRegion(RegionManager.java:731)  at org.apache.hadoop.hbase.master.HMaster.createTable(HMaster.java:771)  at org.apache.hadoop.hbase.master.HMaster.createTable(HMaste
apache-hbase,org.apache.hadoop.hbase.client.TestAdmin#testTableNotFoundExceptionWithATable,matched (145 report(s) available),java.lang.Exception,Other (Exception),"Unexpected exception, expected<org.apache.hadoop.hbase.TableExistsException> but was<java.io.IOException>"
apache-hbase,org.apache.hadoop.hbase.client.TestAdmin#testHundredsOfTable,matched (275 report(s) available),org.apache.hadoop.hbase.RegionException,Other (RegionException),"Retries exhausted, it took too long to wait for the table table32 to be disabled."
apache-hbase,org.apache.hadoop.hbase.client.TestAdmin#testGetTableDescriptor,matched (274 report(s) available),java.io.IOException,Connection / Network,java.io.IOException: Target HLog directory already exists: hdfs://localhost:41501/user/root/myTestTable/1286849294/.logs  at org.apache.hadoop.hbase.regionserver.wal.HLog.<init>(HLog.java:278)  at org.apache.hadoop.hbase.regionserver.HRegion.createHRegion(HRegion.java:2081)  at org.apache.hadoop.hbase.master.RegionManager.createRegion(RegionManager.java:731)  at org.apache.hadoop.hbase.master.HMaster.createTable(HMaster.java:771)  at org.apache.hadoop.hbase.master.HMaster.createTable(HMaster.jav
apache-hbase,org.apache.hadoop.hbase.TestEmptyMetaInfo#testEmptyMetaInfo,matched (1989 report(s) available),org.apache.hadoop.hbase.client.NoServerForRegionException,Other (NoServerForRegionException),Timed out trying to locate root region because: Failed setting up proxy to /127.0.0.1:39343 after attempts=1
apache-hbase,org.apache.hadoop.hbase.regionserver.TestStoreFile#testBasicHalfMapFile,matched (71 report(s) available),org.apache.hadoop.ipc.RemoteException,Other (RemoteException),"java.io.IOException: File /user/root/test/build/data/testBasicHalfMapFile/regionname/familyname/2051559031695293791 could only be replicated to 0 nodes, instead of 1  at org.apache.hadoop.hdfs.server.namenode.FSNamesystem.getAdditionalBlock(FSNamesystem.java:1274)  at org.apache.hadoop.hdfs.server.namenode.NameNode.addBlock(NameNode.java:422)  at sun.reflect.NativeMethodAccessorImpl.invoke0(Native Method)  at sun.reflect.NativeMethodAccessorImpl.invoke(NativeMethodAccessorImpl.java:62)  at sun.r"
apache-hbase,org.apache.hadoop.hbase.regionserver.TestStoreFile#testReference,matched (71 report(s) available),java.net.ConnectException,Connection / Network,Call to localhost/127.0.0.1:0 failed on connection exception: java.net.ConnectException: Connection refused
apache-hbase,org.apache.hadoop.hbase.TestMultiParallelPut#testMultiPut,matched (2113 report(s) available),junit.framework.AssertionFailedError,Assertion Failure,null
apache-hbase,org.apache.hadoop.hbase.regionserver.TestWideScanner#testWideScanBatching,matched (71 report(s) available),java.net.UnknownHostException,Connection / Network,ip-172-31-55-102: ip-172-31-55-102: Temporary failure in name resolution
apache-hbase,org.apache.hadoop.hbase.regionserver.TestCompaction#testCompaction,matched (71 report(s) available),java.net.UnknownHostException,Connection / Network,ip-172-31-55-102: ip-172-31-55-102: Temporary failure in name resolution
apache-hbase,org.apache.hadoop.hbase.regionserver.TestCompaction#testMajorCompactingToNoOutput,matched (71 report(s) available),java.io.IOException,Connection / Network,Cannot lock storage /working/proj/apache-hbase-3849/apache-hbase/core/build/hbase/test/dfs/name1. The directory is already locked.
apache-hbase,org.apache.hadoop.hbase.client.TestGetRowVersions#testGetRowMultipleVersions,matched (1989 report(s) available),org.apache.hadoop.hbase.client.NoServerForRegionException,Other (NoServerForRegionException),Timed out trying to locate root region because: Failed setting up proxy to /127.0.0.1:40905 after attempts=1
apache-httpcore,org.apache.http.impl.pool.TestBasicConnPool#testHttpCreateConnection,matched (1 report(s) available),java.net.SocketTimeoutException,Timeout / Async Wait,
apache-httpcore,org.apache.http.pool.TestConnPool#testStatefulConnectionRedistributionOnPerRouteMaxLimit,matched (162 report(s) available),Wanted but not invoked,Other (Wanted but not invoked)," Wanted but not invoked: httpConnection.close(); -> at org.apache.http.pool.TestConnPool.testStatefulConnectionRedistributionOnPerRouteMaxLimit(TestConnPool.java:478) Actually, there were zero interactions with this mock. "
apache-httpcore,org.apache.http.pool.TestConnPool#testCreateNewIfExpired,matched (6 report(s) available),org.mockito.exceptions.verification.TooLittleActualInvocations,Other (TooLittleActualInvocations)," httpConnectionFactory.create(""somehost""); Wanted 2 times: -> at org.apache.http.pool.TestConnPool.testCreateNewIfExpired(TestConnPool.java:510) But was 1 time: -> at org.apache.http.pool.TestConnPool$LocalConnPool.createConnection(TestConnPool.java:72) "
apache-httpcore,org.apache.http.pool.TestConnPool#testCloseExpired,matched (2 report(s) available),Wanted but not invoked,Other (Wanted but not invoked)," Wanted but not invoked: httpConnection.close(); -> at org.apache.http.pool.TestConnPool.testCloseExpired(TestConnPool.java:550) Actually, there were zero interactions with this mock. "
apache-httpcore,org.apache.http.pool.TestConnPool#testLeaseTimeout,matched (150 report(s) available),junit.framework.AssertionFailedError,Assertion Failure,null
apache-httpcore,org.apache.http.pool.TestConnPool#testCloseIdle,matched (1 report(s) available),Wanted but not invoked,Other (Wanted but not invoked)," Wanted but not invoked: httpConnection.close(); -> at org.apache.http.pool.TestConnPool.testCloseIdle(TestConnPool.java:668) Actually, there were zero interactions with this mock. "
apache-httpcore,org.apache.http.nio.protocol.TestNIOSSLHttp#testHttpPostsWithContentLength,matched (1 report(s) available),java.lang.AssertionError,Assertion Failure,
apache-httpcore,org.apache.http.impl.nio.reactor.TestDefaultIOReactors#testGracefulShutdown,matched (3 report(s) available),java.lang.AssertionError,Assertion Failure,
apache-httpcore,org.apache.http.nio.protocol.TestAsyncNHttpHandlers#testHttpPostsChunked,matched (2 report(s) available),java.lang.AssertionError,Assertion Failure,
apache-httpcore,org.apache.http.nio.protocol.TestAsyncNHttpHandlers#testDelayedHttpGets,matched (1 report(s) available),java.lang.AssertionError,Assertion Failure,
apache-httpcore,org.apache.http.nio.protocol.TestAsyncNHttpHandlers#testHttpException,matched (3 report(s) available),java.lang.AssertionError,Assertion Failure,
apache-httpcore,org.apache.http.nio.protocol.TestAsyncNHttpHandlers#testDelayedHttpException,matched (2 report(s) available),java.lang.AssertionError,Assertion Failure,
apache-httpcore,org.apache.http.nio.protocol.TestAsyncNHttpHandlers#testNoServiceHandler,matched (3 report(s) available),java.lang.AssertionError,Assertion Failure,
apache-httpcore,org.apache.http.nio.protocol.TestAsyncNHttpHandlers#testHttpPostWithNoEntities,matched (4 report(s) available),java.lang.AssertionError,Assertion Failure,
apache-httpcore,org.apache.http.nio.protocol.TestAsyncNHttpHandlers#testNoRequestHandler,matched (1 report(s) available),java.lang.AssertionError,Assertion Failure,
apache-httpcore,org.apache.http.nio.protocol.TestBufferingNHttpHandlers#testHttpPostsChunked,matched (2 report(s) available),java.lang.AssertionError,Assertion Failure,
apache-httpcore,org.apache.http.nio.protocol.TestBufferingNHttpHandlers#testHttpPostsHTTP10,matched (1 report(s) available),java.lang.AssertionError,Assertion Failure,
apache-httpcore,org.apache.http.nio.protocol.TestBufferingNHttpHandlers#testHttpPostsWithExpectContinue,matched (1 report(s) available),java.lang.AssertionError,Assertion Failure,
apache-httpcore,org.apache.http.nio.protocol.TestThrottlingNHttpHandlers#testSimpleHttpGets,matched (1 report(s) available),java.lang.AssertionError,Assertion Failure,
apache-httpcore,org.apache.http.nio.protocol.TestThrottlingNHttpHandlers#testSimpleHttpPostsChunked,matched (1 report(s) available),java.lang.AssertionError,Assertion Failure,
apache-httpcore,org.apache.http.nio.protocol.TestThrottlingNHttpHandlers#testSimpleHttpPostsHTTP10,matched (4 report(s) available),java.lang.AssertionError,Assertion Failure,
apache-httpcore,org.apache.http.nio.protocol.TestThrottlingNHttpHandlers#testInputThrottling,matched (2 report(s) available),java.lang.AssertionError,Assertion Failure,
apache-incubator-dubbo,org.apache.dubbo.registry.multicast.MulticastRegistryTest#testGetCustomPort,matched (4 report(s) available),java.lang.IllegalStateException,Ordering / State,Address already in use (Bind failed)
apache-incubator-dubbo,org.apache.dubbo.registry.multicast.MulticastRegistryTest#testCustomedPort,matched (2 report(s) available),java.lang.IllegalStateException,Ordering / State,Address already in use (Bind failed)
apache-incubator-dubbo,org.apache.dubbo.rpc.cluster.support.AbstractClusterInvokerTest#testBindingAttachment,matched (3 report(s) available),java.lang.AssertionError,Assertion Failure,set attachment failed!
apache-incubator-dubbo,org.apache.dubbo.rpc.protocol.dubbo.telnet.ListTelnetHandlerTest#testList,matched (13 report(s) available),org.apache.dubbo.rpc.RpcException,Other (RpcException),"Fail to start server(url: dubbo://127.0.0.1:20885/demo?channel.readonly.sent=true&codec=dubbo&heartbeat=60000) Failed to bind NettyServer on /127.0.0.1:20885, cause: Address already in use"
apache-incubator-dubbo,org.apache.dubbo.rpc.protocol.dubbo.telnet.ListTelnetHandlerTest#testListDefault,matched (5 report(s) available),org.apache.dubbo.rpc.RpcException,Other (RpcException),"Fail to start server(url: dubbo://127.0.0.1:20885/demo?channel.readonly.sent=true&codec=dubbo&heartbeat=60000) Failed to bind NettyServer on /127.0.0.1:20885, cause: Address already in use"
apache-incubator-dubbo,org.apache.dubbo.rpc.protocol.dubbo.telnet.ListTelnetHandlerTest#testListService,matched (288 report(s) available),org.apache.dubbo.rpc.RpcException,Other (RpcException),"Fail to start server(url: dubbo://127.0.0.1:20885/demo?channel.readonly.sent=true&codec=dubbo&heartbeat=60000) Failed to bind NettyServer on /127.0.0.1:20885, cause: Address already in use"
apache-incubator-dubbo,org.apache.dubbo.rpc.protocol.dubbo.ExplicitCallbackTest#TestCallbackMultiInstans,matched (4 report(s) available),java.lang.IllegalStateException,Ordering / State,callback instance not found
apache-incubator-dubbo,org.apache.dubbo.rpc.protocol.dubbo.telnet.ChangeTelnetHandlerTest#testChangeSimpleName,matched (1 report(s) available),org.apache.dubbo.rpc.RpcException,Other (RpcException),"Fail to start server(url: dubbo://127.0.0.1:20883/demo?channel.readonly.sent=true&codec=dubbo&heartbeat=60000) Failed to bind NettyServer on /127.0.0.1:20883, cause: Address already in use"
apache-incubator-dubbo,org.apache.dubbo.rpc.protocol.dubbo.telnet.ChangeTelnetHandlerTest#testChangeName,matched (3 report(s) available),org.apache.dubbo.rpc.RpcException,Other (RpcException),"Fail to start server(url: dubbo://127.0.0.1:20883/demo?channel.readonly.sent=true&codec=dubbo&heartbeat=60000) Failed to bind NettyServer on /127.0.0.1:20883, cause: Address already in use"
apache-incubator-dubbo,org.apache.dubbo.rpc.protocol.dubbo.telnet.ChangeTelnetHandlerTest#testChangePath,matched (14 report(s) available),org.apache.dubbo.rpc.RpcException,Other (RpcException),"Fail to start server(url: dubbo://127.0.0.1:20883/demo?channel.readonly.sent=true&codec=dubbo&heartbeat=60000) Failed to bind NettyServer on /127.0.0.1:20883, cause: Address already in use"
apache-incubator-dubbo,org.apache.dubbo.rpc.protocol.dubbo.DubboProtocolTest#testPerm,matched (1 report(s) available),org.apache.dubbo.rpc.RpcException,Other (RpcException),"Invoke remote method timeout. method: getSize, provider: dubbo://127.0.0.1:9050/org.apache.dubbo.rpc.protocol.dubbo.support.DemoService?codec=exchange, cause: Waiting server-side response timeout. start time: 2019-09-18 03:23:43.368, end time: 2019-09-18 03:23:45.037, client elapsed: 1669 ms, server elapsed: 0 ms, timeout: 1000 ms, request: Request [id=616, version=2.0.2, twoway=true, event=false, broken=false, data=RpcInvocation [methodName=getSize, parameterTypes=[class [Ljava.lang.String;], a"
apache-incubator-dubbo,org.apache.dubbo.rpc.protocol.dubbo.telnet.InvokerTelnetHandlerTest#testInvokeAutoFindMethod,matched (7 report(s) available),org.apache.dubbo.rpc.RpcException,Other (RpcException),"Fail to start server(url: dubbo://127.0.0.1:20883/demo?channel.readonly.sent=true&codec=dubbo&heartbeat=60000) Failed to bind NettyServer on /127.0.0.1:20883, cause: Address already in use"
apache-incubator-dubbo,org.apache.dubbo.rpc.protocol.dubbo.telnet.InvokerTelnetHandlerTest#testInvokeDefaultSService,matched (20 report(s) available),org.apache.dubbo.rpc.RpcException,Other (RpcException),"Fail to start server(url: dubbo://127.0.0.1:20883/demo?channel.readonly.sent=true&codec=dubbo&heartbeat=60000) Failed to bind NettyServer on /127.0.0.1:20883, cause: Address already in use"
apache-incubator-dubbo,org.apache.dubbo.remoting.exchange.support.header.HeartbeatHandlerTest#testClientHeartbeat,matched (2 report(s) available),org.apache.dubbo.remoting.RemotingException,Other (RemotingException),"Failed to bind NettyServer on localhost/127.0.0.1:55555, cause: Failed to bind to: /0.0.0.0:55555"
apache-incubator-dubbo,org.apache.dubbo.remoting.exchange.support.header.HeartbeatHandlerTest#testHeartbeat,matched (2 report(s) available),org.apache.dubbo.remoting.RemotingException,Other (RemotingException),"Failed to bind NettyServer on localhost/127.0.0.1:55555, cause: Failed to bind to: /0.0.0.0:55555"
apache-incubator-dubbo,org.apache.dubbo.remoting.exchange.support.header.HeartbeatHandlerTest#testServerHeartbeat,matched (2 report(s) available),org.apache.dubbo.remoting.RemotingException,Other (RemotingException),"Failed to bind NettyServer on localhost/127.0.0.1:55555, cause: Failed to bind to: /0.0.0.0:55555"
apache-incubator-dubbo,org.apache.dubbo.remoting.transport.netty.ThreadNameTest#testThreadName,matched (7 report(s) available),java.lang.AssertionError,Assertion Failure,
apache-incubator-dubbo,org.apache.dubbo.common.concurrent.ExecutionListTest#testAddNullRunnable,matched (8849 report(s) available),java.lang.Exception,Other (Exception),"Unexpected exception, expected<java.lang.NullPointerException> but was<org.mockito.exceptions.misusing.UnfinishedVerificationException>"
doanduyhai-Achilles,info.archinnov.achilles.test.integration.tests.ClusteredEntityIT#should_persist_with_ttl,matched (27 report(s) available),java.lang.AssertionError,Assertion Failure,expecting actual not to be null
doanduyhai-Achilles,info.archinnov.achilles.test.integration.tests.ClusteredEntityIT#should_update_with_ttl,matched (17 report(s) available),java.lang.AssertionError,Assertion Failure,expecting actual not to be null
doanduyhai-Achilles,info.archinnov.achilles.test.integration.tests.SecondaryIndexIT#should_return_entities_for_indexed_query,matched (1 report(s) available),com.datastax.driver.core.exceptions.InvalidQueryException,Other (InvalidQueryException),No indexed columns present in by-columns clause with Equal operator
doanduyhai-Achilles,info.archinnov.achilles.internal.statement.wrapper.RegularStatementWrapperTest#should_trace_query,matched (60 report(s) available),java.net.UnknownHostException,Connection / Network,ip-172-31-52-108: ip-172-31-52-108: Temporary failure in name resolution
elasticjob-elastic-job-lite,io.elasticjob.lite.event.rdb.JobEventRdbSearchTest#assertFindJobExecutionEventsWithTime,matched (1 report(s) available),java.lang.AssertionError,Assertion Failure,"
Expected: is <0>
     but: was <357>"
elasticjob-elastic-job-lite,io.elasticjob.lite.event.rdb.JobEventRdbSearchTest#assertFindJobStatusTraceEventsWithTime,matched (1 report(s) available),java.lang.AssertionError,Assertion Failure,"
Expected: is <0>
     but: was <357>"
elasticjob-elastic-job-lite,io.elasticjob.lite.reg.zookeeper.ZookeeperRegistryCenterQueryWithoutCacheTest#assertGetRegistryCenterTime,matched (5 report(s) available),java.lang.AssertionError,Assertion Failure,
hector-client-hector,me.prettyprint.cassandra.dao.SimpleCassandraDaoTest#testInsertGetDelete,matched (43 report(s) available),me.prettyprint.hector.api.exceptions.HCassandraInternalException,Other (HCassandraInternalException),Cassandra encountered an internal error processing this request: TApplicationError type: 6 message:Internal error processing get
hector-client-hector,me.prettyprint.cassandra.service.KeyspaceTest#testInsertAndGetAndRemove,matched (43 report(s) available),me.prettyprint.hector.api.exceptions.HCassandraInternalException,Other (HCassandraInternalException),Cassandra encountered an internal error processing this request: TApplicationError type: 6 message:Internal error processing get
hector-client-hector,me.prettyprint.cassandra.service.KeyspaceTest#testInsertSuper,matched (43 report(s) available),me.prettyprint.hector.api.exceptions.HCassandraInternalException,Other (HCassandraInternalException),Cassandra encountered an internal error processing this request: TApplicationError type: 6 message:Internal error processing get
hector-client-hector,me.prettyprint.cassandra.service.KeyspaceTest#testBatchMutate,matched (43 report(s) available),me.prettyprint.hector.api.exceptions.HCassandraInternalException,Other (HCassandraInternalException),Cassandra encountered an internal error processing this request: TApplicationError type: 6 message:Internal error processing get
hector-client-hector,me.prettyprint.cassandra.service.KeyspaceTest#testBatchMutateBatchMutation,matched (43 report(s) available),me.prettyprint.hector.api.exceptions.HCassandraInternalException,Other (HCassandraInternalException),Cassandra encountered an internal error processing this request: TApplicationError type: 6 message:Internal error processing get
hector-client-hector,me.prettyprint.cassandra.service.KeyspaceTest#testBatchUpdateInsertAndDelOnSame,matched (43 report(s) available),me.prettyprint.hector.api.exceptions.HCassandraInternalException,Other (HCassandraInternalException),Cassandra encountered an internal error processing this request: TApplicationError type: 6 message:Internal error processing get
hector-client-hector,me.prettyprint.cassandra.service.KeyspaceTest#testGetSlice,matched (43 report(s) available),me.prettyprint.hector.api.exceptions.HCassandraInternalException,Other (HCassandraInternalException),Cassandra encountered an internal error processing this request: TApplicationError type: 6 message:Internal error processing get_slice
hector-client-hector,me.prettyprint.cassandra.service.KeyspaceTest#testGetSuperSlice,matched (43 report(s) available),me.prettyprint.hector.api.exceptions.HCassandraInternalException,Other (HCassandraInternalException),Cassandra encountered an internal error processing this request: TApplicationError type: 6 message:Internal error processing get_slice
hector-client-hector,me.prettyprint.cassandra.service.KeyspaceTest#testMultigetSlice,matched (43 report(s) available),me.prettyprint.hector.api.exceptions.HCassandraInternalException,Other (HCassandraInternalException),Cassandra encountered an internal error processing this request: TApplicationError type: 6 message:Internal error processing multiget_slice
hector-client-hector,me.prettyprint.cassandra.service.KeyspaceTest#testMultigetCount,matched (43 report(s) available),me.prettyprint.hector.api.exceptions.HCassandraInternalException,Other (HCassandraInternalException),Cassandra encountered an internal error processing this request: TApplicationError type: 6 message:Internal error processing multiget_count
hector-client-hector,me.prettyprint.hector.api.ApiV2SystemTest#testInsertGetRemove,matched (43 report(s) available),me.prettyprint.hector.api.exceptions.HCassandraInternalException,Other (HCassandraInternalException),Cassandra encountered an internal error processing this request: TApplicationError type: 6 message:Internal error processing get
hector-client-hector,me.prettyprint.hector.api.ApiV2SystemTest#testBatchInsertGetRemove,matched (43 report(s) available),me.prettyprint.hector.api.exceptions.HCassandraInternalException,Other (HCassandraInternalException),Cassandra encountered an internal error processing this request: TApplicationError type: 6 message:Internal error processing get
hector-client-hector,me.prettyprint.hector.api.ApiV2SystemTest#testSuperInsertGetRemove,matched (43 report(s) available),me.prettyprint.hector.api.exceptions.HCassandraInternalException,Other (HCassandraInternalException),Cassandra encountered an internal error processing this request: TApplicationError type: 6 message:Internal error processing get
hector-client-hector,me.prettyprint.hector.api.ApiV2SystemTest#testSubColumnQuery,matched (43 report(s) available),me.prettyprint.hector.api.exceptions.HCassandraInternalException,Other (HCassandraInternalException),Cassandra encountered an internal error processing this request: TApplicationError type: 6 message:Internal error processing get_slice
hector-client-hector,me.prettyprint.hector.api.ApiV2SystemTest#testMultigetSliceQuery,matched (43 report(s) available),me.prettyprint.hector.api.exceptions.HCassandraInternalException,Other (HCassandraInternalException),Cassandra encountered an internal error processing this request: TApplicationError type: 6 message:Internal error processing multiget_slice
hector-client-hector,me.prettyprint.hector.api.ApiV2SystemTest#testSliceQuery,matched (43 report(s) available),me.prettyprint.hector.api.exceptions.HCassandraInternalException,Other (HCassandraInternalException),Cassandra encountered an internal error processing this request: TApplicationError type: 6 message:Internal error processing get_slice
hector-client-hector,me.prettyprint.hector.api.ApiV2SystemTest#testSuperSliceQuery,matched (43 report(s) available),me.prettyprint.hector.api.exceptions.HCassandraInternalException,Other (HCassandraInternalException),Cassandra encountered an internal error processing this request: TApplicationError type: 6 message:Internal error processing get_slice
hector-client-hector,me.prettyprint.hector.api.ApiV2SystemTest#testSubSliceQuery,matched (43 report(s) available),me.prettyprint.hector.api.exceptions.HCassandraInternalException,Other (HCassandraInternalException),Cassandra encountered an internal error processing this request: TApplicationError type: 6 message:Internal error processing get_slice
hector-client-hector,me.prettyprint.hector.api.ApiV2SystemTest#testMultigetSuperSliceQuery,matched (43 report(s) available),me.prettyprint.hector.api.exceptions.HCassandraInternalException,Other (HCassandraInternalException),Cassandra encountered an internal error processing this request: TApplicationError type: 6 message:Internal error processing multiget_slice
hector-client-hector,me.prettyprint.hector.api.ApiV2SystemTest#testMultigetSubSliceQuery,matched (43 report(s) available),me.prettyprint.hector.api.exceptions.HCassandraInternalException,Other (HCassandraInternalException),Cassandra encountered an internal error processing this request: TApplicationError type: 6 message:Internal error processing multiget_slice
hector-client-hector,me.prettyprint.hector.api.ApiV2SystemTest#testCountQuery,matched (43 report(s) available),me.prettyprint.hector.api.exceptions.HCassandraInternalException,Other (HCassandraInternalException),Cassandra encountered an internal error processing this request: TApplicationError type: 6 message:Internal error processing get_count
hector-client-hector,me.prettyprint.hector.api.ApiV2SystemTest#testSuperCountQuery,matched (43 report(s) available),me.prettyprint.hector.api.exceptions.HCassandraInternalException,Other (HCassandraInternalException),Cassandra encountered an internal error processing this request: TApplicationError type: 6 message:Internal error processing get_count
hector-client-hector,me.prettyprint.hector.api.ApiV2SystemTest#testSubCountQuery,matched (43 report(s) available),me.prettyprint.hector.api.exceptions.HCassandraInternalException,Other (HCassandraInternalException),Cassandra encountered an internal error processing this request: TApplicationError type: 6 message:Internal error processing get_count
hector-client-hector,me.prettyprint.cassandra.utils.TimeUUIDUtilsTest#testTimeUUIDWithClockResolution,matched (49 report(s) available),java.lang.AssertionError,Assertion Failure,expected:<3bebdb80-abfe-1b28-ad13-1236084d52be> but was:<97a40521-c97b-11e9-ad13-1236084d52be>
hector-client-hector,me.prettyprint.cassandra.model.MultigetCountQueryTest#testMultigetCount,matched (43 report(s) available),me.prettyprint.hector.api.exceptions.HCassandraInternalException,Other (HCassandraInternalException),Cassandra encountered an internal error processing this request: TApplicationError type: 6 message:Internal error processing multiget_count
hector-client-hector,me.prettyprint.cassandra.service.CassandraAuthTest#testInsertAndGetAndRemove,matched (43 report(s) available),me.prettyprint.hector.api.exceptions.HCassandraInternalException,Other (HCassandraInternalException),Cassandra encountered an internal error processing this request: TApplicationError type: 6 message:Internal error processing get
hector-client-hector,me.prettyprint.cassandra.model.MutatorTest#testInsert,matched (43 report(s) available),me.prettyprint.hector.api.exceptions.HCassandraInternalException,Other (HCassandraInternalException),Cassandra encountered an internal error processing this request: TApplicationError type: 6 message:Internal error processing get
hector-client-hector,me.prettyprint.cassandra.model.MutatorTest#testSubDelete,matched (43 report(s) available),me.prettyprint.hector.api.exceptions.HCassandraInternalException,Other (HCassandraInternalException),Cassandra encountered an internal error processing this request: TApplicationError type: 6 message:Internal error processing get
hector-client-hector,me.prettyprint.cassandra.model.MutatorTest#testBatchMutationManagement,matched (43 report(s) available),me.prettyprint.hector.api.exceptions.HCassandraInternalException,Other (HCassandraInternalException),Cassandra encountered an internal error processing this request: TApplicationError type: 6 message:Internal error processing get
hector-client-hector,me.prettyprint.cassandra.model.MutatorTest#testRowDeletion,matched (43 report(s) available),me.prettyprint.hector.api.exceptions.HCassandraInternalException,Other (HCassandraInternalException),Cassandra encountered an internal error processing this request: TApplicationError type: 6 message:Internal error processing get
hector-client-hector,me.prettyprint.cassandra.examples.ExampleDaoV2Test#testInsertGetDelete,matched (43 report(s) available),me.prettyprint.hector.api.exceptions.HCassandraInternalException,Other (HCassandraInternalException),Cassandra encountered an internal error processing this request: TApplicationError type: 6 message:Internal error processing get
hector-client-hector,me.prettyprint.cassandra.examples.ExampleDaoV2Test#testMultiInsertGetDelete,matched (43 report(s) available),me.prettyprint.hector.api.exceptions.HCassandraInternalException,Other (HCassandraInternalException),Cassandra encountered an internal error processing this request: TApplicationError type: 6 message:Internal error processing multiget_slice
hector-client-hector,me.prettyprint.hom.EntityManagerFactoryTest#testCreateEntityManager,matched (5147 report(s) available),java.lang.AssertionError:,Assertion Failure,
jknack-handlebars.java,com.github.jknack.handlebars.HumanizeHelperTest#naturalTime,matched (411 report(s) available),org.junit.ComparisonFailure,Assertion Failure,expected:<[moments] ago> but was:<[one minute] ago>
joel-costigliola-assertj-core,org.assertj.core.api.date.DateAssert_with_string_based_date_representation_Test#date_assertion_should_support_timestamp_string_representation,no archive available (extraction failed: unexpected extraction error: [Errno 2] No such file or directory: '.\\_failure_log_extraction_tmp\\joel-costigliola-assertj-core\\failingLogs\\joel-costigliola-assertj-core\\5521\\org.assertj.core.api.date.DateAssert_with_string_based_date_representation_Test#date_assertion_should_support_timestamp_string_representation.xml'),,,
kevinsawicki-http-request,com.github.kevinsawicki.http.HttpRequestTest#basicProxyAuthentication,matched (246 report(s) available),com.github.kevinsawicki.http.HttpRequest$HttpRequestException,Other (HttpRequest$HttpRequestException),java.io.IOException
kevinsawicki-http-request,com.github.kevinsawicki.http.HttpRequestTest#getUrlEncodedWithUnicode,matched (1 report(s) available),org.junit.ComparisonFailure,Assertion Failure,expected:</[ß]> but was:</[]>
kevinsawicki-http-request,com.github.kevinsawicki.http.HttpRequestTest#getUrlEncodedWithPercent,matched (1 report(s) available),org.junit.ComparisonFailure,Assertion Failure,expected:</[%]> but was:</[]>
kevinsawicki-http-request,com.github.kevinsawicki.http.HttpRequestTest#getUrlEncodedWithSpace,matched (1 report(s) available),org.junit.ComparisonFailure,Assertion Failure,expected:</[a resource]> but was:</[]>
kevinsawicki-http-request,com.github.kevinsawicki.http.HttpRequestTest#verifierAccepts,matched (245 report(s) available),java.lang.ClassCastException,Other (ClassCastException),sun.net.www.protocol.http.HttpURLConnection cannot be cast to javax.net.ssl.HttpsURLConnection
kevinsawicki-http-request,com.github.kevinsawicki.http.HttpRequestTest#singleVerifier,matched (245 report(s) available),java.lang.ClassCastException,Other (ClassCastException),sun.net.www.protocol.http.HttpURLConnection cannot be cast to javax.net.ssl.HttpsURLConnection
kevinsawicki-http-request,com.github.kevinsawicki.http.HttpRequestTest#singleSslSocketFactory,matched (245 report(s) available),java.lang.ClassCastException,Other (ClassCastException),sun.net.www.protocol.http.HttpURLConnection cannot be cast to javax.net.ssl.HttpsURLConnection
kevinsawicki-http-request,com.github.kevinsawicki.http.HttpRequestTest#postWithMappedQueryParams,matched (245 report(s) available),java.lang.AssertionError,Assertion Failure,expected:<user> but was:<null>
kevinsawicki-http-request,com.github.kevinsawicki.http.HttpRequestTest#postWithVaragsQueryParams,matched (245 report(s) available),java.lang.AssertionError,Assertion Failure,expected:<user> but was:<null>
kevinsawicki-http-request,com.github.kevinsawicki.http.HttpRequestTest#postWithEscapedMappedQueryParams,matched (245 report(s) available),java.lang.AssertionError,Assertion Failure,expected:<us er> but was:<null>
kevinsawicki-http-request,com.github.kevinsawicki.http.HttpRequestTest#postWithEscapedVarargsQueryParams,matched (245 report(s) available),java.lang.AssertionError,Assertion Failure,expected:<us er> but was:<null>
kevinsawicki-http-request,com.github.kevinsawicki.http.HttpRequestTest#postWithNumericQueryParams,matched (245 report(s) available),java.lang.AssertionError,Assertion Failure,expected:<2> but was:<null>
kevinsawicki-http-request,com.github.kevinsawicki.http.HttpRequestTest#getWithMappedQueryParams,matched (245 report(s) available),java.lang.AssertionError,Assertion Failure,expected:<user> but was:<null>
kevinsawicki-http-request,com.github.kevinsawicki.http.HttpRequestTest#getWithVarargsQueryParams,matched (245 report(s) available),java.lang.AssertionError,Assertion Failure,expected:<user> but was:<null>
kevinsawicki-http-request,com.github.kevinsawicki.http.HttpRequestTest#getWithEscapedMappedQueryParams,matched (245 report(s) available),java.lang.AssertionError,Assertion Failure,expected:<us er> but was:<null>
kevinsawicki-http-request,com.github.kevinsawicki.http.HttpRequestTest#getWithEscapedVarargsQueryParams,matched (245 report(s) available),java.lang.AssertionError,Assertion Failure,expected:<us er> but was:<null>
kevinsawicki-http-request,com.github.kevinsawicki.http.HttpRequestTest#deleteWithMappedQueryParams,matched (156 report(s) available),java.lang.AssertionError,Assertion Failure,expected:<user> but was:<null>
kevinsawicki-http-request,com.github.kevinsawicki.http.HttpRequestTest#deleteWithVarargsQueryParams,matched (156 report(s) available),java.lang.AssertionError,Assertion Failure,expected:<user> but was:<null>
orbit-orbit,com.ea.orbit.actors.test.StatelessActorTest#statelessTest,matched (171 report(s) available),java.lang.AssertionError,Assertion Failure,expected:<4> but was:<5>
orbit-orbit,com.ea.orbit.actors.test.ReminderTest#persistedTimerTest,matched (66 report(s) available),junit.framework.AssertionFailedError,Assertion Failure,Expected: <null> but was: bla
orbit-orbit,com.ea.orbit.actors.test.TimerTest#timerTest,matched (21 report(s) available),java.lang.AssertionError,Assertion Failure,
orbit-orbit,com.ea.orbit.actors.test.ObserverTest#observerGarbageCollection,matched (7 report(s) available),java.lang.AssertionError,Assertion Failure,Was expecting some exception
orbit-orbit,com.ea.orbit.actors.test.DeactivationTest#cleanupTest,matched (12 report(s) available),java.lang.AssertionError,Assertion Failure,expected:<2> but was:<1>
orbit-orbit,com.ea.orbit.actors.test.DeactivationTest#statelessWorkerDeactivationTest,matched (120 report(s) available),java.lang.AssertionError,Assertion Failure,expected:<1> but was:<2>
orbit-orbit,com.ea.orbit.actors.test.LifeCycleTest#deactivationTest,matched (2546 report(s) available),java.lang.AssertionError,Assertion Failure,Values should be different. Actual: 0
qos-ch-logback,ch.qos.logback.classic.pattern.ConverterTest#testRelativeTime,matched (44 report(s) available),org.junit.ComparisonFailure,Assertion Failure,expected:<[1]> but was:<[2]>
qos-ch-logback,ch.qos.logback.classic.net.SMTPAppender_GreenTest#testCustomEvaluator,matched (2 report(s) available),java.lang.AssertionError,Assertion Failure,expected:<1> but was:<0>
qos-ch-logback,ch.qos.logback.classic.net.SMTPAppender_GreenTest#testCustomBufferSize,matched (1 report(s) available),java.lang.AssertionError,Assertion Failure,expected:<1> but was:<0>
qos-ch-logback,ch.qos.logback.classic.net.SMTPAppender_GreenTest#synchronousSmoke,matched (1 report(s) available),java.lang.AssertionError,Assertion Failure,expected:<1> but was:<0>
qos-ch-logback,ch.qos.logback.classic.net.SMTPAppender_GreenTest#LBCLASSIC_104,matched (2 report(s) available),java.lang.AssertionError,Assertion Failure,expected:<1> but was:<0>
qos-ch-logback,ch.qos.logback.classic.sift.MDCBasedDiscriminatorTest#nullMDC,matched (141 report(s) available),java.lang.AssertionError,Assertion Failure,"expected:<{}> but was:<{propertyDefinedWithinSift=825813384, localProperty=1067334567, compositeProperty=486745466, linger=session481425847, max=222834348}>"
qos-ch-logback,ch.qos.logback.classic.spi.PackagingDataCalculatorTest#perfTest,matched (1 report(s) available),java.lang.AssertionError,Assertion Failure,computing class packaging data (614.398687) should have been less than 10 times the time it takes to process an exception 569.6274599999999
qos-ch-logback,ch.qos.logback.classic.turbo.ReconfigureOnChangeTest#fallbackToSafe,matched (1 report(s) available),java.lang.AssertionError,Assertion Failure,
qos-ch-logback,ch.qos.logback.classic.turbo.ReconfigureOnChangeTest#gafferInstallFilter,matched (4 report(s) available),java.lang.ArrayIndexOutOfBoundsException,Ordering / State,0
qos-ch-logback,ch.qos.logback.classic.turbo.ReconfigureOnChangeTest#fallbackToSafeWithIncludedFile,matched (2 report(s) available),java.lang.AssertionError,Assertion Failure,
qos-ch-logback,ch.qos.logback.classic.turbo.ReconfigureOnChangeTest#scan_LOGBACK_474,matched (10 report(s) available),java.lang.Exception,Other (Exception),test timed out after 4000 milliseconds
qos-ch-logback,ch.qos.logback.classic.net.SyslogAppenderTest#basic,matched (1 report(s) available),java.lang.AssertionError,Assertion Failure,expected:<1> but was:<0>
qos-ch-logback,ch.qos.logback.classic.rolling.UniqueFileTest#basic,matched (12 report(s) available),java.lang.AssertionError,Assertion Failure,File target/test-output/TS_20190828T211136log.txt does not exist
qos-ch-logback,ch.qos.logback.core.net.DefaultSocketConnectorTest#testConnectionFails,matched (1 report(s) available),java.lang.AssertionError,Assertion Failure,
qos-ch-logback,ch.qos.logback.core.rolling.TimeBasedRollingTest#withMissingTargetDirWithCompression,matched (82 report(s) available),java.io.FileNotFoundException,File / Resource,target/test-output/44021894/2019-08-28/-2019-08-28_10_07_17.gz (No such file or directory)
qos-ch-logback,ch.qos.logback.core.rolling.TimeBasedRollingTest#withMissingTargetDirWithZipCompression,matched (58 report(s) available),java.io.FileNotFoundException,File / Resource,target/test-output/822590565/2019-08-28/-2019-08-28_10_21_30.zip (No such file or directory)
qos-ch-logback,ch.qos.logback.core.recovery.ResilientOutputStreamTest#verifyRecuperationAfterFailure,matched (4 report(s) available),Wanted but not invoked,Other (Wanted but not invoked),"
Wanted but not invoked:
resilientFileOutputStream.openNewOutputStream();
-> at ch.qos.logback.core.recovery.ResilientOutputStreamTest.verifyRecuperationAfterFailure(ResilientOutputStreamTest.java:54)

However, there were other interactions with this mock:
-> at ch.qos.logback.core.recovery.ResilientOutputStreamTest.verifyRecuperationAfterFailure(ResilientOutputStreamTest.java:45)
-> at ch.qos.logback.core.recovery.ResilientOutputStreamTest.verifyRecuperationAfterFailure(ResilientOutputStreamTes"
qos-ch-logback,ch.qos.logback.core.FileAppenderResilienceTest#smoke,matched (13 report(s) available),java.lang.AssertionError,Assertion Failure,totalLines=512 less than 748
qos-ch-logback,ch.qos.logback.core.recovery.RecoveryCoordinatorTest#actualTime,matched (2 report(s) available),java.lang.AssertionError,Assertion Failure,
qos-ch-logback,ch.qos.logback.core.AsyncAppenderBaseTest#workerShouldStopEvenIfInterruptExceptionConsumedWithinSubappender,matched (16 report(s) available),java.lang.AssertionError,Assertion Failure,
qos-ch-logback,ch.qos.logback.core.util.FileUtilTest#basicCopyingWorks,matched (3824 report(s) available),ch.qos.logback.core.rolling.RolloverFailure,Other (RolloverFailure),Failed to copy [src/test/input/compress1.copy] to [target/test-output//fu2416/copyingWorks.txt]
qos-ch-logback,ch.qos.logback.core.rolling.TimeBasedRollingWithArchiveRemoval_Test#dailyRolloverWithInactivity10,matched (44 report(s) available),java.lang.AssertionError,Assertion Failure,expected:<4> but was:<3>
spring-projects-spring-boot,sample.data.redis.SampleRedisApplicationTests#testDefaultSettings,no archive available (extraction failed: unexpected extraction error: [Errno 28] No space left on device),,,
spring-projects-spring-boot,sample.parent.consumer.SampleIntegrationParentApplicationTests#testVanillaExchange,no archive available (extraction failed: unexpected extraction error: [Errno 28] No space left on device),,,
spring-projects-spring-boot,org.springframework.boot.actuate.autoconfigure.EndpointWebMvcAutoConfigurationTests#disabled,no archive available (extraction failed: unexpected extraction error: [Errno 28] No space left on device),,,
spring-projects-spring-boot,org.springframework.boot.actuate.autoconfigure.EndpointWebMvcAutoConfigurationTests#onSamePort,no archive available (extraction failed: unexpected extraction error: [Errno 28] No space left on device),,,
spring-projects-spring-boot,org.springframework.boot.actuate.autoconfigure.EndpointWebMvcAutoConfigurationTests#portPropertiesOnSamePort,no archive available (extraction failed: unexpected extraction error: [Errno 28] No space left on device),,,
spring-projects-spring-boot,sample.bitronix.SampleBitronixApplicationTests#testExposesXaAndNonXa,no archive available (extraction failed: unexpected extraction error: [Errno 28] No space left on device),,,
spring-projects-spring-boot,sample.data.gemfire.SampleDataGemFireApplicationTests#testGemstonesApp,no archive available (extraction failed: unexpected extraction error: [Errno 28] No space left on device),,,
spring-projects-spring-boot,org.springframework.boot.cli.JarCommandIT#jarCreation,no archive available (extraction failed: unexpected extraction error: [Errno 28] No space left on device),,,
spring-projects-spring-boot,org.springframework.boot.cli.JarCommandIT#jarCreationWithIncludes,no archive available (extraction failed: unexpected extraction error: [Errno 28] No space left on device),,,
spring-projects-spring-boot,org.springframework.boot.cli.JarCommandIT#jarCreationWithGrabResolver,no archive available (extraction failed: unexpected extraction error: [Errno 28] No space left on device),,,
spring-projects-spring-boot,org.springframework.boot.autoconfigure.liquibase.LiquibaseAutoConfigurationTests#testOverrideContexts,no archive available (extraction failed: unexpected extraction error: [Errno 28] No space left on device),,,
spring-projects-spring-boot,org.springframework.boot.autoconfigure.liquibase.LiquibaseAutoConfigurationTests#testOverrideDropFirst,no archive available (extraction failed: unexpected extraction error: [Errno 28] No space left on device),,,
spring-projects-spring-boot,org.springframework.boot.autoconfigure.liquibase.LiquibaseAutoConfigurationTests#testOverrideDataSource,no archive available (extraction failed: unexpected extraction error: [Errno 28] No space left on device),,,
spring-projects-spring-boot,org.springframework.boot.autoconfigure.liquibase.LiquibaseAutoConfigurationTests#testOverrideDefaultSchema,no archive available (extraction failed: unexpected extraction error: [Errno 28] No space left on device),,,
spring-projects-spring-boot,org.springframework.boot.autoconfigure.liquibase.LiquibaseAutoConfigurationTests#testOverrideChangeLog,no archive available (extraction failed: unexpected extraction error: [Errno 28] No space left on device),,,
spring-projects-spring-boot,org.springframework.boot.autoconfigure.liquibase.LiquibaseAutoConfigurationTests#testDefaultSpringLiquibase,no archive available (extraction failed: unexpected extraction error: [Errno 28] No space left on device),,,
spring-projects-spring-boot,org.springframework.boot.autoconfigure.jta.JtaAutoConfigurationTests#defaultAtomikosTransactionManagerName,no archive available (extraction failed: unexpected extraction error: [Errno 28] No space left on device),,,
spring-projects-spring-boot,org.springframework.boot.autoconfigure.jta.JtaAutoConfigurationTests#defaultBitronixServerId,no archive available (extraction failed: unexpected extraction error: [Errno 28] No space left on device),,,
spring-projects-spring-boot,org.springframework.boot.autoconfigure.orm.jpa.HibernateJpaAutoConfigurationTests#testLiquibasePlusValidation,no archive available (extraction failed: unexpected extraction error: [Errno 28] No space left on device),,,
spring-projects-spring-boot,org.springframework.boot.autoconfigure.jms.hornetq.HornetQAutoConfigurationTests#embeddedWithPersistentMode,no archive available (extraction failed: unexpected extraction error: [Errno 28] No space left on device),,,
spring-projects-spring-boot,org.springframework.boot.gradle.NoJarTests#nojar,no archive available (extraction failed: unexpected extraction error: [Errno 28] No space left on device),,,
spring-projects-spring-boot,org.springframework.boot.starter.StarterDependenciesIntegrationTests#commonsLoggingIsNotATransitiveDependency[0],no archive available (extraction failed: unexpected extraction error: [Errno 28] No space left on device),,,
spring-projects-spring-boot,org.springframework.boot.starter.StarterDependenciesIntegrationTests#oldSpringModulesAreNotTransitiveDependencies[0],no archive available (extraction failed: unexpected extraction error: [Errno 28] No space left on device),,,
spring-projects-spring-boot,org.springframework.boot.starter.StarterDependenciesIntegrationTests#commonsLoggingIsNotATransitiveDependency[1],no archive available (extraction failed: unexpected extraction error: [Errno 28] No space left on device),,,
spring-projects-spring-boot,org.springframework.boot.starter.StarterDependenciesIntegrationTests#oldSpringModulesAreNotTransitiveDependencies[1],no archive available (extraction failed: unexpected extraction error: [Errno 28] No space left on device),,,
spring-projects-spring-boot,org.springframework.boot.starter.StarterDependenciesIntegrationTests#commonsLoggingIsNotATransitiveDependency[2],no archive available (extraction failed: unexpected extraction error: [Errno 28] No space left on device),,,
spring-projects-spring-boot,org.springframework.boot.starter.StarterDependenciesIntegrationTests#oldSpringModulesAreNotTransitiveDependencies[2],no archive available (extraction failed: unexpected extraction error: [Errno 28] No space left on device),,,
spring-projects-spring-boot,org.springframework.boot.starter.StarterDependenciesIntegrationTests#commonsLoggingIsNotATransitiveDependency[3],no archive available (extraction failed: unexpected extraction error: [Errno 28] No space left on device),,,
spring-projects-spring-boot,org.springframework.boot.starter.StarterDependenciesIntegrationTests#oldSpringModulesAreNotTransitiveDependencies[3],no archive available (extraction failed: unexpected extraction error: [Errno 28] No space left on device),,,
spring-projects-spring-boot,org.springframework.boot.starter.StarterDependenciesIntegrationTests#commonsLoggingIsNotATransitiveDependency[4],no archive available (extraction failed: unexpected extraction error: [Errno 28] No space left on device),,,
spring-projects-spring-boot,org.springframework.boot.starter.StarterDependenciesIntegrationTests#oldSpringModulesAreNotTransitiveDependencies[4],no archive available (extraction failed: unexpected extraction error: [Errno 28] No space left on device),,,
spring-projects-spring-boot,org.springframework.boot.starter.StarterDependenciesIntegrationTests#commonsLoggingIsNotATransitiveDependency[5],no archive available (extraction failed: unexpected extraction error: [Errno 28] No space left on device),,,
spring-projects-spring-boot,org.springframework.boot.starter.StarterDependenciesIntegrationTests#oldSpringModulesAreNotTransitiveDependencies[5],no archive available (extraction failed: unexpected extraction error: [Errno 28] No space left on device),,,
spring-projects-spring-boot,org.springframework.boot.starter.StarterDependenciesIntegrationTests#commonsLoggingIsNotATransitiveDependency[6],no archive available (extraction failed: unexpected extraction error: [Errno 28] No space left on device),,,
spring-projects-spring-boot,org.springframework.boot.starter.StarterDependenciesIntegrationTests#oldSpringModulesAreNotTransitiveDependencies[6],no archive available (extraction failed: unexpected extraction error: [Errno 28] No space left on device),,,
spring-projects-spring-boot,org.springframework.boot.starter.StarterDependenciesIntegrationTests#commonsLoggingIsNotATransitiveDependency[7],no archive available (extraction failed: unexpected extraction error: [Errno 28] No space left on device),,,
spring-projects-spring-boot,org.springframework.boot.starter.StarterDependenciesIntegrationTests#oldSpringModulesAreNotTransitiveDependencies[7],no archive available (extraction failed: unexpected extraction error: [Errno 28] No space left on device),,,
spring-projects-spring-boot,org.springframework.boot.starter.StarterDependenciesIntegrationTests#commonsLoggingIsNotATransitiveDependency[8],no archive available (extraction failed: unexpected extraction error: [Errno 28] No space left on device),,,
spring-projects-spring-boot,org.springframework.boot.starter.StarterDependenciesIntegrationTests#oldSpringModulesAreNotTransitiveDependencies[8],no archive available (extraction failed: unexpected extraction error: [Errno 28] No space left on device),,,
spring-projects-spring-boot,org.springframework.boot.starter.StarterDependenciesIntegrationTests#commonsLoggingIsNotATransitiveDependency[9],no archive available (extraction failed: unexpected extraction error: [Errno 28] No space left on device),,,
spring-projects-spring-boot,org.springframework.boot.starter.StarterDependenciesIntegrationTests#oldSpringModulesAreNotTransitiveDependencies[9],no archive available (extraction failed: unexpected extraction error: [Errno 28] No space left on device),,,
spring-projects-spring-boot,org.springframework.boot.starter.StarterDependenciesIntegrationTests#commonsLoggingIsNotATransitiveDependency[10],no archive available (extraction failed: unexpected extraction error: [Errno 28] No space left on device),,,
spring-projects-spring-boot,org.springframework.boot.starter.StarterDependenciesIntegrationTests#oldSpringModulesAreNotTransitiveDependencies[10],no archive available (extraction failed: unexpected extraction error: [Errno 28] No space left on device),,,
spring-projects-spring-boot,org.springframework.boot.starter.StarterDependenciesIntegrationTests#commonsLoggingIsNotATransitiveDependency[11],no archive available (extraction failed: unexpected extraction error: [Errno 28] No space left on device),,,
spring-projects-spring-boot,org.springframework.boot.starter.StarterDependenciesIntegrationTests#oldSpringModulesAreNotTransitiveDependencies[11],no archive available (extraction failed: unexpected extraction error: [Errno 28] No space left on device),,,
spring-projects-spring-boot,org.springframework.boot.starter.StarterDependenciesIntegrationTests#commonsLoggingIsNotATransitiveDependency[12],no archive available (extraction failed: unexpected extraction error: [Errno 28] No space left on device),,,
spring-projects-spring-boot,org.springframework.boot.starter.StarterDependenciesIntegrationTests#oldSpringModulesAreNotTransitiveDependencies[12],no archive available (extraction failed: unexpected extraction error: [Errno 28] No space left on device),,,
spring-projects-spring-boot,org.springframework.boot.starter.StarterDependenciesIntegrationTests#commonsLoggingIsNotATransitiveDependency[13],no archive available (extraction failed: unexpected extraction error: [Errno 28] No space left on device),,,
spring-projects-spring-boot,org.springframework.boot.starter.StarterDependenciesIntegrationTests#oldSpringModulesAreNotTransitiveDependencies[13],no archive available (extraction failed: unexpected extraction error: [Errno 28] No space left on device),,,
spring-projects-spring-boot,org.springframework.boot.starter.StarterDependenciesIntegrationTests#commonsLoggingIsNotATransitiveDependency[14],no archive available (extraction failed: unexpected extraction error: [Errno 28] No space left on device),,,
spring-projects-spring-boot,org.springframework.boot.starter.StarterDependenciesIntegrationTests#oldSpringModulesAreNotTransitiveDependencies[14],no archive available (extraction failed: unexpected extraction error: [Errno 28] No space left on device),,,
spring-projects-spring-boot,org.springframework.boot.starter.StarterDependenciesIntegrationTests#commonsLoggingIsNotATransitiveDependency[15],no archive available (extraction failed: unexpected extraction error: [Errno 28] No space left on device),,,
spring-projects-spring-boot,org.springframework.boot.starter.StarterDependenciesIntegrationTests#oldSpringModulesAreNotTransitiveDependencies[15],no archive available (extraction failed: unexpected extraction error: [Errno 28] No space left on device),,,
spring-projects-spring-boot,org.springframework.boot.starter.StarterDependenciesIntegrationTests#commonsLoggingIsNotATransitiveDependency[16],no archive available (extraction failed: unexpected extraction error: [Errno 28] No space left on device),,,
spring-projects-spring-boot,org.springframework.boot.starter.StarterDependenciesIntegrationTests#oldSpringModulesAreNotTransitiveDependencies[16],no archive available (extraction failed: unexpected extraction error: [Errno 28] No space left on device),,,
spring-projects-spring-boot,org.springframework.boot.starter.StarterDependenciesIntegrationTests#commonsLoggingIsNotATransitiveDependency[17],no archive available (extraction failed: unexpected extraction error: [Errno 28] No space left on device),,,
spring-projects-spring-boot,org.springframework.boot.starter.StarterDependenciesIntegrationTests#oldSpringModulesAreNotTransitiveDependencies[17],no archive available (extraction failed: unexpected extraction error: [Errno 28] No space left on device),,,
spring-projects-spring-boot,org.springframework.boot.starter.StarterDependenciesIntegrationTests#commonsLoggingIsNotATransitiveDependency[18],no archive available (extraction failed: unexpected extraction error: [Errno 28] No space left on device),,,
spring-projects-spring-boot,org.springframework.boot.starter.StarterDependenciesIntegrationTests#oldSpringModulesAreNotTransitiveDependencies[18],no archive available (extraction failed: unexpected extraction error: [Errno 28] No space left on device),,,
spring-projects-spring-boot,org.springframework.boot.starter.StarterDependenciesIntegrationTests#commonsLoggingIsNotATransitiveDependency[19],no archive available (extraction failed: unexpected extraction error: [Errno 28] No space left on device),,,
spring-projects-spring-boot,org.springframework.boot.starter.StarterDependenciesIntegrationTests#oldSpringModulesAreNotTransitiveDependencies[19],no archive available (extraction failed: unexpected extraction error: [Errno 28] No space left on device),,,
spring-projects-spring-boot,org.springframework.boot.starter.StarterDependenciesIntegrationTests#commonsLoggingIsNotATransitiveDependency[20],no archive available (extraction failed: unexpected extraction error: [Errno 28] No space left on device),,,
spring-projects-spring-boot,org.springframework.boot.starter.StarterDependenciesIntegrationTests#oldSpringModulesAreNotTransitiveDependencies[20],no archive available (extraction failed: unexpected extraction error: [Errno 28] No space left on device),,,
spring-projects-spring-boot,org.springframework.boot.starter.StarterDependenciesIntegrationTests#commonsLoggingIsNotATransitiveDependency[21],no archive available (extraction failed: unexpected extraction error: [Errno 28] No space left on device),,,
spring-projects-spring-boot,org.springframework.boot.starter.StarterDependenciesIntegrationTests#oldSpringModulesAreNotTransitiveDependencies[21],no archive available (extraction failed: unexpected extraction error: [Errno 28] No space left on device),,,
spring-projects-spring-boot,org.springframework.boot.starter.StarterDependenciesIntegrationTests#commonsLoggingIsNotATransitiveDependency[22],no archive available (extraction failed: unexpected extraction error: [Errno 28] No space left on device),,,
spring-projects-spring-boot,org.springframework.boot.starter.StarterDependenciesIntegrationTests#oldSpringModulesAreNotTransitiveDependencies[22],no archive available (extraction failed: unexpected extraction error: [Errno 28] No space left on device),,,
spring-projects-spring-boot,org.springframework.boot.starter.StarterDependenciesIntegrationTests#commonsLoggingIsNotATransitiveDependency[23],no archive available (extraction failed: unexpected extraction error: [Errno 28] No space left on device),,,
spring-projects-spring-boot,org.springframework.boot.starter.StarterDependenciesIntegrationTests#oldSpringModulesAreNotTransitiveDependencies[23],no archive available (extraction failed: unexpected extraction error: [Errno 28] No space left on device),,,
spring-projects-spring-boot,org.springframework.boot.starter.StarterDependenciesIntegrationTests#commonsLoggingIsNotATransitiveDependency[24],no archive available (extraction failed: unexpected extraction error: [Errno 28] No space left on device),,,
spring-projects-spring-boot,org.springframework.boot.starter.StarterDependenciesIntegrationTests#oldSpringModulesAreNotTransitiveDependencies[24],no archive available (extraction failed: unexpected extraction error: [Errno 28] No space left on device),,,
spring-projects-spring-boot,org.springframework.boot.starter.StarterDependenciesIntegrationTests#commonsLoggingIsNotATransitiveDependency[25],no archive available (extraction failed: unexpected extraction error: [Errno 28] No space left on device),,,
spring-projects-spring-boot,org.springframework.boot.starter.StarterDependenciesIntegrationTests#oldSpringModulesAreNotTransitiveDependencies[25],no archive available (extraction failed: unexpected extraction error: [Errno 28] No space left on device),,,
spring-projects-spring-boot,org.springframework.boot.starter.StarterDependenciesIntegrationTests#commonsLoggingIsNotATransitiveDependency[26],no archive available (extraction failed: unexpected extraction error: [Errno 28] No space left on device),,,
spring-projects-spring-boot,org.springframework.boot.starter.StarterDependenciesIntegrationTests#oldSpringModulesAreNotTransitiveDependencies[26],no archive available (extraction failed: unexpected extraction error: [Errno 28] No space left on device),,,
spring-projects-spring-boot,org.springframework.boot.starter.StarterDependenciesIntegrationTests#commonsLoggingIsNotATransitiveDependency[27],no archive available (extraction failed: unexpected extraction error: [Errno 28] No space left on device),,,
spring-projects-spring-boot,org.springframework.boot.starter.StarterDependenciesIntegrationTests#oldSpringModulesAreNotTransitiveDependencies[27],no archive available (extraction failed: unexpected extraction error: [Errno 28] No space left on device),,,
spring-projects-spring-boot,org.springframework.boot.starter.StarterDependenciesIntegrationTests#commonsLoggingIsNotATransitiveDependency[28],no archive available (extraction failed: unexpected extraction error: [Errno 28] No space left on device),,,
spring-projects-spring-boot,org.springframework.boot.starter.StarterDependenciesIntegrationTests#oldSpringModulesAreNotTransitiveDependencies[28],no archive available (extraction failed: unexpected extraction error: [Errno 28] No space left on device),,,
spring-projects-spring-boot,org.springframework.boot.starter.StarterDependenciesIntegrationTests#commonsLoggingIsNotATransitiveDependency[29],no archive available (extraction failed: unexpected extraction error: [Errno 28] No space left on device),,,
spring-projects-spring-boot,org.springframework.boot.starter.StarterDependenciesIntegrationTests#oldSpringModulesAreNotTransitiveDependencies[29],no archive available (extraction failed: unexpected extraction error: [Errno 28] No space left on device),,,
spring-projects-spring-boot,org.springframework.boot.starter.StarterDependenciesIntegrationTests#commonsLoggingIsNotATransitiveDependency[30],no archive available (extraction failed: unexpected extraction error: [Errno 28] No space left on device),,,
spring-projects-spring-boot,org.springframework.boot.starter.StarterDependenciesIntegrationTests#oldSpringModulesAreNotTransitiveDependencies[30],no archive available (extraction failed: unexpected extraction error: [Errno 28] No space left on device),,,
spring-projects-spring-boot,org.springframework.boot.starter.StarterDependenciesIntegrationTests#commonsLoggingIsNotATransitiveDependency[31],no archive available (extraction failed: unexpected extraction error: [Errno 28] No space left on device),,,
spring-projects-spring-boot,org.springframework.boot.starter.StarterDependenciesIntegrationTests#oldSpringModulesAreNotTransitiveDependencies[31],no archive available (extraction failed: unexpected extraction error: [Errno 28] No space left on device),,,
spring-projects-spring-boot,org.springframework.boot.starter.StarterDependenciesIntegrationTests#commonsLoggingIsNotATransitiveDependency[32],no archive available (extraction failed: unexpected extraction error: [Errno 28] No space left on device),,,
spring-projects-spring-boot,org.springframework.boot.starter.StarterDependenciesIntegrationTests#oldSpringModulesAreNotTransitiveDependencies[32],no archive available (extraction failed: unexpected extraction error: [Errno 28] No space left on device),,,
spring-projects-spring-boot,org.springframework.boot.starter.StarterDependenciesIntegrationTests#commonsLoggingIsNotATransitiveDependency[33],no archive available (extraction failed: unexpected extraction error: [Errno 28] No space left on device),,,
spring-projects-spring-boot,org.springframework.boot.starter.StarterDependenciesIntegrationTests#oldSpringModulesAreNotTransitiveDependencies[33],no archive available (extraction failed: unexpected extraction error: [Errno 28] No space left on device),,,
spring-projects-spring-boot,org.springframework.boot.starter.StarterDependenciesIntegrationTests#commonsLoggingIsNotATransitiveDependency[34],no archive available (extraction failed: unexpected extraction error: [Errno 28] No space left on device),,,
spring-projects-spring-boot,org.springframework.boot.starter.StarterDependenciesIntegrationTests#oldSpringModulesAreNotTransitiveDependencies[34],no archive available (extraction failed: unexpected extraction error: [Errno 28] No space left on device),,,
spring-projects-spring-boot,org.springframework.boot.starter.StarterDependenciesIntegrationTests#commonsLoggingIsNotATransitiveDependency[35],no archive available (extraction failed: unexpected extraction error: [Errno 28] No space left on device),,,
spring-projects-spring-boot,org.springframework.boot.starter.StarterDependenciesIntegrationTests#oldSpringModulesAreNotTransitiveDependencies[35],no archive available (extraction failed: unexpected extraction error: [Errno 28] No space left on device),,,
spring-projects-spring-boot,org.springframework.boot.starter.StarterDependenciesIntegrationTests#commonsLoggingIsNotATransitiveDependency[36],no archive available (extraction failed: unexpected extraction error: [Errno 28] No space left on device),,,
spring-projects-spring-boot,org.springframework.boot.starter.StarterDependenciesIntegrationTests#oldSpringModulesAreNotTransitiveDependencies[36],no archive available (extraction failed: unexpected extraction error: [Errno 28] No space left on device),,,
spring-projects-spring-boot,org.springframework.boot.starter.StarterDependenciesIntegrationTests#commonsLoggingIsNotATransitiveDependency[37],no archive available (extraction failed: unexpected extraction error: [Errno 28] No space left on device),,,
spring-projects-spring-boot,org.springframework.boot.starter.StarterDependenciesIntegrationTests#oldSpringModulesAreNotTransitiveDependencies[37],no archive available (extraction failed: unexpected extraction error: [Errno 28] No space left on device),,,
spring-projects-spring-boot,org.springframework.boot.starter.StarterDependenciesIntegrationTests#commonsLoggingIsNotATransitiveDependency[38],no archive available (extraction failed: unexpected extraction error: [Errno 28] No space left on device),,,
spring-projects-spring-boot,org.springframework.boot.starter.StarterDependenciesIntegrationTests#oldSpringModulesAreNotTransitiveDependencies[38],no archive available (extraction failed: unexpected extraction error: [Errno 28] No space left on device),,,
spring-projects-spring-boot,org.springframework.boot.gradle.MainClassTests#buildFromRunTask,no archive available (extraction failed: unexpected extraction error: [Errno 28] No space left on device),,,
spring-projects-spring-boot,org.springframework.boot.gradle.FlatdirTests#flatdir,no archive available (extraction failed: unexpected extraction error: [Errno 28] No space left on device),,,
spring-projects-spring-boot,org.springframework.boot.gradle.WarPackagingTests#onlyJettyIsPackackedInWebInfLibProvided,no archive available (extraction failed: unexpected extraction error: [Errno 28] No space left on device),,,
spring-projects-spring-boot,org.springframework.boot.gradle.WarPackagingTests#onlyTomcatIsPackackedInWebInfLibProvided,no archive available (extraction failed: unexpected extraction error: [Errno 28] No space left on device),,,
spring-projects-spring-boot,org.springframework.boot.gradle.ClassifierTests#classifierInBootExtension,no archive available (extraction failed: unexpected extraction error: [Errno 28] No space left on device),,,
spring-projects-spring-boot,org.springframework.boot.gradle.ClassifierTests#classifierInBootTask,no archive available (extraction failed: unexpected extraction error: [Errno 28] No space left on device),,,
spring-projects-spring-boot,org.springframework.boot.gradle.MultiProjectRepackagingTests#repackageWithCommonFileDependency,no archive available (extraction failed: unexpected extraction error: [Errno 28] No space left on device),,,
spring-projects-spring-boot,org.springframework.boot.gradle.MultiProjectRepackagingTests#repackageWithTransitiveFileDependency,no archive available (extraction failed: unexpected extraction error: [Errno 28] No space left on device),,,
spring-projects-spring-boot,org.springframework.boot.gradle.CustomVersionManagementTests#customSpringVersionIsUsed,no archive available (extraction failed: unexpected extraction error: [Errno 28] No space left on device),,,
spring-projects-spring-boot,org.springframework.boot.gradle.CustomVersionManagementTests#exclusionsAreStillInPlace,no archive available (extraction failed: unexpected extraction error: [Errno 28] No space left on device),,,
spring-projects-spring-boot,org.springframework.boot.gradle.InstallTests#cleanInstallApp,no archive available (extraction failed: unexpected extraction error: [Errno 28] No space left on device),,,
spring-projects-spring-boot,org.springframework.boot.gradle.InstallTests#cleanInstallVersionManagement,no archive available (extraction failed: unexpected extraction error: [Errno 28] No space left on device),,,
spring-projects-spring-boot,org.springframework.boot.gradle.InstallTests#cleanInstall,no archive available (extraction failed: unexpected extraction error: [Errno 28] No space left on device),,,
spring-projects-spring-boot,org.springframework.boot.gradle.RepackagingTests#repackagingEnabled,no archive available (extraction failed: unexpected extraction error: [Errno 28] No space left on device),,,
spring-projects-spring-boot,org.springframework.boot.gradle.RepackagingTests#repackagingEnabledWithCustomRepackagedJar,no archive available (extraction failed: unexpected extraction error: [Errno 28] No space left on device),,,
spring-projects-spring-boot,org.springframework.boot.gradle.RepackagingTests#repackagingDisabledWithCustomRepackagedJarUsingStringJarTaskReference,no archive available (extraction failed: unexpected extraction error: [Errno 28] No space left on device),,,
spring-projects-spring-boot,org.springframework.boot.gradle.RepackagingTests#repackagingEnableWithCustomRepackagedJarUsingStringJarTaskReference,no archive available (extraction failed: unexpected extraction error: [Errno 28] No space left on device),,,
spring-projects-spring-boot,org.springframework.boot.gradle.RepackagingTests#repackageWithFileDependency,no archive available (extraction failed: unexpected extraction error: [Errno 28] No space left on device),,,
spring-projects-spring-boot,org.springframework.boot.gradle.RepackagingTests#repackagingDisabled,no archive available (extraction failed: unexpected extraction error: [Errno 28] No space left on device),,,
spring-projects-spring-boot,org.springframework.boot.gradle.RepackagingTests#repackagingDisabledWithCustomRepackagedJar,no archive available (extraction failed: unexpected extraction error: [Errno 28] No space left on device),,,
spring-projects-spring-boot,org.springframework.boot.gradle.SpringLoadedTests#defaultJvmArgsArePreservedWhenLoadedAgentIsConfigured,no archive available (extraction failed: unexpected extraction error: [Errno 28] No space left on device),,,
spring-projects-spring-boot,org.springframework.boot.gradle.SpringLoadedTests#springLoadedCanBeUsedWithGradle16,no archive available (extraction failed: unexpected extraction error: [Errno 28] No space left on device),,,
spring-projects-spring-boot,sample.atomikos.SampleAtomikosApplicationTests#testTransactionRollback,no archive available (extraction failed: unexpected extraction error: [Errno 28] No space left on device),,,
spring-projects-spring-boot,sample.data.elasticsearch.SampleElasticsearchApplicationTests#testDefaultSettings,no archive available (extraction failed: unexpected extraction error: [Errno 28] No space left on device),,,
spring-projects-spring-boot,org.springframework.boot.cli.TestCommandIntegrationTests#spockAndJunitTester,no archive available (extraction failed: unexpected extraction error: [Errno 28] No space left on device),,,
spring-projects-spring-boot,org.springframework.boot.cli.TestCommandIntegrationTests#integrationAutoConfigEmbeddedTest,no archive available (extraction failed: unexpected extraction error: [Errno 28] No space left on device),,,
spring-projects-spring-boot,org.springframework.boot.cli.TestCommandIntegrationTests#spockTester,no archive available (extraction failed: unexpected extraction error: [Errno 28] No space left on device),,,
spring-projects-spring-boot,org.springframework.boot.cli.TestCommandIntegrationTests#integrationAutoConfigTest,no archive available (extraction failed: unexpected extraction error: [Errno 28] No space left on device),,,
spring-projects-spring-boot,org.springframework.boot.cli.TestCommandIntegrationTests#verifyFailures,no archive available (extraction failed: unexpected extraction error: [Errno 28] No space left on device),,,
spring-projects-spring-boot,org.springframework.boot.cli.TestCommandIntegrationTests#integrationTest,no archive available (extraction failed: unexpected extraction error: [Errno 28] No space left on device),,,
spring-projects-spring-boot,org.springframework.boot.cli.DirectorySourcesIntegrationTests#runPathPattern,no archive available (extraction failed: unexpected extraction error: [Errno 28] No space left on device),,,
spring-projects-spring-boot,org.springframework.boot.cli.DirectorySourcesIntegrationTests#runDirectory,no archive available (extraction failed: unexpected extraction error: [Errno 28] No space left on device),,,
spring-projects-spring-boot,org.springframework.boot.cli.DirectorySourcesIntegrationTests#runDirectoryRecursive,no archive available (extraction failed: unexpected extraction error: [Errno 28] No space left on device),,,
spring-projects-spring-boot,org.springframework.boot.cli.ClassLoaderIntegrationTests#runWithIsolatedClassLoader,no archive available (extraction failed: unexpected extraction error: [Errno 28] No space left on device),,,
spring-projects-spring-boot,org.springframework.boot.cli.command.CommandRunnerIntegrationTests#debugAddsAutoconfigReport,no archive available (extraction failed: unexpected extraction error: [Errno 28] No space left on device),,,
spring-projects-spring-boot,org.springframework.boot.cli.GrabCommandIntegrationTests#customMetadata,no archive available (extraction failed: unexpected extraction error: [Errno 28] No space left on device),,,
spring-projects-spring-boot,org.springframework.boot.cli.ReproIntegrationTests#securityDependencies,no archive available (extraction failed: unexpected extraction error: [Errno 28] No space left on device),,,
spring-projects-spring-boot,org.springframework.boot.cli.ReproIntegrationTests#dataJpaDependencies,no archive available (extraction failed: unexpected extraction error: [Errno 28] No space left on device),,,
spring-projects-spring-boot,org.springframework.boot.cli.ReproIntegrationTests#grabAntBuilder,no archive available (extraction failed: unexpected extraction error: [Errno 28] No space left on device),,,
spring-projects-spring-boot,org.springframework.boot.cli.ReproIntegrationTests#shellDependencies,no archive available (extraction failed: unexpected extraction error: [Errno 28] No space left on device),,,
spring-projects-spring-boot,org.springframework.boot.cli.SampleIntegrationTests#beansSample,no archive available (extraction failed: unexpected extraction error: [Errno 28] No space left on device),,,
spring-projects-spring-boot,org.springframework.boot.cli.SampleIntegrationTests#templateSample,no archive available (extraction failed: unexpected extraction error: [Errno 28] No space left on device),,,
spring-projects-spring-boot,org.springframework.boot.cli.SampleIntegrationTests#xmlSample,no archive available (extraction failed: unexpected extraction error: [Errno 28] No space left on device),,,
spring-projects-spring-boot,org.springframework.boot.cli.SampleIntegrationTests#webSample,no archive available (extraction failed: unexpected extraction error: [Errno 28] No space left on device),,,
spring-projects-spring-boot,org.springframework.boot.cli.SampleIntegrationTests#uiSample,no archive available (extraction failed: unexpected extraction error: [Errno 28] No space left on device),,,
spring-projects-spring-boot,org.springframework.boot.cli.SampleIntegrationTests#deviceSample,no archive available (extraction failed: unexpected extraction error: [Errno 28] No space left on device),,,
spring-projects-spring-boot,org.springframework.boot.cli.SampleIntegrationTests#jmsSample,no archive available (extraction failed: unexpected extraction error: [Errno 28] No space left on device),,,
spring-projects-spring-boot,org.springframework.boot.cli.SampleIntegrationTests#caching,no archive available (extraction failed: unexpected extraction error: [Errno 28] No space left on device),,,
spring-projects-spring-boot,org.springframework.boot.cli.SampleIntegrationTests#httpSample,no archive available (extraction failed: unexpected extraction error: [Errno 28] No space left on device),,,
spring-projects-spring-boot,org.springframework.boot.cli.SampleIntegrationTests#jobSample,no archive available (extraction failed: unexpected extraction error: [Errno 28] No space left on device),,,
spring-projects-spring-boot,org.springframework.boot.cli.SampleIntegrationTests#actuatorSample,no archive available (extraction failed: unexpected extraction error: [Errno 28] No space left on device),,,
spring-projects-spring-boot,org.springframework.boot.cli.SampleIntegrationTests#appSample,no archive available (extraction failed: unexpected extraction error: [Errno 28] No space left on device),,,
spring-projects-spring-boot,org.springframework.boot.cli.SampleIntegrationTests#txSample,no archive available (extraction failed: unexpected extraction error: [Errno 28] No space left on device),,,
spring-projects-spring-boot,org.springframework.boot.cli.SampleIntegrationTests#jobWebSample,no archive available (extraction failed: unexpected extraction error: [Errno 28] No space left on device),,,
spring-projects-spring-boot,org.springframework.boot.cli.SampleIntegrationTests#reactorSample,no archive available (extraction failed: unexpected extraction error: [Errno 28] No space left on device),,,
spring-projects-spring-boot,org.springframework.boot.cli.SampleIntegrationTests#integrationSample,no archive available (extraction failed: unexpected extraction error: [Errno 28] No space left on device),,,
spring-projects-spring-boot,org.springframework.boot.cli.compiler.grape.AetherGrapeEngineTests#dependencyResolution,no archive available (extraction failed: unexpected extraction error: [Errno 28] No space left on device),,,
spring-projects-spring-boot,org.springframework.boot.cli.compiler.grape.AetherGrapeEngineTests#resolutionWithClassifier,no archive available (extraction failed: unexpected extraction error: [Errno 28] No space left on device),,,
spring-projects-spring-boot,org.springframework.boot.cli.compiler.grape.AetherGrapeEngineTests#dependencyResolutionWithCustomClassLoader,no archive available (extraction failed: unexpected extraction error: [Errno 28] No space left on device),,,
spring-projects-spring-boot,org.springframework.boot.cli.compiler.grape.AetherGrapeEngineTests#pomDependencyResolutionViaType,no archive available (extraction failed: unexpected extraction error: [Errno 28] No space left on device),,,
spring-projects-spring-boot,org.springframework.boot.cli.compiler.grape.AetherGrapeEngineTests#nonTransitiveDependencyResolution,no archive available (extraction failed: unexpected extraction error: [Errno 28] No space left on device),,,
spring-projects-spring-boot,org.springframework.boot.cli.compiler.grape.AetherGrapeEngineTests#dependencyResolutionWithExclusions,no archive available (extraction failed: unexpected extraction error: [Errno 28] No space left on device),,,
spring-projects-spring-boot,org.springframework.boot.cli.compiler.grape.AetherGrapeEngineTests#pomDependencyResolutionViaExt,no archive available (extraction failed: unexpected extraction error: [Errno 28] No space left on device),,,
spring-projects-spring-boot,sample.liquibase.SampleLiquibaseApplicationTests#testDefaultSettings,no archive available (extraction failed: unexpected extraction error: [Errno 28] No space left on device),,,
square-okhttp,com.squareup.okhttp.internal.http.ResponseCacheTest#cacheCanUseCriteriaBesidesVariantObeyed,no archive available (extraction failed: unexpected extraction error: [Errno 28] No space left on device),,,
square-okhttp,com.squareup.okhttp.internal.http.ResponseCacheTest#requestOnlyIfCachedWithNoResponseCached,no archive available (extraction failed: unexpected extraction error: [Errno 28] No space left on device),,,
square-okhttp,com.squareup.okhttp.internal.http.ResponseCacheTest#maxAgePreferredWithMaxAgeAndExpires,no archive available (extraction failed: unexpected extraction error: [Errno 28] No space left on device),,,
square-okhttp,com.squareup.okhttp.internal.http.ResponseCacheTest#contentLocationDoesNotPopulateCache,no archive available (extraction failed: unexpected extraction error: [Errno 28] No space left on device),,,
square-okhttp,com.squareup.okhttp.internal.http.ResponseCacheTest#clientPrematureDisconnectWithNoLengthHeaders,no archive available (extraction failed: unexpected extraction error: [Errno 28] No space left on device),,,
square-okhttp,com.squareup.okhttp.internal.http.ResponseCacheTest#setIfModifiedSince,no archive available (extraction failed: unexpected extraction error: [Errno 28] No space left on device),,,
square-okhttp,com.squareup.okhttp.internal.http.ResponseCacheTest#noDefaultExpirationForUrlsWithQueryString,no archive available (extraction failed: unexpected extraction error: [Errno 28] No space left on device),,,
square-okhttp,com.squareup.okhttp.internal.http.ResponseCacheTest#maxAgeInTheFutureWithDateHeader,no archive available (extraction failed: unexpected extraction error: [Errno 28] No space left on device),,,
square-okhttp,com.squareup.okhttp.internal.http.ResponseCacheTest#serverReturnsDocumentOlderThanCache,no archive available (extraction failed: unexpected extraction error: [Errno 28] No space left on device),,,
square-okhttp,com.squareup.okhttp.internal.http.ResponseCacheTest#responseCachingAndInputStreamSkipWithChunkedEncoding,no archive available (extraction failed: unexpected extraction error: [Errno 28] No space left on device),,,
square-okhttp,com.squareup.okhttp.internal.http.ResponseCacheTest#clientSuppliedConditionWithoutCachedResult,no archive available (extraction failed: unexpected extraction error: [Errno 28] No space left on device),,,
square-okhttp,com.squareup.okhttp.internal.http.ResponseCacheTest#requestPragmaNoCache,no archive available (extraction failed: unexpected extraction error: [Errno 28] No space left on device),,,
square-okhttp,com.squareup.okhttp.internal.http.ResponseCacheTest#cacheControlNoStoreAndExpirationDateInTheFuture,no archive available (extraction failed: unexpected extraction error: [Errno 28] No space left on device),,,
square-okhttp,com.squareup.okhttp.internal.http.ResponseCacheTest#getHeadersDeletesCached100LevelWarnings,no archive available (extraction failed: unexpected extraction error: [Errno 28] No space left on device),,,
square-okhttp,com.squareup.okhttp.internal.http.ResponseCacheTest#clientPrematureDisconnectWithContentLengthHeader,no archive available (extraction failed: unexpected extraction error: [Errno 28] No space left on device),,,
square-okhttp,com.squareup.okhttp.internal.http.ResponseCacheTest#etag,no archive available (extraction failed: unexpected extraction error: [Errno 28] No space left on device),,,
square-okhttp,com.squareup.okhttp.internal.http.ResponseCacheTest#authorizationResponseCachedWithMustRevalidate,no archive available (extraction failed: unexpected extraction error: [Errno 28] No space left on device),,,
square-okhttp,com.squareup.okhttp.internal.http.ResponseCacheTest#maxAgePreferredOverLowerSharedMaxAge,no archive available (extraction failed: unexpected extraction error: [Errno 28] No space left on device),,,
square-okhttp,com.squareup.okhttp.internal.http.ResponseCacheTest#responseCachingAndRedirects,no archive available (extraction failed: unexpected extraction error: [Errno 28] No space left on device),,,
square-okhttp,com.squareup.okhttp.AsyncApiTest#redirect,no archive available (extraction failed: unexpected extraction error: [Errno 28] No space left on device),,,
square-okhttp,com.squareup.okhttp.internal.spdy.SpdyConnectionTest#receiveGoAwayHttp2,no archive available (extraction failed: unexpected extraction error: [Errno 28] No space left on device),,,
square-okhttp,com.squareup.okhttp.internal.spdy.SpdyConnectionTest#pushPromiseStream,no archive available (extraction failed: unexpected extraction error: [Errno 28] No space left on device),,,
square-okhttp,com.squareup.okhttp.internal.spdy.SpdyConnectionTest#serverClosesClientInputStream,no archive available (extraction failed: unexpected extraction error: [Errno 28] No space left on device),,,
square-okhttp,com.squareup.okhttp.internal.spdy.SpdyConnectionTest#replyWithNoData,no archive available (extraction failed: unexpected extraction error: [Errno 28] No space left on device),,,
square-okhttp,com.squareup.okhttp.internal.spdy.SpdyConnectionTest#headersOnlyStreamIsClosedAfterReplyHeaders,no archive available (extraction failed: unexpected extraction error: [Errno 28] No space left on device),,,
square-okhttp,com.squareup.okhttp.internal.spdy.SpdyConnectionTest#readSendsWindowUpdateHttp2,no archive available (extraction failed: unexpected extraction error: [Errno 28] No space left on device),,,
square-okhttp,com.squareup.okhttp.internal.spdy.SpdyConnectionTest#remoteSendsDataAfterInFinished,no archive available (extraction failed: unexpected extraction error: [Errno 28] No space left on device),,,
square-okhttp,com.squareup.okhttp.internal.spdy.SpdyConnectionTest#initialSettingsWithWindowSizeAdjustsConnection,no archive available (extraction failed: unexpected extraction error: [Errno 28] No space left on device),,,
square-okhttp,com.squareup.okhttp.internal.spdy.SpdyConnectionTest#maxFrameSizeHonored,no archive available (extraction failed: unexpected extraction error: [Errno 28] No space left on device),,,
square-okhttp,com.squareup.okhttp.internal.spdy.SpdyConnectionTest#peerHttp2ServerZerosCompressionTable,no archive available (extraction failed: unexpected extraction error: [Errno 28] No space left on device),,,
square-okhttp,com.squareup.okhttp.internal.http.HttpResponseCacheTest#responseSourceHeaderConditionalCacheNotFetched,no archive available (extraction failed: unexpected extraction error: [Errno 28] No space left on device),,,
square-okhttp,com.squareup.okhttp.internal.http.HttpResponseCacheTest#responseCaching_410,no archive available (extraction failed: unexpected extraction error: [Errno 28] No space left on device),,,
square-okhttp,com.squareup.okhttp.internal.http.HttpResponseCacheTest#clientPrematureDisconnectWithChunkedEncoding,no archive available (extraction failed: unexpected extraction error: [Errno 28] No space left on device),,,
square-okhttp,com.squareup.okhttp.internal.http.HttpResponseCacheTest#statisticsConditionalCacheMiss,no archive available (extraction failed: unexpected extraction error: [Errno 28] No space left on device),,,
square-okhttp,com.squareup.okhttp.internal.http.HttpResponseCacheTest#expirationDateInThePastWithLastModifiedHeader,no archive available (extraction failed: unexpected extraction error: [Errno 28] No space left on device),,,
square-okhttp,com.squareup.okhttp.internal.http.HttpResponseCacheTest#responseSourceHeaderFetched,no archive available (extraction failed: unexpected extraction error: [Errno 28] No space left on device),,,
square-okhttp,com.squareup.okhttp.internal.http.HttpResponseCacheTest#responseCachingByResponseCode,no archive available (extraction failed: unexpected extraction error: [Errno 28] No space left on device),,,
square-okhttp,com.squareup.okhttp.internal.http.URLConnectionTest#postFailsWithFixedLengthRequestForLargeRequest,no archive available (extraction failed: unexpected extraction error: [Errno 28] No space left on device),,,
square-okhttp,com.squareup.okhttp.internal.http.URLConnectionTest#response300MultipleChoiceWithPost,no archive available (extraction failed: unexpected extraction error: [Errno 28] No space left on device),,,
square-okhttp,com.squareup.okhttp.internal.http.URLConnectionTest#digestAuthentication,no archive available (extraction failed: unexpected extraction error: [Errno 28] No space left on device),,,
square-okhttp,com.squareup.okhttp.internal.http.URLConnectionTest#requestBodySurvivesRetriesWithFixedLength,no archive available (extraction failed: unexpected extraction error: [Errno 28] No space left on device),,,
square-okhttp,com.squareup.okhttp.internal.http.URLConnectionTest#connectRetriesUntilConnectedOrFailed,no archive available (extraction failed: unexpected extraction error: [Errno 28] No space left on device),,,
square-okhttp,com.squareup.okhttp.internal.http.URLConnectionTest#connectViaHttpProxyToHttpsUsingBadProxyAndHttpResponseCache,no archive available (extraction failed: unexpected extraction error: [Errno 28] No space left on device),,,
square-okhttp,com.squareup.okhttp.internal.http.URLConnectionTest#canSetNegativeChunkedStreamingMode,no archive available (extraction failed: unexpected extraction error: [Errno 28] No space left on device),,,
square-okhttp,com.squareup.okhttp.internal.http.URLConnectionTest#requestBodySurvivesRetriesWithBufferedBody,no archive available (extraction failed: unexpected extraction error: [Errno 28] No space left on device),,,
square-okhttp,com.squareup.okhttp.internal.http.URLConnectionTest#emptyResponseHeaderNameIsLenient,no archive available (extraction failed: unexpected extraction error: [Errno 28] No space left on device),,,
square-okhttp,com.squareup.okhttp.internal.http.URLConnectionTest#gzipWithRedirectAndConnectionReuse,no archive available (extraction failed: unexpected extraction error: [Errno 28] No space left on device),,,
square-okhttp,com.squareup.okhttp.internal.http.URLConnectionTest#redirectedWithNoLengthHeaders,no archive available (extraction failed: unexpected extraction error: [Errno 28] No space left on device),,,
square-okhttp,com.squareup.okhttp.internal.http.URLConnectionTest#fullyBufferedPostIsTooShort,no archive available (extraction failed: unexpected extraction error: [Errno 28] No space left on device),,,
square-okhttp,com.squareup.okhttp.internal.http.URLConnectionTest#fixedLengthUpload_smallBuffers,no archive available (extraction failed: unexpected extraction error: [Errno 28] No space left on device),,,
square-okhttp,com.squareup.okhttp.internal.http.URLConnectionTest#postFailsWithChunkedRequestForSmallRequest,no archive available (extraction failed: unexpected extraction error: [Errno 28] No space left on device),,,
square-okhttp,com.squareup.okhttp.internal.http.URLConnectionTest#chunkedUpload_byteByByte,no archive available (extraction failed: unexpected extraction error: [Errno 28] No space left on device),,,
square-okhttp,com.squareup.okhttp.internal.http.URLConnectionTest#redirectedWithChunkedEncoding,no archive available (extraction failed: unexpected extraction error: [Errno 28] No space left on device),,,
square-okhttp,com.squareup.okhttp.internal.http.URLConnectionTest#setInvalidRequestMethodLowercase,no archive available (extraction failed: unexpected extraction error: [Errno 28] No space left on device),,,
square-okhttp,com.squareup.okhttp.internal.http.URLConnectionTest#fullyBufferedPostIsTooLong,no archive available (extraction failed: unexpected extraction error: [Errno 28] No space left on device),,,
square-okhttp,com.squareup.okhttp.internal.http.URLConnectionTest#authenticateRealmUppercase,no archive available (extraction failed: unexpected extraction error: [Errno 28] No space left on device),,,
square-okhttp,com.squareup.okhttp.internal.http.URLConnectionTest#postFailsWithBufferedRequestForSmallRequest,no archive available (extraction failed: unexpected extraction error: [Errno 28] No space left on device),,,
square-okhttp,com.squareup.okhttp.internal.http.URLConnectionTest#inputStreamAvailableWithContentLengthHeader,no archive available (extraction failed: unexpected extraction error: [Errno 28] No space left on device),,,
square-okhttp,com.squareup.okhttp.internal.http.URLConnectionTest#setProtocols,no archive available (extraction failed: unexpected extraction error: [Errno 28] No space left on device),,,
square-okhttp,com.squareup.okhttp.internal.http.URLConnectionTest#connectionCloseInRequest,no archive available (extraction failed: unexpected extraction error: [Errno 28] No space left on device),,,
square-okhttp,com.squareup.okhttp.internal.http.URLConnectionTest#response307WithOptions,no archive available (extraction failed: unexpected extraction error: [Errno 28] No space left on device),,,
square-okhttp,com.squareup.okhttp.internal.http.URLConnectionTest#getOutputStreamOnGetFails,no archive available (extraction failed: unexpected extraction error: [Errno 28] No space left on device),,,
square-okhttp,com.squareup.okhttp.internal.http.URLConnectionTest#earlyDisconnectDoesntHarmPoolingWithFixedLengthEncoding,no archive available (extraction failed: unexpected extraction error: [Errno 28] No space left on device),,,
square-okhttp,com.squareup.okhttp.internal.http.URLConnectionTest#unauthorizedResponseHandling,no archive available (extraction failed: unexpected extraction error: [Errno 28] No space left on device),,,
square-okhttp,com.squareup.okhttp.internal.http.URLConnectionTest#clientConfiguredCustomContentEncoding,no archive available (extraction failed: unexpected extraction error: [Errno 28] No space left on device),,,
square-okhttp,com.squareup.okhttp.internal.http.URLConnectionTest#cannotSetNegativeFixedLengthStreamingMode,no archive available (extraction failed: unexpected extraction error: [Errno 28] No space left on device),,,
square-okhttp,com.squareup.okhttp.internal.http.URLConnectionTest#response303SeeOtherWithPost,no archive available (extraction failed: unexpected extraction error: [Errno 28] No space left on device),,,
square-okhttp,com.squareup.okhttp.internal.http.URLConnectionTest#chunkedUpload_smallBuffers,no archive available (extraction failed: unexpected extraction error: [Errno 28] No space left on device),,,
square-okhttp,com.squareup.okhttp.internal.http.URLConnectionTest#setInvalidRequestMethodConnect,no archive available (extraction failed: unexpected extraction error: [Errno 28] No space left on device),,,
square-okhttp,com.squareup.okhttp.internal.http.URLConnectionTest#serverShutdownOutput,no archive available (extraction failed: unexpected extraction error: [Errno 28] No space left on device),,,
square-okhttp,com.squareup.okhttp.internal.http.URLConnectionTest#responseHeaders,no archive available (extraction failed: unexpected extraction error: [Errno 28] No space left on device),,,
square-okhttp,com.squareup.okhttp.internal.http.URLConnectionTest#fixedLengthUpload_largeBuffers,no archive available (extraction failed: unexpected extraction error: [Errno 28] No space left on device),,,
square-okhttp,com.squareup.okhttp.internal.http.URLConnectionTest#singleByteReadIsSigned,no archive available (extraction failed: unexpected extraction error: [Errno 28] No space left on device),,,
square-okhttp,com.squareup.okhttp.internal.http.URLConnectionTest#postFailsWithFixedLengthRequestForSmallRequest,no archive available (extraction failed: unexpected extraction error: [Errno 28] No space left on device),,,
square-okhttp,com.squareup.okhttp.internal.http.URLConnectionTest#serverSendsInvalidCodeTooLarge,no archive available (extraction failed: unexpected extraction error: [Errno 28] No space left on device),,,
square-okhttp,com.squareup.okhttp.internal.http.URLConnectionTest#response305UseProxy,no archive available (extraction failed: unexpected extraction error: [Errno 28] No space left on device),,,
square-okhttp,com.squareup.okhttp.internal.http.URLConnectionTest#readAfterLastByte,no archive available (extraction failed: unexpected extraction error: [Errno 28] No space left on device),,,
square-okhttp,com.squareup.okhttp.internal.http.URLConnectionTest#serverShutdownInput,no archive available (extraction failed: unexpected extraction error: [Errno 28] No space left on device),,,
square-okhttp,com.squareup.okhttp.internal.http.URLConnectionTest#inputStreamAvailableWithNoLengthHeaders,no archive available (extraction failed: unexpected extraction error: [Errno 28] No space left on device),,,
square-okhttp,com.squareup.okhttp.internal.http.URLConnectionTest#zeroLengthPut,no archive available (extraction failed: unexpected extraction error: [Errno 28] No space left on device),,,
square-okhttp,com.squareup.okhttp.internal.http.URLConnectionTest#response307WithHead,no archive available (extraction failed: unexpected extraction error: [Errno 28] No space left on device),,,
square-okhttp,com.squareup.okhttp.internal.http.URLConnectionTest#response307WithPost,no archive available (extraction failed: unexpected extraction error: [Errno 28] No space left on device),,,
square-okhttp,com.squareup.okhttp.internal.http.URLConnectionTest#response302MovedTemporarilyWithPost,no archive available (extraction failed: unexpected extraction error: [Errno 28] No space left on device),,,
square-okhttp,com.squareup.okhttp.internal.http.URLConnectionTest#authenticateWithChunkedStreaming,no archive available (extraction failed: unexpected extraction error: [Errno 28] No space left on device),,,
square-okhttp,com.squareup.okhttp.internal.http.URLConnectionTest#nonHexChunkSize,no archive available (extraction failed: unexpected extraction error: [Errno 28] No space left on device),,,
square-okhttp,com.squareup.okhttp.internal.http.URLConnectionTest#requestBodySurvivesRetriesWithChunkedStreaming,no archive available (extraction failed: unexpected extraction error: [Errno 28] No space left on device),,,
square-okhttp,com.squareup.okhttp.internal.http.URLConnectionTest#getContentLengthConnects,no archive available (extraction failed: unexpected extraction error: [Errno 28] No space left on device),,,
square-okhttp,com.squareup.okhttp.internal.http.URLConnectionTest#contentDisagreesWithChunkedHeader,no archive available (extraction failed: unexpected extraction error: [Errno 28] No space left on device),,,
square-okhttp,com.squareup.okhttp.internal.http.URLConnectionTest#connectViaProxyUsingProxySystemProperty,no archive available (extraction failed: unexpected extraction error: [Errno 28] No space left on device),,,
square-okhttp,com.squareup.okhttp.internal.http.URLConnectionTest#postFailsWithChunkedRequestForLargeRequest,no archive available (extraction failed: unexpected extraction error: [Errno 28] No space left on device),,,
square-okhttp,com.squareup.okhttp.internal.http.URLConnectionTest#veryLargeFixedLengthRequest,no archive available (extraction failed: unexpected extraction error: [Errno 28] No space left on device),,,
square-okhttp,com.squareup.okhttp.internal.http.URLConnectionTest#zeroLengthPost,no archive available (extraction failed: unexpected extraction error: [Errno 28] No space left on device),,,
square-okhttp,com.squareup.okhttp.internal.http.URLConnectionTest#getContent,no archive available (extraction failed: unexpected extraction error: [Errno 28] No space left on device),,,
square-okhttp,com.squareup.okhttp.internal.http.URLConnectionTest#setProtocolsWithoutHttp11,no archive available (extraction failed: unexpected extraction error: [Errno 28] No space left on device),,,
square-okhttp,com.squareup.okhttp.internal.http.URLConnectionTest#disconnectedConnection,no archive available (extraction failed: unexpected extraction error: [Errno 28] No space left on device),,,
square-okhttp,com.squareup.okhttp.internal.http.URLConnectionTest#getRequestPropertyReturnsLastValue,no archive available (extraction failed: unexpected extraction error: [Errno 28] No space left on device),,,
square-okhttp,com.squareup.okhttp.internal.http.URLConnectionTest#responseCacheReturnsNullOutputStream,no archive available (extraction failed: unexpected extraction error: [Errno 28] No space left on device),,,
tootallnate-java-websocket,org.java_websocket.issues.Issue580Test#runNoCloseBlockingTestScenario7,no archive available (extraction failed: unexpected extraction error: [Errno 28] No space left on device),,,
tootallnate-java-websocket,org.java_websocket.issues.Issue256Test#runReconnectScenario0,no archive available (extraction failed: unexpected extraction error: [Errno 28] No space left on device),,,
tootallnate-java-websocket,org.java_websocket.issues.Issue256Test#runReconnectScenario1,no archive available (extraction failed: unexpected extraction error: [Errno 28] No space left on device),,,
tootallnate-java-websocket,org.java_websocket.issues.Issue256Test#runReconnectScenario2,no archive available (extraction failed: unexpected extraction error: [Errno 28] No space left on device),,,
tootallnate-java-websocket,org.java_websocket.issues.Issue256Test#runReconnectScenario3,no archive available (extraction failed: unexpected extraction error: [Errno 28] No space left on device),,,
tootallnate-java-websocket,org.java_websocket.issues.Issue256Test#runReconnectScenario4,no archive available (extraction failed: unexpected extraction error: [Errno 28] No space left on device),,,
tootallnate-java-websocket,org.java_websocket.issues.Issue256Test#runReconnectScenario5,no archive available (extraction failed: unexpected extraction error: [Errno 28] No space left on device),,,
tootallnate-java-websocket,org.java_websocket.issues.Issue256Test#runReconnectScenario6,no archive available (extraction failed: unexpected extraction error: [Errno 28] No space left on device),,,
tootallnate-java-websocket,org.java_websocket.issues.Issue256Test#runReconnectScenario7,no archive available (extraction failed: unexpected extraction error: [Errno 28] No space left on device),,,
tootallnate-java-websocket,org.java_websocket.issues.Issue256Test#runReconnectScenario8,no archive available (extraction failed: unexpected extraction error: [Errno 28] No space left on device),,,
tootallnate-java-websocket,org.java_websocket.issues.Issue256Test#runReconnectScenario9,no archive available (extraction failed: unexpected extraction error: [Errno 28] No space left on device),,,
tootallnate-java-websocket,org.java_websocket.issues.Issue256Test#runReconnectBlockingScenario0,no archive available (extraction failed: unexpected extraction error: [Errno 28] No space left on device),,,
tootallnate-java-websocket,org.java_websocket.issues.Issue256Test#runReconnectBlockingScenario1,no archive available (extraction failed: unexpected extraction error: [Errno 28] No space left on device),,,
tootallnate-java-websocket,org.java_websocket.issues.Issue256Test#runReconnectBlockingScenario2,no archive available (extraction failed: unexpected extraction error: [Errno 28] No space left on device),,,
tootallnate-java-websocket,org.java_websocket.issues.Issue256Test#runReconnectBlockingScenario3,no archive available (extraction failed: unexpected extraction error: [Errno 28] No space left on device),,,
tootallnate-java-websocket,org.java_websocket.issues.Issue256Test#runReconnectBlockingScenario4,no archive available (extraction failed: unexpected extraction error: [Errno 28] No space left on device),,,
tootallnate-java-websocket,org.java_websocket.issues.Issue256Test#runReconnectBlockingScenario5,no archive available (extraction failed: unexpected extraction error: [Errno 28] No space left on device),,,
tootallnate-java-websocket,org.java_websocket.issues.Issue256Test#runReconnectBlockingScenario6,no archive available (extraction failed: unexpected extraction error: [Errno 28] No space left on device),,,
tootallnate-java-websocket,org.java_websocket.issues.Issue256Test#runReconnectBlockingScenario7,no archive available (extraction failed: unexpected extraction error: [Errno 28] No space left on device),,,
tootallnate-java-websocket,org.java_websocket.issues.Issue256Test#runReconnectBlockingScenario8,no archive available (extraction failed: unexpected extraction error: [Errno 28] No space left on device),,,
tootallnate-java-websocket,org.java_websocket.issues.Issue256Test#runReconnectBlockingScenario9,no archive available (extraction failed: unexpected extraction error: [Errno 28] No space left on device),,,
tootallnate-java-websocket,org.java_websocket.issues.Issue677Test#testIssue,no archive available (extraction failed: unexpected extraction error: [Errno 28] No space left on device),,,
tootallnate-java-websocket,org.java_websocket.protocols.ProtoclHandshakeRejectionTest#testHandshakeRejectionTestCase10,no archive available (extraction failed: unexpected extraction error: [Errno 28] No space left on device),,,
undertow-io-undertow,io.undertow.server.handlers.DateHandlerTestCase#testDateHandler,no archive available (extraction failed: unexpected extraction error: [Errno 28] No space left on device),,,
undertow-io-undertow,io.undertow.server.security.DigestAuthenticationAuthTestCase#testDigestSuccess,no archive available (extraction failed: unexpected extraction error: [Errno 28] No space left on device),,,
undertow-io-undertow,io.undertow.server.security.SpnegoAuthenticationTestCase#testSpnegoSuccess,no archive available (extraction failed: unexpected extraction error: [Errno 28] No space left on device),,,
undertow-io-undertow,io.undertow.server.security.DigestAuthentication2069TestCase#testDigestSuccess,no archive available (extraction failed: unexpected extraction error: [Errno 28] No space left on device),,,
undertow-io-undertow,io.undertow.server.security.DigestAuthentication2069TestCase#testNonceReUse,no archive available (extraction failed: unexpected extraction error: [Errno 28] No space left on device),,,
undertow-io-undertow,io.undertow.server.handlers.proxy.LoadBalancingProxyTestCase#testLoadSharedWithServerShutdown,no archive available (extraction failed: unexpected extraction error: [Errno 28] No space left on device),,,
wildfly-wildfly,org.wildfly.iiop.openjdk.IIOPSubsystemTransformersTestCase#testRejectTransformersEAP_7_0_0,no archive available (extraction failed: unexpected extraction error: [Errno 28] No space left on device),,,
wildfly-wildfly,org.wildfly.iiop.openjdk.IIOPSubsystemTransformersTestCase#testTransformersEAP_7_0_0,no archive available (extraction failed: unexpected extraction error: [Errno 28] No space left on device),,,
wildfly-wildfly,org.jboss.as.naming.subsystem.NamingSubsystemTestCase#testRejectionsEAP6,no archive available (extraction failed: unexpected extraction error: [Errno 28] No space left on device),,,
wildfly-wildfly,org.jboss.as.naming.subsystem.NamingSubsystemTestCase#testRejectionsEAP7,no archive available (extraction failed: unexpected extraction error: [Errno 28] No space left on device),,,
wildfly-wildfly,org.jboss.as.txn.subsystem.TransactionSubsystemTestCase#testRejectTransformersEAP640,no archive available (extraction failed: unexpected extraction error: [Errno 28] No space left on device),,,
wildfly-wildfly,org.jboss.as.txn.subsystem.TransactionSubsystemTestCase#testRejectTransformersEAP700,no archive available (extraction failed: unexpected extraction error: [Errno 28] No space left on device),,,
wildfly-wildfly,org.jboss.as.txn.subsystem.TransactionSubsystemTestCase#testRejectTransformersEAP710,no archive available (extraction failed: unexpected extraction error: [Errno 28] No space left on device),,,
wildfly-wildfly,org.jboss.as.txn.subsystem.TransactionSubsystemTestCase#testTransformersFullEAP640,no archive available (extraction failed: unexpected extraction error: [Errno 28] No space left on device),,,
wildfly-wildfly,org.jboss.as.txn.subsystem.TransactionSubsystemTestCase#testTransformersFullEAP700,no archive available (extraction failed: unexpected extraction error: [Errno 28] No space left on device),,,
wildfly-wildfly,org.jboss.as.txn.subsystem.TransactionSubsystemTestCase#testTransformersFullEAP710,no archive available (extraction failed: unexpected extraction error: [Errno 28] No space left on device),,,
wildfly-wildfly,org.jboss.as.clustering.infinispan.subsystem.InfinispanTransformersTestCase#testTransformerEAP640,no archive available (extraction failed: unexpected extraction error: [Errno 28] No space left on device),,,
wildfly-wildfly,org.jboss.as.clustering.infinispan.subsystem.InfinispanTransformersTestCase#testTransformerEAP700,no archive available (extraction failed: unexpected extraction error: [Errno 28] No space left on device),,,
wildfly-wildfly,org.jboss.as.clustering.infinispan.subsystem.InfinispanTransformersTestCase#testTransformerEAP710,no archive available (extraction failed: unexpected extraction error: [Errno 28] No space left on device),,,
wildfly-wildfly,org.jboss.as.messaging.test.MessagingSubsystem30TestCase#testRejectExpressionsEAP_6_4_0,no archive available (extraction failed: unexpected extraction error: [Errno 28] No space left on device),,,
wildfly-wildfly,org.jboss.as.messaging.test.MessagingSubsystem30TestCase#testTransformersEAP_6_4_0,no archive available (extraction failed: unexpected extraction error: [Errno 28] No space left on device),,,
wildfly-wildfly,org.jboss.as.test.smoke.jms.JMSBridgeTest#sendAndReceiveMessage,no archive available (extraction failed: unexpected extraction error: [Errno 28] No space left on device),,,
wildfly-wildfly,org.jboss.as.test.smoke.jms.SendToQueueIgnoreJTATest#sendIgnoreJTA,no archive available (extraction failed: unexpected extraction error: [Errno 28] No space left on device),,,
wildfly-wildfly,org.jboss.as.test.smoke.jms.SendToQueueIgnoreJTATest#sendAndRollbackInJTA,no archive available (extraction failed: unexpected extraction error: [Errno 28] No space left on device),,,
wildfly-wildfly,org.jboss.as.test.smoke.jms.SendToJMSQueueTest#sendAndReceiveMessage,no archive available (extraction failed: unexpected extraction error: [Errno 28] No space left on device),,,
wildfly-wildfly,org.jboss.as.test.integration.jsp.JspTagTestCase#test,no archive available (extraction failed: unexpected extraction error: [Errno 28] No space left on device),,,
wro4j-wro4j,ro.isdc.wro.extensions.processor.TestRubySassCssProcessor#shouldFailWhenInvalidSassCssIsProcessed,no archive available (extraction failed: unexpected extraction error: [Errno 28] No space left on device: '.\\_failure_log_extraction_tmp\\wro4j-wro4j\\failingLogs\\wro4j-wro4j\\672\\ro.isdc.wro.extensions.processor.TestBourbonCssProcessor#shouldBeThreadSafe.xml'),,,
wro4j-wro4j,ro.isdc.wro.extensions.processor.TestRubySassCssProcessor#shouldTestFromFolder,no archive available (extraction failed: unexpected extraction error: [Errno 28] No space left on device: '.\\_failure_log_extraction_tmp\\wro4j-wro4j\\failingLogs\\wro4j-wro4j\\672\\ro.isdc.wro.extensions.processor.TestBourbonCssProcessor#shouldBeThreadSafe.xml'),,,
wro4j-wro4j,ro.isdc.wro.extensions.processor.TestRubySassCssProcessor#shouldBeThreadSafe,no archive available (extraction failed: unexpected extraction error: [Errno 28] No space left on device: '.\\_failure_log_extraction_tmp\\wro4j-wro4j\\failingLogs\\wro4j-wro4j\\672\\ro.isdc.wro.extensions.processor.TestBourbonCssProcessor#shouldBeThreadSafe.xml'),,,
wro4j-wro4j,ro.isdc.wro.extensions.processor.TestRubySassCssProcessor#shouldSucceedAfterAFailure,no archive available (extraction failed: unexpected extraction error: [Errno 28] No space left on device: '.\\_failure_log_extraction_tmp\\wro4j-wro4j\\failingLogs\\wro4j-wro4j\\672\\ro.isdc.wro.extensions.processor.TestBourbonCssProcessor#shouldBeThreadSafe.xml'),,,
wro4j-wro4j,ro.isdc.wro.extensions.processor.TestRubySassCssProcessor#executeMultipleTimesDoesntThrowOutOfMemoryException,no archive available (extraction failed: unexpected extraction error: [Errno 28] No space left on device: '.\\_failure_log_extraction_tmp\\wro4j-wro4j\\failingLogs\\wro4j-wro4j\\672\\ro.isdc.wro.extensions.processor.TestBourbonCssProcessor#shouldBeThreadSafe.xml'),,,
wro4j-wro4j,ro.isdc.wro.extensions.processor.support.sass.TestRubySassEngine#shouldProcessValidCss,no archive available (extraction failed: unexpected extraction error: [Errno 28] No space left on device: '.\\_failure_log_extraction_tmp\\wro4j-wro4j\\failingLogs\\wro4j-wro4j\\672\\ro.isdc.wro.extensions.processor.TestBourbonCssProcessor#shouldBeThreadSafe.xml'),,,
wro4j-wro4j,ro.isdc.wro.extensions.processor.support.sass.TestRubySassEngine#shouldProcessValidSass,no archive available (extraction failed: unexpected extraction error: [Errno 28] No space left on device: '.\\_failure_log_extraction_tmp\\wro4j-wro4j\\failingLogs\\wro4j-wro4j\\672\\ro.isdc.wro.extensions.processor.TestBourbonCssProcessor#shouldBeThreadSafe.xml'),,,
wro4j-wro4j,ro.isdc.wro.extensions.processor.support.sass.TestRubySassEngine#cannotProcessInvalidCss,no archive available (extraction failed: unexpected extraction error: [Errno 28] No space left on device: '.\\_failure_log_extraction_tmp\\wro4j-wro4j\\failingLogs\\wro4j-wro4j\\672\\ro.isdc.wro.extensions.processor.TestBourbonCssProcessor#shouldBeThreadSafe.xml'),,,
wro4j-wro4j,ro.isdc.wro.extensions.processor.TestBourbonCssProcessor#shouldBeThreadSafe,no archive available (extraction failed: unexpected extraction error: [Errno 28] No space left on device: '.\\_failure_log_extraction_tmp\\wro4j-wro4j\\failingLogs\\wro4j-wro4j\\672\\ro.isdc.wro.extensions.processor.TestBourbonCssProcessor#shouldBeThreadSafe.xml'),,,
wro4j-wro4j,ro.isdc.wro.maven.plugin.TestWro4jMojo#shouldBeFasterWhenRunningProcessingInParallel,no archive available (extraction failed: unexpected extraction error: [Errno 28] No space left on device: '.\\_failure_log_extraction_tmp\\wro4j-wro4j\\failingLogs\\wro4j-wro4j\\672\\ro.isdc.wro.extensions.processor.TestBourbonCssProcessor#shouldBeThreadSafe.xml'),,,
wro4j-wro4j,ro.isdc.wro.util.concurrent.TestTaskExecutor#shouldBeFasterWhenRunningMultipleSlowTasks,no archive available (extraction failed: unexpected extraction error: [Errno 28] No space left on device: '.\\_failure_log_extraction_tmp\\wro4j-wro4j\\failingLogs\\wro4j-wro4j\\672\\ro.isdc.wro.extensions.processor.TestBourbonCssProcessor#shouldBeThreadSafe.xml'),,,
wro4j-wro4j,ro.isdc.wro.util.concurrent.TestTaskExecutor#shouldHaveMinimalOverheadWhenRunningASingleTask,no archive available (extraction failed: unexpected extraction error: [Errno 28] No space left on device: '.\\_failure_log_extraction_tmp\\wro4j-wro4j\\failingLogs\\wro4j-wro4j\\672\\ro.isdc.wro.extensions.processor.TestBourbonCssProcessor#shouldBeThreadSafe.xml'),,,
wro4j-wro4j,ro.isdc.wro.model.group.processor.TestPreProcessorExecutor#preProcessingInParallelIsFaster,no archive available (extraction failed: unexpected extraction error: [Errno 28] No space left on device: '.\\_failure_log_extraction_tmp\\wro4j-wro4j\\failingLogs\\wro4j-wro4j\\672\\ro.isdc.wro.extensions.processor.TestBourbonCssProcessor#shouldBeThreadSafe.xml'),,,
wro4j-wro4j,ro.isdc.wro.cache.support.TestDefaultSynchronizedCacheStrategyDecorator#shouldCheckOnlyAfterTimeout,no archive available (extraction failed: unexpected extraction error: [Errno 28] No space left on device: '.\\_failure_log_extraction_tmp\\wro4j-wro4j\\failingLogs\\wro4j-wro4j\\672\\ro.isdc.wro.extensions.processor.TestBourbonCssProcessor#shouldBeThreadSafe.xml'),,,
wro4j-wro4j,ro.isdc.wro.model.resource.locator.support.TestDispatcherStreamLocator#canLocateValidResource,no archive available (extraction failed: unexpected extraction error: [Errno 28] No space left on device: '.\\_failure_log_extraction_tmp\\wro4j-wro4j\\failingLogs\\wro4j-wro4j\\672\\ro.isdc.wro.extensions.processor.TestBourbonCssProcessor#shouldBeThreadSafe.xml'),,,
wro4j-wro4j,ro.isdc.wro.model.resource.locator.TestUrlUriLocator#testValidUrl,no archive available (extraction failed: unexpected extraction error: [Errno 28] No space left on device: '.\\_failure_log_extraction_tmp\\wro4j-wro4j\\failingLogs\\wro4j-wro4j\\672\\ro.isdc.wro.extensions.processor.TestBourbonCssProcessor#shouldBeThreadSafe.xml'),,,
zxing-zxing,com.google.zxing.aztec.encoder.EncoderTest#testAztecWriter,no archive available (extraction failed: unexpected extraction error: [Errno 28] No space left on device),,,
zxing-zxing,com.google.zxing.pdf417.decoder.ec.ErrorCorrectionTestCase#testTooManyErrors,no archive available (extraction failed: unexpected extraction error: [Errno 28] No space left on device),,,
