project,test,match_status,exception_type,flakylens_category,category_reasoning,message
Alluxio-alluxio,tachyon.MasterFaultToleranceTest#getClientsTest,matched (88 report(s) available),java.lang.NullPointerException:,Unclear,no rule matched -- raw exception type was 'java.lang.NullPointerException:',
Alluxio-alluxio,tachyon.MasterFaultToleranceTest#faultTest,matched (109 report(s) available),java.lang.NullPointerException:,Unclear,no rule matched -- raw exception type was 'java.lang.NullPointerException:',
Alluxio-alluxio,tachyon.MasterInfoTest#createFileTest,matched (76 report(s) available),java.lang.NullPointerException:,Unclear,no rule matched -- raw exception type was 'java.lang.NullPointerException:',
Alluxio-alluxio,tachyon.MasterInfoTest#deleteFileTest,matched (76 report(s) available),java.lang.NullPointerException:,Unclear,no rule matched -- raw exception type was 'java.lang.NullPointerException:',
Alluxio-alluxio,tachyon.MasterInfoTest#deleteDirectoryWithDirectoriesTest,matched (76 report(s) available),java.lang.NullPointerException:,Unclear,no rule matched -- raw exception type was 'java.lang.NullPointerException:',
Alluxio-alluxio,tachyon.MasterInfoTest#lsTest,matched (76 report(s) available),java.lang.NullPointerException:,Unclear,no rule matched -- raw exception type was 'java.lang.NullPointerException:',
Alluxio-alluxio,tachyon.MasterInfoTest#addCheckpointTest,matched (76 report(s) available),java.lang.NullPointerException:,Unclear,no rule matched -- raw exception type was 'java.lang.NullPointerException:',
Alluxio-alluxio,tachyon.MasterInfoTest#notFileCheckpointTest,matched (76 report(s) available),java.lang.NullPointerException:,Unclear,no rule matched -- raw exception type was 'java.lang.NullPointerException:',
Alluxio-alluxio,tachyon.MasterInfoTest#createFilePerfTest,matched (76 report(s) available),java.lang.NullPointerException:,Unclear,no rule matched -- raw exception type was 'java.lang.NullPointerException:',
Alluxio-alluxio,tachyon.MasterInfoTest#createDirectoryTest,matched (76 report(s) available),java.lang.NullPointerException:,Unclear,no rule matched -- raw exception type was 'java.lang.NullPointerException:',
Alluxio-alluxio,tachyon.MasterInfoTest#createFileInvalidPathTest,matched (76 report(s) available),java.lang.NullPointerException:,Unclear,no rule matched -- raw exception type was 'java.lang.NullPointerException:',
Alluxio-alluxio,tachyon.MasterInfoTest#createAlreadyExistFileTest,matched (76 report(s) available),java.lang.NullPointerException:,Unclear,no rule matched -- raw exception type was 'java.lang.NullPointerException:',
Alluxio-alluxio,tachyon.MasterInfoTest#createRawTableTest,matched (76 report(s) available),java.lang.NullPointerException:,Unclear,no rule matched -- raw exception type was 'java.lang.NullPointerException:',
Alluxio-alluxio,tachyon.MasterInfoTest#negativeColumnTest,matched (76 report(s) available),java.lang.NullPointerException:,Unclear,no rule matched -- raw exception type was 'java.lang.NullPointerException:',
Alluxio-alluxio,tachyon.MasterInfoTest#tooManyColumnsTest,matched (76 report(s) available),java.lang.NullPointerException:,Unclear,no rule matched -- raw exception type was 'java.lang.NullPointerException:',
Alluxio-alluxio,tachyon.MasterInfoTest#deleteEmptyDirectoryTest,matched (76 report(s) available),java.lang.NullPointerException:,Unclear,no rule matched -- raw exception type was 'java.lang.NullPointerException:',
Alluxio-alluxio,tachyon.MasterInfoTest#deleteDirectoryWithFilesTest,matched (76 report(s) available),java.lang.NullPointerException:,Unclear,no rule matched -- raw exception type was 'java.lang.NullPointerException:',
Alluxio-alluxio,tachyon.MasterInfoTest#deleteDirectoryWithFilesTest2,matched (76 report(s) available),java.lang.NullPointerException:,Unclear,no rule matched -- raw exception type was 'java.lang.NullPointerException:',
Alluxio-alluxio,tachyon.MasterInfoTest#deleteDirectoryWithDirectoriesTest2,matched (76 report(s) available),java.lang.NullPointerException:,Unclear,no rule matched -- raw exception type was 'java.lang.NullPointerException:',
Alluxio-alluxio,tachyon.MasterInfoTest#getCapacityBytesTest,matched (76 report(s) available),java.lang.NullPointerException:,Unclear,no rule matched -- raw exception type was 'java.lang.NullPointerException:',
Alluxio-alluxio,tachyon.MasterInfoTest#clientFileInfoEmptyFileTest,matched (76 report(s) available),java.lang.NullPointerException:,Unclear,no rule matched -- raw exception type was 'java.lang.NullPointerException:',
Alluxio-alluxio,tachyon.MasterInfoTest#clientFileInfoDirectoryTest,matched (76 report(s) available),java.lang.NullPointerException:,Unclear,no rule matched -- raw exception type was 'java.lang.NullPointerException:',
Alluxio-alluxio,tachyon.DataServerTest#readPartialTest2,matched (76 report(s) available),java.lang.NullPointerException:,Unclear,no rule matched -- raw exception type was 'java.lang.NullPointerException:',
Alluxio-alluxio,tachyon.DataServerTest#readPartialTest1,matched (76 report(s) available),java.lang.NullPointerException:,Unclear,no rule matched -- raw exception type was 'java.lang.NullPointerException:',
Alluxio-alluxio,tachyon.DataServerTest#readTest,matched (77 report(s) available),java.lang.NullPointerException:,Unclear,no rule matched -- raw exception type was 'java.lang.NullPointerException:',
Alluxio-alluxio,tachyon.client.LocalBlockInStreamTest#readTest1,matched (73 report(s) available),java.net.UnknownHostException,Unclear,no rule matched -- raw exception type was 'java.net.UnknownHostException',ip-172-31-52-108: ip-172-31-52-108: Temporary failure in name resolution
Alluxio-alluxio,tachyon.client.LocalBlockInStreamTest#readTest2,matched (73 report(s) available),java.net.UnknownHostException,Unclear,no rule matched -- raw exception type was 'java.net.UnknownHostException',ip-172-31-52-108: ip-172-31-52-108: Temporary failure in name resolution
Alluxio-alluxio,tachyon.client.LocalBlockInStreamTest#readTest3,matched (74 report(s) available),java.net.UnknownHostException,Unclear,no rule matched -- raw exception type was 'java.net.UnknownHostException',ip-172-31-52-108: ip-172-31-52-108: Temporary failure in name resolution
Alluxio-alluxio,tachyon.client.LocalBlockInStreamTest#skipTest,matched (74 report(s) available),java.net.UnknownHostException,Unclear,no rule matched -- raw exception type was 'java.net.UnknownHostException',ip-172-31-52-108: ip-172-31-52-108: Temporary failure in name resolution
Alluxio-alluxio,tachyon.client.RemoteBlockInStreamTest#readTest1,matched (74 report(s) available),java.net.UnknownHostException,Unclear,no rule matched -- raw exception type was 'java.net.UnknownHostException',ip-172-31-52-108: ip-172-31-52-108: Temporary failure in name resolution
Alluxio-alluxio,tachyon.client.RemoteBlockInStreamTest#readTest2,matched (73 report(s) available),java.net.UnknownHostException,Unclear,no rule matched -- raw exception type was 'java.net.UnknownHostException',ip-172-31-52-108: ip-172-31-52-108: Temporary failure in name resolution
Alluxio-alluxio,tachyon.client.RemoteBlockInStreamTest#readTest3,matched (73 report(s) available),java.net.UnknownHostException,Unclear,no rule matched -- raw exception type was 'java.net.UnknownHostException',ip-172-31-52-108: ip-172-31-52-108: Temporary failure in name resolution
Alluxio-alluxio,tachyon.client.RemoteBlockInStreamTest#skipTest,matched (73 report(s) available),java.net.UnknownHostException,Unclear,no rule matched -- raw exception type was 'java.net.UnknownHostException',ip-172-31-52-108: ip-172-31-52-108: Temporary failure in name resolution
Alluxio-alluxio,tachyon.client.RemoteBlockInStreamTest#readTest7,matched (73 report(s) available),java.net.UnknownHostException,Unclear,no rule matched -- raw exception type was 'java.net.UnknownHostException',ip-172-31-52-108: ip-172-31-52-108: Temporary failure in name resolution
Alluxio-alluxio,tachyon.client.RemoteBlockInStreamTest#readTest4,matched (74 report(s) available),java.net.UnknownHostException,Unclear,no rule matched -- raw exception type was 'java.net.UnknownHostException',ip-172-31-52-108: ip-172-31-52-108: Temporary failure in name resolution
Alluxio-alluxio,tachyon.client.RemoteBlockInStreamTest#readTest6,matched (73 report(s) available),java.net.UnknownHostException,Unclear,no rule matched -- raw exception type was 'java.net.UnknownHostException',ip-172-31-52-108: ip-172-31-52-108: Temporary failure in name resolution
Alluxio-alluxio,tachyon.client.RemoteBlockInStreamTest#readTest5,matched (73 report(s) available),java.net.UnknownHostException,Unclear,no rule matched -- raw exception type was 'java.net.UnknownHostException',ip-172-31-52-108: ip-172-31-52-108: Temporary failure in name resolution
Alluxio-alluxio,tachyon.MasterClientTest#openCloseTest,matched (76 report(s) available),java.lang.NullPointerException:,Unclear,no rule matched -- raw exception type was 'java.lang.NullPointerException:',
Alluxio-alluxio,tachyon.WorkerServiceHandlerTest#returnSpaceTest,matched (73 report(s) available),java.net.UnknownHostException,Unclear,no rule matched -- raw exception type was 'java.net.UnknownHostException',ip-172-31-52-108: ip-172-31-52-108: Temporary failure in name resolution
Alluxio-alluxio,tachyon.WorkerServiceHandlerTest#evictionTest,matched (75 report(s) available),java.lang.AssertionError:,Unclear,no rule matched -- raw exception type was 'java.lang.AssertionError:',
Alluxio-alluxio,tachyon.WorkerServiceHandlerTest#overCapacityRequestSpaceTest,matched (73 report(s) available),java.net.UnknownHostException,Unclear,no rule matched -- raw exception type was 'java.net.UnknownHostException',ip-172-31-52-108: ip-172-31-52-108: Temporary failure in name resolution
Alluxio-alluxio,tachyon.WorkerServiceHandlerTest#totalOverCapacityRequestSpaceTest,matched (73 report(s) available),java.net.UnknownHostException,Unclear,no rule matched -- raw exception type was 'java.net.UnknownHostException',ip-172-31-52-108: ip-172-31-52-108: Temporary failure in name resolution
Alluxio-alluxio,tachyon.WorkerServiceHandlerTest#overReturnSpaceTest,matched (73 report(s) available),java.net.UnknownHostException,Unclear,no rule matched -- raw exception type was 'java.net.UnknownHostException',ip-172-31-52-108: ip-172-31-52-108: Temporary failure in name resolution
Alluxio-alluxio,tachyon.client.TachyonFileTest#isInMemoryTest2,matched (84 report(s) available),junit.framework.AssertionFailedError:,Unclear,no rule matched -- raw exception type was 'junit.framework.AssertionFailedError:',
Alluxio-alluxio,tachyon.client.TachyonFileTest#isInMemoryTest,matched (74 report(s) available),java.net.UnknownHostException,Unclear,no rule matched -- raw exception type was 'java.net.UnknownHostException',ip-172-31-52-108: ip-172-31-52-108: Temporary failure in name resolution
Alluxio-alluxio,tachyon.client.TachyonFileTest#isInMemoryTest3,matched (84 report(s) available),junit.framework.AssertionFailedError:,Unclear,no rule matched -- raw exception type was 'junit.framework.AssertionFailedError:',
Alluxio-alluxio,tachyon.client.TachyonFileTest#writeEmptyFileTest,matched (74 report(s) available),java.net.UnknownHostException,Unclear,no rule matched -- raw exception type was 'java.net.UnknownHostException',ip-172-31-52-108: ip-172-31-52-108: Temporary failure in name resolution
Alluxio-alluxio,tachyon.client.FileOutStreamTest#writeTest1,matched (98 report(s) available),java.io.IOException,Unclear,no rule matched -- raw exception type was 'java.io.IOException',The machine does not have any local worker.
Alluxio-alluxio,tachyon.client.FileOutStreamTest#writeTest2,matched (101 report(s) available),java.net.UnknownHostException,Unclear,no rule matched -- raw exception type was 'java.net.UnknownHostException',ip-172-31-52-108: ip-172-31-52-108: Temporary failure in name resolution
Alluxio-alluxio,tachyon.client.FileOutStreamTest#writeTest3,matched (241 report(s) available),java.io.IOException,Unclear,no rule matched -- raw exception type was 'java.io.IOException',The machine does not have any local worker.
Alluxio-alluxio,tachyon.command.TFsShellTest#locationTest,matched (76 report(s) available),java.net.UnknownHostException,Unclear,no rule matched -- raw exception type was 'java.net.UnknownHostException',ip-172-31-52-108: ip-172-31-52-108: Temporary failure in name resolution
Alluxio-alluxio,tachyon.command.TFsShellTest#mkdirTest,matched (73 report(s) available),java.net.UnknownHostException,Unclear,no rule matched -- raw exception type was 'java.net.UnknownHostException',ip-172-31-52-108: ip-172-31-52-108: Temporary failure in name resolution
Alluxio-alluxio,tachyon.command.TFsShellTest#mkdirShortPathTest,matched (73 report(s) available),java.net.UnknownHostException,Unclear,no rule matched -- raw exception type was 'java.net.UnknownHostException',ip-172-31-52-108: ip-172-31-52-108: Temporary failure in name resolution
Alluxio-alluxio,tachyon.command.TFsShellTest#mkdirComplexPathTest,matched (73 report(s) available),java.net.UnknownHostException,Unclear,no rule matched -- raw exception type was 'java.net.UnknownHostException',ip-172-31-52-108: ip-172-31-52-108: Temporary failure in name resolution
Alluxio-alluxio,tachyon.command.TFsShellTest#mkdirExistingTest,matched (73 report(s) available),java.net.UnknownHostException,Unclear,no rule matched -- raw exception type was 'java.net.UnknownHostException',ip-172-31-52-108: ip-172-31-52-108: Temporary failure in name resolution
Alluxio-alluxio,tachyon.command.TFsShellTest#mkdirInvalidPathTest,matched (73 report(s) available),java.net.UnknownHostException,Unclear,no rule matched -- raw exception type was 'java.net.UnknownHostException',ip-172-31-52-108: ip-172-31-52-108: Temporary failure in name resolution
Alluxio-alluxio,tachyon.command.TFsShellTest#rmTest,matched (73 report(s) available),java.net.UnknownHostException,Unclear,no rule matched -- raw exception type was 'java.net.UnknownHostException',ip-172-31-52-108: ip-172-31-52-108: Temporary failure in name resolution
Alluxio-alluxio,tachyon.command.TFsShellTest#rmNotExistingFileTest,matched (73 report(s) available),java.net.UnknownHostException,Unclear,no rule matched -- raw exception type was 'java.net.UnknownHostException',ip-172-31-52-108: ip-172-31-52-108: Temporary failure in name resolution
Alluxio-alluxio,tachyon.command.TFsShellTest#renameTest,matched (73 report(s) available),java.net.UnknownHostException,Unclear,no rule matched -- raw exception type was 'java.net.UnknownHostException',ip-172-31-52-108: ip-172-31-52-108: Temporary failure in name resolution
Alluxio-alluxio,tachyon.command.TFsShellTest#renameToExistingFileTest,matched (73 report(s) available),java.net.UnknownHostException,Unclear,no rule matched -- raw exception type was 'java.net.UnknownHostException',ip-172-31-52-108: ip-172-31-52-108: Temporary failure in name resolution
Alluxio-alluxio,tachyon.command.TFsShellTest#renameParentDirectoryTest,matched (73 report(s) available),java.net.UnknownHostException,Unclear,no rule matched -- raw exception type was 'java.net.UnknownHostException',ip-172-31-52-108: ip-172-31-52-108: Temporary failure in name resolution
Alluxio-alluxio,tachyon.command.TFsShellTest#copyFromLocalTest,matched (73 report(s) available),java.net.UnknownHostException,Unclear,no rule matched -- raw exception type was 'java.net.UnknownHostException',ip-172-31-52-108: ip-172-31-52-108: Temporary failure in name resolution
Alluxio-alluxio,tachyon.command.TFsShellTest#copyFromLocalLargeTest,matched (73 report(s) available),java.net.UnknownHostException,Unclear,no rule matched -- raw exception type was 'java.net.UnknownHostException',ip-172-31-52-108: ip-172-31-52-108: Temporary failure in name resolution
Alluxio-alluxio,tachyon.command.TFsShellTest#copyToLocalTest,matched (115 report(s) available),java.io.IOException,Unclear,no rule matched -- raw exception type was 'java.io.IOException',The machine does not have any local worker.
Alluxio-alluxio,tachyon.command.TFsShellTest#copyToLocalLargeTest,matched (80 report(s) available),java.net.UnknownHostException,Unclear,no rule matched -- raw exception type was 'java.net.UnknownHostException',ip-172-31-52-108: ip-172-31-52-108: Temporary failure in name resolution
Alluxio-alluxio,tachyon.command.TFsShellTest#fileinfoTest,matched (91 report(s) available),java.io.IOException,Unclear,no rule matched -- raw exception type was 'java.io.IOException',The machine does not have any local worker.
Alluxio-alluxio,tachyon.client.table.RawColumnTest#basicTest,matched (73 report(s) available),java.net.UnknownHostException,Unclear,no rule matched -- raw exception type was 'java.net.UnknownHostException',ip-172-31-52-108: ip-172-31-52-108: Temporary failure in name resolution
Alluxio-alluxio,tachyon.client.FileInStreamTest#readTest1,matched (212 report(s) available),java.io.IOException,Unclear,no rule matched -- raw exception type was 'java.io.IOException',The machine does not have any local worker.
Alluxio-alluxio,tachyon.client.FileInStreamTest#readTest2,matched (103 report(s) available),java.io.IOException,Unclear,no rule matched -- raw exception type was 'java.io.IOException',The machine does not have any local worker.
Alluxio-alluxio,tachyon.client.FileInStreamTest#readTest3,matched (73 report(s) available),java.net.UnknownHostException,Unclear,no rule matched -- raw exception type was 'java.net.UnknownHostException',ip-172-31-52-108: ip-172-31-52-108: Temporary failure in name resolution
Alluxio-alluxio,tachyon.client.FileInStreamTest#skipTest,matched (73 report(s) available),java.net.UnknownHostException,Unclear,no rule matched -- raw exception type was 'java.net.UnknownHostException',ip-172-31-52-108: ip-172-31-52-108: Temporary failure in name resolution
Alluxio-alluxio,tachyon.JournalTest#EmptyImageTest,matched (76 report(s) available),java.lang.NullPointerException:,Unclear,no rule matched -- raw exception type was 'java.lang.NullPointerException:',
Alluxio-alluxio,tachyon.JournalTest#FileTest,matched (76 report(s) available),java.lang.NullPointerException:,Unclear,no rule matched -- raw exception type was 'java.lang.NullPointerException:',
Alluxio-alluxio,tachyon.JournalTest#ManyFileTest,matched (76 report(s) available),java.lang.NullPointerException:,Unclear,no rule matched -- raw exception type was 'java.lang.NullPointerException:',
Alluxio-alluxio,tachyon.JournalTest#FileFolderTest,matched (76 report(s) available),java.lang.NullPointerException:,Unclear,no rule matched -- raw exception type was 'java.lang.NullPointerException:',
Alluxio-alluxio,tachyon.JournalTest#RenameTest,matched (76 report(s) available),java.lang.NullPointerException:,Unclear,no rule matched -- raw exception type was 'java.lang.NullPointerException:',
Alluxio-alluxio,tachyon.JournalTest#DeleteTest,matched (76 report(s) available),java.lang.NullPointerException:,Unclear,no rule matched -- raw exception type was 'java.lang.NullPointerException:',
Alluxio-alluxio,tachyon.JournalTest#AddBlockTest,matched (76 report(s) available),java.lang.NullPointerException:,Unclear,no rule matched -- raw exception type was 'java.lang.NullPointerException:',
Alluxio-alluxio,tachyon.JournalTest#AddCheckpointTest,matched (76 report(s) available),java.lang.NullPointerException:,Unclear,no rule matched -- raw exception type was 'java.lang.NullPointerException:',
Alluxio-alluxio,tachyon.client.table.RawTableTest#getIdTest,matched (73 report(s) available),java.net.UnknownHostException,Unclear,no rule matched -- raw exception type was 'java.net.UnknownHostException',ip-172-31-52-108: ip-172-31-52-108: Temporary failure in name resolution
Alluxio-alluxio,tachyon.client.table.RawTableTest#rawtablePerfTest,matched (73 report(s) available),java.net.UnknownHostException,Unclear,no rule matched -- raw exception type was 'java.net.UnknownHostException',ip-172-31-52-108: ip-172-31-52-108: Temporary failure in name resolution
Alluxio-alluxio,tachyon.client.table.RawTableTest#getColumnsTest,matched (73 report(s) available),java.net.UnknownHostException,Unclear,no rule matched -- raw exception type was 'java.net.UnknownHostException',ip-172-31-52-108: ip-172-31-52-108: Temporary failure in name resolution
Alluxio-alluxio,tachyon.client.table.RawTableTest#getNameTest,matched (73 report(s) available),java.net.UnknownHostException,Unclear,no rule matched -- raw exception type was 'java.net.UnknownHostException',ip-172-31-52-108: ip-172-31-52-108: Temporary failure in name resolution
Alluxio-alluxio,tachyon.client.table.RawTableTest#getPathTest,matched (73 report(s) available),java.net.UnknownHostException,Unclear,no rule matched -- raw exception type was 'java.net.UnknownHostException',ip-172-31-52-108: ip-172-31-52-108: Temporary failure in name resolution
Alluxio-alluxio,tachyon.client.table.RawTableTest#getMetadataTest,matched (73 report(s) available),java.net.UnknownHostException,Unclear,no rule matched -- raw exception type was 'java.net.UnknownHostException',ip-172-31-52-108: ip-172-31-52-108: Temporary failure in name resolution
Alluxio-alluxio,tachyon.client.table.RawTableTest#updateMetadataTest,matched (73 report(s) available),java.net.UnknownHostException,Unclear,no rule matched -- raw exception type was 'java.net.UnknownHostException',ip-172-31-52-108: ip-172-31-52-108: Temporary failure in name resolution
Alluxio-alluxio,tachyon.client.BlockInStreamTest#readTest1,matched (73 report(s) available),java.net.UnknownHostException,Unclear,no rule matched -- raw exception type was 'java.net.UnknownHostException',ip-172-31-52-108: ip-172-31-52-108: Temporary failure in name resolution
Alluxio-alluxio,tachyon.client.BlockInStreamTest#readTest2,matched (73 report(s) available),java.net.UnknownHostException,Unclear,no rule matched -- raw exception type was 'java.net.UnknownHostException',ip-172-31-52-108: ip-172-31-52-108: Temporary failure in name resolution
Alluxio-alluxio,tachyon.client.BlockInStreamTest#readTest3,matched (73 report(s) available),java.net.UnknownHostException,Unclear,no rule matched -- raw exception type was 'java.net.UnknownHostException',ip-172-31-52-108: ip-172-31-52-108: Temporary failure in name resolution
Alluxio-alluxio,tachyon.client.BlockInStreamTest#skipTest,matched (73 report(s) available),java.net.UnknownHostException,Unclear,no rule matched -- raw exception type was 'java.net.UnknownHostException',ip-172-31-52-108: ip-172-31-52-108: Temporary failure in name resolution
Alluxio-alluxio,tachyon.client.TachyonFSTest#createFileWithInvalidPathExceptionTest,matched (73 report(s) available),java.net.UnknownHostException,Unclear,no rule matched -- raw exception type was 'java.net.UnknownHostException',ip-172-31-52-108: ip-172-31-52-108: Temporary failure in name resolution
Alluxio-alluxio,tachyon.client.TachyonFSTest#createFileWithFileAlreadyExistExceptionTest,matched (73 report(s) available),java.net.UnknownHostException,Unclear,no rule matched -- raw exception type was 'java.net.UnknownHostException',ip-172-31-52-108: ip-172-31-52-108: Temporary failure in name resolution
Alluxio-alluxio,tachyon.client.TachyonFSTest#createFileWithCheckpointFileTest,matched (73 report(s) available),java.net.UnknownHostException,Unclear,no rule matched -- raw exception type was 'java.net.UnknownHostException',ip-172-31-52-108: ip-172-31-52-108: Temporary failure in name resolution
Alluxio-alluxio,tachyon.client.TachyonFSTest#createRawTableTestEmptyMetadata,matched (73 report(s) available),java.net.UnknownHostException,Unclear,no rule matched -- raw exception type was 'java.net.UnknownHostException',ip-172-31-52-108: ip-172-31-52-108: Temporary failure in name resolution
Alluxio-alluxio,tachyon.client.TachyonFSTest#createRawTableTestWithMetadata,matched (73 report(s) available),java.net.UnknownHostException,Unclear,no rule matched -- raw exception type was 'java.net.UnknownHostException',ip-172-31-52-108: ip-172-31-52-108: Temporary failure in name resolution
Alluxio-alluxio,tachyon.client.TachyonFSTest#createRawTableWithInvalidPathExceptionTest1,matched (73 report(s) available),java.net.UnknownHostException,Unclear,no rule matched -- raw exception type was 'java.net.UnknownHostException',ip-172-31-52-108: ip-172-31-52-108: Temporary failure in name resolution
Alluxio-alluxio,tachyon.client.TachyonFSTest#createRawTableWithInvalidPathExceptionTest2,matched (73 report(s) available),java.net.UnknownHostException,Unclear,no rule matched -- raw exception type was 'java.net.UnknownHostException',ip-172-31-52-108: ip-172-31-52-108: Temporary failure in name resolution
Alluxio-alluxio,tachyon.client.TachyonFSTest#createRawTableWithFileAlreadyExistExceptionTest,matched (73 report(s) available),java.net.UnknownHostException,Unclear,no rule matched -- raw exception type was 'java.net.UnknownHostException',ip-172-31-52-108: ip-172-31-52-108: Temporary failure in name resolution
Alluxio-alluxio,tachyon.client.TachyonFSTest#createRawTableWithTableColumnExceptionTest1,matched (73 report(s) available),java.net.UnknownHostException,Unclear,no rule matched -- raw exception type was 'java.net.UnknownHostException',ip-172-31-52-108: ip-172-31-52-108: Temporary failure in name resolution
Alluxio-alluxio,tachyon.client.TachyonFSTest#createRawTableWithTableColumnExceptionTest2,matched (73 report(s) available),java.net.UnknownHostException,Unclear,no rule matched -- raw exception type was 'java.net.UnknownHostException',ip-172-31-52-108: ip-172-31-52-108: Temporary failure in name resolution
Alluxio-alluxio,tachyon.client.TachyonFSTest#createRawTableWithTableColumnExceptionTest3,matched (73 report(s) available),java.net.UnknownHostException,Unclear,no rule matched -- raw exception type was 'java.net.UnknownHostException',ip-172-31-52-108: ip-172-31-52-108: Temporary failure in name resolution
Alluxio-alluxio,tachyon.client.TachyonFSTest#renameFileTest3,matched (73 report(s) available),java.net.UnknownHostException,Unclear,no rule matched -- raw exception type was 'java.net.UnknownHostException',ip-172-31-52-108: ip-172-31-52-108: Temporary failure in name resolution
Alluxio-alluxio,tachyon.client.TachyonFSTest#lockBlockTest1,matched (92 report(s) available),java.lang.AssertionError:,Unclear,no rule matched -- raw exception type was 'java.lang.AssertionError:',
Alluxio-alluxio,tachyon.client.TachyonFSTest#lockBlockTest2,matched (74 report(s) available),java.net.UnknownHostException,Unclear,no rule matched -- raw exception type was 'java.net.UnknownHostException',ip-172-31-52-108: ip-172-31-52-108: Temporary failure in name resolution
Alluxio-alluxio,tachyon.client.TachyonFSTest#lockBlockTest3,matched (75 report(s) available),java.net.UnknownHostException,Unclear,no rule matched -- raw exception type was 'java.net.UnknownHostException',ip-172-31-52-108: ip-172-31-52-108: Temporary failure in name resolution
Alluxio-alluxio,tachyon.client.TachyonFSTest#lockBlockTest4,matched (90 report(s) available),java.lang.AssertionError:,Unclear,no rule matched -- raw exception type was 'java.lang.AssertionError:',
Alluxio-alluxio,tachyon.client.TachyonFSTest#unlockBlockTest1,matched (74 report(s) available),java.net.UnknownHostException,Unclear,no rule matched -- raw exception type was 'java.net.UnknownHostException',ip-172-31-52-108: ip-172-31-52-108: Temporary failure in name resolution
Alluxio-alluxio,tachyon.client.TachyonFSTest#unlockBlockTest2,matched (73 report(s) available),java.net.UnknownHostException,Unclear,no rule matched -- raw exception type was 'java.net.UnknownHostException',ip-172-31-52-108: ip-172-31-52-108: Temporary failure in name resolution
Alluxio-alluxio,tachyon.client.TachyonFSTest#unlockBlockTest3,matched (75 report(s) available),java.net.UnknownHostException,Unclear,no rule matched -- raw exception type was 'java.net.UnknownHostException',ip-172-31-52-108: ip-172-31-52-108: Temporary failure in name resolution
Alluxio-alluxio,tachyon.client.TachyonFSTest#createFileTest2,matched (73 report(s) available),java.net.UnknownHostException,Unclear,no rule matched -- raw exception type was 'java.net.UnknownHostException',ip-172-31-52-108: ip-172-31-52-108: Temporary failure in name resolution
Alluxio-alluxio,tachyon.client.TachyonFSTest#renameFileTest1,matched (73 report(s) available),java.net.UnknownHostException,Unclear,no rule matched -- raw exception type was 'java.net.UnknownHostException',ip-172-31-52-108: ip-172-31-52-108: Temporary failure in name resolution
Alluxio-alluxio,tachyon.client.TachyonFSTest#renameFileTest2,matched (73 report(s) available),java.net.UnknownHostException,Unclear,no rule matched -- raw exception type was 'java.net.UnknownHostException',ip-172-31-52-108: ip-172-31-52-108: Temporary failure in name resolution
Alluxio-alluxio,tachyon.client.TachyonFSTest#createFileTest,matched (73 report(s) available),java.net.UnknownHostException,Unclear,no rule matched -- raw exception type was 'java.net.UnknownHostException',ip-172-31-52-108: ip-172-31-52-108: Temporary failure in name resolution
Alluxio-alluxio,tachyon.client.TachyonFSTest#deleteFileTest,matched (238 report(s) available),java.lang.AssertionError,Unclear,no rule matched -- raw exception type was 'java.lang.AssertionError',expected:<6000> but was:<8000>
activiti-activiti,org.activiti.spring.test.servicetask.ServiceTaskSpringDelegationTest#testAsyncMethodExpressionOnSpringBean,matched (1 report(s) available),org.activiti.engine.ActivitiException,Async Wait,guess: found async-related keyword 'async' in exception/message/test name,time limit of 5000 was exceeded
activiti-activiti,org.activiti.spring.test.jobexecutor.SpringAsyncExecutorTest#testHappyJobExecutorPath,matched (15 report(s) available),junit.framework.AssertionFailedError,Async Wait,guess: found async-related keyword 'async' in exception/message/test name,
activiti-activiti,org.activiti.engine.test.jobexecutor.AsyncExecutorTest#testAsyncExecutorDisabledOnOneEngine,matched (6 report(s) available),java.lang.AssertionError,Async Wait,guess: found async-related keyword 'async' in exception/message/test name,expected:<1> but was:<2>
activiti-activiti,org.activiti.engine.test.jobexecutor.AsyncExecutorTest#testRegularAsyncExecution,matched (1 report(s) available),java.lang.AssertionError,Async Wait,guess: found async-related keyword 'async' in exception/message/test name,expected:<1> but was:<0>
activiti-activiti,org.activiti.engine.test.jobexecutor.AsyncExecutorTest#testAsyncFailingScript,matched (15 report(s) available),java.lang.AssertionError,Async Wait,guess: found async-related keyword 'async' in exception/message/test name,expected:<3> but was:<4>
activiti-activiti,org.activiti.engine.test.api.repository.ProcessDefinitionSuspensionTest#testDelayedActivateProcessDefinition,matched (1 report(s) available),org.apache.ibatis.exceptions.PersistenceException,Async Wait,guess: found async-related keyword 'executor' in exception/message/test name,"
### Error updating database.  Cause: org.h2.jdbc.JdbcSQLException: Referential integrity constraint violation: ""ACT_FK_TIMER_JOB_PROC_DEF: PUBLIC.ACT_RU_TIMER_JOB FOREIGN KEY(PROC_DEF_ID_) REFERENCES PUBLIC.ACT_RE_PROCDEF(ID_) ('oneTaskProcess:1:4156')""; SQL statement:
delete from ACT_RE_PROCDEF where DEPLOYMENT_ID_ = ? [23503-197]
### The error may involve org.activiti.engine.impl.persistence.entity.ProcessDefinitionEntityImpl.deleteProcessDefinitionsByDeploymentId-Inline
### The error occurred while setting parameters
### SQL: delete from ACT_RE_PROCDEF where DEPLOYMENT_ID_ = ?
### Cause: org.h2.jdbc.JdbcSQLException: Referential integrity constraint violation: ""ACT_FK_TIMER_JOB_PROC_DEF: PUBLIC.ACT_RU_TIMER_JOB FOREIGN KEY(PROC_DEF_ID_) REFERENCES PUBLIC.ACT_RE_PROCDEF(ID_) ('oneTaskProcess:1:4156')""; SQL statement:
delete from ACT_RE_PROCDEF where DEPLOYMENT_ID_ = ? [23503-197]"
activiti-activiti,org.activiti.engine.test.api.repository.ProcessDefinitionSuspensionTest#testSuspendProcessInstancesDuringProcessDefinitionSuspend,matched (1 report(s) available),org.activiti.engine.ActivitiException,Async Wait,guess: found async-related keyword 'executor' in exception/message/test name,Query return 2 results instead of max 1
activiti-activiti,org.activiti.engine.test.api.repository.ProcessDefinitionSuspensionTest#testDelayedSuspendMultipleProcessDefinitionsByKey,matched (1 report(s) available),junit.framework.AssertionFailedError,Unclear,no rule matched -- raw exception type was 'junit.framework.AssertionFailedError',expected:<5> but was:<4>
activiti-activiti,org.activiti.engine.test.jobexecutor.JobExecutorTest#testBasicJobExecutorOperation,matched (46 report(s) available),junit.framework.AssertionFailedError,Async Wait,guess: found async-related keyword 'executor' in exception/message/test name,"expected:<[message-four, message-one, message-three, message-two, timer-one, timer-two]> but was:<[message-four, message-one, message-three, message-two, timer-one]>"
activiti-activiti,org.activiti.engine.test.bpmn.gateway.EventBasedGatewayTest#testCatchTimerCancelsSignal,matched (3 report(s) available),junit.framework.AssertionFailedError,Unclear,no rule matched -- raw exception type was 'junit.framework.AssertionFailedError',expected:<0> but was:<1>
activiti-activiti,org.activiti.engine.test.bpmn.event.timer.StartTimerEventRepeatWithEndTest#testCycleDateStartTimerEvent,matched (1 report(s) available),java.lang.NullPointerException,Unclear,no rule matched -- raw exception type was 'java.lang.NullPointerException',
activiti-activiti,org.activiti.engine.test.jobexecutor.JobExecutorExceptionsTest#testQueryByExceptionWithRealJobExecutor,matched (1 report(s) available),org.activiti.engine.ActivitiException,Async Wait,guess: found async-related keyword 'time limit' in exception/message/test name,time limit of 5000 was exceeded
activiti-activiti,org.activiti.engine.test.bpmn.event.timer.compatibility.StartTimerEventRepeatCompatibilityTest#testCycleDateStartTimerEvent,matched (2 report(s) available),junit.framework.AssertionFailedError,Unclear,no rule matched -- raw exception type was 'junit.framework.AssertionFailedError',expected:<10> but was:<11>
activiti-activiti,org.activiti.engine.test.bpmn.event.end.TerminateEndEventTest#testTerminateInSubProcessWithBoundary,matched (18 report(s) available),junit.framework.AssertionFailedError,Unclear,no rule matched -- raw exception type was 'junit.framework.AssertionFailedError',Expected finished process instance '39451' but it was still in the db
activiti-activiti,org.activiti.engine.test.bpmn.event.timer.BoundaryTimerEventTest#testExpressionOnTimer,matched (46 report(s) available),junit.framework.AssertionFailedError,Unclear,no rule matched -- raw exception type was 'junit.framework.AssertionFailedError',expected:<0> but was:<1>
activiti-activiti,org.activiti.engine.test.bpmn.event.timer.BoundaryTimerEventTest#testMultipleTimersOnUserTask,matched (47 report(s) available),junit.framework.AssertionFailedError,Unclear,no rule matched -- raw exception type was 'junit.framework.AssertionFailedError',expected:<0> but was:<3>
activiti-activiti,org.activiti.engine.test.bpmn.event.timer.StartTimerEventTest#testDurationStartTimerEvent,matched (3 report(s) available),junit.framework.AssertionFailedError,Unclear,no rule matched -- raw exception type was 'junit.framework.AssertionFailedError',expected:<1> but was:<0>
activiti-activiti,org.activiti.engine.test.bpmn.subprocess.SubProcessTest#testNestedSimpleSubprocessWithTimerOnInnerSubProcess,matched (13 report(s) available),junit.framework.ComparisonFailure,Unclear,no rule matched -- raw exception type was 'junit.framework.ComparisonFailure',expected:<[Escalated task]> but was:<[Task in subprocess]>
activiti-activiti,org.activiti.engine.test.bpmn.subprocess.SubProcessTest#testSimpleSubProcessWithTimer,matched (2 report(s) available),junit.framework.ComparisonFailure,Unclear,no rule matched -- raw exception type was 'junit.framework.ComparisonFailure',expected:<[Fix escalated problem]> but was:<[Task in subprocess]>
activiti-activiti,org.activiti.engine.test.bpmn.event.timer.compatibility.BoundaryTimerEventRepeatCompatibilityTest#testRepeatWithoutEnd,matched (1 report(s) available),org.activiti.engine.ActivitiException,Async Wait,guess: found async-related keyword 'time limit' in exception/message/test name,time limit of 2000 was exceeded
activiti-activiti,org.activiti.engine.test.bpmn.event.timer.IntermediateTimerEventTest#testCatchingTimerEvent,matched (47 report(s) available),junit.framework.AssertionFailedError,Unclear,no rule matched -- raw exception type was 'junit.framework.AssertionFailedError',expected:<0> but was:<1>
activiti-activiti,org.activiti.engine.test.bpmn.event.timer.IntermediateTimerEventTest#testTimerEventWithStartAndDuration,matched (24 report(s) available),junit.framework.AssertionFailedError,Unclear,no rule matched -- raw exception type was 'junit.framework.AssertionFailedError',expected:<0> but was:<1>
activiti-activiti,org.activiti.engine.test.bpmn.async.AsyncExclusiveJobsTest#testExclusiveJobs,matched (3 report(s) available),org.activiti.engine.ActivitiException,Async Wait,guess: found async-related keyword 'async' in exception/message/test name,time limit of 20000 was exceeded
activiti-activiti,org.activiti.engine.test.api.event.JobEventsTest#testTimerFiredForIntermediateTimer,matched (1 report(s) available),junit.framework.AssertionFailedError,Unclear,no rule matched -- raw exception type was 'junit.framework.AssertionFailedError',TIMER_FIRED event was expected 1 times. expected:<1> but was:<2>
activiti-activiti,org.activiti.engine.test.bpmn.exclusive.ExclusiveTimerEventTest#testCatchingTimerEvent,matched (1 report(s) available),org.activiti.engine.ActivitiException,Async Wait,guess: found async-related keyword 'time limit' in exception/message/test name,time limit of 5000 was exceeded
activiti-activiti,org.activiti.engine.test.bpmn.async.AsyncTaskTest#testAsyncTask,matched (1 report(s) available),org.activiti.engine.ActivitiException,Async Wait,guess: found async-related keyword 'async' in exception/message/test name,time limit of 5000 was exceeded
activiti-activiti,org.activiti.engine.test.bpmn.async.AsyncTaskTest#testBasicAsyncCallActivity,matched (1 report(s) available),org.activiti.engine.ActivitiException,Async Wait,guess: found async-related keyword 'async' in exception/message/test name,time limit of 5000 was exceeded
activiti-activiti,org.activiti.engine.test.api.task.TaskServiceTest#testGetVariableByHistoricActivityInstance,matched (29 report(s) available),junit.framework.AssertionFailedError,Unclear,no rule matched -- raw exception type was 'junit.framework.AssertionFailedError',expected:<value1> but was:<value2>
activiti-activiti,org.activiti.engine.test.bpmn.event.timer.BoundaryTimerNonInterruptingEventTest#testJoin,matched (42 report(s) available),junit.framework.AssertionFailedError,Unclear,no rule matched -- raw exception type was 'junit.framework.AssertionFailedError',expected:<0> but was:<1>
activiti-activiti,org.activiti.engine.test.bpmn.event.timer.BoundaryTimerNonInterruptingEventTest#testMultipleTimersOnUserTask,matched (17 report(s) available),junit.framework.AssertionFailedError,Unclear,no rule matched -- raw exception type was 'junit.framework.AssertionFailedError',expected:<0> but was:<1>
activiti-activiti,org.activiti.engine.test.api.event.ActivityEventsTest#testActivityTimeOutEvent,matched (62 report(s) available),org.activiti.engine.ActivitiException,Async Wait,guess: found async-related keyword 'time limit' in exception/message/test name,time limit of 2000 was exceeded
activiti-activiti,org.activiti.engine.test.history.HistoricVariableInstanceTest#testHistoricVariableQueryByTaskIds,matched (932 report(s) available),junit.framework.ComparisonFailure,Unclear,no rule matched -- raw exception type was 'junit.framework.ComparisonFailure',expected:<taskVar[1]> but was:<taskVar[2]>
apache-ambari,org.apache.ambari.server.controller.AmbariManagementControllerTest#testGetClusters,matched (65 report(s) available),com.google.inject.ProvisionException,Unclear,no rule matched -- raw exception type was 'com.google.inject.ProvisionException',"Guice provision errors:  1) Error injecting constructor, java.net.UnknownHostException: ip-172-31-63-221: ip-172-31-63-221: Temporary failure in name resolution   at org.apache.ambari.server.controller.AmbariManagementControllerImpl.<init>(AmbariManagementControllerImpl.java:134)   at org.apache.ambari.server.controller.AmbariManagementControllerImpl.class(AmbariManagementControllerImpl.java:88)   while locating org.apache.ambari.server.controller.AmbariManagementControllerImpl   while locating org.apache.ambari.server.controller.AmbariManagementController  1 error"
apache-ambari,org.apache.ambari.server.controller.AmbariManagementControllerTest#testGetClustersWithFilters,matched (65 report(s) available),com.google.inject.ProvisionException,Unclear,no rule matched -- raw exception type was 'com.google.inject.ProvisionException',"Guice provision errors:  1) Error injecting constructor, java.net.UnknownHostException: ip-172-31-63-221: ip-172-31-63-221: Temporary failure in name resolution   at org.apache.ambari.server.controller.AmbariManagementControllerImpl.<init>(AmbariManagementControllerImpl.java:134)   at org.apache.ambari.server.controller.AmbariManagementControllerImpl.class(AmbariManagementControllerImpl.java:88)   while locating org.apache.ambari.server.controller.AmbariManagementControllerImpl   while locating org.apache.ambari.server.controller.AmbariManagementController  1 error"
apache-ambari,org.apache.ambari.server.controller.AmbariManagementControllerTest#testGetServices,matched (65 report(s) available),com.google.inject.ProvisionException,Unclear,no rule matched -- raw exception type was 'com.google.inject.ProvisionException',"Guice provision errors:  1) Error injecting constructor, java.net.UnknownHostException: ip-172-31-63-221: ip-172-31-63-221: Temporary failure in name resolution   at org.apache.ambari.server.controller.AmbariManagementControllerImpl.<init>(AmbariManagementControllerImpl.java:134)   at org.apache.ambari.server.controller.AmbariManagementControllerImpl.class(AmbariManagementControllerImpl.java:88)   while locating org.apache.ambari.server.controller.AmbariManagementControllerImpl   while locating org.apache.ambari.server.controller.AmbariManagementController  1 error"
apache-ambari,org.apache.ambari.server.controller.AmbariManagementControllerTest#testGetServicesWithFilters,matched (65 report(s) available),com.google.inject.ProvisionException,Unclear,no rule matched -- raw exception type was 'com.google.inject.ProvisionException',"Guice provision errors:  1) Error injecting constructor, java.net.UnknownHostException: ip-172-31-63-221: ip-172-31-63-221: Temporary failure in name resolution   at org.apache.ambari.server.controller.AmbariManagementControllerImpl.<init>(AmbariManagementControllerImpl.java:134)   at org.apache.ambari.server.controller.AmbariManagementControllerImpl.class(AmbariManagementControllerImpl.java:88)   while locating org.apache.ambari.server.controller.AmbariManagementControllerImpl   while locating org.apache.ambari.server.controller.AmbariManagementController  1 error"
apache-ambari,org.apache.ambari.server.controller.AmbariManagementControllerTest#testGetServiceComponents,matched (65 report(s) available),com.google.inject.ProvisionException,Unclear,no rule matched -- raw exception type was 'com.google.inject.ProvisionException',"Guice provision errors:  1) Error injecting constructor, java.net.UnknownHostException: ip-172-31-63-221: ip-172-31-63-221: Temporary failure in name resolution   at org.apache.ambari.server.controller.AmbariManagementControllerImpl.<init>(AmbariManagementControllerImpl.java:134)   at org.apache.ambari.server.controller.AmbariManagementControllerImpl.class(AmbariManagementControllerImpl.java:88)   while locating org.apache.ambari.server.controller.AmbariManagementControllerImpl   while locating org.apache.ambari.server.controller.AmbariManagementController  1 error"
apache-ambari,org.apache.ambari.server.controller.AmbariManagementControllerTest#testGetServiceComponentsWithFilters,matched (65 report(s) available),com.google.inject.ProvisionException,Unclear,no rule matched -- raw exception type was 'com.google.inject.ProvisionException',"Guice provision errors:  1) Error injecting constructor, java.net.UnknownHostException: ip-172-31-63-221: ip-172-31-63-221: Temporary failure in name resolution   at org.apache.ambari.server.controller.AmbariManagementControllerImpl.<init>(AmbariManagementControllerImpl.java:134)   at org.apache.ambari.server.controller.AmbariManagementControllerImpl.class(AmbariManagementControllerImpl.java:88)   while locating org.apache.ambari.server.controller.AmbariManagementControllerImpl   while locating org.apache.ambari.server.controller.AmbariManagementController  1 error"
apache-ambari,org.apache.ambari.server.controller.AmbariManagementControllerTest#testGetServiceComponentHosts,matched (65 report(s) available),com.google.inject.ProvisionException,Unclear,no rule matched -- raw exception type was 'com.google.inject.ProvisionException',"Guice provision errors:  1) Error injecting constructor, java.net.UnknownHostException: ip-172-31-63-221: ip-172-31-63-221: Temporary failure in name resolution   at org.apache.ambari.server.controller.AmbariManagementControllerImpl.<init>(AmbariManagementControllerImpl.java:134)   at org.apache.ambari.server.controller.AmbariManagementControllerImpl.class(AmbariManagementControllerImpl.java:88)   while locating org.apache.ambari.server.controller.AmbariManagementControllerImpl   while locating org.apache.ambari.server.controller.AmbariManagementController  1 error"
apache-ambari,org.apache.ambari.server.controller.AmbariManagementControllerTest#testGetServiceComponentHostsWithFilters,matched (65 report(s) available),com.google.inject.ProvisionException,Unclear,no rule matched -- raw exception type was 'com.google.inject.ProvisionException',"Guice provision errors:  1) Error injecting constructor, java.net.UnknownHostException: ip-172-31-63-221: ip-172-31-63-221: Temporary failure in name resolution   at org.apache.ambari.server.controller.AmbariManagementControllerImpl.<init>(AmbariManagementControllerImpl.java:134)   at org.apache.ambari.server.controller.AmbariManagementControllerImpl.class(AmbariManagementControllerImpl.java:88)   while locating org.apache.ambari.server.controller.AmbariManagementControllerImpl   while locating org.apache.ambari.server.controller.AmbariManagementController  1 error"
apache-ambari,org.apache.ambari.server.controller.AmbariManagementControllerTest#testGetHosts,matched (65 report(s) available),com.google.inject.ProvisionException,Unclear,no rule matched -- raw exception type was 'com.google.inject.ProvisionException',"Guice provision errors:  1) Error injecting constructor, java.net.UnknownHostException: ip-172-31-63-221: ip-172-31-63-221: Temporary failure in name resolution   at org.apache.ambari.server.controller.AmbariManagementControllerImpl.<init>(AmbariManagementControllerImpl.java:134)   at org.apache.ambari.server.controller.AmbariManagementControllerImpl.class(AmbariManagementControllerImpl.java:88)   while locating org.apache.ambari.server.controller.AmbariManagementControllerImpl   while locating org.apache.ambari.server.controller.AmbariManagementController  1 error"
apache-ambari,org.apache.ambari.server.controller.AmbariManagementControllerTest#testServiceUpdateBasic,matched (65 report(s) available),com.google.inject.ProvisionException,Unclear,no rule matched -- raw exception type was 'com.google.inject.ProvisionException',"Guice provision errors:  1) Error injecting constructor, java.net.UnknownHostException: ip-172-31-63-221: ip-172-31-63-221: Temporary failure in name resolution   at org.apache.ambari.server.controller.AmbariManagementControllerImpl.<init>(AmbariManagementControllerImpl.java:134)   at org.apache.ambari.server.controller.AmbariManagementControllerImpl.class(AmbariManagementControllerImpl.java:88)   while locating org.apache.ambari.server.controller.AmbariManagementControllerImpl   while locating org.apache.ambari.server.controller.AmbariManagementController  1 error"
apache-ambari,org.apache.ambari.server.controller.AmbariManagementControllerTest#testServiceUpdateInvalidRequest,matched (65 report(s) available),com.google.inject.ProvisionException,Unclear,no rule matched -- raw exception type was 'com.google.inject.ProvisionException',"Guice provision errors:  1) Error injecting constructor, java.net.UnknownHostException: ip-172-31-63-221: ip-172-31-63-221: Temporary failure in name resolution   at org.apache.ambari.server.controller.AmbariManagementControllerImpl.<init>(AmbariManagementControllerImpl.java:134)   at org.apache.ambari.server.controller.AmbariManagementControllerImpl.class(AmbariManagementControllerImpl.java:88)   while locating org.apache.ambari.server.controller.AmbariManagementControllerImpl   while locating org.apache.ambari.server.controller.AmbariManagementController  1 error"
apache-ambari,org.apache.ambari.server.controller.AmbariManagementControllerTest#testServiceUpdateInvalidUpdates,matched (65 report(s) available),com.google.inject.ProvisionException,Unclear,no rule matched -- raw exception type was 'com.google.inject.ProvisionException',"Guice provision errors:  1) Error injecting constructor, java.net.UnknownHostException: ip-172-31-63-221: ip-172-31-63-221: Temporary failure in name resolution   at org.apache.ambari.server.controller.AmbariManagementControllerImpl.<init>(AmbariManagementControllerImpl.java:134)   at org.apache.ambari.server.controller.AmbariManagementControllerImpl.class(AmbariManagementControllerImpl.java:88)   while locating org.apache.ambari.server.controller.AmbariManagementControllerImpl   while locating org.apache.ambari.server.controller.AmbariManagementController  1 error"
apache-ambari,org.apache.ambari.server.controller.AmbariManagementControllerTest#testServiceUpdateRecursive,matched (65 report(s) available),com.google.inject.ProvisionException,Unclear,no rule matched -- raw exception type was 'com.google.inject.ProvisionException',"Guice provision errors:  1) Error injecting constructor, java.net.UnknownHostException: ip-172-31-63-221: ip-172-31-63-221: Temporary failure in name resolution   at org.apache.ambari.server.controller.AmbariManagementControllerImpl.<init>(AmbariManagementControllerImpl.java:134)   at org.apache.ambari.server.controller.AmbariManagementControllerImpl.class(AmbariManagementControllerImpl.java:88)   while locating org.apache.ambari.server.controller.AmbariManagementControllerImpl   while locating org.apache.ambari.server.controller.AmbariManagementController  1 error"
apache-ambari,org.apache.ambari.server.controller.AmbariManagementControllerTest#testServiceComponentUpdateRecursive,matched (65 report(s) available),com.google.inject.ProvisionException,Unclear,no rule matched -- raw exception type was 'com.google.inject.ProvisionException',"Guice provision errors:  1) Error injecting constructor, java.net.UnknownHostException: ip-172-31-63-221: ip-172-31-63-221: Temporary failure in name resolution   at org.apache.ambari.server.controller.AmbariManagementControllerImpl.<init>(AmbariManagementControllerImpl.java:134)   at org.apache.ambari.server.controller.AmbariManagementControllerImpl.class(AmbariManagementControllerImpl.java:88)   while locating org.apache.ambari.server.controller.AmbariManagementControllerImpl   while locating org.apache.ambari.server.controller.AmbariManagementController  1 error"
apache-ambari,org.apache.ambari.server.controller.AmbariManagementControllerTest#testServiceComponentHostUpdateRecursive,matched (65 report(s) available),com.google.inject.ProvisionException,Unclear,no rule matched -- raw exception type was 'com.google.inject.ProvisionException',"Guice provision errors:  1) Error injecting constructor, java.net.UnknownHostException: ip-172-31-63-221: ip-172-31-63-221: Temporary failure in name resolution   at org.apache.ambari.server.controller.AmbariManagementControllerImpl.<init>(AmbariManagementControllerImpl.java:134)   at org.apache.ambari.server.controller.AmbariManagementControllerImpl.class(AmbariManagementControllerImpl.java:88)   while locating org.apache.ambari.server.controller.AmbariManagementControllerImpl   while locating org.apache.ambari.server.controller.AmbariManagementController  1 error"
apache-ambari,org.apache.ambari.server.controller.AmbariManagementControllerTest#testStartClientComponent,matched (65 report(s) available),com.google.inject.ProvisionException,Unclear,no rule matched -- raw exception type was 'com.google.inject.ProvisionException',"Guice provision errors:  1) Error injecting constructor, java.net.UnknownHostException: ip-172-31-63-221: ip-172-31-63-221: Temporary failure in name resolution   at org.apache.ambari.server.controller.AmbariManagementControllerImpl.<init>(AmbariManagementControllerImpl.java:134)   at org.apache.ambari.server.controller.AmbariManagementControllerImpl.class(AmbariManagementControllerImpl.java:88)   while locating org.apache.ambari.server.controller.AmbariManagementControllerImpl   while locating org.apache.ambari.server.controller.AmbariManagementController  1 error"
apache-ambari,org.apache.ambari.server.controller.AmbariManagementControllerTest#testStartClientHostComponent,matched (65 report(s) available),com.google.inject.ProvisionException,Unclear,no rule matched -- raw exception type was 'com.google.inject.ProvisionException',"Guice provision errors:  1) Error injecting constructor, java.net.UnknownHostException: ip-172-31-63-221: ip-172-31-63-221: Temporary failure in name resolution   at org.apache.ambari.server.controller.AmbariManagementControllerImpl.<init>(AmbariManagementControllerImpl.java:134)   at org.apache.ambari.server.controller.AmbariManagementControllerImpl.class(AmbariManagementControllerImpl.java:88)   while locating org.apache.ambari.server.controller.AmbariManagementControllerImpl   while locating org.apache.ambari.server.controller.AmbariManagementController  1 error"
apache-ambari,org.apache.ambari.server.controller.AmbariManagementControllerTest#testGetRequestAndTaskStatus,matched (65 report(s) available),com.google.inject.ProvisionException,Unclear,no rule matched -- raw exception type was 'com.google.inject.ProvisionException',"Guice provision errors:  1) Error injecting constructor, java.net.UnknownHostException: ip-172-31-63-221: ip-172-31-63-221: Temporary failure in name resolution   at org.apache.ambari.server.controller.AmbariManagementControllerImpl.<init>(AmbariManagementControllerImpl.java:134)   at org.apache.ambari.server.controller.AmbariManagementControllerImpl.class(AmbariManagementControllerImpl.java:88)   while locating org.apache.ambari.server.controller.AmbariManagementControllerImpl   while locating org.apache.ambari.server.controller.AmbariManagementController  1 error"
apache-ambari,org.apache.ambari.server.controller.AmbariManagementControllerTest#testGetActions,matched (65 report(s) available),com.google.inject.ProvisionException,Unclear,no rule matched -- raw exception type was 'com.google.inject.ProvisionException',"Guice provision errors:  1) Error injecting constructor, java.net.UnknownHostException: ip-172-31-63-221: ip-172-31-63-221: Temporary failure in name resolution   at org.apache.ambari.server.controller.AmbariManagementControllerImpl.<init>(AmbariManagementControllerImpl.java:134)   at org.apache.ambari.server.controller.AmbariManagementControllerImpl.class(AmbariManagementControllerImpl.java:88)   while locating org.apache.ambari.server.controller.AmbariManagementControllerImpl   while locating org.apache.ambari.server.controller.AmbariManagementController  1 error"
apache-ambari,org.apache.ambari.server.controller.AmbariManagementControllerTest#testCreateActions,matched (65 report(s) available),com.google.inject.ProvisionException,Unclear,no rule matched -- raw exception type was 'com.google.inject.ProvisionException',"Guice provision errors:  1) Error injecting constructor, java.net.UnknownHostException: ip-172-31-63-221: ip-172-31-63-221: Temporary failure in name resolution   at org.apache.ambari.server.controller.AmbariManagementControllerImpl.<init>(AmbariManagementControllerImpl.java:134)   at org.apache.ambari.server.controller.AmbariManagementControllerImpl.class(AmbariManagementControllerImpl.java:88)   while locating org.apache.ambari.server.controller.AmbariManagementControllerImpl   while locating org.apache.ambari.server.controller.AmbariManagementController  1 error"
apache-ambari,org.apache.ambari.server.controller.AmbariManagementControllerTest#testCreateAndGetUsers,matched (65 report(s) available),com.google.inject.ProvisionException,Unclear,no rule matched -- raw exception type was 'com.google.inject.ProvisionException',"Guice provision errors:  1) Error injecting constructor, java.net.UnknownHostException: ip-172-31-63-221: ip-172-31-63-221: Temporary failure in name resolution   at org.apache.ambari.server.controller.AmbariManagementControllerImpl.<init>(AmbariManagementControllerImpl.java:134)   at org.apache.ambari.server.controller.AmbariManagementControllerImpl.class(AmbariManagementControllerImpl.java:88)   while locating org.apache.ambari.server.controller.AmbariManagementControllerImpl   while locating org.apache.ambari.server.controller.AmbariManagementController  1 error"
apache-ambari,org.apache.ambari.server.controller.AmbariManagementControllerTest#testGetUsers,matched (65 report(s) available),com.google.inject.ProvisionException,Unclear,no rule matched -- raw exception type was 'com.google.inject.ProvisionException',"Guice provision errors:  1) Error injecting constructor, java.net.UnknownHostException: ip-172-31-63-221: ip-172-31-63-221: Temporary failure in name resolution   at org.apache.ambari.server.controller.AmbariManagementControllerImpl.<init>(AmbariManagementControllerImpl.java:134)   at org.apache.ambari.server.controller.AmbariManagementControllerImpl.class(AmbariManagementControllerImpl.java:88)   while locating org.apache.ambari.server.controller.AmbariManagementControllerImpl   while locating org.apache.ambari.server.controller.AmbariManagementController  1 error"
apache-ambari,org.apache.ambari.server.controller.AmbariManagementControllerTest#testUpdateUsers,matched (65 report(s) available),com.google.inject.ProvisionException,Unclear,no rule matched -- raw exception type was 'com.google.inject.ProvisionException',"Guice provision errors:  1) Error injecting constructor, java.net.UnknownHostException: ip-172-31-63-221: ip-172-31-63-221: Temporary failure in name resolution   at org.apache.ambari.server.controller.AmbariManagementControllerImpl.<init>(AmbariManagementControllerImpl.java:134)   at org.apache.ambari.server.controller.AmbariManagementControllerImpl.class(AmbariManagementControllerImpl.java:88)   while locating org.apache.ambari.server.controller.AmbariManagementControllerImpl   while locating org.apache.ambari.server.controller.AmbariManagementController  1 error"
apache-ambari,org.apache.ambari.server.controller.AmbariManagementControllerTest#testDeleteUsers,matched (65 report(s) available),com.google.inject.ProvisionException,Unclear,no rule matched -- raw exception type was 'com.google.inject.ProvisionException',"Guice provision errors:  1) Error injecting constructor, java.net.UnknownHostException: ip-172-31-63-221: ip-172-31-63-221: Temporary failure in name resolution   at org.apache.ambari.server.controller.AmbariManagementControllerImpl.<init>(AmbariManagementControllerImpl.java:134)   at org.apache.ambari.server.controller.AmbariManagementControllerImpl.class(AmbariManagementControllerImpl.java:88)   while locating org.apache.ambari.server.controller.AmbariManagementControllerImpl   while locating org.apache.ambari.server.controller.AmbariManagementController  1 error"
apache-ambari,org.apache.ambari.server.controller.AmbariManagementControllerTest#testRcaOnJobtrackerHost,matched (65 report(s) available),com.google.inject.ProvisionException,Unclear,no rule matched -- raw exception type was 'com.google.inject.ProvisionException',"Guice provision errors:  1) Error injecting constructor, java.net.UnknownHostException: ip-172-31-63-221: ip-172-31-63-221: Temporary failure in name resolution   at org.apache.ambari.server.controller.AmbariManagementControllerImpl.<init>(AmbariManagementControllerImpl.java:134)   at org.apache.ambari.server.controller.AmbariManagementControllerImpl.class(AmbariManagementControllerImpl.java:88)   while locating org.apache.ambari.server.controller.AmbariManagementControllerImpl   while locating org.apache.ambari.server.controller.AmbariManagementController  1 error"
apache-ambari,org.apache.ambari.server.controller.AmbariManagementControllerTest#testConfigUpdates,matched (65 report(s) available),com.google.inject.ProvisionException,Unclear,no rule matched -- raw exception type was 'com.google.inject.ProvisionException',"Guice provision errors:  1) Error injecting constructor, java.net.UnknownHostException: ip-172-31-63-221: ip-172-31-63-221: Temporary failure in name resolution   at org.apache.ambari.server.controller.AmbariManagementControllerImpl.<init>(AmbariManagementControllerImpl.java:134)   at org.apache.ambari.server.controller.AmbariManagementControllerImpl.class(AmbariManagementControllerImpl.java:88)   while locating org.apache.ambari.server.controller.AmbariManagementControllerImpl   while locating org.apache.ambari.server.controller.AmbariManagementController  1 error"
apache-ambari,org.apache.ambari.server.controller.AmbariManagementControllerTest#testClientServiceSmokeTests,matched (65 report(s) available),com.google.inject.ProvisionException,Unclear,no rule matched -- raw exception type was 'com.google.inject.ProvisionException',"Guice provision errors:  1) Error injecting constructor, java.net.UnknownHostException: ip-172-31-63-221: ip-172-31-63-221: Temporary failure in name resolution   at org.apache.ambari.server.controller.AmbariManagementControllerImpl.<init>(AmbariManagementControllerImpl.java:134)   at org.apache.ambari.server.controller.AmbariManagementControllerImpl.class(AmbariManagementControllerImpl.java:88)   while locating org.apache.ambari.server.controller.AmbariManagementControllerImpl   while locating org.apache.ambari.server.controller.AmbariManagementController  1 error"
apache-ambari,org.apache.ambari.server.controller.AmbariManagementControllerTest#testCreateClusterWithInvalidStack,matched (65 report(s) available),com.google.inject.ProvisionException,Unclear,no rule matched -- raw exception type was 'com.google.inject.ProvisionException',"Guice provision errors:  1) Error injecting constructor, java.net.UnknownHostException: ip-172-31-63-221: ip-172-31-63-221: Temporary failure in name resolution   at org.apache.ambari.server.controller.AmbariManagementControllerImpl.<init>(AmbariManagementControllerImpl.java:134)   at org.apache.ambari.server.controller.AmbariManagementControllerImpl.class(AmbariManagementControllerImpl.java:88)   while locating org.apache.ambari.server.controller.AmbariManagementControllerImpl   while locating org.apache.ambari.server.controller.AmbariManagementController  1 error"
apache-ambari,org.apache.ambari.server.controller.AmbariManagementControllerTest#testCreateClusterWithDesiredClusterConfigs,matched (65 report(s) available),com.google.inject.ProvisionException,Unclear,no rule matched -- raw exception type was 'com.google.inject.ProvisionException',"Guice provision errors:  1) Error injecting constructor, java.net.UnknownHostException: ip-172-31-63-221: ip-172-31-63-221: Temporary failure in name resolution   at org.apache.ambari.server.controller.AmbariManagementControllerImpl.<init>(AmbariManagementControllerImpl.java:134)   at org.apache.ambari.server.controller.AmbariManagementControllerImpl.class(AmbariManagementControllerImpl.java:88)   while locating org.apache.ambari.server.controller.AmbariManagementControllerImpl   while locating org.apache.ambari.server.controller.AmbariManagementController  1 error"
apache-ambari,org.apache.ambari.server.controller.AmbariManagementControllerTest#testCreateClusterSimple,matched (65 report(s) available),com.google.inject.ProvisionException,Unclear,no rule matched -- raw exception type was 'com.google.inject.ProvisionException',"Guice provision errors:  1) Error injecting constructor, java.net.UnknownHostException: ip-172-31-63-221: ip-172-31-63-221: Temporary failure in name resolution   at org.apache.ambari.server.controller.AmbariManagementControllerImpl.<init>(AmbariManagementControllerImpl.java:134)   at org.apache.ambari.server.controller.AmbariManagementControllerImpl.class(AmbariManagementControllerImpl.java:88)   while locating org.apache.ambari.server.controller.AmbariManagementControllerImpl   while locating org.apache.ambari.server.controller.AmbariManagementController  1 error"
apache-ambari,org.apache.ambari.server.controller.AmbariManagementControllerTest#testCreateClusterWithHostMapping,matched (65 report(s) available),com.google.inject.ProvisionException,Unclear,no rule matched -- raw exception type was 'com.google.inject.ProvisionException',"Guice provision errors:  1) Error injecting constructor, java.net.UnknownHostException: ip-172-31-63-221: ip-172-31-63-221: Temporary failure in name resolution   at org.apache.ambari.server.controller.AmbariManagementControllerImpl.<init>(AmbariManagementControllerImpl.java:134)   at org.apache.ambari.server.controller.AmbariManagementControllerImpl.class(AmbariManagementControllerImpl.java:88)   while locating org.apache.ambari.server.controller.AmbariManagementControllerImpl   while locating org.apache.ambari.server.controller.AmbariManagementController  1 error"
apache-ambari,org.apache.ambari.server.controller.AmbariManagementControllerTest#testCreateServicesSimple,matched (65 report(s) available),com.google.inject.ProvisionException,Unclear,no rule matched -- raw exception type was 'com.google.inject.ProvisionException',"Guice provision errors:  1) Error injecting constructor, java.net.UnknownHostException: ip-172-31-63-221: ip-172-31-63-221: Temporary failure in name resolution   at org.apache.ambari.server.controller.AmbariManagementControllerImpl.<init>(AmbariManagementControllerImpl.java:134)   at org.apache.ambari.server.controller.AmbariManagementControllerImpl.class(AmbariManagementControllerImpl.java:88)   while locating org.apache.ambari.server.controller.AmbariManagementControllerImpl   while locating org.apache.ambari.server.controller.AmbariManagementController  1 error"
apache-ambari,org.apache.ambari.server.controller.AmbariManagementControllerTest#testCreateServicesWithInvalidRequest,matched (65 report(s) available),com.google.inject.ProvisionException,Unclear,no rule matched -- raw exception type was 'com.google.inject.ProvisionException',"Guice provision errors:  1) Error injecting constructor, java.net.UnknownHostException: ip-172-31-63-221: ip-172-31-63-221: Temporary failure in name resolution   at org.apache.ambari.server.controller.AmbariManagementControllerImpl.<init>(AmbariManagementControllerImpl.java:134)   at org.apache.ambari.server.controller.AmbariManagementControllerImpl.class(AmbariManagementControllerImpl.java:88)   while locating org.apache.ambari.server.controller.AmbariManagementControllerImpl   while locating org.apache.ambari.server.controller.AmbariManagementController  1 error"
apache-ambari,org.apache.ambari.server.controller.AmbariManagementControllerTest#testCreateServiceWithInvalidInfo,matched (65 report(s) available),com.google.inject.ProvisionException,Unclear,no rule matched -- raw exception type was 'com.google.inject.ProvisionException',"Guice provision errors:  1) Error injecting constructor, java.net.UnknownHostException: ip-172-31-63-221: ip-172-31-63-221: Temporary failure in name resolution   at org.apache.ambari.server.controller.AmbariManagementControllerImpl.<init>(AmbariManagementControllerImpl.java:134)   at org.apache.ambari.server.controller.AmbariManagementControllerImpl.class(AmbariManagementControllerImpl.java:88)   while locating org.apache.ambari.server.controller.AmbariManagementControllerImpl   while locating org.apache.ambari.server.controller.AmbariManagementController  1 error"
apache-ambari,org.apache.ambari.server.controller.AmbariManagementControllerTest#testCreateServicesMultiple,matched (65 report(s) available),com.google.inject.ProvisionException,Unclear,no rule matched -- raw exception type was 'com.google.inject.ProvisionException',"Guice provision errors:  1) Error injecting constructor, java.net.UnknownHostException: ip-172-31-63-221: ip-172-31-63-221: Temporary failure in name resolution   at org.apache.ambari.server.controller.AmbariManagementControllerImpl.<init>(AmbariManagementControllerImpl.java:134)   at org.apache.ambari.server.controller.AmbariManagementControllerImpl.class(AmbariManagementControllerImpl.java:88)   while locating org.apache.ambari.server.controller.AmbariManagementControllerImpl   while locating org.apache.ambari.server.controller.AmbariManagementController  1 error"
apache-ambari,org.apache.ambari.server.controller.AmbariManagementControllerTest#testCreateServiceComponentSimple,matched (65 report(s) available),com.google.inject.ProvisionException,Unclear,no rule matched -- raw exception type was 'com.google.inject.ProvisionException',"Guice provision errors:  1) Error injecting constructor, java.net.UnknownHostException: ip-172-31-63-221: ip-172-31-63-221: Temporary failure in name resolution   at org.apache.ambari.server.controller.AmbariManagementControllerImpl.<init>(AmbariManagementControllerImpl.java:134)   at org.apache.ambari.server.controller.AmbariManagementControllerImpl.class(AmbariManagementControllerImpl.java:88)   while locating org.apache.ambari.server.controller.AmbariManagementControllerImpl   while locating org.apache.ambari.server.controller.AmbariManagementController  1 error"
apache-ambari,org.apache.ambari.server.controller.AmbariManagementControllerTest#testCreateClusterWithInvalidRequest,matched (65 report(s) available),com.google.inject.ProvisionException,Unclear,no rule matched -- raw exception type was 'com.google.inject.ProvisionException',"Guice provision errors:  1) Error injecting constructor, java.net.UnknownHostException: ip-172-31-63-221: ip-172-31-63-221: Temporary failure in name resolution   at org.apache.ambari.server.controller.AmbariManagementControllerImpl.<init>(AmbariManagementControllerImpl.java:134)   at org.apache.ambari.server.controller.AmbariManagementControllerImpl.class(AmbariManagementControllerImpl.java:88)   while locating org.apache.ambari.server.controller.AmbariManagementControllerImpl   while locating org.apache.ambari.server.controller.AmbariManagementController  1 error"
apache-ambari,org.apache.ambari.server.controller.AmbariManagementControllerTest#testCreateServiceComponentWithInvalidRequest,matched (65 report(s) available),com.google.inject.ProvisionException,Unclear,no rule matched -- raw exception type was 'com.google.inject.ProvisionException',"Guice provision errors:  1) Error injecting constructor, java.net.UnknownHostException: ip-172-31-63-221: ip-172-31-63-221: Temporary failure in name resolution   at org.apache.ambari.server.controller.AmbariManagementControllerImpl.<init>(AmbariManagementControllerImpl.java:134)   at org.apache.ambari.server.controller.AmbariManagementControllerImpl.class(AmbariManagementControllerImpl.java:88)   while locating org.apache.ambari.server.controller.AmbariManagementControllerImpl   while locating org.apache.ambari.server.controller.AmbariManagementController  1 error"
apache-ambari,org.apache.ambari.server.controller.AmbariManagementControllerTest#testCreateServiceComponentWithConfigs,matched (65 report(s) available),com.google.inject.ProvisionException,Unclear,no rule matched -- raw exception type was 'com.google.inject.ProvisionException',"Guice provision errors:  1) Error injecting constructor, java.net.UnknownHostException: ip-172-31-63-221: ip-172-31-63-221: Temporary failure in name resolution   at org.apache.ambari.server.controller.AmbariManagementControllerImpl.<init>(AmbariManagementControllerImpl.java:134)   at org.apache.ambari.server.controller.AmbariManagementControllerImpl.class(AmbariManagementControllerImpl.java:88)   while locating org.apache.ambari.server.controller.AmbariManagementControllerImpl   while locating org.apache.ambari.server.controller.AmbariManagementController  1 error"
apache-ambari,org.apache.ambari.server.controller.AmbariManagementControllerTest#testCreateServiceComponentMultiple,matched (65 report(s) available),com.google.inject.ProvisionException,Unclear,no rule matched -- raw exception type was 'com.google.inject.ProvisionException',"Guice provision errors:  1) Error injecting constructor, java.net.UnknownHostException: ip-172-31-63-221: ip-172-31-63-221: Temporary failure in name resolution   at org.apache.ambari.server.controller.AmbariManagementControllerImpl.<init>(AmbariManagementControllerImpl.java:134)   at org.apache.ambari.server.controller.AmbariManagementControllerImpl.class(AmbariManagementControllerImpl.java:88)   while locating org.apache.ambari.server.controller.AmbariManagementControllerImpl   while locating org.apache.ambari.server.controller.AmbariManagementController  1 error"
apache-ambari,org.apache.ambari.server.controller.AmbariManagementControllerTest#testCreateServiceComponentHostSimple,matched (65 report(s) available),com.google.inject.ProvisionException,Unclear,no rule matched -- raw exception type was 'com.google.inject.ProvisionException',"Guice provision errors:  1) Error injecting constructor, java.net.UnknownHostException: ip-172-31-63-221: ip-172-31-63-221: Temporary failure in name resolution   at org.apache.ambari.server.controller.AmbariManagementControllerImpl.<init>(AmbariManagementControllerImpl.java:134)   at org.apache.ambari.server.controller.AmbariManagementControllerImpl.class(AmbariManagementControllerImpl.java:88)   while locating org.apache.ambari.server.controller.AmbariManagementControllerImpl   while locating org.apache.ambari.server.controller.AmbariManagementController  1 error"
apache-ambari,org.apache.ambari.server.controller.AmbariManagementControllerTest#testCreateServiceComponentHostMultiple,matched (65 report(s) available),com.google.inject.ProvisionException,Unclear,no rule matched -- raw exception type was 'com.google.inject.ProvisionException',"Guice provision errors:  1) Error injecting constructor, java.net.UnknownHostException: ip-172-31-63-221: ip-172-31-63-221: Temporary failure in name resolution   at org.apache.ambari.server.controller.AmbariManagementControllerImpl.<init>(AmbariManagementControllerImpl.java:134)   at org.apache.ambari.server.controller.AmbariManagementControllerImpl.class(AmbariManagementControllerImpl.java:88)   while locating org.apache.ambari.server.controller.AmbariManagementControllerImpl   while locating org.apache.ambari.server.controller.AmbariManagementController  1 error"
apache-ambari,org.apache.ambari.server.controller.AmbariManagementControllerTest#testCreateServiceComponentHostWithInvalidRequest,matched (65 report(s) available),com.google.inject.ProvisionException,Unclear,no rule matched -- raw exception type was 'com.google.inject.ProvisionException',"Guice provision errors:  1) Error injecting constructor, java.net.UnknownHostException: ip-172-31-63-221: ip-172-31-63-221: Temporary failure in name resolution   at org.apache.ambari.server.controller.AmbariManagementControllerImpl.<init>(AmbariManagementControllerImpl.java:134)   at org.apache.ambari.server.controller.AmbariManagementControllerImpl.class(AmbariManagementControllerImpl.java:88)   while locating org.apache.ambari.server.controller.AmbariManagementControllerImpl   while locating org.apache.ambari.server.controller.AmbariManagementController  1 error"
apache-ambari,org.apache.ambari.server.controller.AmbariManagementControllerTest#testCreateHostSimple,matched (65 report(s) available),com.google.inject.ProvisionException,Unclear,no rule matched -- raw exception type was 'com.google.inject.ProvisionException',"Guice provision errors:  1) Error injecting constructor, java.net.UnknownHostException: ip-172-31-63-221: ip-172-31-63-221: Temporary failure in name resolution   at org.apache.ambari.server.controller.AmbariManagementControllerImpl.<init>(AmbariManagementControllerImpl.java:134)   at org.apache.ambari.server.controller.AmbariManagementControllerImpl.class(AmbariManagementControllerImpl.java:88)   while locating org.apache.ambari.server.controller.AmbariManagementControllerImpl   while locating org.apache.ambari.server.controller.AmbariManagementController  1 error"
apache-ambari,org.apache.ambari.server.controller.AmbariManagementControllerTest#testCreateHostMultiple,matched (65 report(s) available),com.google.inject.ProvisionException,Unclear,no rule matched -- raw exception type was 'com.google.inject.ProvisionException',"Guice provision errors:  1) Error injecting constructor, java.net.UnknownHostException: ip-172-31-63-221: ip-172-31-63-221: Temporary failure in name resolution   at org.apache.ambari.server.controller.AmbariManagementControllerImpl.<init>(AmbariManagementControllerImpl.java:134)   at org.apache.ambari.server.controller.AmbariManagementControllerImpl.class(AmbariManagementControllerImpl.java:88)   while locating org.apache.ambari.server.controller.AmbariManagementControllerImpl   while locating org.apache.ambari.server.controller.AmbariManagementController  1 error"
apache-ambari,org.apache.ambari.server.controller.AmbariManagementControllerTest#testCreateHostWithInvalidRequests,matched (65 report(s) available),com.google.inject.ProvisionException,Unclear,no rule matched -- raw exception type was 'com.google.inject.ProvisionException',"Guice provision errors:  1) Error injecting constructor, java.net.UnknownHostException: ip-172-31-63-221: ip-172-31-63-221: Temporary failure in name resolution   at org.apache.ambari.server.controller.AmbariManagementControllerImpl.<init>(AmbariManagementControllerImpl.java:134)   at org.apache.ambari.server.controller.AmbariManagementControllerImpl.class(AmbariManagementControllerImpl.java:88)   while locating org.apache.ambari.server.controller.AmbariManagementControllerImpl   while locating org.apache.ambari.server.controller.AmbariManagementController  1 error"
apache-ambari,org.apache.ambari.server.controller.AmbariManagementControllerTest#testInstallAndStartService,matched (65 report(s) available),com.google.inject.ProvisionException,Unclear,no rule matched -- raw exception type was 'com.google.inject.ProvisionException',"Guice provision errors:  1) Error injecting constructor, java.net.UnknownHostException: ip-172-31-63-221: ip-172-31-63-221: Temporary failure in name resolution   at org.apache.ambari.server.controller.AmbariManagementControllerImpl.<init>(AmbariManagementControllerImpl.java:134)   at org.apache.ambari.server.controller.AmbariManagementControllerImpl.class(AmbariManagementControllerImpl.java:88)   while locating org.apache.ambari.server.controller.AmbariManagementControllerImpl   while locating org.apache.ambari.server.controller.AmbariManagementController  1 error"
apache-ambari,org.apache.ambari.server.agent.TestHeartbeatMonitor#testHeartbeatStateCommandsEnqueueing,matched (1 report(s) available),java.lang.AssertionError,Unclear,no rule matched -- raw exception type was 'java.lang.AssertionError',HeartbeatMonitor should be already stopped
apache-ambari,org.apache.ambari.server.agent.TestActionQueue#testConcurrentOperations,matched (927 report(s) available),java.lang.AssertionError,Unclear,no rule matched -- raw exception type was 'java.lang.AssertionError',expected:<0> but was:<1>
apache-ambari,org.apache.ambari.server.bootstrap.BootStrapTest#testRun,matched (65 report(s) available),java.net.UnknownHostException,Unclear,no rule matched -- raw exception type was 'java.net.UnknownHostException',ip-172-31-63-221: ip-172-31-63-221: Temporary failure in name resolution
apache-ambari,org.apache.ambari.server.security.authorization.AmbariLdapAuthenticationProviderTest#testBadCredential,matched (8 report(s) available),java.lang.Exception,Unclear,no rule matched -- raw exception type was 'java.lang.Exception',"Unexpected exception, expected<org.springframework.security.authentication.BadCredentialsException> but was<org.springframework.security.authentication.InternalAuthenticationServiceException>"
apache-ambari,org.apache.ambari.server.security.authorization.AmbariLdapAuthenticationProviderTest#testAuthenticate,matched (8 report(s) available),org.springframework.security.authentication.InternalAuthenticationServiceException,Unclear,no rule matched -- raw exception type was 'org.springframework.security.authentication.InternalAuthenticationServiceException',localhost:33389; socket closed; nested exception is javax.naming.ServiceUnavailableException: localhost:33389; socket closed
apache-hbase,org.apache.hadoop.hbase.stargate.client.TestRemoteAdmin#testDeleteTable,matched (2011 report(s) available),java.io.IOException,Unclear,no rule matched -- raw exception type was 'java.io.IOException',Cannot lock storage build/test/data/dfs/name1. The directory is already locked.
apache-hbase,org.apache.hadoop.hbase.stargate.client.TestRemoteAdmin#testCreateTable,matched (2011 report(s) available),java.io.IOException,Unclear,no rule matched -- raw exception type was 'java.io.IOException',Cannot lock storage build/test/data/dfs/name1. The directory is already locked.
apache-hbase,org.apache.hadoop.hbase.stargate.TestStatusResource#testGetClusterStatusXML,matched (2011 report(s) available),java.io.IOException,Unclear,no rule matched -- raw exception type was 'java.io.IOException',Cannot lock storage build/test/data/dfs/name1. The directory is already locked.
apache-hbase,org.apache.hadoop.hbase.stargate.TestStatusResource#testGetClusterStatusPB,matched (2011 report(s) available),java.io.IOException,Unclear,no rule matched -- raw exception type was 'java.io.IOException',Cannot lock storage build/test/data/dfs/name1. The directory is already locked.
apache-hbase,org.apache.hadoop.hbase.stargate.Test00MiniCluster#testDFSMiniCluster,matched (2011 report(s) available),java.io.IOException,Unclear,no rule matched -- raw exception type was 'java.io.IOException',Cannot lock storage build/test/data/dfs/name1. The directory is already locked.
apache-hbase,org.apache.hadoop.hbase.stargate.Test00MiniCluster#testZooKeeperMiniCluster,matched (2011 report(s) available),java.io.IOException,Unclear,no rule matched -- raw exception type was 'java.io.IOException',Cannot lock storage build/test/data/dfs/name1. The directory is already locked.
apache-hbase,org.apache.hadoop.hbase.stargate.Test00MiniCluster#testHBaseMiniCluster,matched (2011 report(s) available),java.io.IOException,Unclear,no rule matched -- raw exception type was 'java.io.IOException',Cannot lock storage build/test/data/dfs/name1. The directory is already locked.
apache-hbase,org.apache.hadoop.hbase.stargate.Test00MiniCluster#testStargateServlet,matched (2011 report(s) available),java.io.IOException,Unclear,no rule matched -- raw exception type was 'java.io.IOException',Cannot lock storage build/test/data/dfs/name1. The directory is already locked.
apache-hbase,org.apache.hadoop.hbase.stargate.client.TestRemoteTable#testGetTableDescriptor,matched (2011 report(s) available),java.io.IOException,Unclear,no rule matched -- raw exception type was 'java.io.IOException',Cannot lock storage build/test/data/dfs/name1. The directory is already locked.
apache-hbase,org.apache.hadoop.hbase.stargate.client.TestRemoteTable#testGet,matched (2014 report(s) available),java.io.IOException,Unclear,no rule matched -- raw exception type was 'java.io.IOException',Cannot lock storage build/test/data/dfs/name1. The directory is already locked.
apache-hbase,org.apache.hadoop.hbase.stargate.client.TestRemoteTable#testPut,matched (2011 report(s) available),java.io.IOException,Unclear,no rule matched -- raw exception type was 'java.io.IOException',Cannot lock storage build/test/data/dfs/name1. The directory is already locked.
apache-hbase,org.apache.hadoop.hbase.stargate.client.TestRemoteTable#testDelete,matched (2011 report(s) available),java.io.IOException,Unclear,no rule matched -- raw exception type was 'java.io.IOException',Cannot lock storage build/test/data/dfs/name1. The directory is already locked.
apache-hbase,org.apache.hadoop.hbase.stargate.client.TestRemoteTable#testScanner,matched (2011 report(s) available),java.io.IOException,Unclear,no rule matched -- raw exception type was 'java.io.IOException',Cannot lock storage build/test/data/dfs/name1. The directory is already locked.
apache-hbase,org.apache.hadoop.hbase.stargate.TestTableResource#testTableListText,matched (2011 report(s) available),java.io.IOException,Unclear,no rule matched -- raw exception type was 'java.io.IOException',Cannot lock storage build/test/data/dfs/name1. The directory is already locked.
apache-hbase,org.apache.hadoop.hbase.stargate.TestTableResource#testTableListJSON,matched (2011 report(s) available),java.io.IOException,Unclear,no rule matched -- raw exception type was 'java.io.IOException',Cannot lock storage build/test/data/dfs/name1. The directory is already locked.
apache-hbase,org.apache.hadoop.hbase.stargate.TestTableResource#testTableListXML,matched (2011 report(s) available),java.io.IOException,Unclear,no rule matched -- raw exception type was 'java.io.IOException',Cannot lock storage build/test/data/dfs/name1. The directory is already locked.
apache-hbase,org.apache.hadoop.hbase.stargate.TestTableResource#testTableListPB,matched (2011 report(s) available),java.io.IOException,Unclear,no rule matched -- raw exception type was 'java.io.IOException',Cannot lock storage build/test/data/dfs/name1. The directory is already locked.
apache-hbase,org.apache.hadoop.hbase.stargate.TestScannersWithFilters#testNoFilter,matched (2011 report(s) available),java.io.IOException,Unclear,no rule matched -- raw exception type was 'java.io.IOException',Cannot lock storage build/test/data/dfs/name1. The directory is already locked.
apache-hbase,org.apache.hadoop.hbase.stargate.TestScannersWithFilters#testPrefixFilter,matched (2011 report(s) available),java.io.IOException,Unclear,no rule matched -- raw exception type was 'java.io.IOException',Cannot lock storage build/test/data/dfs/name1. The directory is already locked.
apache-hbase,org.apache.hadoop.hbase.stargate.TestScannersWithFilters#testPageFilter,matched (2011 report(s) available),java.io.IOException,Unclear,no rule matched -- raw exception type was 'java.io.IOException',Cannot lock storage build/test/data/dfs/name1. The directory is already locked.
apache-hbase,org.apache.hadoop.hbase.stargate.TestScannersWithFilters#testInclusiveStopFilter,matched (2011 report(s) available),java.io.IOException,Unclear,no rule matched -- raw exception type was 'java.io.IOException',Cannot lock storage build/test/data/dfs/name1. The directory is already locked.
apache-hbase,org.apache.hadoop.hbase.stargate.TestScannersWithFilters#testQualifierFilter,matched (2011 report(s) available),java.io.IOException,Unclear,no rule matched -- raw exception type was 'java.io.IOException',Cannot lock storage build/test/data/dfs/name1. The directory is already locked.
apache-hbase,org.apache.hadoop.hbase.stargate.TestScannersWithFilters#testRowFilter,matched (2011 report(s) available),java.io.IOException,Unclear,no rule matched -- raw exception type was 'java.io.IOException',Cannot lock storage build/test/data/dfs/name1. The directory is already locked.
apache-hbase,org.apache.hadoop.hbase.stargate.TestScannersWithFilters#testValueFilter,matched (2011 report(s) available),java.io.IOException,Unclear,no rule matched -- raw exception type was 'java.io.IOException',Cannot lock storage build/test/data/dfs/name1. The directory is already locked.
apache-hbase,org.apache.hadoop.hbase.stargate.TestScannersWithFilters#testSkipFilter,matched (2011 report(s) available),java.io.IOException,Unclear,no rule matched -- raw exception type was 'java.io.IOException',Cannot lock storage build/test/data/dfs/name1. The directory is already locked.
apache-hbase,org.apache.hadoop.hbase.stargate.TestScannersWithFilters#testFilterList,matched (2011 report(s) available),java.io.IOException,Unclear,no rule matched -- raw exception type was 'java.io.IOException',Cannot lock storage build/test/data/dfs/name1. The directory is already locked.
apache-hbase,org.apache.hadoop.hbase.stargate.TestScannersWithFilters#testFirstKeyOnlyFilter,matched (2011 report(s) available),java.io.IOException,Unclear,no rule matched -- raw exception type was 'java.io.IOException',Cannot lock storage build/test/data/dfs/name1. The directory is already locked.
apache-hbase,org.apache.hadoop.hbase.stargate.util.TestHTableTokenBucket#testTokenBucketConfig,matched (2011 report(s) available),java.io.IOException,Unclear,no rule matched -- raw exception type was 'java.io.IOException',Cannot lock storage build/test/data/dfs/name1. The directory is already locked.
apache-hbase,org.apache.hadoop.hbase.stargate.util.TestHTableTokenBucket#testTokenBucket,matched (2011 report(s) available),java.io.IOException,Unclear,no rule matched -- raw exception type was 'java.io.IOException',Cannot lock storage build/test/data/dfs/name1. The directory is already locked.
apache-hbase,org.apache.hadoop.hbase.stargate.auth.TestZooKeeperAuthenticator#testGetPlainUser,matched (2011 report(s) available),java.io.IOException,Unclear,no rule matched -- raw exception type was 'java.io.IOException',Cannot lock storage build/test/data/dfs/name1. The directory is already locked.
apache-hbase,org.apache.hadoop.hbase.stargate.auth.TestZooKeeperAuthenticator#testGetAdminUser,matched (2011 report(s) available),java.io.IOException,Unclear,no rule matched -- raw exception type was 'java.io.IOException',Cannot lock storage build/test/data/dfs/name1. The directory is already locked.
apache-hbase,org.apache.hadoop.hbase.stargate.auth.TestZooKeeperAuthenticator#testGetUserUnknown,matched (2011 report(s) available),java.io.IOException,Unclear,no rule matched -- raw exception type was 'java.io.IOException',Cannot lock storage build/test/data/dfs/name1. The directory is already locked.
apache-hbase,org.apache.hadoop.hbase.stargate.auth.TestZooKeeperAuthenticator#testGetDisabledUser,matched (2011 report(s) available),java.io.IOException,Unclear,no rule matched -- raw exception type was 'java.io.IOException',Cannot lock storage build/test/data/dfs/name1. The directory is already locked.
apache-hbase,org.apache.hadoop.hbase.stargate.TestVersionResource#testGetStargateVersionText,matched (2011 report(s) available),java.io.IOException,Unclear,no rule matched -- raw exception type was 'java.io.IOException',Cannot lock storage build/test/data/dfs/name1. The directory is already locked.
apache-hbase,org.apache.hadoop.hbase.stargate.TestVersionResource#testGetStargateVersionXML,matched (2011 report(s) available),java.io.IOException,Unclear,no rule matched -- raw exception type was 'java.io.IOException',Cannot lock storage build/test/data/dfs/name1. The directory is already locked.
apache-hbase,org.apache.hadoop.hbase.stargate.TestVersionResource#testGetStargateVersionJSON,matched (2011 report(s) available),java.io.IOException,Unclear,no rule matched -- raw exception type was 'java.io.IOException',Cannot lock storage build/test/data/dfs/name1. The directory is already locked.
apache-hbase,org.apache.hadoop.hbase.stargate.TestVersionResource#testGetStargateVersionPB,matched (2011 report(s) available),java.io.IOException,Unclear,no rule matched -- raw exception type was 'java.io.IOException',Cannot lock storage build/test/data/dfs/name1. The directory is already locked.
apache-hbase,org.apache.hadoop.hbase.stargate.TestVersionResource#testGetStorageClusterVersionText,matched (2011 report(s) available),java.io.IOException,Unclear,no rule matched -- raw exception type was 'java.io.IOException',Cannot lock storage build/test/data/dfs/name1. The directory is already locked.
apache-hbase,org.apache.hadoop.hbase.stargate.TestVersionResource#testGetStorageClusterVersionXML,matched (2011 report(s) available),java.io.IOException,Unclear,no rule matched -- raw exception type was 'java.io.IOException',Cannot lock storage build/test/data/dfs/name1. The directory is already locked.
apache-hbase,org.apache.hadoop.hbase.stargate.TestVersionResource#testGetStorageClusterVersionJSON,matched (2011 report(s) available),java.io.IOException,Unclear,no rule matched -- raw exception type was 'java.io.IOException',Cannot lock storage build/test/data/dfs/name1. The directory is already locked.
apache-hbase,org.apache.hadoop.hbase.stargate.TestRowResource#testDelete,matched (2011 report(s) available),java.io.IOException,Unclear,no rule matched -- raw exception type was 'java.io.IOException',Cannot lock storage build/test/data/dfs/name1. The directory is already locked.
apache-hbase,org.apache.hadoop.hbase.stargate.TestRowResource#testSingleCellGetPutXML,matched (2011 report(s) available),java.io.IOException,Unclear,no rule matched -- raw exception type was 'java.io.IOException',Cannot lock storage build/test/data/dfs/name1. The directory is already locked.
apache-hbase,org.apache.hadoop.hbase.stargate.TestRowResource#testSingleCellGetPutPB,matched (2011 report(s) available),java.io.IOException,Unclear,no rule matched -- raw exception type was 'java.io.IOException',Cannot lock storage build/test/data/dfs/name1. The directory is already locked.
apache-hbase,org.apache.hadoop.hbase.stargate.TestRowResource#testSingleCellGetPutBinary,matched (2011 report(s) available),java.io.IOException,Unclear,no rule matched -- raw exception type was 'java.io.IOException',Cannot lock storage build/test/data/dfs/name1. The directory is already locked.
apache-hbase,org.apache.hadoop.hbase.stargate.TestRowResource#testSingleCellGetJSON,matched (2011 report(s) available),java.io.IOException,Unclear,no rule matched -- raw exception type was 'java.io.IOException',Cannot lock storage build/test/data/dfs/name1. The directory is already locked.
apache-hbase,org.apache.hadoop.hbase.stargate.TestRowResource#testURLEncodedKey,matched (2011 report(s) available),java.io.IOException,Unclear,no rule matched -- raw exception type was 'java.io.IOException',Cannot lock storage build/test/data/dfs/name1. The directory is already locked.
apache-hbase,org.apache.hadoop.hbase.stargate.TestRowResource#testMultiCellGetPutXML,matched (2011 report(s) available),java.io.IOException,Unclear,no rule matched -- raw exception type was 'java.io.IOException',Cannot lock storage build/test/data/dfs/name1. The directory is already locked.
apache-hbase,org.apache.hadoop.hbase.stargate.TestRowResource#testMultiCellGetPutPB,matched (2011 report(s) available),java.io.IOException,Unclear,no rule matched -- raw exception type was 'java.io.IOException',Cannot lock storage build/test/data/dfs/name1. The directory is already locked.
apache-hbase,org.apache.hadoop.hbase.stargate.auth.TestHTableAuthenticator#testGetPlainUser,matched (2011 report(s) available),java.io.IOException,Unclear,no rule matched -- raw exception type was 'java.io.IOException',Cannot lock storage build/test/data/dfs/name1. The directory is already locked.
apache-hbase,org.apache.hadoop.hbase.stargate.auth.TestHTableAuthenticator#testGetAdminUser,matched (2011 report(s) available),java.io.IOException,Unclear,no rule matched -- raw exception type was 'java.io.IOException',Cannot lock storage build/test/data/dfs/name1. The directory is already locked.
apache-hbase,org.apache.hadoop.hbase.stargate.auth.TestHTableAuthenticator#testGetUserUnknown,matched (2011 report(s) available),java.io.IOException,Unclear,no rule matched -- raw exception type was 'java.io.IOException',Cannot lock storage build/test/data/dfs/name1. The directory is already locked.
apache-hbase,org.apache.hadoop.hbase.stargate.auth.TestHTableAuthenticator#testGetDisabledUser,matched (2011 report(s) available),java.io.IOException,Unclear,no rule matched -- raw exception type was 'java.io.IOException',Cannot lock storage build/test/data/dfs/name1. The directory is already locked.
apache-hbase,org.apache.hadoop.hbase.stargate.TestSchemaResource#testTableCreateAndDeleteXML,matched (2011 report(s) available),org.apache.hadoop.hbase.client.NoServerForRegionException,Unclear,no rule matched -- raw exception type was 'org.apache.hadoop.hbase.client.NoServerForRegionException',Timed out trying to locate root region because: Failed setting up proxy to /127.0.0.1:37459 after attempts=1
apache-hbase,org.apache.hadoop.hbase.stargate.TestSchemaResource#testTableCreateAndDeletePB,matched (2011 report(s) available),java.io.IOException,Unclear,no rule matched -- raw exception type was 'java.io.IOException',Cannot lock storage build/test/data/dfs/name1. The directory is already locked.
apache-hbase,org.apache.hadoop.hbase.stargate.TestScannerResource#testSimpleScannerXML,matched (2011 report(s) available),java.io.IOException,Unclear,no rule matched -- raw exception type was 'java.io.IOException',Cannot lock storage build/test/data/dfs/name1. The directory is already locked.
apache-hbase,org.apache.hadoop.hbase.stargate.TestScannerResource#testSimpleScannerPB,matched (2011 report(s) available),java.io.IOException,Unclear,no rule matched -- raw exception type was 'java.io.IOException',Cannot lock storage build/test/data/dfs/name1. The directory is already locked.
apache-hbase,org.apache.hadoop.hbase.stargate.TestScannerResource#testSimpleScannerBinary,matched (2011 report(s) available),java.io.IOException,Unclear,no rule matched -- raw exception type was 'java.io.IOException',Cannot lock storage build/test/data/dfs/name1. The directory is already locked.
apache-hbase,org.apache.hadoop.hbase.stargate.TestScannerResource#testFullTableScan,matched (2011 report(s) available),java.io.IOException,Unclear,no rule matched -- raw exception type was 'java.io.IOException',Cannot lock storage build/test/data/dfs/name1. The directory is already locked.
apache-hbase,org.apache.hadoop.hbase.TestMergeTable#testMergeTable,matched (2521 report(s) available),org.apache.hadoop.hbase.client.NoServerForRegionException,Unclear,no rule matched -- raw exception type was 'org.apache.hadoop.hbase.client.NoServerForRegionException',Timed out trying to locate root region because: Failed setting up proxy to /127.0.0.1:45973 after attempts=1
apache-hbase,org.apache.hadoop.hbase.mapred.TestTableMapReduce#testMultiRegionTable,matched (1989 report(s) available),org.apache.hadoop.hbase.client.NoServerForRegionException,Unclear,no rule matched -- raw exception type was 'org.apache.hadoop.hbase.client.NoServerForRegionException',Timed out trying to locate root region because: Failed setting up proxy to /127.0.0.1:37827 after attempts=1
apache-hbase,org.apache.hadoop.hbase.mapreduce.TestTableMapReduce#testMultiRegionTable,matched (1989 report(s) available),org.apache.hadoop.hbase.client.NoServerForRegionException,Unclear,no rule matched -- raw exception type was 'org.apache.hadoop.hbase.client.NoServerForRegionException',Timed out trying to locate root region because: Failed setting up proxy to /127.0.0.1:37505 after attempts=1
apache-hbase,org.apache.hadoop.hbase.regionserver.TestGetClosestAtOrBefore#testUsingMetaAndBinary,matched (71 report(s) available),java.net.UnknownHostException,Unclear,no rule matched -- raw exception type was 'java.net.UnknownHostException',ip-172-31-52-12: ip-172-31-52-12: Temporary failure in name resolution
apache-hbase,org.apache.hadoop.hbase.regionserver.TestGetClosestAtOrBefore#testGetClosestRowBefore3,matched (71 report(s) available),java.io.IOException,Unclear,no rule matched -- raw exception type was 'java.io.IOException',Cannot lock storage /working/proj/apache-hbase-6289/apache-hbase/core/build/hbase/test/dfs/name1. The directory is already locked.
apache-hbase,org.apache.hadoop.hbase.regionserver.TestGetClosestAtOrBefore#testGetClosestRowBefore2,matched (71 report(s) available),java.io.IOException,Unclear,no rule matched -- raw exception type was 'java.io.IOException',Cannot lock storage /working/proj/apache-hbase-6289/apache-hbase/core/build/hbase/test/dfs/name1. The directory is already locked.
apache-hbase,org.apache.hadoop.hbase.client.TestScannerTimeout#test2481,matched (48 report(s) available),org.apache.hadoop.hbase.UnknownScannerException,Unclear,no rule matched -- raw exception type was 'org.apache.hadoop.hbase.UnknownScannerException',org.apache.hadoop.hbase.UnknownScannerException: Name: 4258333769122230902  at org.apache.hadoop.hbase.regionserver.HRegionServer.next(HRegionServer.java:1843)  at sun.reflect.NativeMethodAccessorImpl.invoke0(Native Method)  at sun.reflect.NativeMethodAccessorImpl.invoke(NativeMethodAccessorImpl.java:62)  at sun.reflect.DelegatingMethodAccessorImpl.invoke(DelegatingMethodAccessorImpl.java:43)  at java.lang.reflect.Method.invoke(Method.java:498)  at org.apache.hadoop.hbase.ipc.HBaseRPC$Server.call(HBaseRPC.java:576)  at org.apache.hadoop.hbase.ipc.HBaseServer$Handler.run(HBaseServer.java:919) 
apache-hbase,org.apache.hadoop.hbase.TestZooKeeper#testRegionServerSessionExpired,matched (3 report(s) available),org.apache.hadoop.hbase.master.NotAllMetaRegionsOnlineException,Async Wait,guess: found async-related keyword 'async' in exception/message/test name,org.apache.hadoop.hbase.master.NotAllMetaRegionsOnlineException  at org.apache.hadoop.hbase.master.HMaster.createTable(HMaster.java:724)  at sun.reflect.NativeMethodAccessorImpl.invoke0(Native Method)  at sun.reflect.NativeMethodAccessorImpl.invoke(NativeMethodAccessorImpl.java:62)  at sun.reflect.DelegatingMethodAccessorImpl.invoke(DelegatingMethodAccessorImpl.java:43)  at java.lang.reflect.Method.invoke(Method.java:498)  at org.apache.hadoop.hbase.ipc.HBaseRPC$Server.call(HBaseRPC.java:576)  at org.apache.hadoop.hbase.ipc.HBaseServer$Handler.run(HBaseServer.java:919) 
apache-hbase,org.apache.hadoop.hbase.regionserver.TestHRegion#testWritesWhileGetting,matched (142 report(s) available),java.lang.AssertionError,Unclear,no rule matched -- raw exception type was 'java.lang.AssertionError',i=101 expected:<1000> but was:<0>
apache-hbase,org.apache.hadoop.hbase.regionserver.TestStoreReconstruction#runReconstructionLog,matched (71 report(s) available),java.net.UnknownHostException,Unclear,no rule matched -- raw exception type was 'java.net.UnknownHostException',ip-172-31-52-12: ip-172-31-52-12: Temporary failure in name resolution
apache-hbase,org.apache.hadoop.hbase.master.TestRegionManager#testGetFirstMetaRegionForRegionAfterMetaSplit,matched (1991 report(s) available),org.apache.hadoop.hbase.client.NoServerForRegionException,Unclear,no rule matched -- raw exception type was 'org.apache.hadoop.hbase.client.NoServerForRegionException',Timed out trying to locate root region because: Failed setting up proxy to /127.0.0.1:46565 after attempts=1
apache-hbase,org.apache.hadoop.hbase.regionserver.wal.TestHLog#testSplit,matched (71 report(s) available),java.net.UnknownHostException,Unclear,no rule matched -- raw exception type was 'java.net.UnknownHostException',ip-172-31-52-12: ip-172-31-52-12: Temporary failure in name resolution
apache-hbase,org.apache.hadoop.hbase.regionserver.wal.TestHLog#testFindMemstoresWithEditsOlderThan,matched (72 report(s) available),java.io.IOException,Unclear,no rule matched -- raw exception type was 'java.io.IOException',Cannot lock storage /working/proj/apache-hbase-6289/apache-hbase/core/build/hbase/test/dfs/name1. The directory is already locked.
apache-hbase,org.apache.hadoop.hbase.regionserver.wal.TestHLog#testEditAdd,matched (72 report(s) available),java.io.IOException,Unclear,no rule matched -- raw exception type was 'java.io.IOException',Cannot lock storage /working/proj/apache-hbase-6289/apache-hbase/core/build/hbase/test/dfs/name1. The directory is already locked.
apache-hbase,org.apache.hadoop.hbase.regionserver.wal.TestHLog#testAppend,matched (73 report(s) available),java.io.IOException,Unclear,no rule matched -- raw exception type was 'java.io.IOException',Cannot lock storage /working/proj/apache-hbase-6289/apache-hbase/core/build/hbase/test/dfs/name1. The directory is already locked.
apache-hbase,org.apache.hadoop.hbase.TestMergeMeta#testMergeMeta,matched (71 report(s) available),java.net.UnknownHostException,Unclear,no rule matched -- raw exception type was 'java.net.UnknownHostException',ip-172-31-52-12: ip-172-31-52-12: Temporary failure in name resolution
apache-hbase,org.apache.hadoop.hbase.regionserver.TestScanner#testFilters,matched (71 report(s) available),java.net.UnknownHostException,Unclear,no rule matched -- raw exception type was 'java.net.UnknownHostException',ip-172-31-52-12: ip-172-31-52-12: Temporary failure in name resolution
apache-hbase,org.apache.hadoop.hbase.regionserver.TestScanner#testStopRow,matched (71 report(s) available),java.io.IOException,Unclear,no rule matched -- raw exception type was 'java.io.IOException',Cannot lock storage /working/proj/apache-hbase-6289/apache-hbase/core/build/hbase/test/dfs/name1. The directory is already locked.
apache-hbase,org.apache.hadoop.hbase.regionserver.TestScanner#testRaceBetweenClientAndTimeout,matched (71 report(s) available),java.io.IOException,Concurrency,guess: found concurrency-related pattern 'race' in exception/message,Cannot lock storage /working/proj/apache-hbase-6289/apache-hbase/core/build/hbase/test/dfs/name1. The directory is already locked.
apache-hbase,org.apache.hadoop.hbase.regionserver.TestScanner#testScanner,matched (71 report(s) available),java.io.IOException,Unclear,no rule matched -- raw exception type was 'java.io.IOException',Cannot lock storage /working/proj/apache-hbase-6289/apache-hbase/core/build/hbase/test/dfs/name1. The directory is already locked.
apache-hbase,org.apache.hadoop.hbase.regionserver.TestScanner#testScanAndSyncFlush,matched (71 report(s) available),java.io.IOException,Unclear,no rule matched -- raw exception type was 'java.io.IOException',Cannot lock storage /working/proj/apache-hbase-6289/apache-hbase/core/build/hbase/test/dfs/name1. The directory is already locked.
apache-hbase,org.apache.hadoop.hbase.regionserver.TestScanner#testScanAndRealConcurrentFlush,matched (71 report(s) available),java.io.IOException,Unclear,no rule matched -- raw exception type was 'java.io.IOException',Cannot lock storage /working/proj/apache-hbase-6289/apache-hbase/core/build/hbase/test/dfs/name1. The directory is already locked.
apache-hbase,org.apache.hadoop.hbase.regionserver.wal.TestLogRolling#testLogRolling,matched (1989 report(s) available),org.apache.hadoop.hbase.client.NoServerForRegionException,Unclear,no rule matched -- raw exception type was 'org.apache.hadoop.hbase.client.NoServerForRegionException',Timed out trying to locate root region because: Failed setting up proxy to /127.0.0.1:37885 after attempts=1
apache-hbase,org.apache.hadoop.hbase.regionserver.wal.TestLogRolling#testLogRollOnDatanodeDeath,matched (1989 report(s) available),org.apache.hadoop.hbase.client.NoServerForRegionException,Unclear,no rule matched -- raw exception type was 'org.apache.hadoop.hbase.client.NoServerForRegionException',Timed out trying to locate root region because: Failed setting up proxy to /127.0.0.1:37063 after attempts=1
apache-hbase,org.apache.hadoop.hbase.util.TestMergeTool#testMergeTool,matched (71 report(s) available),java.net.UnknownHostException,Unclear,no rule matched -- raw exception type was 'java.net.UnknownHostException',ip-172-31-52-12: ip-172-31-52-12: Temporary failure in name resolution
apache-hbase,org.apache.hadoop.hbase.TestRegionRebalancing#testRebalancing,matched (1989 report(s) available),org.apache.hadoop.hbase.client.NoServerForRegionException,Unclear,no rule matched -- raw exception type was 'org.apache.hadoop.hbase.client.NoServerForRegionException',Timed out trying to locate root region because: Failed setting up proxy to /127.0.0.1:46115 after attempts=1
apache-hbase,org.apache.hadoop.hbase.TestInfoServers#testInfoServersAreUp,matched (1990 report(s) available),org.apache.hadoop.hbase.client.NoServerForRegionException,Unclear,no rule matched -- raw exception type was 'org.apache.hadoop.hbase.client.NoServerForRegionException',Timed out trying to locate root region because: Failed setting up proxy to /127.0.0.1:33271 after attempts=1
apache-hbase,org.apache.hadoop.hbase.client.TestFromClientSide#testFilters,matched (1 report(s) available),java.io.IOException,Async Wait,guess: found async-related keyword 'async' in exception/message/test name,java.io.IOException: Target HLog directory already exists: hdfs://localhost:34211/user/root/testFilters/278689230/.logs  at org.apache.hadoop.hbase.regionserver.wal.HLog.<init>(HLog.java:278)  at org.apache.hadoop.hbase.regionserver.HRegion.createHRegion(HRegion.java:2081)  at org.apache.hadoop.hbase.master.RegionManager.createRegion(RegionManager.java:731)  at org.apache.hadoop.hbase.master.HMaster.createTable(HMaster.java:771)  at org.apache.hadoop.hbase.master.HMaster.createTable(HMaster.java:729)  at sun.reflect.NativeMethodAccessorImpl.invoke0(Native Method)  at sun.reflect.NativeMethodAccessorImpl.invoke(NativeMethodAccessorImpl.java:62)  at sun.reflect.DelegatingMethodAccessorImpl.invoke(DelegatingMethodAccessorImpl.java:43)  at java.lang.reflect.Method.invoke(Method.java:498)  at org.apache.hadoop.hbase.ipc.HBaseRPC$Server.call(HBaseRPC.java:576)  at org.apache.hadoop.hbase.ipc.HBaseServer$Handler.run(HBaseServer.java:919) 
apache-hbase,org.apache.hadoop.hbase.client.TestFromClientSide#testSimpleMissing,matched (2 report(s) available),java.io.IOException,Async Wait,guess: found async-related keyword 'async' in exception/message/test name,java.io.IOException: Target HLog directory already exists: hdfs://localhost:36537/user/root/testSimpleMissing/1424359739/.logs  at org.apache.hadoop.hbase.regionserver.wal.HLog.<init>(HLog.java:278)  at org.apache.hadoop.hbase.regionserver.HRegion.createHRegion(HRegion.java:2081)  at org.apache.hadoop.hbase.master.RegionManager.createRegion(RegionManager.java:731)  at org.apache.hadoop.hbase.master.HMaster.createTable(HMaster.java:771)  at org.apache.hadoop.hbase.master.HMaster.createTable(HMaster.java:729)  at sun.reflect.NativeMethodAccessorImpl.invoke0(Native Method)  at sun.reflect.NativeMethodAccessorImpl.invoke(NativeMethodAccessorImpl.java:62)  at sun.reflect.DelegatingMethodAccessorImpl.invoke(DelegatingMethodAccessorImpl.java:43)  at java.lang.reflect.Method.invoke(Method.java:498)  at org.apache.hadoop.hbase.ipc.HBaseRPC$Server.call(HBaseRPC.java:576)  at org.apache.hadoop.hbase.ipc.HBaseServer$Handler.run(HBaseServer.java:919) 
apache-hbase,org.apache.hadoop.hbase.client.TestFromClientSide#testSingleRowMultipleFamily,matched (2 report(s) available),java.io.IOException,Async Wait,guess: found async-related keyword 'async' in exception/message/test name,java.io.IOException: Target HLog directory already exists: hdfs://localhost:36537/user/root/testSingleRowMultipleFamily/867254601/.logs  at org.apache.hadoop.hbase.regionserver.wal.HLog.<init>(HLog.java:278)  at org.apache.hadoop.hbase.regionserver.HRegion.createHRegion(HRegion.java:2081)  at org.apache.hadoop.hbase.master.RegionManager.createRegion(RegionManager.java:731)  at org.apache.hadoop.hbase.master.HMaster.createTable(HMaster.java:771)  at org.apache.hadoop.hbase.master.HMaster.createTable(HMaster.java:729)  at sun.reflect.NativeMethodAccessorImpl.invoke0(Native Method)  at sun.reflect.NativeMethodAccessorImpl.invoke(NativeMethodAccessorImpl.java:62)  at sun.reflect.DelegatingMethodAccessorImpl.invoke(DelegatingMethodAccessorImpl.java:43)  at java.lang.reflect.Method.invoke(Method.java:498)  at org.apache.hadoop.hbase.ipc.HBaseRPC$Server.call(HBaseRPC.java:576)  at org.apache.hadoop.hbase.ipc.HBaseServer$Handler.run(HBaseServer.java:919) 
apache-hbase,org.apache.hadoop.hbase.client.TestFromClientSide#testVersions,matched (2 report(s) available),java.io.IOException,Async Wait,guess: found async-related keyword 'async' in exception/message/test name,java.io.IOException: Target HLog directory already exists: hdfs://localhost:36537/user/root/testVersions/611979780/.logs  at org.apache.hadoop.hbase.regionserver.wal.HLog.<init>(HLog.java:278)  at org.apache.hadoop.hbase.regionserver.HRegion.createHRegion(HRegion.java:2081)  at org.apache.hadoop.hbase.master.RegionManager.createRegion(RegionManager.java:731)  at org.apache.hadoop.hbase.master.HMaster.createTable(HMaster.java:771)  at org.apache.hadoop.hbase.master.HMaster.createTable(HMaster.java:729)  at sun.reflect.NativeMethodAccessorImpl.invoke0(Native Method)  at sun.reflect.NativeMethodAccessorImpl.invoke(NativeMethodAccessorImpl.java:62)  at sun.reflect.DelegatingMethodAccessorImpl.invoke(DelegatingMethodAccessorImpl.java:43)  at java.lang.reflect.Method.invoke(Method.java:498)  at org.apache.hadoop.hbase.ipc.HBaseRPC$Server.call(HBaseRPC.java:576)  at org.apache.hadoop.hbase.ipc.HBaseServer$Handler.run(HBaseServer.java:919) 
apache-hbase,org.apache.hadoop.hbase.client.TestFromClientSide#testVersionLimits,matched (2 report(s) available),java.io.IOException,Async Wait,guess: found async-related keyword 'async' in exception/message/test name,java.io.IOException: Target HLog directory already exists: hdfs://localhost:36537/user/root/testVersionLimits/1493905560/.logs  at org.apache.hadoop.hbase.regionserver.wal.HLog.<init>(HLog.java:278)  at org.apache.hadoop.hbase.regionserver.HRegion.createHRegion(HRegion.java:2081)  at org.apache.hadoop.hbase.master.RegionManager.createRegion(RegionManager.java:731)  at org.apache.hadoop.hbase.master.HMaster.createTable(HMaster.java:771)  at org.apache.hadoop.hbase.master.HMaster.createTable(HMaster.java:729)  at sun.reflect.NativeMethodAccessorImpl.invoke0(Native Method)  at sun.reflect.NativeMethodAccessorImpl.invoke(NativeMethodAccessorImpl.java:62)  at sun.reflect.DelegatingMethodAccessorImpl.invoke(DelegatingMethodAccessorImpl.java:43)  at java.lang.reflect.Method.invoke(Method.java:498)  at org.apache.hadoop.hbase.ipc.HBaseRPC$Server.call(HBaseRPC.java:576)  at org.apache.hadoop.hbase.ipc.HBaseServer$Handler.run(HBaseServer.java:919) 
apache-hbase,org.apache.hadoop.hbase.client.TestFromClientSide#testDeletes,matched (2 report(s) available),java.io.IOException,Async Wait,guess: found async-related keyword 'async' in exception/message/test name,java.io.IOException: Target HLog directory already exists: hdfs://localhost:36537/user/root/testDeletes/1117258835/.logs  at org.apache.hadoop.hbase.regionserver.wal.HLog.<init>(HLog.java:278)  at org.apache.hadoop.hbase.regionserver.HRegion.createHRegion(HRegion.java:2081)  at org.apache.hadoop.hbase.master.RegionManager.createRegion(RegionManager.java:731)  at org.apache.hadoop.hbase.master.HMaster.createTable(HMaster.java:771)  at org.apache.hadoop.hbase.master.HMaster.createTable(HMaster.java:729)  at sun.reflect.NativeMethodAccessorImpl.invoke0(Native Method)  at sun.reflect.NativeMethodAccessorImpl.invoke(NativeMethodAccessorImpl.java:62)  at sun.reflect.DelegatingMethodAccessorImpl.invoke(DelegatingMethodAccessorImpl.java:43)  at java.lang.reflect.Method.invoke(Method.java:498)  at org.apache.hadoop.hbase.ipc.HBaseRPC$Server.call(HBaseRPC.java:576)  at org.apache.hadoop.hbase.ipc.HBaseServer$Handler.run(HBaseServer.java:919) 
apache-hbase,org.apache.hadoop.hbase.client.TestFromClientSide#testJiraTest867,matched (2 report(s) available),java.io.IOException,Async Wait,guess: found async-related keyword 'async' in exception/message/test name,java.io.IOException: Target HLog directory already exists: hdfs://localhost:36537/user/root/testJiraTest867/1574068156/.logs  at org.apache.hadoop.hbase.regionserver.wal.HLog.<init>(HLog.java:278)  at org.apache.hadoop.hbase.regionserver.HRegion.createHRegion(HRegion.java:2081)  at org.apache.hadoop.hbase.master.RegionManager.createRegion(RegionManager.java:731)  at org.apache.hadoop.hbase.master.HMaster.createTable(HMaster.java:771)  at org.apache.hadoop.hbase.master.HMaster.createTable(HMaster.java:729)  at sun.reflect.NativeMethodAccessorImpl.invoke0(Native Method)  at sun.reflect.NativeMethodAccessorImpl.invoke(NativeMethodAccessorImpl.java:62)  at sun.reflect.DelegatingMethodAccessorImpl.invoke(DelegatingMethodAccessorImpl.java:43)  at java.lang.reflect.Method.invoke(Method.java:498)  at org.apache.hadoop.hbase.ipc.HBaseRPC$Server.call(HBaseRPC.java:576)  at org.apache.hadoop.hbase.ipc.HBaseServer$Handler.run(HBaseServer.java:919) 
apache-hbase,org.apache.hadoop.hbase.client.TestFromClientSide#testJiraTest861,matched (2 report(s) available),java.io.IOException,Async Wait,guess: found async-related keyword 'async' in exception/message/test name,java.io.IOException: Target HLog directory already exists: hdfs://localhost:36537/user/root/testJiraTest861/1104099408/.logs  at org.apache.hadoop.hbase.regionserver.wal.HLog.<init>(HLog.java:278)  at org.apache.hadoop.hbase.regionserver.HRegion.createHRegion(HRegion.java:2081)  at org.apache.hadoop.hbase.master.RegionManager.createRegion(RegionManager.java:731)  at org.apache.hadoop.hbase.master.HMaster.createTable(HMaster.java:771)  at org.apache.hadoop.hbase.master.HMaster.createTable(HMaster.java:729)  at sun.reflect.NativeMethodAccessorImpl.invoke0(Native Method)  at sun.reflect.NativeMethodAccessorImpl.invoke(NativeMethodAccessorImpl.java:62)  at sun.reflect.DelegatingMethodAccessorImpl.invoke(DelegatingMethodAccessorImpl.java:43)  at java.lang.reflect.Method.invoke(Method.java:498)  at org.apache.hadoop.hbase.ipc.HBaseRPC$Server.call(HBaseRPC.java:576)  at org.apache.hadoop.hbase.ipc.HBaseServer$Handler.run(HBaseServer.java:919) 
apache-hbase,org.apache.hadoop.hbase.client.TestFromClientSide#testJiraTest33,matched (2 report(s) available),java.io.IOException,Async Wait,guess: found async-related keyword 'async' in exception/message/test name,java.io.IOException: Target HLog directory already exists: hdfs://localhost:36537/user/root/testJiraTest33/1549630721/.logs  at org.apache.hadoop.hbase.regionserver.wal.HLog.<init>(HLog.java:278)  at org.apache.hadoop.hbase.regionserver.HRegion.createHRegion(HRegion.java:2081)  at org.apache.hadoop.hbase.master.RegionManager.createRegion(RegionManager.java:731)  at org.apache.hadoop.hbase.master.HMaster.createTable(HMaster.java:771)  at org.apache.hadoop.hbase.master.HMaster.createTable(HMaster.java:729)  at sun.reflect.NativeMethodAccessorImpl.invoke0(Native Method)  at sun.reflect.NativeMethodAccessorImpl.invoke(NativeMethodAccessorImpl.java:62)  at sun.reflect.DelegatingMethodAccessorImpl.invoke(DelegatingMethodAccessorImpl.java:43)  at java.lang.reflect.Method.invoke(Method.java:498)  at org.apache.hadoop.hbase.ipc.HBaseRPC$Server.call(HBaseRPC.java:576)  at org.apache.hadoop.hbase.ipc.HBaseServer$Handler.run(HBaseServer.java:919) 
apache-hbase,org.apache.hadoop.hbase.client.TestFromClientSide#testJiraTest1014,matched (2 report(s) available),java.io.IOException,Async Wait,guess: found async-related keyword 'async' in exception/message/test name,java.io.IOException: Target HLog directory already exists: hdfs://localhost:36537/user/root/testJiraTest1014/1573723874/.logs  at org.apache.hadoop.hbase.regionserver.wal.HLog.<init>(HLog.java:278)  at org.apache.hadoop.hbase.regionserver.HRegion.createHRegion(HRegion.java:2081)  at org.apache.hadoop.hbase.master.RegionManager.createRegion(RegionManager.java:731)  at org.apache.hadoop.hbase.master.HMaster.createTable(HMaster.java:771)  at org.apache.hadoop.hbase.master.HMaster.createTable(HMaster.java:729)  at sun.reflect.GeneratedMethodAccessor26.invoke(Unknown Source)  at sun.reflect.DelegatingMethodAccessorImpl.invoke(DelegatingMethodAccessorImpl.java:43)  at java.lang.reflect.Method.invoke(Method.java:498)  at org.apache.hadoop.hbase.ipc.HBaseRPC$Server.call(HBaseRPC.java:576)  at org.apache.hadoop.hbase.ipc.HBaseServer$Handler.run(HBaseServer.java:919) 
apache-hbase,org.apache.hadoop.hbase.client.TestFromClientSide#testJiraTest1182,matched (2 report(s) available),java.io.IOException,Async Wait,guess: found async-related keyword 'async' in exception/message/test name,java.io.IOException: Target HLog directory already exists: hdfs://localhost:36537/user/root/testJiraTest1182/573319992/.logs  at org.apache.hadoop.hbase.regionserver.wal.HLog.<init>(HLog.java:278)  at org.apache.hadoop.hbase.regionserver.HRegion.createHRegion(HRegion.java:2081)  at org.apache.hadoop.hbase.master.RegionManager.createRegion(RegionManager.java:731)  at org.apache.hadoop.hbase.master.HMaster.createTable(HMaster.java:771)  at org.apache.hadoop.hbase.master.HMaster.createTable(HMaster.java:729)  at sun.reflect.GeneratedMethodAccessor26.invoke(Unknown Source)  at sun.reflect.DelegatingMethodAccessorImpl.invoke(DelegatingMethodAccessorImpl.java:43)  at java.lang.reflect.Method.invoke(Method.java:498)  at org.apache.hadoop.hbase.ipc.HBaseRPC$Server.call(HBaseRPC.java:576)  at org.apache.hadoop.hbase.ipc.HBaseServer$Handler.run(HBaseServer.java:919) 
apache-hbase,org.apache.hadoop.hbase.client.TestFromClientSide#testJiraTest52,matched (2 report(s) available),java.io.IOException,Async Wait,guess: found async-related keyword 'async' in exception/message/test name,java.io.IOException: Target HLog directory already exists: hdfs://localhost:36537/user/root/testJiraTest52/1638804847/.logs  at org.apache.hadoop.hbase.regionserver.wal.HLog.<init>(HLog.java:278)  at org.apache.hadoop.hbase.regionserver.HRegion.createHRegion(HRegion.java:2081)  at org.apache.hadoop.hbase.master.RegionManager.createRegion(RegionManager.java:731)  at org.apache.hadoop.hbase.master.HMaster.createTable(HMaster.java:771)  at org.apache.hadoop.hbase.master.HMaster.createTable(HMaster.java:729)  at sun.reflect.GeneratedMethodAccessor26.invoke(Unknown Source)  at sun.reflect.DelegatingMethodAccessorImpl.invoke(DelegatingMethodAccessorImpl.java:43)  at java.lang.reflect.Method.invoke(Method.java:498)  at org.apache.hadoop.hbase.ipc.HBaseRPC$Server.call(HBaseRPC.java:576)  at org.apache.hadoop.hbase.ipc.HBaseServer$Handler.run(HBaseServer.java:919) 
apache-hbase,org.apache.hadoop.hbase.client.TestFromClientSide#testGet_EmptyTable,matched (2 report(s) available),java.io.IOException,Async Wait,guess: found async-related keyword 'async' in exception/message/test name,java.io.IOException: Target HLog directory already exists: hdfs://localhost:36537/user/root/testGet_EmptyTable/688828288/.logs  at org.apache.hadoop.hbase.regionserver.wal.HLog.<init>(HLog.java:278)  at org.apache.hadoop.hbase.regionserver.HRegion.createHRegion(HRegion.java:2081)  at org.apache.hadoop.hbase.master.RegionManager.createRegion(RegionManager.java:731)  at org.apache.hadoop.hbase.master.HMaster.createTable(HMaster.java:771)  at org.apache.hadoop.hbase.master.HMaster.createTable(HMaster.java:729)  at sun.reflect.GeneratedMethodAccessor26.invoke(Unknown Source)  at sun.reflect.DelegatingMethodAccessorImpl.invoke(DelegatingMethodAccessorImpl.java:43)  at java.lang.reflect.Method.invoke(Method.java:498)  at org.apache.hadoop.hbase.ipc.HBaseRPC$Server.call(HBaseRPC.java:576)  at org.apache.hadoop.hbase.ipc.HBaseServer$Handler.run(HBaseServer.java:919) 
apache-hbase,org.apache.hadoop.hbase.client.TestFromClientSide#testGet_NonExistentRow,matched (2 report(s) available),java.io.IOException,Async Wait,guess: found async-related keyword 'async' in exception/message/test name,java.io.IOException: Target HLog directory already exists: hdfs://localhost:36537/user/root/testGet_NonExistentRow/1457316875/.logs  at org.apache.hadoop.hbase.regionserver.wal.HLog.<init>(HLog.java:278)  at org.apache.hadoop.hbase.regionserver.HRegion.createHRegion(HRegion.java:2081)  at org.apache.hadoop.hbase.master.RegionManager.createRegion(RegionManager.java:731)  at org.apache.hadoop.hbase.master.HMaster.createTable(HMaster.java:771)  at org.apache.hadoop.hbase.master.HMaster.createTable(HMaster.java:729)  at sun.reflect.GeneratedMethodAccessor26.invoke(Unknown Source)  at sun.reflect.DelegatingMethodAccessorImpl.invoke(DelegatingMethodAccessorImpl.java:43)  at java.lang.reflect.Method.invoke(Method.java:498)  at org.apache.hadoop.hbase.ipc.HBaseRPC$Server.call(HBaseRPC.java:576)  at org.apache.hadoop.hbase.ipc.HBaseServer$Handler.run(HBaseServer.java:919) 
apache-hbase,org.apache.hadoop.hbase.client.TestFromClientSide#testRowsPut,matched (2 report(s) available),java.io.IOException,Async Wait,guess: found async-related keyword 'async' in exception/message/test name,java.io.IOException: Target HLog directory already exists: hdfs://localhost:36537/user/root/testRowsPut/1922749311/.logs  at org.apache.hadoop.hbase.regionserver.wal.HLog.<init>(HLog.java:278)  at org.apache.hadoop.hbase.regionserver.HRegion.createHRegion(HRegion.java:2081)  at org.apache.hadoop.hbase.master.RegionManager.createRegion(RegionManager.java:731)  at org.apache.hadoop.hbase.master.HMaster.createTable(HMaster.java:771)  at org.apache.hadoop.hbase.master.HMaster.createTable(HMaster.java:729)  at sun.reflect.GeneratedMethodAccessor26.invoke(Unknown Source)  at sun.reflect.DelegatingMethodAccessorImpl.invoke(DelegatingMethodAccessorImpl.java:43)  at java.lang.reflect.Method.invoke(Method.java:498)  at org.apache.hadoop.hbase.ipc.HBaseRPC$Server.call(HBaseRPC.java:576)  at org.apache.hadoop.hbase.ipc.HBaseServer$Handler.run(HBaseServer.java:919) 
apache-hbase,org.apache.hadoop.hbase.client.TestFromClientSide#testRowsPutBufferedOneFlush,matched (2 report(s) available),java.io.IOException,Async Wait,guess: found async-related keyword 'async' in exception/message/test name,java.io.IOException: Target HLog directory already exists: hdfs://localhost:36537/user/root/testRowsPutBufferedOneFlush/1208634287/.logs  at org.apache.hadoop.hbase.regionserver.wal.HLog.<init>(HLog.java:278)  at org.apache.hadoop.hbase.regionserver.HRegion.createHRegion(HRegion.java:2081)  at org.apache.hadoop.hbase.master.RegionManager.createRegion(RegionManager.java:731)  at org.apache.hadoop.hbase.master.HMaster.createTable(HMaster.java:771)  at org.apache.hadoop.hbase.master.HMaster.createTable(HMaster.java:729)  at sun.reflect.GeneratedMethodAccessor26.invoke(Unknown Source)  at sun.reflect.DelegatingMethodAccessorImpl.invoke(DelegatingMethodAccessorImpl.java:43)  at java.lang.reflect.Method.invoke(Method.java:498)  at org.apache.hadoop.hbase.ipc.HBaseRPC$Server.call(HBaseRPC.java:576)  at org.apache.hadoop.hbase.ipc.HBaseServer$Handler.run(HBaseServer.java:919) 
apache-hbase,org.apache.hadoop.hbase.client.TestFromClientSide#testRowsPutBufferedManyManyFlushes,matched (2 report(s) available),java.io.IOException,Async Wait,guess: found async-related keyword 'async' in exception/message/test name,java.io.IOException: Target HLog directory already exists: hdfs://localhost:36537/user/root/testRowsPutBufferedManyManyFlushes/1138201914/.logs  at org.apache.hadoop.hbase.regionserver.wal.HLog.<init>(HLog.java:278)  at org.apache.hadoop.hbase.regionserver.HRegion.createHRegion(HRegion.java:2081)  at org.apache.hadoop.hbase.master.RegionManager.createRegion(RegionManager.java:731)  at org.apache.hadoop.hbase.master.HMaster.createTable(HMaster.java:771)  at org.apache.hadoop.hbase.master.HMaster.createTable(HMaster.java:729)  at sun.reflect.GeneratedMethodAccessor26.invoke(Unknown Source)  at sun.reflect.DelegatingMethodAccessorImpl.invoke(DelegatingMethodAccessorImpl.java:43)  at java.lang.reflect.Method.invoke(Method.java:498)  at org.apache.hadoop.hbase.ipc.HBaseRPC$Server.call(HBaseRPC.java:576)  at org.apache.hadoop.hbase.ipc.HBaseServer$Handler.run(HBaseServer.java:919) 
apache-hbase,org.apache.hadoop.hbase.client.TestFromClientSide#testHBase737,matched (2 report(s) available),java.io.IOException,Async Wait,guess: found async-related keyword 'async' in exception/message/test name,java.io.IOException: Target HLog directory already exists: hdfs://localhost:36537/user/root/testHBase737/859628838/.logs  at org.apache.hadoop.hbase.regionserver.wal.HLog.<init>(HLog.java:278)  at org.apache.hadoop.hbase.regionserver.HRegion.createHRegion(HRegion.java:2081)  at org.apache.hadoop.hbase.master.RegionManager.createRegion(RegionManager.java:731)  at org.apache.hadoop.hbase.master.HMaster.createTable(HMaster.java:771)  at org.apache.hadoop.hbase.master.HMaster.createTable(HMaster.java:729)  at sun.reflect.GeneratedMethodAccessor26.invoke(Unknown Source)  at sun.reflect.DelegatingMethodAccessorImpl.invoke(DelegatingMethodAccessorImpl.java:43)  at java.lang.reflect.Method.invoke(Method.java:498)  at org.apache.hadoop.hbase.ipc.HBaseRPC$Server.call(HBaseRPC.java:576)  at org.apache.hadoop.hbase.ipc.HBaseServer$Handler.run(HBaseServer.java:919) 
apache-hbase,org.apache.hadoop.hbase.client.TestFromClientSide#testListTables,matched (2 report(s) available),java.io.IOException,Async Wait,guess: found async-related keyword 'async' in exception/message/test name,java.io.IOException: Target HLog directory already exists: hdfs://localhost:36537/user/root/testListTables1/1298416198/.logs  at org.apache.hadoop.hbase.regionserver.wal.HLog.<init>(HLog.java:278)  at org.apache.hadoop.hbase.regionserver.HRegion.createHRegion(HRegion.java:2081)  at org.apache.hadoop.hbase.master.RegionManager.createRegion(RegionManager.java:731)  at org.apache.hadoop.hbase.master.HMaster.createTable(HMaster.java:771)  at org.apache.hadoop.hbase.master.HMaster.createTable(HMaster.java:729)  at sun.reflect.GeneratedMethodAccessor26.invoke(Unknown Source)  at sun.reflect.DelegatingMethodAccessorImpl.invoke(DelegatingMethodAccessorImpl.java:43)  at java.lang.reflect.Method.invoke(Method.java:498)  at org.apache.hadoop.hbase.ipc.HBaseRPC$Server.call(HBaseRPC.java:576)  at org.apache.hadoop.hbase.ipc.HBaseServer$Handler.run(HBaseServer.java:919) 
apache-hbase,org.apache.hadoop.hbase.client.TestFromClientSide#testMiscHTableStuff,matched (2 report(s) available),java.io.IOException,Async Wait,guess: found async-related keyword 'async' in exception/message/test name,java.io.IOException: Target HLog directory already exists: hdfs://localhost:36537/user/root/testMiscHTableStuffA/1329553026/.logs  at org.apache.hadoop.hbase.regionserver.wal.HLog.<init>(HLog.java:278)  at org.apache.hadoop.hbase.regionserver.HRegion.createHRegion(HRegion.java:2081)  at org.apache.hadoop.hbase.master.RegionManager.createRegion(RegionManager.java:731)  at org.apache.hadoop.hbase.master.HMaster.createTable(HMaster.java:771)  at org.apache.hadoop.hbase.master.HMaster.createTable(HMaster.java:729)  at sun.reflect.GeneratedMethodAccessor26.invoke(Unknown Source)  at sun.reflect.DelegatingMethodAccessorImpl.invoke(DelegatingMethodAccessorImpl.java:43)  at java.lang.reflect.Method.invoke(Method.java:498)  at org.apache.hadoop.hbase.ipc.HBaseRPC$Server.call(HBaseRPC.java:576)  at org.apache.hadoop.hbase.ipc.HBaseServer$Handler.run(HBaseServer.java:919) 
apache-hbase,org.apache.hadoop.hbase.client.TestFromClientSide#testGetClosestRowBefore,matched (2 report(s) available),java.io.IOException,Async Wait,guess: found async-related keyword 'async' in exception/message/test name,java.io.IOException: Target HLog directory already exists: hdfs://localhost:36537/user/root/testGetClosestRowBefore/351730598/.logs  at org.apache.hadoop.hbase.regionserver.wal.HLog.<init>(HLog.java:278)  at org.apache.hadoop.hbase.regionserver.HRegion.createHRegion(HRegion.java:2081)  at org.apache.hadoop.hbase.master.RegionManager.createRegion(RegionManager.java:731)  at org.apache.hadoop.hbase.master.HMaster.createTable(HMaster.java:771)  at org.apache.hadoop.hbase.master.HMaster.createTable(HMaster.java:729)  at sun.reflect.GeneratedMethodAccessor26.invoke(Unknown Source)  at sun.reflect.DelegatingMethodAccessorImpl.invoke(DelegatingMethodAccessorImpl.java:43)  at java.lang.reflect.Method.invoke(Method.java:498)  at org.apache.hadoop.hbase.ipc.HBaseRPC$Server.call(HBaseRPC.java:576)  at org.apache.hadoop.hbase.ipc.HBaseServer$Handler.run(HBaseServer.java:919) 
apache-hbase,org.apache.hadoop.hbase.TestScanMultipleVersions#testScanMultipleVersions,matched (1989 report(s) available),org.apache.hadoop.hbase.client.NoServerForRegionException,Unclear,no rule matched -- raw exception type was 'org.apache.hadoop.hbase.client.NoServerForRegionException',Timed out trying to locate root region because: Failed setting up proxy to /127.0.0.1:36389 after attempts=1
apache-hbase,org.apache.hadoop.hbase.regionserver.TestGetDeleteTracker#testIsDeleted_NotDeleted,matched (1 report(s) available),junit.framework.AssertionFailedError,Unclear,no rule matched -- raw exception type was 'junit.framework.AssertionFailedError',expected:<false> but was:<true>
apache-hbase,org.apache.hadoop.hbase.io.hfile.TestLruBlockCache#testBackgroundEvictionThread,matched (1165 report(s) available),junit.framework.AssertionFailedError,Unclear,no rule matched -- raw exception type was 'junit.framework.AssertionFailedError',null
apache-hbase,org.apache.hadoop.hbase.master.TestMasterTransitions#testRegionCloseWhenNoMetaHBase2428,matched (913 report(s) available),java.lang.Exception,Unclear,no rule matched -- raw exception type was 'java.lang.Exception',test timed out after 300000 milliseconds
apache-hbase,org.apache.hadoop.hbase.master.TestMasterTransitions#testAddingServerBeforeOldIsDead2413,matched (918 report(s) available),org.apache.hadoop.hbase.client.RetriesExhaustedException,Unclear,no rule matched -- raw exception type was 'org.apache.hadoop.hbase.client.RetriesExhaustedException',"Trying to contact region server 172.31.59.172:39347 for region master_transitions,,1567085258881, row '', but failed after 4 attempts. Exceptions: org.apache.hadoop.hbase.NotServingRegionException: org.apache.hadoop.hbase.NotServingRegionException: master_transitions,,1567085258881  at org.apache.hadoop.hbase.regionserver.HRegionServer.getRegion(HRegionServer.java:2209)  at org.apache.hadoop.hbase.regionserver.HRegionServer.openScanner(HRegionServer.java:1813)  at sun.reflect.GeneratedMethodAccessor12.invoke(Unknown Source)  at sun.reflect.DelegatingMethodAccessorImpl.invoke(DelegatingMethodAccessorImpl.java:43)  at java.lang.reflect.Method.invoke(Method.java:498)  at org.apache.hadoop.hbase.ipc.HBaseRPC$Server.call(HBaseRPC.java:576)  at org.apache.hadoop.hbase.ipc.HBaseServer$Handler.run(HBaseServer.java:919)  org.apache.hadoop.hbase.client.NoServerForRegionException: Timed out trying to locate root region because: org.apache.hadoop.hbase.NotServingRegionException: -ROOT-,,0  at org.apache.hadoop.hbase.regionserver.HRegionServer.getRegion(HRegionServer.java:2209)  at org.apache.hadoop.hbase.regionserver.HRegionServer.getRegionInfo(HRegionServer.java:1666)  at sun.reflect.NativeMethodAccessorImpl.invoke0(Native Method)  at sun.reflect.NativeMethodAccessorImpl.invoke(NativeMethodAccessorImpl.java:62)  at sun.reflect.DelegatingMethodAccessorImpl.invoke(DelegatingMethodAccessorImpl.java:43)  at java.lang.reflect.Method.invoke(Method.java:498)  at org.apache.hadoop.hbase.ipc.HBaseRPC$Server.call(HBaseRPC.java:576)  at org.apache.hadoop.hbase.ipc.HBaseServer$Handler.run(HBaseServer.java:919)  org.apache.hadoop.hbase.client.NoServerForRegionException: Timed out trying to locate root region because: org.apache.hadoop.hbase.NotServingRegionException: -ROOT-,,0  at org.apache.hadoop.hbase.regionserver.HRegionServer.getRegion(HRegionServer.java:2209)  at org.apache.hadoop.hbase.regionserver.HRegionServer.getRegionInfo(HRegionServer.java:1666)  at sun.reflect.GeneratedMethodAccessor25.invoke(Unknown Source)  at sun.reflect.DelegatingMethodAccessorImpl.invoke(DelegatingMethodAccessorImpl.java:43)  at java.lang.reflect.Method.invoke(Method.java:498)  at org.apache.hadoop.hbase.ipc.HBaseRPC$Server.call(HBaseRPC.java:576)  at org.apache.hadoop.hbase.ipc.HBaseServer$Handler.run(HBaseServer.java:919)  org.apache.hadoop.hbase.client.NoServerForRegionException: Timed out trying to locate root region because: org.apache.hadoop.hbase.NotServingRegionException: -ROOT-,,0  at org.apache.hadoop.hbase.regionserver.HRegionServer.getRegion(HRegionServer.java:2209)  at org.apache.hadoop.hbase.regionserver.HRegionServer.getRegionInfo(HRegionServer.java:1666)  at sun.reflect.GeneratedMethodAccessor25.invoke(Unknown Source)  at sun.reflect.DelegatingMethodAccessorImpl.invoke(DelegatingMethodAccessorImpl.java:43)  at java.lang.reflect.Method.invoke(Method.java:498)  at org.apache.hadoop.hbase.ipc.HBaseRPC$Server.call(HBaseRPC.java:576)  at org.apache.hadoop.hbase.ipc.HBaseServer$Handler.run(HBaseServer.java:919)  "
apache-hbase,org.apache.hadoop.hbase.master.TestMasterTransitions#testKillRSWithOpeningRegion2482,matched (934 report(s) available),org.apache.hadoop.hbase.client.NoServerForRegionException,Unclear,no rule matched -- raw exception type was 'org.apache.hadoop.hbase.client.NoServerForRegionException',"Timed out trying to locate root region because: org.apache.hadoop.hbase.NotServingRegionException: -ROOT-,,0  at org.apache.hadoop.hbase.regionserver.HRegionServer.getRegion(HRegionServer.java:2209)  at org.apache.hadoop.hbase.regionserver.HRegionServer.getRegionInfo(HRegionServer.java:1666)  at sun.reflect.GeneratedMethodAccessor25.invoke(Unknown Source)  at sun.reflect.DelegatingMethodAccessorImpl.invoke(DelegatingMethodAccessorImpl.java:43)  at java.lang.reflect.Method.invoke(Method.java:498)  at org.apache.hadoop.hbase.ipc.HBaseRPC$Server.call(HBaseRPC.java:576)  at org.apache.hadoop.hbase.ipc.HBaseServer$Handler.run(HBaseServer.java:919) "
apache-hbase,org.apache.hadoop.hbase.master.TestMinimumServerCount#testMinimumServerCount,matched (1990 report(s) available),org.apache.hadoop.hbase.client.NoServerForRegionException,Unclear,no rule matched -- raw exception type was 'org.apache.hadoop.hbase.client.NoServerForRegionException',Timed out trying to locate root region because: Failed setting up proxy to /127.0.0.1:35753 after attempts=1
apache-hbase,org.apache.hadoop.hbase.client.TestTimestamp#testTimestamps,matched (1989 report(s) available),org.apache.hadoop.hbase.client.NoServerForRegionException,Unclear,no rule matched -- raw exception type was 'org.apache.hadoop.hbase.client.NoServerForRegionException',Timed out trying to locate root region because: Failed setting up proxy to /127.0.0.1:42909 after attempts=1
apache-hbase,org.apache.hadoop.hbase.mapreduce.TestTimeRangeMapRed#testTimeRangeMapRed,matched (1990 report(s) available),org.apache.hadoop.hbase.client.NoServerForRegionException,Unclear,no rule matched -- raw exception type was 'org.apache.hadoop.hbase.client.NoServerForRegionException',Timed out trying to locate root region because: Failed setting up proxy to /127.0.0.1:39119 after attempts=1
apache-hbase,org.apache.hadoop.hbase.thrift.TestThriftServer#testAll,matched (1989 report(s) available),org.apache.hadoop.hbase.client.NoServerForRegionException,Unclear,no rule matched -- raw exception type was 'org.apache.hadoop.hbase.client.NoServerForRegionException',Timed out trying to locate root region because: Failed setting up proxy to /127.0.0.1:44475 after attempts=1
apache-hbase,org.apache.hadoop.hbase.mapreduce.TestTableInputFormatScan#testScanEmptyToEmpty,matched (5 report(s) available),java.lang.NullPointerException,Unclear,no rule matched -- raw exception type was 'java.lang.NullPointerException',
apache-hbase,org.apache.hadoop.hbase.mapreduce.TestTableInputFormatScan#testScanEmptyToAPP,matched (5 report(s) available),java.lang.NullPointerException,Unclear,no rule matched -- raw exception type was 'java.lang.NullPointerException',
apache-hbase,org.apache.hadoop.hbase.mapreduce.TestTableInputFormatScan#testScanEmptyToBBA,matched (5 report(s) available),java.lang.NullPointerException,Unclear,no rule matched -- raw exception type was 'java.lang.NullPointerException',
apache-hbase,org.apache.hadoop.hbase.mapreduce.TestTableInputFormatScan#testScanEmptyToBBB,matched (4 report(s) available),java.lang.NullPointerException,Unclear,no rule matched -- raw exception type was 'java.lang.NullPointerException',
apache-hbase,org.apache.hadoop.hbase.mapreduce.TestTableInputFormatScan#testScanEmptyToOPP,matched (4 report(s) available),java.lang.NullPointerException,Unclear,no rule matched -- raw exception type was 'java.lang.NullPointerException',
apache-hbase,org.apache.hadoop.hbase.mapreduce.TestTableInputFormatScan#testScanOBBToOPP,matched (3 report(s) available),java.lang.NullPointerException,Unclear,no rule matched -- raw exception type was 'java.lang.NullPointerException',
apache-hbase,org.apache.hadoop.hbase.mapreduce.TestTableInputFormatScan#testScanOBBToQPP,matched (3 report(s) available),java.lang.NullPointerException,Unclear,no rule matched -- raw exception type was 'java.lang.NullPointerException',
apache-hbase,org.apache.hadoop.hbase.mapreduce.TestTableInputFormatScan#testScanOPPToEmpty,matched (3 report(s) available),java.lang.NullPointerException,Unclear,no rule matched -- raw exception type was 'java.lang.NullPointerException',
apache-hbase,org.apache.hadoop.hbase.mapreduce.TestTableInputFormatScan#testScanYYXToEmpty,matched (3 report(s) available),java.lang.NullPointerException,Unclear,no rule matched -- raw exception type was 'java.lang.NullPointerException',
apache-hbase,org.apache.hadoop.hbase.mapreduce.TestTableInputFormatScan#testScanYYYToEmpty,matched (3 report(s) available),java.lang.NullPointerException,Unclear,no rule matched -- raw exception type was 'java.lang.NullPointerException',
apache-hbase,org.apache.hadoop.hbase.mapreduce.TestTableInputFormatScan#testScanYZYToEmpty,matched (3 report(s) available),java.lang.NullPointerException,Unclear,no rule matched -- raw exception type was 'java.lang.NullPointerException',
apache-hbase,org.apache.hadoop.hbase.client.TestAdmin#testCreateTable,matched (51 report(s) available),java.io.IOException,Async Wait,guess: found async-related keyword 'async' in exception/message/test name,java.io.IOException: Target HLog directory already exists: hdfs://localhost:38269/user/root/testCreateTable/1111132271/.logs  at org.apache.hadoop.hbase.regionserver.wal.HLog.<init>(HLog.java:278)  at org.apache.hadoop.hbase.regionserver.HRegion.createHRegion(HRegion.java:2081)  at org.apache.hadoop.hbase.master.RegionManager.createRegion(RegionManager.java:731)  at org.apache.hadoop.hbase.master.HMaster.createTable(HMaster.java:771)  at org.apache.hadoop.hbase.master.HMaster.createTable(HMaster.java:729)  at sun.reflect.GeneratedMethodAccessor25.invoke(Unknown Source)  at sun.reflect.DelegatingMethodAccessorImpl.invoke(DelegatingMethodAccessorImpl.java:43)  at java.lang.reflect.Method.invoke(Method.java:498)  at org.apache.hadoop.hbase.ipc.HBaseRPC$Server.call(HBaseRPC.java:576)  at org.apache.hadoop.hbase.ipc.HBaseServer$Handler.run(HBaseServer.java:919) 
apache-hbase,org.apache.hadoop.hbase.client.TestAdmin#testCreateTableWithRegions,matched (6 report(s) available),java.io.IOException,Async Wait,guess: found async-related keyword 'async' in exception/message/test name,java.io.IOException: Target HLog directory already exists: hdfs://localhost:45379/user/root/testCreateTableWithRegions/1712747001/.logs  at org.apache.hadoop.hbase.regionserver.wal.HLog.<init>(HLog.java:278)  at org.apache.hadoop.hbase.regionserver.HRegion.createHRegion(HRegion.java:2081)  at org.apache.hadoop.hbase.master.RegionManager.createRegion(RegionManager.java:731)  at org.apache.hadoop.hbase.master.HMaster.createTable(HMaster.java:771)  at org.apache.hadoop.hbase.master.HMaster.createTable(HMaster.java:729)  at sun.reflect.GeneratedMethodAccessor24.invoke(Unknown Source)  at sun.reflect.DelegatingMethodAccessorImpl.invoke(DelegatingMethodAccessorImpl.java:43)  at java.lang.reflect.Method.invoke(Method.java:498)  at org.apache.hadoop.hbase.ipc.HBaseRPC$Server.call(HBaseRPC.java:576)  at org.apache.hadoop.hbase.ipc.HBaseServer$Handler.run(HBaseServer.java:919) 
apache-hbase,org.apache.hadoop.hbase.client.TestAdmin#testForceSplit,matched (5 report(s) available),java.lang.RuntimeException,Unclear,no rule matched -- raw exception type was 'java.lang.RuntimeException',"org.apache.hadoop.hbase.client.RetriesExhaustedException: Trying to contact region server 172.31.49.6:38489 for region testForceSplit,,1568439482574, row 'aaa', but failed after 6 attempts. Exceptions: org.apache.hadoop.hbase.NotServingRegionException: org.apache.hadoop.hbase.NotServingRegionException: testForceSplit,,1568439482574  at org.apache.hadoop.hbase.regionserver.HRegionServer.getRegion(HRegionServer.java:2209)  at org.apache.hadoop.hbase.regionserver.HRegionServer.openScanner(HRegionServer.java:1813)  at sun.reflect.GeneratedMethodAccessor13.invoke(Unknown Source)  at sun.reflect.DelegatingMethodAccessorImpl.invoke(DelegatingMethodAccessorImpl.java:43)  at java.lang.reflect.Method.invoke(Method.java:498)  at org.apache.hadoop.hbase.ipc.HBaseRPC$Server.call(HBaseRPC.java:576)  at org.apache.hadoop.hbase.ipc.HBaseServer$Handler.run(HBaseServer.java:919)  org.apache.hadoop.hbase.client.NoServerForRegionException: No server address listed in .META. for region testForceSplit,,1568439491300 org.apache.hadoop.hbase.client.NoServerForRegionException: No server address listed in .META. for region testForceSplit,,1568439491300 org.apache.hadoop.hbase.client.NoServerForRegionException: No server address listed in .META. for region testForceSplit,,1568439491300 org.apache.hadoop.hbase.client.NoServerForRegionException: No server address listed in .META. for region testForceSplit,,1568439491300 org.apache.hadoop.hbase.client.NoServerForRegionException: No server address listed in .META. for region testForceSplit,,1568439491300 "
apache-hbase,org.apache.hadoop.hbase.client.TestAdmin#testEnableDisableAddColumnDeleteColumn,matched (143 report(s) available),java.io.IOException,Async Wait,guess: found async-related keyword 'async' in exception/message/test name,java.io.IOException: Target HLog directory already exists: hdfs://localhost:43189/user/root/testMasterAdmin/480261404/.logs  at org.apache.hadoop.hbase.regionserver.wal.HLog.<init>(HLog.java:278)  at org.apache.hadoop.hbase.regionserver.HRegion.createHRegion(HRegion.java:2081)  at org.apache.hadoop.hbase.master.RegionManager.createRegion(RegionManager.java:731)  at org.apache.hadoop.hbase.master.HMaster.createTable(HMaster.java:771)  at org.apache.hadoop.hbase.master.HMaster.createTable(HMaster.java:729)  at sun.reflect.NativeMethodAccessorImpl.invoke0(Native Method)  at sun.reflect.NativeMethodAccessorImpl.invoke(NativeMethodAccessorImpl.java:62)  at sun.reflect.DelegatingMethodAccessorImpl.invoke(DelegatingMethodAccessorImpl.java:43)  at java.lang.reflect.Method.invoke(Method.java:498)  at org.apache.hadoop.hbase.ipc.HBaseRPC$Server.call(HBaseRPC.java:576)  at org.apache.hadoop.hbase.ipc.HBaseServer$Handler.run(HBaseServer.java:919) 
apache-hbase,org.apache.hadoop.hbase.client.TestAdmin#testCreateBadTables,matched (143 report(s) available),java.lang.AssertionError,Unclear,no rule matched -- raw exception type was 'java.lang.AssertionError',expected:<1> but was:<0>
apache-hbase,org.apache.hadoop.hbase.client.TestAdmin#testTableNameClash,matched (144 report(s) available),java.io.IOException,Async Wait,guess: found async-related keyword 'async' in exception/message/test name,java.io.IOException: Target HLog directory already exists: hdfs://localhost:43189/user/root/testTableNameClashSOMEUPPERCASE/518291455/.logs  at org.apache.hadoop.hbase.regionserver.wal.HLog.<init>(HLog.java:278)  at org.apache.hadoop.hbase.regionserver.HRegion.createHRegion(HRegion.java:2081)  at org.apache.hadoop.hbase.master.RegionManager.createRegion(RegionManager.java:731)  at org.apache.hadoop.hbase.master.HMaster.createTable(HMaster.java:771)  at org.apache.hadoop.hbase.master.HMaster.createTable(HMaster.java:729)  at sun.reflect.GeneratedMethodAccessor23.invoke(Unknown Source)  at sun.reflect.DelegatingMethodAccessorImpl.invoke(DelegatingMethodAccessorImpl.java:43)  at java.lang.reflect.Method.invoke(Method.java:498)  at org.apache.hadoop.hbase.ipc.HBaseRPC$Server.call(HBaseRPC.java:576)  at org.apache.hadoop.hbase.ipc.HBaseServer$Handler.run(HBaseServer.java:919) 
apache-hbase,org.apache.hadoop.hbase.client.TestAdmin#testReadOnlyTable,matched (143 report(s) available),java.io.IOException,Async Wait,guess: found async-related keyword 'async' in exception/message/test name,java.io.IOException: Target HLog directory already exists: hdfs://localhost:43189/user/root/testReadOnlyTable/454354623/.logs  at org.apache.hadoop.hbase.regionserver.wal.HLog.<init>(HLog.java:278)  at org.apache.hadoop.hbase.regionserver.HRegion.createHRegion(HRegion.java:2081)  at org.apache.hadoop.hbase.master.RegionManager.createRegion(RegionManager.java:731)  at org.apache.hadoop.hbase.master.HMaster.createTable(HMaster.java:771)  at org.apache.hadoop.hbase.master.HMaster.createTable(HMaster.java:729)  at sun.reflect.GeneratedMethodAccessor23.invoke(Unknown Source)  at sun.reflect.DelegatingMethodAccessorImpl.invoke(DelegatingMethodAccessorImpl.java:43)  at java.lang.reflect.Method.invoke(Method.java:498)  at org.apache.hadoop.hbase.ipc.HBaseRPC$Server.call(HBaseRPC.java:576)  at org.apache.hadoop.hbase.ipc.HBaseServer$Handler.run(HBaseServer.java:919) 
apache-hbase,org.apache.hadoop.hbase.client.TestAdmin#testTableNotFoundExceptionWithATable,matched (145 report(s) available),java.lang.Exception,Async Wait,guess: found async-related keyword 'async' in exception/message/test name,"Unexpected exception, expected<org.apache.hadoop.hbase.TableExistsException> but was<java.io.IOException>"
apache-hbase,org.apache.hadoop.hbase.client.TestAdmin#testHundredsOfTable,matched (275 report(s) available),java.io.IOException,Async Wait,guess: found async-related keyword 'async' in exception/message/test name,java.io.IOException: Target HLog directory already exists: hdfs://localhost:43189/user/root/table0/1104621791/.logs  at org.apache.hadoop.hbase.regionserver.wal.HLog.<init>(HLog.java:278)  at org.apache.hadoop.hbase.regionserver.HRegion.createHRegion(HRegion.java:2081)  at org.apache.hadoop.hbase.master.RegionManager.createRegion(RegionManager.java:731)  at org.apache.hadoop.hbase.master.HMaster.createTable(HMaster.java:771)  at org.apache.hadoop.hbase.master.HMaster.createTable(HMaster.java:729)  at sun.reflect.GeneratedMethodAccessor23.invoke(Unknown Source)  at sun.reflect.DelegatingMethodAccessorImpl.invoke(DelegatingMethodAccessorImpl.java:43)  at java.lang.reflect.Method.invoke(Method.java:498)  at org.apache.hadoop.hbase.ipc.HBaseRPC$Server.call(HBaseRPC.java:576)  at org.apache.hadoop.hbase.ipc.HBaseServer$Handler.run(HBaseServer.java:919) 
apache-hbase,org.apache.hadoop.hbase.client.TestAdmin#testGetTableDescriptor,matched (274 report(s) available),java.io.IOException,Async Wait,guess: found async-related keyword 'async' in exception/message/test name,java.io.IOException: Target HLog directory already exists: hdfs://localhost:43189/user/root/myTestTable/480065794/.logs  at org.apache.hadoop.hbase.regionserver.wal.HLog.<init>(HLog.java:278)  at org.apache.hadoop.hbase.regionserver.HRegion.createHRegion(HRegion.java:2081)  at org.apache.hadoop.hbase.master.RegionManager.createRegion(RegionManager.java:731)  at org.apache.hadoop.hbase.master.HMaster.createTable(HMaster.java:771)  at org.apache.hadoop.hbase.master.HMaster.createTable(HMaster.java:729)  at sun.reflect.GeneratedMethodAccessor23.invoke(Unknown Source)  at sun.reflect.DelegatingMethodAccessorImpl.invoke(DelegatingMethodAccessorImpl.java:43)  at java.lang.reflect.Method.invoke(Method.java:498)  at org.apache.hadoop.hbase.ipc.HBaseRPC$Server.call(HBaseRPC.java:576)  at org.apache.hadoop.hbase.ipc.HBaseServer$Handler.run(HBaseServer.java:919) 
apache-hbase,org.apache.hadoop.hbase.TestEmptyMetaInfo#testEmptyMetaInfo,matched (1989 report(s) available),org.apache.hadoop.hbase.client.NoServerForRegionException,Unclear,no rule matched -- raw exception type was 'org.apache.hadoop.hbase.client.NoServerForRegionException',Timed out trying to locate root region because: Failed setting up proxy to /127.0.0.1:45161 after attempts=1
apache-hbase,org.apache.hadoop.hbase.regionserver.TestStoreFile#testBasicHalfMapFile,matched (71 report(s) available),org.apache.hadoop.ipc.RemoteException,Unclear,no rule matched -- raw exception type was 'org.apache.hadoop.ipc.RemoteException',"java.io.IOException: File /user/root/test/build/data/testBasicHalfMapFile/regionname/familyname/5989158547299957818 could only be replicated to 0 nodes, instead of 1  at org.apache.hadoop.hdfs.server.namenode.FSNamesystem.getAdditionalBlock(FSNamesystem.java:1274)  at org.apache.hadoop.hdfs.server.namenode.NameNode.addBlock(NameNode.java:422)  at sun.reflect.NativeMethodAccessorImpl.invoke0(Native Method)  at sun.reflect.NativeMethodAccessorImpl.invoke(NativeMethodAccessorImpl.java:62)  at sun.reflect.DelegatingMethodAccessorImpl.invoke(DelegatingMethodAccessorImpl.java:43)  at java.lang.reflect.Method.invoke(Method.java:498)  at org.apache.hadoop.ipc.RPC$Server.call(RPC.java:508)  at org.apache.hadoop.ipc.Server$Handler$1.run(Server.java:959)  at org.apache.hadoop.ipc.Server$Handler$1.run(Server.java:955)  at java.security.AccessController.doPrivileged(Native Method)  at javax.security.auth.Subject.doAs(Subject.java:422)  at org.apache.hadoop.ipc.Server$Handler.run(Server.java:953) "
apache-hbase,org.apache.hadoop.hbase.regionserver.TestStoreFile#testReference,matched (71 report(s) available),java.net.ConnectException,Unclear,no rule matched -- raw exception type was 'java.net.ConnectException',Call to localhost/127.0.0.1:0 failed on connection exception: java.net.ConnectException: Connection refused
apache-hbase,org.apache.hadoop.hbase.TestMultiParallelPut#testMultiPut,matched (2113 report(s) available),org.apache.hadoop.hbase.client.NoServerForRegionException,Unclear,no rule matched -- raw exception type was 'org.apache.hadoop.hbase.client.NoServerForRegionException',Timed out trying to locate root region because: Failed setting up proxy to /127.0.0.1:37445 after attempts=1
apache-hbase,org.apache.hadoop.hbase.regionserver.TestWideScanner#testWideScanBatching,matched (71 report(s) available),java.net.UnknownHostException,Unclear,no rule matched -- raw exception type was 'java.net.UnknownHostException',ip-172-31-52-12: ip-172-31-52-12: Temporary failure in name resolution
apache-hbase,org.apache.hadoop.hbase.regionserver.TestCompaction#testCompaction,matched (71 report(s) available),java.net.UnknownHostException,Unclear,no rule matched -- raw exception type was 'java.net.UnknownHostException',ip-172-31-52-12: ip-172-31-52-12: Temporary failure in name resolution
apache-hbase,org.apache.hadoop.hbase.regionserver.TestCompaction#testMajorCompactingToNoOutput,matched (71 report(s) available),java.io.IOException,Unclear,no rule matched -- raw exception type was 'java.io.IOException',Cannot lock storage /working/proj/apache-hbase-6289/apache-hbase/core/build/hbase/test/dfs/name1. The directory is already locked.
apache-hbase,org.apache.hadoop.hbase.client.TestGetRowVersions#testGetRowMultipleVersions,matched (1989 report(s) available),org.apache.hadoop.hbase.client.NoServerForRegionException,Unclear,no rule matched -- raw exception type was 'org.apache.hadoop.hbase.client.NoServerForRegionException',Timed out trying to locate root region because: Failed setting up proxy to /127.0.0.1:40851 after attempts=1
apache-httpcore,org.apache.http.impl.pool.TestBasicConnPool#testHttpCreateConnection,matched (1 report(s) available),java.net.SocketTimeoutException,Async Wait,guess: found async-related keyword 'timeoutexception' in exception/message/test name,
apache-httpcore,org.apache.http.pool.TestConnPool#testStatefulConnectionRedistributionOnPerRouteMaxLimit,matched (162 report(s) available),Wanted but not invoked,Concurrency,guess: found concurrency-related pattern 'wanted but not invoked' in exception/message," Wanted but not invoked: httpConnection.close(); -> at org.apache.http.pool.TestConnPool.testStatefulConnectionRedistributionOnPerRouteMaxLimit(TestConnPool.java:478) Actually, there were zero interactions with this mock. "
apache-httpcore,org.apache.http.pool.TestConnPool#testCreateNewIfExpired,matched (6 report(s) available),org.mockito.exceptions.verification.TooLittleActualInvocations,Concurrency,guess: found concurrency-related pattern 'wanted \d+ time' in exception/message," httpConnectionFactory.create(""somehost""); Wanted 2 times: -> at org.apache.http.pool.TestConnPool.testCreateNewIfExpired(TestConnPool.java:510) But was 1 time: -> at org.apache.http.pool.TestConnPool$LocalConnPool.createConnection(TestConnPool.java:72) "
apache-httpcore,org.apache.http.pool.TestConnPool#testCloseExpired,matched (2 report(s) available),Wanted but not invoked,Concurrency,guess: found concurrency-related pattern 'wanted but not invoked' in exception/message," Wanted but not invoked: httpConnection.close(); -> at org.apache.http.pool.TestConnPool.testCloseExpired(TestConnPool.java:550) Actually, there were zero interactions with this mock. "
apache-httpcore,org.apache.http.pool.TestConnPool#testLeaseTimeout,matched (150 report(s) available),junit.framework.AssertionFailedError,Unclear,no rule matched -- raw exception type was 'junit.framework.AssertionFailedError',null
apache-httpcore,org.apache.http.pool.TestConnPool#testCloseIdle,matched (1 report(s) available),Wanted but not invoked,Concurrency,guess: found concurrency-related pattern 'wanted but not invoked' in exception/message," Wanted but not invoked: httpConnection.close(); -> at org.apache.http.pool.TestConnPool.testCloseIdle(TestConnPool.java:668) Actually, there were zero interactions with this mock. "
apache-httpcore,org.apache.http.nio.protocol.TestNIOSSLHttp#testHttpPostsWithContentLength,matched (1 report(s) available),java.lang.AssertionError,Unclear,no rule matched -- raw exception type was 'java.lang.AssertionError',
apache-httpcore,org.apache.http.impl.nio.reactor.TestDefaultIOReactors#testGracefulShutdown,matched (3 report(s) available),java.lang.AssertionError,Concurrency,guess: found concurrency-related pattern 'race' in exception/message,
apache-httpcore,org.apache.http.nio.protocol.TestAsyncNHttpHandlers#testHttpPostsChunked,matched (2 report(s) available),java.lang.AssertionError,Async Wait,guess: found async-related keyword 'async' in exception/message/test name,
apache-httpcore,org.apache.http.nio.protocol.TestAsyncNHttpHandlers#testDelayedHttpGets,matched (1 report(s) available),java.lang.AssertionError,Async Wait,guess: found async-related keyword 'async' in exception/message/test name,
apache-httpcore,org.apache.http.nio.protocol.TestAsyncNHttpHandlers#testHttpException,matched (3 report(s) available),java.lang.AssertionError,Async Wait,guess: found async-related keyword 'async' in exception/message/test name,
apache-httpcore,org.apache.http.nio.protocol.TestAsyncNHttpHandlers#testDelayedHttpException,matched (2 report(s) available),java.lang.AssertionError,Async Wait,guess: found async-related keyword 'async' in exception/message/test name,
apache-httpcore,org.apache.http.nio.protocol.TestAsyncNHttpHandlers#testNoServiceHandler,matched (3 report(s) available),java.lang.AssertionError,Async Wait,guess: found async-related keyword 'async' in exception/message/test name,
apache-httpcore,org.apache.http.nio.protocol.TestAsyncNHttpHandlers#testHttpPostWithNoEntities,matched (4 report(s) available),java.lang.AssertionError,Async Wait,guess: found async-related keyword 'async' in exception/message/test name,
apache-httpcore,org.apache.http.nio.protocol.TestAsyncNHttpHandlers#testNoRequestHandler,matched (1 report(s) available),java.lang.AssertionError,Async Wait,guess: found async-related keyword 'async' in exception/message/test name,
apache-httpcore,org.apache.http.nio.protocol.TestBufferingNHttpHandlers#testHttpPostsChunked,matched (2 report(s) available),java.lang.AssertionError,Unclear,no rule matched -- raw exception type was 'java.lang.AssertionError',
apache-httpcore,org.apache.http.nio.protocol.TestBufferingNHttpHandlers#testHttpPostsHTTP10,matched (1 report(s) available),java.lang.AssertionError,Unclear,no rule matched -- raw exception type was 'java.lang.AssertionError',
apache-httpcore,org.apache.http.nio.protocol.TestBufferingNHttpHandlers#testHttpPostsWithExpectContinue,matched (1 report(s) available),java.lang.AssertionError,Unclear,no rule matched -- raw exception type was 'java.lang.AssertionError',
apache-httpcore,org.apache.http.nio.protocol.TestThrottlingNHttpHandlers#testSimpleHttpGets,matched (1 report(s) available),java.lang.AssertionError,Unclear,no rule matched -- raw exception type was 'java.lang.AssertionError',
apache-httpcore,org.apache.http.nio.protocol.TestThrottlingNHttpHandlers#testSimpleHttpPostsChunked,matched (1 report(s) available),java.lang.AssertionError,Unclear,no rule matched -- raw exception type was 'java.lang.AssertionError',
apache-httpcore,org.apache.http.nio.protocol.TestThrottlingNHttpHandlers#testSimpleHttpPostsHTTP10,matched (4 report(s) available),java.lang.AssertionError,Unclear,no rule matched -- raw exception type was 'java.lang.AssertionError',
apache-httpcore,org.apache.http.nio.protocol.TestThrottlingNHttpHandlers#testInputThrottling,matched (2 report(s) available),java.lang.AssertionError,Unclear,no rule matched -- raw exception type was 'java.lang.AssertionError',
apache-incubator-dubbo,org.apache.dubbo.registry.multicast.MulticastRegistryTest#testGetCustomPort,matched (4 report(s) available),java.lang.IllegalStateException,Order Dependent,"low-confidence guess: found phrase 'illegalstateexception' which can indicate leftover state from another test, but this cannot be confirmed without cross-test execution context",Address already in use (Bind failed)
apache-incubator-dubbo,org.apache.dubbo.registry.multicast.MulticastRegistryTest#testCustomedPort,matched (2 report(s) available),java.lang.IllegalStateException,Order Dependent,"low-confidence guess: found phrase 'illegalstateexception' which can indicate leftover state from another test, but this cannot be confirmed without cross-test execution context",Address already in use (Bind failed)
apache-incubator-dubbo,org.apache.dubbo.rpc.cluster.support.AbstractClusterInvokerTest#testBindingAttachment,matched (3 report(s) available),java.lang.AssertionError,Unclear,no rule matched -- raw exception type was 'java.lang.AssertionError',set attachment failed!
apache-incubator-dubbo,org.apache.dubbo.rpc.protocol.dubbo.telnet.ListTelnetHandlerTest#testList,matched (13 report(s) available),org.apache.dubbo.rpc.RpcException,Unclear,no rule matched -- raw exception type was 'org.apache.dubbo.rpc.RpcException',"Fail to start server(url: dubbo://127.0.0.1:20885/demo?channel.readonly.sent=true&codec=dubbo&heartbeat=60000) Failed to bind NettyServer on /127.0.0.1:20885, cause: Address already in use"
apache-incubator-dubbo,org.apache.dubbo.rpc.protocol.dubbo.telnet.ListTelnetHandlerTest#testListDefault,matched (5 report(s) available),org.apache.dubbo.rpc.RpcException,Unclear,no rule matched -- raw exception type was 'org.apache.dubbo.rpc.RpcException',"Fail to start server(url: dubbo://127.0.0.1:20885/demo?channel.readonly.sent=true&codec=dubbo&heartbeat=60000) Failed to bind NettyServer on /127.0.0.1:20885, cause: Address already in use"
apache-incubator-dubbo,org.apache.dubbo.rpc.protocol.dubbo.telnet.ListTelnetHandlerTest#testListService,matched (288 report(s) available),org.apache.dubbo.rpc.RpcException,Unclear,no rule matched -- raw exception type was 'org.apache.dubbo.rpc.RpcException',"Fail to start server(url: dubbo://127.0.0.1:20885/demo?channel.readonly.sent=true&codec=dubbo&heartbeat=60000) Failed to bind NettyServer on /127.0.0.1:20885, cause: Address already in use"
apache-incubator-dubbo,org.apache.dubbo.rpc.protocol.dubbo.ExplicitCallbackTest#TestCallbackMultiInstans,matched (4 report(s) available),java.lang.IllegalStateException,Async Wait,guess: found async-related keyword 'callback' in exception/message/test name,callback instance not found
apache-incubator-dubbo,org.apache.dubbo.rpc.protocol.dubbo.telnet.ChangeTelnetHandlerTest#testChangeSimpleName,matched (1 report(s) available),org.apache.dubbo.rpc.RpcException,Unclear,no rule matched -- raw exception type was 'org.apache.dubbo.rpc.RpcException',"Fail to start server(url: dubbo://127.0.0.1:20883/demo?channel.readonly.sent=true&codec=dubbo&heartbeat=60000) Failed to bind NettyServer on /127.0.0.1:20883, cause: Address already in use"
apache-incubator-dubbo,org.apache.dubbo.rpc.protocol.dubbo.telnet.ChangeTelnetHandlerTest#testChangeName,matched (3 report(s) available),org.apache.dubbo.rpc.RpcException,Unclear,no rule matched -- raw exception type was 'org.apache.dubbo.rpc.RpcException',"Fail to start server(url: dubbo://127.0.0.1:20883/demo?channel.readonly.sent=true&codec=dubbo&heartbeat=60000) Failed to bind NettyServer on /127.0.0.1:20883, cause: Address already in use"
apache-incubator-dubbo,org.apache.dubbo.rpc.protocol.dubbo.telnet.ChangeTelnetHandlerTest#testChangePath,matched (14 report(s) available),org.apache.dubbo.rpc.RpcException,Unclear,no rule matched -- raw exception type was 'org.apache.dubbo.rpc.RpcException',"Fail to start server(url: dubbo://127.0.0.1:20883/demo?channel.readonly.sent=true&codec=dubbo&heartbeat=60000) Failed to bind NettyServer on /127.0.0.1:20883, cause: Address already in use"
apache-incubator-dubbo,org.apache.dubbo.rpc.protocol.dubbo.DubboProtocolTest#testPerm,matched (1 report(s) available),org.apache.dubbo.rpc.RpcException,Async Wait,guess: found async-related keyword 'timeoutexception' in exception/message/test name,"Invoke remote method timeout. method: getSize, provider: dubbo://127.0.0.1:9050/org.apache.dubbo.rpc.protocol.dubbo.support.DemoService?codec=exchange, cause: Waiting server-side response timeout. start time: 2019-09-18 03:23:43.368, end time: 2019-09-18 03:23:45.037, client elapsed: 1669 ms, server elapsed: 0 ms, timeout: 1000 ms, request: Request [id=616, version=2.0.2, twoway=true, event=false, broken=false, data=RpcInvocation [methodName=getSize, parameterTypes=[class [Ljava.lang.String;], arguments=[[Ljava.lang.String;@d9136b7], attachments={path=org.apache.dubbo.rpc.protocol.dubbo.support.DemoService, version=0.0.0}]], channel: /172.31.49.152:54078 -> /172.31.49.152:9050"
apache-incubator-dubbo,org.apache.dubbo.rpc.protocol.dubbo.telnet.InvokerTelnetHandlerTest#testInvokeAutoFindMethod,matched (7 report(s) available),org.apache.dubbo.rpc.RpcException,Unclear,no rule matched -- raw exception type was 'org.apache.dubbo.rpc.RpcException',"Fail to start server(url: dubbo://127.0.0.1:20883/demo?channel.readonly.sent=true&codec=dubbo&heartbeat=60000) Failed to bind NettyServer on /127.0.0.1:20883, cause: Address already in use"
apache-incubator-dubbo,org.apache.dubbo.rpc.protocol.dubbo.telnet.InvokerTelnetHandlerTest#testInvokeDefaultSService,matched (20 report(s) available),org.apache.dubbo.rpc.RpcException,Unclear,no rule matched -- raw exception type was 'org.apache.dubbo.rpc.RpcException',"Fail to start server(url: dubbo://127.0.0.1:20883/demo?channel.readonly.sent=true&codec=dubbo&heartbeat=60000) Failed to bind NettyServer on /127.0.0.1:20883, cause: Address already in use"
apache-incubator-dubbo,org.apache.dubbo.remoting.exchange.support.header.HeartbeatHandlerTest#testClientHeartbeat,matched (2 report(s) available),org.apache.dubbo.remoting.RemotingException,Unclear,no rule matched -- raw exception type was 'org.apache.dubbo.remoting.RemotingException',"Failed to bind NettyServer on localhost/127.0.0.1:55555, cause: Failed to bind to: /0.0.0.0:55555"
apache-incubator-dubbo,org.apache.dubbo.remoting.exchange.support.header.HeartbeatHandlerTest#testHeartbeat,matched (2 report(s) available),org.apache.dubbo.remoting.RemotingException,Unclear,no rule matched -- raw exception type was 'org.apache.dubbo.remoting.RemotingException',"Failed to bind NettyServer on localhost/127.0.0.1:55555, cause: Failed to bind to: /0.0.0.0:55555"
apache-incubator-dubbo,org.apache.dubbo.remoting.exchange.support.header.HeartbeatHandlerTest#testServerHeartbeat,matched (2 report(s) available),org.apache.dubbo.remoting.RemotingException,Unclear,no rule matched -- raw exception type was 'org.apache.dubbo.remoting.RemotingException',"Failed to bind NettyServer on localhost/127.0.0.1:55555, cause: Failed to bind to: /0.0.0.0:55555"
apache-incubator-dubbo,org.apache.dubbo.remoting.transport.netty.ThreadNameTest#testThreadName,matched (7 report(s) available),org.apache.dubbo.remoting.RemotingException,Unclear,no rule matched -- raw exception type was 'org.apache.dubbo.remoting.RemotingException',"Failed to bind NettyServer on localhost/127.0.0.1:55555, cause: Failed to bind to: /0.0.0.0:55555"
apache-incubator-dubbo,org.apache.dubbo.common.concurrent.ExecutionListTest#testAddNullRunnable,matched (8849 report(s) available),java.lang.Exception,Unclear,no rule matched -- raw exception type was 'java.lang.Exception',"Unexpected exception, expected<java.lang.NullPointerException> but was<org.mockito.exceptions.misusing.UnfinishedVerificationException>"
doanduyhai-Achilles,info.archinnov.achilles.test.integration.tests.ClusteredEntityIT#should_persist_with_ttl,matched (27 report(s) available),java.lang.AssertionError,Unclear,no rule matched -- raw exception type was 'java.lang.AssertionError',expecting actual not to be null
doanduyhai-Achilles,info.archinnov.achilles.test.integration.tests.ClusteredEntityIT#should_update_with_ttl,matched (17 report(s) available),java.lang.AssertionError,Unclear,no rule matched -- raw exception type was 'java.lang.AssertionError',expecting actual not to be null
doanduyhai-Achilles,info.archinnov.achilles.test.integration.tests.SecondaryIndexIT#should_return_entities_for_indexed_query,matched (1 report(s) available),com.datastax.driver.core.exceptions.InvalidQueryException,Async Wait,guess: found async-related keyword 'future.get' in exception/message/test name,No indexed columns present in by-columns clause with Equal operator
doanduyhai-Achilles,info.archinnov.achilles.internal.statement.wrapper.RegularStatementWrapperTest#should_trace_query,matched (60 report(s) available),java.net.UnknownHostException,Concurrency,guess: found concurrency-related pattern 'race' in exception/message,ip-172-31-60-118: ip-172-31-60-118: Temporary failure in name resolution
elasticjob-elastic-job-lite,io.elasticjob.lite.event.rdb.JobEventRdbSearchTest#assertFindJobExecutionEventsWithTime,matched (1 report(s) available),java.lang.AssertionError,Unclear,no rule matched -- raw exception type was 'java.lang.AssertionError',"
Expected: is <0>
     but: was <357>"
elasticjob-elastic-job-lite,io.elasticjob.lite.event.rdb.JobEventRdbSearchTest#assertFindJobStatusTraceEventsWithTime,matched (1 report(s) available),java.lang.AssertionError,Concurrency,guess: found concurrency-related pattern 'race' in exception/message,"
Expected: is <0>
     but: was <357>"
elasticjob-elastic-job-lite,io.elasticjob.lite.reg.zookeeper.ZookeeperRegistryCenterQueryWithoutCacheTest#assertGetRegistryCenterTime,matched (5 report(s) available),java.lang.AssertionError,Unclear,no rule matched -- raw exception type was 'java.lang.AssertionError',
hector-client-hector,me.prettyprint.cassandra.dao.SimpleCassandraDaoTest#testInsertGetDelete,matched (43 report(s) available),me.prettyprint.hector.api.exceptions.HCassandraInternalException,Unclear,no rule matched -- raw exception type was 'me.prettyprint.hector.api.exceptions.HCassandraInternalException',Cassandra encountered an internal error processing this request: TApplicationError type: 6 message:Internal error processing get
hector-client-hector,me.prettyprint.cassandra.service.KeyspaceTest#testInsertAndGetAndRemove,matched (43 report(s) available),me.prettyprint.hector.api.exceptions.HCassandraInternalException,Unclear,no rule matched -- raw exception type was 'me.prettyprint.hector.api.exceptions.HCassandraInternalException',Cassandra encountered an internal error processing this request: TApplicationError type: 6 message:Internal error processing get
hector-client-hector,me.prettyprint.cassandra.service.KeyspaceTest#testInsertSuper,matched (43 report(s) available),me.prettyprint.hector.api.exceptions.HCassandraInternalException,Unclear,no rule matched -- raw exception type was 'me.prettyprint.hector.api.exceptions.HCassandraInternalException',Cassandra encountered an internal error processing this request: TApplicationError type: 6 message:Internal error processing get
hector-client-hector,me.prettyprint.cassandra.service.KeyspaceTest#testBatchMutate,matched (43 report(s) available),me.prettyprint.hector.api.exceptions.HCassandraInternalException,Unclear,no rule matched -- raw exception type was 'me.prettyprint.hector.api.exceptions.HCassandraInternalException',Cassandra encountered an internal error processing this request: TApplicationError type: 6 message:Internal error processing get
hector-client-hector,me.prettyprint.cassandra.service.KeyspaceTest#testBatchMutateBatchMutation,matched (43 report(s) available),me.prettyprint.hector.api.exceptions.HCassandraInternalException,Unclear,no rule matched -- raw exception type was 'me.prettyprint.hector.api.exceptions.HCassandraInternalException',Cassandra encountered an internal error processing this request: TApplicationError type: 6 message:Internal error processing get
hector-client-hector,me.prettyprint.cassandra.service.KeyspaceTest#testBatchUpdateInsertAndDelOnSame,matched (43 report(s) available),me.prettyprint.hector.api.exceptions.HCassandraInternalException,Unclear,no rule matched -- raw exception type was 'me.prettyprint.hector.api.exceptions.HCassandraInternalException',Cassandra encountered an internal error processing this request: TApplicationError type: 6 message:Internal error processing get
hector-client-hector,me.prettyprint.cassandra.service.KeyspaceTest#testGetSlice,matched (43 report(s) available),me.prettyprint.hector.api.exceptions.HCassandraInternalException,Unclear,no rule matched -- raw exception type was 'me.prettyprint.hector.api.exceptions.HCassandraInternalException',Cassandra encountered an internal error processing this request: TApplicationError type: 6 message:Internal error processing get_slice
hector-client-hector,me.prettyprint.cassandra.service.KeyspaceTest#testGetSuperSlice,matched (43 report(s) available),me.prettyprint.hector.api.exceptions.HCassandraInternalException,Unclear,no rule matched -- raw exception type was 'me.prettyprint.hector.api.exceptions.HCassandraInternalException',Cassandra encountered an internal error processing this request: TApplicationError type: 6 message:Internal error processing get_slice
hector-client-hector,me.prettyprint.cassandra.service.KeyspaceTest#testMultigetSlice,matched (43 report(s) available),me.prettyprint.hector.api.exceptions.HCassandraInternalException,Unclear,no rule matched -- raw exception type was 'me.prettyprint.hector.api.exceptions.HCassandraInternalException',Cassandra encountered an internal error processing this request: TApplicationError type: 6 message:Internal error processing multiget_slice
hector-client-hector,me.prettyprint.cassandra.service.KeyspaceTest#testMultigetCount,matched (43 report(s) available),me.prettyprint.hector.api.exceptions.HCassandraInternalException,Unclear,no rule matched -- raw exception type was 'me.prettyprint.hector.api.exceptions.HCassandraInternalException',Cassandra encountered an internal error processing this request: TApplicationError type: 6 message:Internal error processing multiget_count
hector-client-hector,me.prettyprint.hector.api.ApiV2SystemTest#testInsertGetRemove,matched (43 report(s) available),me.prettyprint.hector.api.exceptions.HCassandraInternalException,Unclear,no rule matched -- raw exception type was 'me.prettyprint.hector.api.exceptions.HCassandraInternalException',Cassandra encountered an internal error processing this request: TApplicationError type: 6 message:Internal error processing get
hector-client-hector,me.prettyprint.hector.api.ApiV2SystemTest#testBatchInsertGetRemove,matched (43 report(s) available),me.prettyprint.hector.api.exceptions.HCassandraInternalException,Unclear,no rule matched -- raw exception type was 'me.prettyprint.hector.api.exceptions.HCassandraInternalException',Cassandra encountered an internal error processing this request: TApplicationError type: 6 message:Internal error processing get
hector-client-hector,me.prettyprint.hector.api.ApiV2SystemTest#testSuperInsertGetRemove,matched (43 report(s) available),me.prettyprint.hector.api.exceptions.HCassandraInternalException,Unclear,no rule matched -- raw exception type was 'me.prettyprint.hector.api.exceptions.HCassandraInternalException',Cassandra encountered an internal error processing this request: TApplicationError type: 6 message:Internal error processing get
hector-client-hector,me.prettyprint.hector.api.ApiV2SystemTest#testSubColumnQuery,matched (43 report(s) available),me.prettyprint.hector.api.exceptions.HCassandraInternalException,Unclear,no rule matched -- raw exception type was 'me.prettyprint.hector.api.exceptions.HCassandraInternalException',Cassandra encountered an internal error processing this request: TApplicationError type: 6 message:Internal error processing get_slice
hector-client-hector,me.prettyprint.hector.api.ApiV2SystemTest#testMultigetSliceQuery,matched (43 report(s) available),me.prettyprint.hector.api.exceptions.HCassandraInternalException,Unclear,no rule matched -- raw exception type was 'me.prettyprint.hector.api.exceptions.HCassandraInternalException',Cassandra encountered an internal error processing this request: TApplicationError type: 6 message:Internal error processing multiget_slice
hector-client-hector,me.prettyprint.hector.api.ApiV2SystemTest#testSliceQuery,matched (43 report(s) available),me.prettyprint.hector.api.exceptions.HCassandraInternalException,Unclear,no rule matched -- raw exception type was 'me.prettyprint.hector.api.exceptions.HCassandraInternalException',Cassandra encountered an internal error processing this request: TApplicationError type: 6 message:Internal error processing get_slice
hector-client-hector,me.prettyprint.hector.api.ApiV2SystemTest#testSuperSliceQuery,matched (43 report(s) available),me.prettyprint.hector.api.exceptions.HCassandraInternalException,Unclear,no rule matched -- raw exception type was 'me.prettyprint.hector.api.exceptions.HCassandraInternalException',Cassandra encountered an internal error processing this request: TApplicationError type: 6 message:Internal error processing get_slice
hector-client-hector,me.prettyprint.hector.api.ApiV2SystemTest#testSubSliceQuery,matched (43 report(s) available),me.prettyprint.hector.api.exceptions.HCassandraInternalException,Unclear,no rule matched -- raw exception type was 'me.prettyprint.hector.api.exceptions.HCassandraInternalException',Cassandra encountered an internal error processing this request: TApplicationError type: 6 message:Internal error processing get_slice
hector-client-hector,me.prettyprint.hector.api.ApiV2SystemTest#testMultigetSuperSliceQuery,matched (43 report(s) available),me.prettyprint.hector.api.exceptions.HCassandraInternalException,Unclear,no rule matched -- raw exception type was 'me.prettyprint.hector.api.exceptions.HCassandraInternalException',Cassandra encountered an internal error processing this request: TApplicationError type: 6 message:Internal error processing multiget_slice
hector-client-hector,me.prettyprint.hector.api.ApiV2SystemTest#testMultigetSubSliceQuery,matched (43 report(s) available),me.prettyprint.hector.api.exceptions.HCassandraInternalException,Unclear,no rule matched -- raw exception type was 'me.prettyprint.hector.api.exceptions.HCassandraInternalException',Cassandra encountered an internal error processing this request: TApplicationError type: 6 message:Internal error processing multiget_slice
hector-client-hector,me.prettyprint.hector.api.ApiV2SystemTest#testCountQuery,matched (43 report(s) available),me.prettyprint.hector.api.exceptions.HCassandraInternalException,Unclear,no rule matched -- raw exception type was 'me.prettyprint.hector.api.exceptions.HCassandraInternalException',Cassandra encountered an internal error processing this request: TApplicationError type: 6 message:Internal error processing get_count
hector-client-hector,me.prettyprint.hector.api.ApiV2SystemTest#testSuperCountQuery,matched (43 report(s) available),me.prettyprint.hector.api.exceptions.HCassandraInternalException,Unclear,no rule matched -- raw exception type was 'me.prettyprint.hector.api.exceptions.HCassandraInternalException',Cassandra encountered an internal error processing this request: TApplicationError type: 6 message:Internal error processing get_count
hector-client-hector,me.prettyprint.hector.api.ApiV2SystemTest#testSubCountQuery,matched (43 report(s) available),me.prettyprint.hector.api.exceptions.HCassandraInternalException,Unclear,no rule matched -- raw exception type was 'me.prettyprint.hector.api.exceptions.HCassandraInternalException',Cassandra encountered an internal error processing this request: TApplicationError type: 6 message:Internal error processing get_count
hector-client-hector,me.prettyprint.cassandra.utils.TimeUUIDUtilsTest#testTimeUUIDWithClockResolution,matched (49 report(s) available),java.lang.AssertionError,Unclear,no rule matched -- raw exception type was 'java.lang.AssertionError',expected:<f2b3fc80-b385-1b49-8224-12d08a199e5a> but was:<354325a1-d1f0-11e9-8224-12d08a199e5a>
hector-client-hector,me.prettyprint.cassandra.model.MultigetCountQueryTest#testMultigetCount,matched (43 report(s) available),me.prettyprint.hector.api.exceptions.HCassandraInternalException,Unclear,no rule matched -- raw exception type was 'me.prettyprint.hector.api.exceptions.HCassandraInternalException',Cassandra encountered an internal error processing this request: TApplicationError type: 6 message:Internal error processing multiget_count
hector-client-hector,me.prettyprint.cassandra.service.CassandraAuthTest#testInsertAndGetAndRemove,matched (43 report(s) available),me.prettyprint.hector.api.exceptions.HCassandraInternalException,Unclear,no rule matched -- raw exception type was 'me.prettyprint.hector.api.exceptions.HCassandraInternalException',Cassandra encountered an internal error processing this request: TApplicationError type: 6 message:Internal error processing get
hector-client-hector,me.prettyprint.cassandra.model.MutatorTest#testInsert,matched (43 report(s) available),me.prettyprint.hector.api.exceptions.HCassandraInternalException,Unclear,no rule matched -- raw exception type was 'me.prettyprint.hector.api.exceptions.HCassandraInternalException',Cassandra encountered an internal error processing this request: TApplicationError type: 6 message:Internal error processing get
hector-client-hector,me.prettyprint.cassandra.model.MutatorTest#testSubDelete,matched (43 report(s) available),me.prettyprint.hector.api.exceptions.HCassandraInternalException,Unclear,no rule matched -- raw exception type was 'me.prettyprint.hector.api.exceptions.HCassandraInternalException',Cassandra encountered an internal error processing this request: TApplicationError type: 6 message:Internal error processing get
hector-client-hector,me.prettyprint.cassandra.model.MutatorTest#testBatchMutationManagement,matched (43 report(s) available),me.prettyprint.hector.api.exceptions.HCassandraInternalException,Unclear,no rule matched -- raw exception type was 'me.prettyprint.hector.api.exceptions.HCassandraInternalException',Cassandra encountered an internal error processing this request: TApplicationError type: 6 message:Internal error processing get
hector-client-hector,me.prettyprint.cassandra.model.MutatorTest#testRowDeletion,matched (43 report(s) available),me.prettyprint.hector.api.exceptions.HCassandraInternalException,Unclear,no rule matched -- raw exception type was 'me.prettyprint.hector.api.exceptions.HCassandraInternalException',Cassandra encountered an internal error processing this request: TApplicationError type: 6 message:Internal error processing get
hector-client-hector,me.prettyprint.cassandra.examples.ExampleDaoV2Test#testInsertGetDelete,matched (43 report(s) available),me.prettyprint.hector.api.exceptions.HCassandraInternalException,Unclear,no rule matched -- raw exception type was 'me.prettyprint.hector.api.exceptions.HCassandraInternalException',Cassandra encountered an internal error processing this request: TApplicationError type: 6 message:Internal error processing get
hector-client-hector,me.prettyprint.cassandra.examples.ExampleDaoV2Test#testMultiInsertGetDelete,matched (43 report(s) available),me.prettyprint.hector.api.exceptions.HCassandraInternalException,Unclear,no rule matched -- raw exception type was 'me.prettyprint.hector.api.exceptions.HCassandraInternalException',Cassandra encountered an internal error processing this request: TApplicationError type: 6 message:Internal error processing multiget_slice
hector-client-hector,me.prettyprint.hom.EntityManagerFactoryTest#testCreateEntityManager,matched (5147 report(s) available),java.lang.AssertionError:,Unclear,no rule matched -- raw exception type was 'java.lang.AssertionError:',
jknack-handlebars.java,com.github.jknack.handlebars.HumanizeHelperTest#naturalTime,matched (411 report(s) available),org.junit.ComparisonFailure,Unclear,no rule matched -- raw exception type was 'org.junit.ComparisonFailure',expected:<[moments ago]> but was:<[right now]>
joel-costigliola-assertj-core,org.assertj.core.api.date.DateAssert_with_string_based_date_representation_Test#date_assertion_should_support_timestamp_string_representation,matched (974 report(s) available),java.lang.AssertionError,Unclear,no rule matched -- raw exception type was 'java.lang.AssertionError',"
Expecting:
 <""2019-09-12T02:21:57 (Date@2346f89b)"">
to be equal to:
 <""2019-09-12T02:21:57 (Date@2346f8fe)"">
but was not."
kevinsawicki-http-request,com.github.kevinsawicki.http.HttpRequestTest#basicProxyAuthentication,matched (246 report(s) available),com.github.kevinsawicki.http.HttpRequest$HttpRequestException,Unclear,no rule matched -- raw exception type was 'com.github.kevinsawicki.http.HttpRequest$HttpRequestException',java.io.IOException
kevinsawicki-http-request,com.github.kevinsawicki.http.HttpRequestTest#getUrlEncodedWithUnicode,matched (1 report(s) available),org.junit.ComparisonFailure,Unclear,no rule matched -- raw exception type was 'org.junit.ComparisonFailure',expected:</[ß]> but was:</[]>
kevinsawicki-http-request,com.github.kevinsawicki.http.HttpRequestTest#getUrlEncodedWithPercent,matched (1 report(s) available),org.junit.ComparisonFailure,Unclear,no rule matched -- raw exception type was 'org.junit.ComparisonFailure',expected:</[%]> but was:</[]>
kevinsawicki-http-request,com.github.kevinsawicki.http.HttpRequestTest#getUrlEncodedWithSpace,matched (1 report(s) available),org.junit.ComparisonFailure,Unclear,no rule matched -- raw exception type was 'org.junit.ComparisonFailure',expected:</[a resource]> but was:</[]>
kevinsawicki-http-request,com.github.kevinsawicki.http.HttpRequestTest#verifierAccepts,matched (245 report(s) available),java.lang.ClassCastException,Unclear,no rule matched -- raw exception type was 'java.lang.ClassCastException',sun.net.www.protocol.http.HttpURLConnection cannot be cast to javax.net.ssl.HttpsURLConnection
kevinsawicki-http-request,com.github.kevinsawicki.http.HttpRequestTest#singleVerifier,matched (245 report(s) available),java.lang.ClassCastException,Unclear,no rule matched -- raw exception type was 'java.lang.ClassCastException',sun.net.www.protocol.http.HttpURLConnection cannot be cast to javax.net.ssl.HttpsURLConnection
kevinsawicki-http-request,com.github.kevinsawicki.http.HttpRequestTest#singleSslSocketFactory,matched (245 report(s) available),java.lang.ClassCastException,Unclear,no rule matched -- raw exception type was 'java.lang.ClassCastException',sun.net.www.protocol.http.HttpURLConnection cannot be cast to javax.net.ssl.HttpsURLConnection
kevinsawicki-http-request,com.github.kevinsawicki.http.HttpRequestTest#postWithMappedQueryParams,matched (245 report(s) available),java.lang.AssertionError,Unclear,no rule matched -- raw exception type was 'java.lang.AssertionError',expected:<user> but was:<null>
kevinsawicki-http-request,com.github.kevinsawicki.http.HttpRequestTest#postWithVaragsQueryParams,matched (245 report(s) available),java.lang.AssertionError,Unclear,no rule matched -- raw exception type was 'java.lang.AssertionError',expected:<user> but was:<null>
kevinsawicki-http-request,com.github.kevinsawicki.http.HttpRequestTest#postWithEscapedMappedQueryParams,matched (245 report(s) available),java.lang.AssertionError,Unclear,no rule matched -- raw exception type was 'java.lang.AssertionError',expected:<us er> but was:<null>
kevinsawicki-http-request,com.github.kevinsawicki.http.HttpRequestTest#postWithEscapedVarargsQueryParams,matched (245 report(s) available),java.lang.AssertionError,Unclear,no rule matched -- raw exception type was 'java.lang.AssertionError',expected:<us er> but was:<null>
kevinsawicki-http-request,com.github.kevinsawicki.http.HttpRequestTest#postWithNumericQueryParams,matched (245 report(s) available),java.lang.AssertionError,Unclear,no rule matched -- raw exception type was 'java.lang.AssertionError',expected:<2> but was:<null>
kevinsawicki-http-request,com.github.kevinsawicki.http.HttpRequestTest#getWithMappedQueryParams,matched (245 report(s) available),java.lang.AssertionError,Unclear,no rule matched -- raw exception type was 'java.lang.AssertionError',expected:<user> but was:<null>
kevinsawicki-http-request,com.github.kevinsawicki.http.HttpRequestTest#getWithVarargsQueryParams,matched (245 report(s) available),java.lang.AssertionError,Unclear,no rule matched -- raw exception type was 'java.lang.AssertionError',expected:<user> but was:<null>
kevinsawicki-http-request,com.github.kevinsawicki.http.HttpRequestTest#getWithEscapedMappedQueryParams,matched (245 report(s) available),java.lang.AssertionError,Unclear,no rule matched -- raw exception type was 'java.lang.AssertionError',expected:<us er> but was:<null>
kevinsawicki-http-request,com.github.kevinsawicki.http.HttpRequestTest#getWithEscapedVarargsQueryParams,matched (245 report(s) available),java.lang.AssertionError,Unclear,no rule matched -- raw exception type was 'java.lang.AssertionError',expected:<us er> but was:<null>
kevinsawicki-http-request,com.github.kevinsawicki.http.HttpRequestTest#deleteWithMappedQueryParams,matched (156 report(s) available),java.lang.AssertionError,Unclear,no rule matched -- raw exception type was 'java.lang.AssertionError',expected:<user> but was:<null>
kevinsawicki-http-request,com.github.kevinsawicki.http.HttpRequestTest#deleteWithVarargsQueryParams,matched (156 report(s) available),java.lang.AssertionError,Unclear,no rule matched -- raw exception type was 'java.lang.AssertionError',expected:<user> but was:<null>
orbit-orbit,com.ea.orbit.actors.test.StatelessActorTest#statelessTest,matched (171 report(s) available),java.lang.AssertionError,Unclear,no rule matched -- raw exception type was 'java.lang.AssertionError',expected:<4> but was:<5>
orbit-orbit,com.ea.orbit.actors.test.ReminderTest#persistedTimerTest,matched (66 report(s) available),junit.framework.AssertionFailedError,Unclear,no rule matched -- raw exception type was 'junit.framework.AssertionFailedError',Expected: <null> but was: bla
orbit-orbit,com.ea.orbit.actors.test.TimerTest#timerTest,matched (21 report(s) available),java.lang.AssertionError,Unclear,no rule matched -- raw exception type was 'java.lang.AssertionError',
orbit-orbit,com.ea.orbit.actors.test.ObserverTest#observerGarbageCollection,matched (7 report(s) available),java.lang.AssertionError,Unclear,no rule matched -- raw exception type was 'java.lang.AssertionError',Was expecting some exception
orbit-orbit,com.ea.orbit.actors.test.DeactivationTest#cleanupTest,matched (12 report(s) available),java.lang.AssertionError,Unclear,no rule matched -- raw exception type was 'java.lang.AssertionError',expected:<2> but was:<1>
orbit-orbit,com.ea.orbit.actors.test.DeactivationTest#statelessWorkerDeactivationTest,matched (120 report(s) available),java.lang.AssertionError,Unclear,no rule matched -- raw exception type was 'java.lang.AssertionError',expected:<1> but was:<2>
orbit-orbit,com.ea.orbit.actors.test.LifeCycleTest#deactivationTest,matched (2546 report(s) available),java.lang.AssertionError,Unclear,no rule matched -- raw exception type was 'java.lang.AssertionError',Values should be different. Actual: 0
qos-ch-logback,ch.qos.logback.classic.pattern.ConverterTest#testRelativeTime,matched (44 report(s) available),org.junit.ComparisonFailure,Unclear,no rule matched -- raw exception type was 'org.junit.ComparisonFailure',expected:<[1]> but was:<[2]>
qos-ch-logback,ch.qos.logback.classic.net.SMTPAppender_GreenTest#testCustomEvaluator,matched (2 report(s) available),java.lang.AssertionError,Unclear,no rule matched -- raw exception type was 'java.lang.AssertionError',expected:<1> but was:<0>
qos-ch-logback,ch.qos.logback.classic.net.SMTPAppender_GreenTest#testCustomBufferSize,matched (1 report(s) available),java.lang.AssertionError,Unclear,no rule matched -- raw exception type was 'java.lang.AssertionError',expected:<1> but was:<0>
qos-ch-logback,ch.qos.logback.classic.net.SMTPAppender_GreenTest#synchronousSmoke,matched (1 report(s) available),java.lang.AssertionError,Unclear,no rule matched -- raw exception type was 'java.lang.AssertionError',expected:<1> but was:<0>
qos-ch-logback,ch.qos.logback.classic.net.SMTPAppender_GreenTest#LBCLASSIC_104,matched (2 report(s) available),java.lang.AssertionError,Unclear,no rule matched -- raw exception type was 'java.lang.AssertionError',expected:<1> but was:<0>
qos-ch-logback,ch.qos.logback.classic.sift.MDCBasedDiscriminatorTest#nullMDC,matched (141 report(s) available),java.lang.AssertionError,Unclear,no rule matched -- raw exception type was 'java.lang.AssertionError',"expected:<{}> but was:<{compositeProperty=1808205133, max=862149889, linger=session618790256, localProperty=203596822, propertyDefinedWithinSift=1239216831}>"
qos-ch-logback,ch.qos.logback.classic.spi.PackagingDataCalculatorTest#perfTest,matched (1 report(s) available),java.lang.AssertionError,Unclear,no rule matched -- raw exception type was 'java.lang.AssertionError',computing class packaging data (614.398687) should have been less than 10 times the time it takes to process an exception 569.6274599999999
qos-ch-logback,ch.qos.logback.classic.turbo.ReconfigureOnChangeTest#fallbackToSafe,matched (1 report(s) available),java.lang.AssertionError,Unclear,no rule matched -- raw exception type was 'java.lang.AssertionError',
qos-ch-logback,ch.qos.logback.classic.turbo.ReconfigureOnChangeTest#gafferInstallFilter,matched (4 report(s) available),java.lang.ArrayIndexOutOfBoundsException,Unclear,no rule matched -- raw exception type was 'java.lang.ArrayIndexOutOfBoundsException',0
qos-ch-logback,ch.qos.logback.classic.turbo.ReconfigureOnChangeTest#fallbackToSafeWithIncludedFile,matched (2 report(s) available),java.lang.AssertionError,Unclear,no rule matched -- raw exception type was 'java.lang.AssertionError',
qos-ch-logback,ch.qos.logback.classic.turbo.ReconfigureOnChangeTest#scan_LOGBACK_474,matched (10 report(s) available),java.lang.Exception,Unclear,no rule matched -- raw exception type was 'java.lang.Exception',test timed out after 4000 milliseconds
qos-ch-logback,ch.qos.logback.classic.net.SyslogAppenderTest#basic,matched (1 report(s) available),java.lang.AssertionError,Unclear,no rule matched -- raw exception type was 'java.lang.AssertionError',expected:<1> but was:<0>
qos-ch-logback,ch.qos.logback.classic.rolling.UniqueFileTest#basic,matched (12 report(s) available),java.lang.AssertionError,Unclear,no rule matched -- raw exception type was 'java.lang.AssertionError',File target/test-output/TS_20190828T024943log.txt does not exist
qos-ch-logback,ch.qos.logback.core.net.DefaultSocketConnectorTest#testConnectionFails,matched (1 report(s) available),java.lang.AssertionError,Unclear,no rule matched -- raw exception type was 'java.lang.AssertionError',
qos-ch-logback,ch.qos.logback.core.rolling.TimeBasedRollingTest#withMissingTargetDirWithCompression,matched (82 report(s) available),java.io.FileNotFoundException,Unclear,no rule matched -- raw exception type was 'java.io.FileNotFoundException',target/test-output/1366446584/2019-09-18/-2019-09-18_20_32_33.gz (No such file or directory)
qos-ch-logback,ch.qos.logback.core.rolling.TimeBasedRollingTest#withMissingTargetDirWithZipCompression,matched (58 report(s) available),java.io.FileNotFoundException,Unclear,no rule matched -- raw exception type was 'java.io.FileNotFoundException',target/test-output/1327381807/2019-09-06/-2019-09-06_06_11_42.zip (No such file or directory)
qos-ch-logback,ch.qos.logback.core.recovery.ResilientOutputStreamTest#verifyRecuperationAfterFailure,matched (4 report(s) available),Wanted but not invoked,Concurrency,guess: found concurrency-related pattern 'wanted but not invoked' in exception/message,"
Wanted but not invoked:
resilientFileOutputStream.openNewOutputStream();
-> at ch.qos.logback.core.recovery.ResilientOutputStreamTest.verifyRecuperationAfterFailure(ResilientOutputStreamTest.java:54)

However, there were other interactions with this mock:
-> at ch.qos.logback.core.recovery.ResilientOutputStreamTest.verifyRecuperationAfterFailure(ResilientOutputStreamTest.java:45)
-> at ch.qos.logback.core.recovery.ResilientOutputStreamTest.verifyRecuperationAfterFailure(ResilientOutputStreamTest.java:45)
-> at ch.qos.logback.core.recovery.ResilientOutputStreamTest.verifyRecuperationAfterFailure(ResilientOutputStreamTest.java:46)
-> at ch.qos.logback.core.recovery.ResilientOutputStreamTest.verifyRecuperationAfterFailure(ResilientOutputStreamTest.java:48)
-> at ch.qos.logback.core.recovery.ResilientOutputStreamTest.verifyRecuperationAfterFailure(ResilientOutputStreamTest.java:49)
-> at ch.qos.logback.core.recovery.ResilientOutputStreamTest.verifyRecuperationAfterFailure(ResilientOutputStreamTest.java:49)
-> at ch.qos.logback.core.recovery.ResilientOutputStreamTest.verifyRecuperationAfterFailure(ResilientOutputStreamTest.java:50)
-> at ch.qos.logback.core.recovery.ResilientOutputStreamTest.verifyRecuperationAfterFailure(ResilientOutputStreamTest.java:50)
-> at ch.qos.logback.core.recovery.ResilientOutputStreamTest.verifyRecuperationAfterFailure(ResilientOutputStreamTest.java:50)
-> at ch.qos.logback.core.recovery.ResilientOutputStreamTest.verifyRecuperationAfterFailure(ResilientOutputStreamTest.java:50)
-> at ch.qos.logback.core.recovery.ResilientOutputStreamTest.verifyRecuperationAfterFailure(ResilientOutputStreamTest.java:50)
-> at ch.qos.logback.core.recovery.ResilientOutputStreamTest.verifyRecuperationAfterFailure(ResilientOutputStreamTest.java:52)
-> at ch.qos.logback.core.recovery.ResilientOutputStreamTest.verifyRecuperationAfterFailure(ResilientOutputStreamTest.java:52)
-> at ch.qos.logback.core.recovery.ResilientOutputStreamTest.verifyRecuperationAfterFailure(ResilientOutputStreamTest.java:53)
-> at ch.qos.logback.core.recovery.ResilientOutputStreamTest.verifyRecuperationAfterFailure(ResilientOutputStreamTest.java:53)
-> at ch.qos.logback.core.recovery.ResilientOutputStreamTest.verifyRecuperationAfterFailure(ResilientOutputStreamTest.java:53)
-> at ch.qos.logback.core.recovery.ResilientOutputStreamTest.verifyRecuperationAfterFailure(ResilientOutputStreamTest.java:53)
-> at ch.qos.logback.core.recovery.ResilientOutputStreamTest.verifyRecuperationAfterFailure(ResilientOutputStreamTest.java:53)
"
qos-ch-logback,ch.qos.logback.core.FileAppenderResilienceTest#smoke,matched (13 report(s) available),java.lang.AssertionError,Unclear,no rule matched -- raw exception type was 'java.lang.AssertionError',totalLines=511 less than 707
qos-ch-logback,ch.qos.logback.core.recovery.RecoveryCoordinatorTest#actualTime,matched (2 report(s) available),java.lang.AssertionError,Unclear,no rule matched -- raw exception type was 'java.lang.AssertionError',
qos-ch-logback,ch.qos.logback.core.AsyncAppenderBaseTest#workerShouldStopEvenIfInterruptExceptionConsumedWithinSubappender,matched (16 report(s) available),java.lang.AssertionError,Async Wait,guess: found async-related keyword 'async' in exception/message/test name,
qos-ch-logback,ch.qos.logback.core.util.FileUtilTest#basicCopyingWorks,matched (3824 report(s) available),ch.qos.logback.core.rolling.RolloverFailure,Unclear,no rule matched -- raw exception type was 'ch.qos.logback.core.rolling.RolloverFailure',Failed to copy [src/test/input/compress1.copy] to [target/test-output//fu2551/copyingWorks.txt]
qos-ch-logback,ch.qos.logback.core.rolling.TimeBasedRollingWithArchiveRemoval_Test#dailyRolloverWithInactivity10,matched (44 report(s) available),java.lang.AssertionError,Unclear,no rule matched -- raw exception type was 'java.lang.AssertionError',expected:<4> but was:<3>
spring-projects-spring-boot,sample.data.redis.SampleRedisApplicationTests#testDefaultSettings,matched (4487 report(s) available),java.lang.AssertionError,Order Dependent,"low-confidence guess: found phrase 'illegalstateexception' which can indicate leftover state from another test, but this cannot be confirmed without cross-test execution context","Wrong output: 
  .   ____          _            __ _ _
 /\\ / ___'_ __ _ _(_)_ __  __ _ \ \ \ \
( ( )\___ | '_ | '_| | '_ \/ _` | \ \ \ \
 \\/  ___)| |_)| | | | | || (_| |  ) ) ) )
  '  |____| .__|_| |_|_| |_\__, | / / / /
 =========|_|==============|___/=/_/_/_/
 :: Spring Boot ::  (v1.2.0.BUILD-SNAPSHOT)

2019-08-28 03:35:16.157  INFO 8563 --- [           main] s.data.redis.SampleRedisApplication      : Starting SampleRedisApplication on ip-172-31-54-2 with PID 8563 (/working/proj/spring-projects-spring-boot-754/spring-projects-spring-boot/spring-boot-samples/spring-boot-sample-data-redis/target/classes started by root in /working/proj/spring-projects-spring-boot-754/spring-projects-spring-boot/spring-boot-samples/spring-boot-sample-data-redis)
2019-08-28 03:35:16.187  INFO 8563 --- [           main] s.c.a.AnnotationConfigApplicationContext : Refreshing org.springframework.context.annotation.AnnotationConfigApplicationContext@14a2f921: startup date [Wed Aug 28 03:35:16 UTC 2019]; root of context hierarchy
2019-08-28 03:35:16.713  INFO 8563 --- [           main] trationDelegate$BeanPostProcessorChecker : Bean 'org.springframework.boot.autoconfigure.dao.PersistenceExceptionTranslationAutoConfiguration' of type [class org.springframework.boot.autoconfigure.dao.PersistenceExceptionTranslationAutoConfiguration] is not eligible for getting processed by all BeanPostProcessors (for example: not eligible for auto-proxying)
2019-08-28 03:35:16.967  INFO 8563 --- [           main] o.s.j.e.a.AnnotationMBeanExporter        : Registering beans for JMX exposure on startup
2019-08-28 03:35:17.023  INFO 8563 --- [           main] .b.l.ClasspathLoggingApplicationListener : Application failed to start with classpath: [file:/working/proj/spring-projects-spring-boot-754/spring-projects-spring-boot/spring-boot-samples/spring-boot-sample-data-redis/target/surefire/surefirebooter7388263528615464181.jar]
2019-08-28 03:35:17.024  INFO 8563 --- [           main] utoConfigurationReportLoggingInitializer : 

Error starting ApplicationContext. To display the auto-configuration report enabled debug logging (start with --debug)


2019-08-28 03:35:17.029 ERROR 8563 --- [           main] o.s.boot.SpringApplication               : Application startup failed

java.lang.IllegalStateException: Failed to execute CommandLineRunner
 at org.springframework.boot.SpringApplication.runCommandLineRunners(SpringApplication.java:680)
 at org.springframework.boot.SpringApplication.afterRefresh(SpringApplication.java:695)
 at org.springframework.boot.SpringApplication.run(SpringApplication.java:322)
 at org.springframework.boot.SpringApplication.run(SpringApplication.java:961)
 at org.springframework.boot.SpringApplication.run(SpringApplication.java:950)
 at sample.data.redis.SampleRedisApplication.main(SampleRedisApplication.java:46)
 at sample.data.redis.SampleRedisApplicationTests.testDefaultSettings(SampleRedisApplicationTests.java:39)
 at sun.reflect.NativeMethodAccessorImpl.invoke0(Native Method)
 at sun.reflect.NativeMethodAccessorImpl.invoke(NativeMethodAccessorImpl.java:62)
 at sun.reflect.DelegatingMethodAccessorImpl.invoke(DelegatingMethodAccessorImpl.java:43)
 at java.lang.reflect.Method.invoke(Method.java:498)
 at org.junit.runners.model.FrameworkMethod$1.runReflectiveCall(FrameworkMethod.java:47)
 at org.junit.internal.runners.model.ReflectiveCallable.run(ReflectiveCallable.java:12)
 at org.junit.runners.model.FrameworkMethod.invokeExplosively(FrameworkMethod.java:44)
 at org.junit.internal.runners.statements.InvokeMethod.evaluate(InvokeMethod.java:17)
 at org.springframework.boot.test.OutputCapture$1.evaluate(OutputCapture.java:50)
 at org.junit.rules.RunRules.evaluate(RunRules.java:20)
 at org.junit.runners.ParentRunner.runLeaf(ParentRunner.java:271)
 at org.junit.runners.BlockJUnit4ClassRunner.runChild(BlockJUnit4ClassRunner.java:70)
 at org.junit.runners.BlockJUnit4ClassRunner.runChild(BlockJUnit4ClassRunner.java:50)
 at org.junit.runners.ParentRunner$3.run(ParentRunner.java:238)
 at org.junit.runners.ParentRunner$1.schedule(ParentRunner.java:63)
 at org.junit.runners.ParentRunner.runChildren(ParentRunner.java:236)
 at org.junit.runners.ParentRunner.access$000(ParentRunner.java:53)
 at org.junit.runners.ParentRunner$2.evaluate(ParentRunner.java:229)
 at org.junit.runners.ParentRunner.run(ParentRunner.java:309)
 at org.apache.maven.surefire.junit4.JUnit4Provider.execute(JUnit4Provider.java:264)
 at org.apache.maven.surefire.junit4.JUnit4Provider.executeTestSet(JUnit4Provider.java:153)
 at org.apache.maven.surefire.junit4.JUnit4Provider.invoke(JUnit4Provider.java:124)
 at org.apache.maven.surefire.booter.ForkedBooter.invokeProviderInSameClassLoader(ForkedBooter.java:200)
 at org.apache.maven.surefire.booter.ForkedBooter.runSuitesInProcess(ForkedBooter.java:153)
 at org.apache.maven.surefire.booter.ForkedBooter.main(ForkedBooter.java:103)
Caused by: org.springframework.dao.InvalidDataAccessApiUsageException: NOAUTH Authentication required.; nested exception is redis.clients.jedis.exceptions.JedisDataException: NOAUTH Authentication required.
 at org.springframework.data.redis.connection.jedis.JedisExceptionConverter.convert(JedisExceptionConverter.java:44)
 at org.springframework.data.redis.connection.jedis.JedisExceptionConverter.convert(JedisExceptionConverter.java:36)
 at org.springframework.data.redis.PassThroughExceptionTranslationStrategy.translate(PassThroughExceptionTranslationStrategy.java:37)
 at org.springframework.data.redis.FallbackExceptionTranslationStrategy.translate(FallbackExceptionTranslationStrategy.java:37)
 at org.springframework.data.redis.connection.jedis.JedisConnection.convertJedisAccessException(JedisConnection.java:195)
 at org.springframework.data.redis.connection.jedis.JedisConnection.exists(JedisConnection.java:760)
 at org.springframework.data.redis.connection.DefaultStringRedisConnection.exists(DefaultStringRedisConnection.java:248)
 at org.springframework.data.redis.core.RedisTemplate$6.doInRedis(RedisTemplate.java:632)
 at org.springframework.data.redis.core.RedisTemplate$6.doInRedis(RedisTemplate.java:629)
 at org.springframework.data.redis.core.RedisTemplate.execute(RedisTemplate.java:190)
 at org.springframework.data.redis.core.RedisTemplate.execute(RedisTemplate.java:152)
 at org.springframework.data.redis.core.RedisTemplate.hasKey(RedisTemplate.java:629)
 at sample.data.redis.SampleRedisApplication.run(SampleRedisApplication.java:38)
 at org.springframework.boot.SpringApplication.runCommandLineRunners(SpringApplication.java:677)
 ... 31 common frames omitted
Caused by: redis.clients.jedis.exceptions.JedisDataException: NOAUTH Authentication required.
 at redis.clients.jedis.Protocol.processError(Protocol.java:104)
 at redis.clients.jedis.Protocol.process(Protocol.java:122)
 at redis.clients.jedis.Protocol.read(Protocol.java:191)
 at redis.clients.jedis.Connection.getIntegerReply(Connection.java:201)
 at redis.clients.jedis.BinaryJedis.exists(BinaryJedis.java:144)
 at org.springframework.data.redis.connection.jedis.JedisConnection.exists(JedisConnection.java:758)
 ... 39 common frames omitted

2019-08-28 03:35:17.040  INFO 8563 --- [           main] s.c.a.AnnotationConfigApplicationContext : Closing org.springframework.context.annotation.AnnotationConfigApplicationContext@14a2f921: startup date [Wed Aug 28 03:35:16 UTC 2019]; root of context hierarchy
2019-08-28 03:35:17.041  INFO 8563 --- [           main] o.s.j.e.a.AnnotationMBeanExporter        : Unregistering JMX-exposed beans on shutdown
Failed to execute CommandLineRunner
NOAUTH Authentication required.; nested exception is redis.clients.jedis.exceptions.JedisDataException: NOAUTH Authentication required.
NOAUTH Authentication required.
"
spring-projects-spring-boot,sample.parent.consumer.SampleIntegrationParentApplicationTests#testVanillaExchange,matched (12 report(s) available),java.lang.AssertionError,Unclear,no rule matched -- raw exception type was 'java.lang.AssertionError',Wrong output: 
spring-projects-spring-boot,org.springframework.boot.actuate.autoconfigure.EndpointWebMvcAutoConfigurationTests#disabled,matched (3 report(s) available),java.lang.AssertionError,Unclear,no rule matched -- raw exception type was 'java.lang.AssertionError',"
Expected: null
     but: was ""controlleroutput"""
spring-projects-spring-boot,org.springframework.boot.actuate.autoconfigure.EndpointWebMvcAutoConfigurationTests#onSamePort,matched (1 report(s) available),java.io.IOException,Unclear,no rule matched -- raw exception type was 'java.io.IOException',Invalid Http response
spring-projects-spring-boot,org.springframework.boot.actuate.autoconfigure.EndpointWebMvcAutoConfigurationTests#portPropertiesOnSamePort,matched (1 report(s) available),java.io.IOException,Unclear,no rule matched -- raw exception type was 'java.io.IOException',Invalid Http response
spring-projects-spring-boot,sample.bitronix.SampleBitronixApplicationTests#testExposesXaAndNonXa,matched (1 report(s) available),org.springframework.beans.factory.UnsatisfiedDependencyException,Unclear,no rule matched -- raw exception type was 'org.springframework.beans.factory.UnsatisfiedDependencyException',Error creating bean with name 'accountService' defined in file [/tmp/proj/spring-projects-spring-boot-53061/spring-projects-spring-boot/spring-boot-samples/spring-boot-sample-jta-bitronix/target/classes/sample/bitronix/AccountService.class]: Unsatisfied dependency expressed through constructor argument with index 0 of type [org.springframework.jms.core.JmsTemplate]: : Error creating bean with name 'org.springframework.boot.autoconfigure.jms.JmsAutoConfiguration': Injection of autowired dependencies failed; nested exception is org.springframework.beans.factory.BeanCreationException: Could not autowire field: private javax.jms.ConnectionFactory org.springframework.boot.autoconfigure.jms.JmsAutoConfiguration.connectionFactory; nested exception is org.springframework.beans.factory.BeanCreationException: Error creating bean with name 'jmsConnectionFactory' defined in class path resource [org/springframework/boot/autoconfigure/jms/hornetq/HornetQXAConnectionFactoryConfiguration.class]: Invocation of init method failed; nested exception is bitronix.tm.resource.ResourceConfigurationException: cannot create JMS connection factory named jmsConnectionFactory; nested exception is org.springframework.beans.factory.BeanCreationException: Error creating bean with name 'org.springframework.boot.autoconfigure.jms.JmsAutoConfiguration': Injection of autowired dependencies failed; nested exception is org.springframework.beans.factory.BeanCreationException: Could not autowire field: private javax.jms.ConnectionFactory org.springframework.boot.autoconfigure.jms.JmsAutoConfiguration.connectionFactory; nested exception is org.springframework.beans.factory.BeanCreationException: Error creating bean with name 'jmsConnectionFactory' defined in class path resource [org/springframework/boot/autoconfigure/jms/hornetq/HornetQXAConnectionFactoryConfiguration.class]: Invocation of init method failed; nested exception is bitronix.tm.resource.ResourceConfigurationException: cannot create JMS connection factory named jmsConnectionFactory
spring-projects-spring-boot,sample.data.gemfire.SampleDataGemFireApplicationTests#testGemstonesApp,matched (1 report(s) available),java.lang.IllegalStateException,Async Wait,guess: found async-related keyword 'callback' in exception/message/test name,Failed to load ApplicationContext
spring-projects-spring-boot,org.springframework.boot.cli.JarCommandIT#jarCreation,matched (12 report(s) available),java.lang.AssertionError,Unclear,no rule matched -- raw exception type was 'java.lang.AssertionError',"
Expected: """"
     but: was ""java.lang.reflect.InvocationTargetException\n\tat sun.reflect.NativeMethodAccessorImpl.invoke0(Native Method)\n\tat sun.reflect.NativeMethodAccessorImpl.invoke(NativeMethodAccessorImpl.java:62)\n\tat sun.reflect.DelegatingMethodAccessorImpl.invoke(DelegatingMethodAccessorImpl.java:43)\n\tat java.lang.reflect.Method.invoke(Method.java:498)\n\tat org.springframework.boot.loader.MainMethodRunner.run(MainMethodRunner.java:53)\n\tat java.lang.Thread.run(Thread.java:748)\nCaused by: java.lang.reflect.InvocationTargetException\n\tat sun.reflect.NativeMethodAccessorImpl.invoke0(Native Method)\n\tat sun.reflect.NativeMethodAccessorImpl.invoke(NativeMethodAccessorImpl.java:62)\n\tat sun.reflect.DelegatingMethodAccessorImpl.invoke(DelegatingMethodAccessorImpl.java:43)\n\tat java.lang.reflect.Method.invoke(Method.java:498)\n\tat org.springframework.boot.cli.jar.PackagedSpringApplicationLauncher.run(PackagedSpringApplicationLauncher.java:45)\n\tat org.springframework.boot.cli.jar.PackagedSpringApplicationLauncher.main(PackagedSpringApplicationLauncher.java:78)\n\t... 6 more\nCaused by: java.lang.NoSuchMethodError: org.springframework.beans.factory.support.DefaultListableBeanFactory.isAllowEagerClassLoading()Z\n\tat org.springframework.boot.autoconfigure.condition.BeanTypeRegistry.get(BeanTypeRegistry.java:147)\n\tat org.springframework.boot.autoconfigure.condition.OnBeanCondition.collectBeanNamesForType(OnBeanCondition.java:154)\n\tat org.springframework.boot.autoconfigure.condition.OnBeanCondition.getBeanNamesForType(OnBeanCondition.java:143)\n\tat org.springframework.boot.autoconfigure.condition.OnBeanCondition.getMatchingBeans(OnBeanCondition.java:115)\n\tat org.springframework.boot.autoconfigure.condition.OnBeanCondition.getMatchOutcome(OnBeanCondition.java:90)\n\tat org.springframework.boot.autoconfigure.condition.SpringBootCondition.matches(SpringBootCondition.java:45)\n\tat org.springframework.context.annotation.ConditionEvaluator.shouldSkip(ConditionEvaluator.java:102)\n\tat org.springframework.context.annotation.ConfigurationClassBeanDefinitionReader.loadBeanDefinitionsForBeanMethod(ConfigurationClassBeanDefinitionReader.java:177)\n\tat org.springframework.context.annotation.ConfigurationClassBeanDefinitionReader.loadBeanDefinitionsForConfigurationClass(ConfigurationClassBeanDefinitionReader.java:146)\n\tat org.springframework.context.annotation.ConfigurationClassBeanDefinitionReader.loadBeanDefinitions(ConfigurationClassBeanDefinitionReader.java:122)\n\tat org.springframework.context.annotation.ConfigurationClassPostProcessor.processConfigBeanDefinitions(ConfigurationClassPostProcessor.java:318)\n\tat org.springframework.context.annotation.ConfigurationClassPostProcessor.postProcessBeanDefinitionRegistry(ConfigurationClassPostProcessor.java:239)\n\tat org.springframework.context.support.PostProcessorRegistrationDelegate.invokeBeanDefinitionRegistryPostProcessors(PostProcessorRegistrationDelegate.java:254)\n\tat org.springframework.context.support.PostProcessorRegistrationDelegate.invokeBeanFactoryPostProcessors(PostProcessorRegistrationDelegate.java:94)\n\tat org.springframework.context.support.AbstractApplicationContext.invokeBeanFactoryPostProcessors(AbstractApplicationContext.java:606)\n\tat org.springframework.context.support.AbstractApplicationContext.refresh(AbstractApplicationContext.java:462)\n\tat org.springframework.boot.SpringApplication.refresh(SpringApplication.java:691)\n\tat org.springframework.boot.SpringApplication.run(SpringApplication.java:321)\n\tat org.springframework.boot.SpringApplication.run(SpringApplication.java:961)\n\t... 12 more\n"""
spring-projects-spring-boot,org.springframework.boot.cli.JarCommandIT#jarCreationWithIncludes,matched (12 report(s) available),java.lang.AssertionError,Unclear,no rule matched -- raw exception type was 'java.lang.AssertionError',"
Expected: """"
     but: was ""java.lang.reflect.InvocationTargetException\n\tat sun.reflect.NativeMethodAccessorImpl.invoke0(Native Method)\n\tat sun.reflect.NativeMethodAccessorImpl.invoke(NativeMethodAccessorImpl.java:62)\n\tat sun.reflect.DelegatingMethodAccessorImpl.invoke(DelegatingMethodAccessorImpl.java:43)\n\tat java.lang.reflect.Method.invoke(Method.java:498)\n\tat org.springframework.boot.loader.MainMethodRunner.run(MainMethodRunner.java:53)\n\tat java.lang.Thread.run(Thread.java:748)\nCaused by: java.lang.reflect.InvocationTargetException\n\tat sun.reflect.NativeMethodAccessorImpl.invoke0(Native Method)\n\tat sun.reflect.NativeMethodAccessorImpl.invoke(NativeMethodAccessorImpl.java:62)\n\tat sun.reflect.DelegatingMethodAccessorImpl.invoke(DelegatingMethodAccessorImpl.java:43)\n\tat java.lang.reflect.Method.invoke(Method.java:498)\n\tat org.springframework.boot.cli.jar.PackagedSpringApplicationLauncher.run(PackagedSpringApplicationLauncher.java:45)\n\tat org.springframework.boot.cli.jar.PackagedSpringApplicationLauncher.main(PackagedSpringApplicationLauncher.java:78)\n\t... 6 more\nCaused by: java.lang.NoSuchMethodError: org.springframework.beans.factory.support.DefaultListableBeanFactory.isAllowEagerClassLoading()Z\n\tat org.springframework.boot.autoconfigure.condition.BeanTypeRegistry.get(BeanTypeRegistry.java:147)\n\tat org.springframework.boot.autoconfigure.condition.OnBeanCondition.collectBeanNamesForType(OnBeanCondition.java:154)\n\tat org.springframework.boot.autoconfigure.condition.OnBeanCondition.getBeanNamesForType(OnBeanCondition.java:143)\n\tat org.springframework.boot.autoconfigure.condition.OnBeanCondition.getMatchingBeans(OnBeanCondition.java:115)\n\tat org.springframework.boot.autoconfigure.condition.OnBeanCondition.getMatchOutcome(OnBeanCondition.java:90)\n\tat org.springframework.boot.autoconfigure.condition.SpringBootCondition.matches(SpringBootCondition.java:45)\n\tat org.springframework.context.annotation.ConditionEvaluator.shouldSkip(ConditionEvaluator.java:102)\n\tat org.springframework.context.annotation.ConfigurationClassBeanDefinitionReader.loadBeanDefinitionsForBeanMethod(ConfigurationClassBeanDefinitionReader.java:177)\n\tat org.springframework.context.annotation.ConfigurationClassBeanDefinitionReader.loadBeanDefinitionsForConfigurationClass(ConfigurationClassBeanDefinitionReader.java:146)\n\tat org.springframework.context.annotation.ConfigurationClassBeanDefinitionReader.loadBeanDefinitions(ConfigurationClassBeanDefinitionReader.java:122)\n\tat org.springframework.context.annotation.ConfigurationClassPostProcessor.processConfigBeanDefinitions(ConfigurationClassPostProcessor.java:318)\n\tat org.springframework.context.annotation.ConfigurationClassPostProcessor.postProcessBeanDefinitionRegistry(ConfigurationClassPostProcessor.java:239)\n\tat org.springframework.context.support.PostProcessorRegistrationDelegate.invokeBeanDefinitionRegistryPostProcessors(PostProcessorRegistrationDelegate.java:254)\n\tat org.springframework.context.support.PostProcessorRegistrationDelegate.invokeBeanFactoryPostProcessors(PostProcessorRegistrationDelegate.java:94)\n\tat org.springframework.context.support.AbstractApplicationContext.invokeBeanFactoryPostProcessors(AbstractApplicationContext.java:606)\n\tat org.springframework.context.support.AbstractApplicationContext.refresh(AbstractApplicationContext.java:462)\n\tat org.springframework.boot.SpringApplication.refresh(SpringApplication.java:691)\n\tat org.springframework.boot.SpringApplication.run(SpringApplication.java:321)\n\tat org.springframework.boot.SpringApplication.run(SpringApplication.java:961)\n\t... 12 more\n"""
spring-projects-spring-boot,org.springframework.boot.cli.JarCommandIT#jarCreationWithGrabResolver,matched (5527 report(s) available),java.lang.AssertionError,Async Wait,guess: found async-related keyword 'executor' in exception/message/test name,"
Expected: """"
     but: was ""startup failed:\nGeneral error during conversion: org.eclipse.aether.resolution.DependencyResolutionException: Failed to collect dependencies at redis.embedded:embedded-redis:jar:0.2 -> com.google.guava:guava-io:jar:r03\n\norg.springframework.boot.cli.compiler.grape.DependencyResolutionFailedException: org.eclipse.aether.resolution.DependencyResolutionException: Failed to collect dependencies at redis.embedded:embedded-redis:jar:0.2 -> com.google.guava:guava-io:jar:r03\n\tat org.springframework.boot.cli.compiler.grape.AetherGrapeEngine.resolve(AetherGrapeEngine.java:223)\n\tat org.springframework.boot.cli.compiler.grape.AetherGrapeEngine.grab(AetherGrapeEngine.java:113)\n\tat groovy.grape.Grape.grab(Grape.java:163)\n\tat groovy.grape.GrabAnnotationTransformation.visit(GrabAnnotationTransformation.java:360)\n\tat org.codehaus.groovy.transform.ASTTransformationVisitor$3.call(ASTTransformationVisitor.java:319)\n\tat org.codehaus.groovy.control.CompilationUnit.applyToSourceUnits(CompilationUnit.java:923)\n\tat org.codehaus.groovy.control.CompilationUnit.doPhaseOperation(CompilationUnit.java:585)\n\tat org.codehaus.groovy.control.CompilationUnit.processPhaseOperations(CompilationUnit.java:561)\n\tat org.codehaus.groovy.control.CompilationUnit.compile(CompilationUnit.java:538)\n\tat org.springframework.boot.cli.compiler.GroovyCompiler.compile(GroovyCompiler.java:197)\n\tat org.springframework.boot.cli.command.run.SpringApplicationRunner.compileAndRun(SpringApplicationRunner.java:95)\n\tat org.springframework.boot.cli.command.run.RunCommand$RunOptionHandler.run(RunCommand.java:108)\n\tat org.springframework.boot.cli.command.options.OptionHandler.run(OptionHandler.java:92)\n\tat org.springframework.boot.cli.command.OptionParsingCommand.run(OptionParsingCommand.java:53)\n\tat org.springframework.boot.cli.command.CommandRunner.run(CommandRunner.java:217)\n\tat org.springframework.boot.cli.command.CommandRunner.runAndHandleErrors(CommandRunner.java:170)\n\tat org.springframework.boot.cli.SpringCli.main(SpringCli.java:51)\n\tat sun.reflect.NativeMethodAccessorImpl.invoke0(Native Method)\n\tat sun.reflect.NativeMethodAccessorImpl.invoke(NativeMethodAccessorImpl.java:62)\n\tat sun.reflect.DelegatingMethodAccessorImpl.invoke(DelegatingMethodAccessorImpl.java:43)\n\tat java.lang.reflect.Method.invoke(Method.java:498)\n\tat org.springframework.boot.loader.MainMethodRunner.run(MainMethodRunner.java:53)\n\tat java.lang.Thread.run(Thread.java:748)\nCaused by: org.eclipse.aether.resolution.DependencyResolutionException: Failed to collect dependencies at redis.embedded:embedded-redis:jar:0.2 -> com.google.guava:guava-io:jar:r03\n\tat org.eclipse.aether.internal.impl.DefaultRepositorySystem.resolveDependencies(DefaultRepositorySystem.java:401)\n\tat org.springframework.boot.cli.compiler.grape.AetherGrapeEngine.resolve(AetherGrapeEngine.java:215)\n\t... 22 more\nCaused by: org.eclipse.aether.collection.DependencyCollectionException: Failed to collect dependencies at redis.embedded:embedded-redis:jar:0.2 -> com.google.guava:guava-io:jar:r03\n\tat org.eclipse.aether.internal.impl.DefaultDependencyCollector.collectDependencies(DefaultDependencyCollector.java:303)\n\tat org.eclipse.aether.internal.impl.DefaultRepositorySystem.resolveDependencies(DefaultRepositorySystem.java:362)\n\t... 23 more\nCaused by: org.eclipse.aether.resolution.ArtifactDescriptorException: Failed to read artifact descriptor for com.google.guava:guava-io:jar:r03\n\tat org.apache.maven.repository.internal.DefaultArtifactDescriptorReader.loadPom(DefaultArtifactDescriptorReader.java:335)\n\tat org.apache.maven.repository.internal.DefaultArtifactDescriptorReader.readArtifactDescriptor(DefaultArtifactDescriptorReader.java:217)\n\tat org.eclipse.aether.internal.impl.DefaultDependencyCollector.resolveCachedArtifactDescriptor(DefaultDependencyCollector.java:537)\n\tat org.eclipse.aether.internal.impl.DefaultDependencyCollector.getArtifactDescriptorResult(DefaultDependencyCollector.java:521)\n\tat org.eclipse.aether.internal.impl.DefaultDependencyCollector.processDependency(DefaultDependencyCollector.java:421)\n\tat org.eclipse.aether.internal.impl.DefaultDependencyCollector.processDependency(DefaultDependencyCollector.java:375)\n\tat org.eclipse.aether.internal.impl.DefaultDependencyCollector.process(DefaultDependencyCollector.java:363)\n\tat org.eclipse.aether.internal.impl.DefaultDependencyCollector.doRecurse(DefaultDependencyCollector.java:506)\n\tat org.eclipse.aether.internal.impl.DefaultDependencyCollector.processDependency(DefaultDependencyCollector.java:470)\n\tat org.eclipse.aether.internal.impl.DefaultDependencyCollector.processDependency(DefaultDependencyCollector.java:375)\n\tat org.eclipse.aether.internal.impl.DefaultDependencyCollector.process(DefaultDependencyCollector.java:363)\n\tat org.eclipse.aether.internal.impl.DefaultDependencyCollector.collectDependencies(DefaultDependencyCollector.java:266)\n\t... 24 more\nCaused by: org.eclipse.aether.resolution.ArtifactResolutionException: Could not transfer artifact com.google.guava:guava-io:pom:r03 from/to central (http://repo1.maven.org/maven2/): HTTPS Required (501)\n\tat org.eclipse.aether.internal.impl.DefaultArtifactResolver.resolve(DefaultArtifactResolver.java:462)\n\tat org.eclipse.aether.internal.impl.DefaultArtifactResolver.resolveArtifacts(DefaultArtifactResolver.java:264)\n\tat org.eclipse.aether.internal.impl.DefaultArtifactResolver.resolveArtifact(DefaultArtifactResolver.java:241)\n\tat org.apache.maven.repository.internal.DefaultArtifactDescriptorReader.loadPom(DefaultArtifactDescriptorReader.java:320)\n\t... 35 more\nCaused by: org.eclipse.aether.transfer.ArtifactTransferException: Could not transfer artifact com.google.guava:guava-io:pom:r03 from/to central (http://repo1.maven.org/maven2/): HTTPS Required (501)\n\tat org.eclipse.aether.connector.basic.ArtifactTransportListener.transferFailed(ArtifactTransportListener.java:43)\n\tat org.eclipse.aether.connector.basic.BasicRepositoryConnector$TaskRunner.run(BasicRepositoryConnector.java:355)\n\tat org.eclipse.aether.util.concurrency.RunnableErrorForwarder$1.run(RunnableErrorForwarder.java:67)\n\tat org.eclipse.aether.connector.basic.BasicRepositoryConnector$DirectExecutor.execute(BasicRepositoryConnector.java:581)\n\tat org.eclipse.aether.connector.basic.BasicRepositoryConnector.get(BasicRepositoryConnector.java:249)\n\tat org.eclipse.aether.internal.impl.DefaultArtifactResolver.performDownloads(DefaultArtifactResolver.java:538)\n\tat org.eclipse.aether.internal.impl.DefaultArtifactResolver.resolve(DefaultArtifactResolver.java:439)\n\t... 38 more\nCaused by: org.apache.http.client.HttpResponseException: HTTPS Required (501)\n\tat org.eclipse.aether.transport.http.HttpTransporter.handleStatus(HttpTransporter.java:458)\n\tat org.eclipse.aether.transport.http.HttpTransporter.execute(HttpTransporter.java:283)\n\tat org.eclipse.aether.transport.http.HttpTransporter.implGet(HttpTransporter.java:235)\n\tat org.eclipse.aether.spi.connector.transport.AbstractTransporter.get(AbstractTransporter.java:59)\n\tat org.eclipse.aether.connector.basic.BasicRepositoryConnector$GetTaskRunner.runTask(BasicRepositoryConnector.java:447)\n\tat org.eclipse.aether.connector.basic.BasicRepositoryConnector$TaskRunner.run(BasicRepositoryConnector.java:350)\n\t... 43 more\n\n1 error\n\n"""
spring-projects-spring-boot,org.springframework.boot.autoconfigure.liquibase.LiquibaseAutoConfigurationTests#testOverrideContexts,matched (1 report(s) available),org.springframework.beans.factory.BeanCreationException,Async Wait,guess: found async-related keyword 'callback' in exception/message/test name,Error creating bean with name 'liquibase' defined in class org.springframework.boot.autoconfigure.liquibase.LiquibaseAutoConfiguration$LiquibaseConfiguration: Invocation of init method failed; nested exception is java.lang.NoClassDefFoundError: Could not initialize class liquibase.sqlgenerator.core.LockDatabaseChangeLogGenerator
spring-projects-spring-boot,org.springframework.boot.autoconfigure.liquibase.LiquibaseAutoConfigurationTests#testOverrideDropFirst,matched (1 report(s) available),org.springframework.beans.factory.BeanCreationException,Async Wait,guess: found async-related keyword 'callback' in exception/message/test name,Error creating bean with name 'liquibase' defined in class org.springframework.boot.autoconfigure.liquibase.LiquibaseAutoConfiguration$LiquibaseConfiguration: Invocation of init method failed; nested exception is java.lang.NoClassDefFoundError: Could not initialize class liquibase.sqlgenerator.core.LockDatabaseChangeLogGenerator
spring-projects-spring-boot,org.springframework.boot.autoconfigure.liquibase.LiquibaseAutoConfigurationTests#testOverrideDataSource,matched (1 report(s) available),org.springframework.beans.factory.BeanCreationException,Async Wait,guess: found async-related keyword 'callback' in exception/message/test name,Error creating bean with name 'liquibase' defined in class org.springframework.boot.autoconfigure.liquibase.LiquibaseAutoConfiguration$LiquibaseConfiguration: Invocation of init method failed; nested exception is java.lang.NoClassDefFoundError: Could not initialize class liquibase.sqlgenerator.core.LockDatabaseChangeLogGenerator
spring-projects-spring-boot,org.springframework.boot.autoconfigure.liquibase.LiquibaseAutoConfigurationTests#testOverrideDefaultSchema,matched (1 report(s) available),org.springframework.beans.factory.BeanCreationException,Async Wait,guess: found async-related keyword 'callback' in exception/message/test name,Error creating bean with name 'liquibase' defined in class org.springframework.boot.autoconfigure.liquibase.LiquibaseAutoConfiguration$LiquibaseConfiguration: Invocation of init method failed; nested exception is java.lang.NoClassDefFoundError: Could not initialize class liquibase.sqlgenerator.core.LockDatabaseChangeLogGenerator
spring-projects-spring-boot,org.springframework.boot.autoconfigure.liquibase.LiquibaseAutoConfigurationTests#testOverrideChangeLog,matched (1 report(s) available),org.springframework.beans.factory.BeanCreationException,Async Wait,guess: found async-related keyword 'callback' in exception/message/test name,Error creating bean with name 'liquibase' defined in class org.springframework.boot.autoconfigure.liquibase.LiquibaseAutoConfiguration$LiquibaseConfiguration: Invocation of init method failed; nested exception is java.lang.NoClassDefFoundError: Could not initialize class liquibase.sqlgenerator.core.LockDatabaseChangeLogGenerator
spring-projects-spring-boot,org.springframework.boot.autoconfigure.liquibase.LiquibaseAutoConfigurationTests#testDefaultSpringLiquibase,matched (1 report(s) available),org.springframework.beans.factory.BeanCreationException,Async Wait,guess: found async-related keyword 'callback' in exception/message/test name,Error creating bean with name 'liquibase' defined in class org.springframework.boot.autoconfigure.liquibase.LiquibaseAutoConfiguration$LiquibaseConfiguration: Invocation of init method failed; nested exception is java.lang.NoClassDefFoundError: Could not initialize class liquibase.sqlgenerator.core.LockDatabaseChangeLogGenerator
spring-projects-spring-boot,org.springframework.boot.autoconfigure.jta.JtaAutoConfigurationTests#defaultAtomikosTransactionManagerName,matched (1 report(s) available),java.net.UnknownHostException,Unclear,no rule matched -- raw exception type was 'java.net.UnknownHostException',ip-172-31-53-219: ip-172-31-53-219: Temporary failure in name resolution
spring-projects-spring-boot,org.springframework.boot.autoconfigure.jta.JtaAutoConfigurationTests#defaultBitronixServerId,matched (1 report(s) available),java.net.UnknownHostException,Unclear,no rule matched -- raw exception type was 'java.net.UnknownHostException',ip-172-31-53-219: ip-172-31-53-219: Temporary failure in name resolution
spring-projects-spring-boot,org.springframework.boot.autoconfigure.orm.jpa.HibernateJpaAutoConfigurationTests#testLiquibasePlusValidation,matched (1 report(s) available),org.springframework.beans.factory.BeanCreationException,Async Wait,guess: found async-related keyword 'callback' in exception/message/test name,Error creating bean with name 'liquibase' defined in class org.springframework.boot.autoconfigure.liquibase.LiquibaseAutoConfiguration$LiquibaseConfiguration: Invocation of init method failed; nested exception is java.lang.ExceptionInInitializerError
spring-projects-spring-boot,org.springframework.boot.autoconfigure.jms.hornetq.HornetQAutoConfigurationTests#embeddedWithPersistentMode,matched (1 report(s) available),org.springframework.jms.UncategorizedJmsException,Unclear,no rule matched -- raw exception type was 'org.springframework.jms.UncategorizedJmsException',Uncategorized exception occured during JMS processing; nested exception is javax.jms.JMSException: Failed to create session factory; nested exception is HornetQConnectionTimedOutException[errorType=CONNECTION_TIMEDOUT message=HQ119013: Timed out waiting to receive cluster topology. Group:null]
spring-projects-spring-boot,org.springframework.boot.gradle.NoJarTests#nojar,matched (5540 report(s) available),org.gradle.tooling.GradleConnectionException,Async Wait,guess: found async-related keyword 'async' in exception/message/test name,Could not install Gradle distribution from 'http://services.gradle.org/distributions/gradle-1.12-bin.zip'.
spring-projects-spring-boot,org.springframework.boot.starter.StarterDependenciesIntegrationTests#commonsLoggingIsNotATransitiveDependency[0],matched (5540 report(s) available),org.gradle.tooling.GradleConnectionException,Async Wait,guess: found async-related keyword 'async' in exception/message/test name,Could not install Gradle distribution from 'http://services.gradle.org/distributions/gradle-1.12-bin.zip'.
spring-projects-spring-boot,org.springframework.boot.starter.StarterDependenciesIntegrationTests#oldSpringModulesAreNotTransitiveDependencies[0],matched (5540 report(s) available),org.gradle.tooling.GradleConnectionException,Async Wait,guess: found async-related keyword 'async' in exception/message/test name,Could not install Gradle distribution from 'http://services.gradle.org/distributions/gradle-1.12-bin.zip'.
spring-projects-spring-boot,org.springframework.boot.starter.StarterDependenciesIntegrationTests#commonsLoggingIsNotATransitiveDependency[1],matched (5540 report(s) available),org.gradle.tooling.GradleConnectionException,Async Wait,guess: found async-related keyword 'async' in exception/message/test name,Could not install Gradle distribution from 'http://services.gradle.org/distributions/gradle-1.12-bin.zip'.
spring-projects-spring-boot,org.springframework.boot.starter.StarterDependenciesIntegrationTests#oldSpringModulesAreNotTransitiveDependencies[1],matched (5540 report(s) available),org.gradle.tooling.GradleConnectionException,Async Wait,guess: found async-related keyword 'async' in exception/message/test name,Could not install Gradle distribution from 'http://services.gradle.org/distributions/gradle-1.12-bin.zip'.
spring-projects-spring-boot,org.springframework.boot.starter.StarterDependenciesIntegrationTests#commonsLoggingIsNotATransitiveDependency[2],matched (5540 report(s) available),org.gradle.tooling.GradleConnectionException,Async Wait,guess: found async-related keyword 'async' in exception/message/test name,Could not install Gradle distribution from 'http://services.gradle.org/distributions/gradle-1.12-bin.zip'.
spring-projects-spring-boot,org.springframework.boot.starter.StarterDependenciesIntegrationTests#oldSpringModulesAreNotTransitiveDependencies[2],matched (5540 report(s) available),org.gradle.tooling.GradleConnectionException,Async Wait,guess: found async-related keyword 'async' in exception/message/test name,Could not install Gradle distribution from 'http://services.gradle.org/distributions/gradle-1.12-bin.zip'.
spring-projects-spring-boot,org.springframework.boot.starter.StarterDependenciesIntegrationTests#commonsLoggingIsNotATransitiveDependency[3],matched (5540 report(s) available),org.gradle.tooling.GradleConnectionException,Async Wait,guess: found async-related keyword 'async' in exception/message/test name,Could not install Gradle distribution from 'http://services.gradle.org/distributions/gradle-1.12-bin.zip'.
spring-projects-spring-boot,org.springframework.boot.starter.StarterDependenciesIntegrationTests#oldSpringModulesAreNotTransitiveDependencies[3],matched (5540 report(s) available),org.gradle.tooling.GradleConnectionException,Async Wait,guess: found async-related keyword 'async' in exception/message/test name,Could not install Gradle distribution from 'http://services.gradle.org/distributions/gradle-1.12-bin.zip'.
spring-projects-spring-boot,org.springframework.boot.starter.StarterDependenciesIntegrationTests#commonsLoggingIsNotATransitiveDependency[4],matched (5540 report(s) available),org.gradle.tooling.GradleConnectionException,Async Wait,guess: found async-related keyword 'async' in exception/message/test name,Could not install Gradle distribution from 'http://services.gradle.org/distributions/gradle-1.12-bin.zip'.
spring-projects-spring-boot,org.springframework.boot.starter.StarterDependenciesIntegrationTests#oldSpringModulesAreNotTransitiveDependencies[4],matched (5540 report(s) available),org.gradle.tooling.GradleConnectionException,Async Wait,guess: found async-related keyword 'async' in exception/message/test name,Could not install Gradle distribution from 'http://services.gradle.org/distributions/gradle-1.12-bin.zip'.
spring-projects-spring-boot,org.springframework.boot.starter.StarterDependenciesIntegrationTests#commonsLoggingIsNotATransitiveDependency[5],matched (5540 report(s) available),org.gradle.tooling.GradleConnectionException,Async Wait,guess: found async-related keyword 'async' in exception/message/test name,Could not install Gradle distribution from 'http://services.gradle.org/distributions/gradle-1.12-bin.zip'.
spring-projects-spring-boot,org.springframework.boot.starter.StarterDependenciesIntegrationTests#oldSpringModulesAreNotTransitiveDependencies[5],matched (5540 report(s) available),org.gradle.tooling.GradleConnectionException,Async Wait,guess: found async-related keyword 'async' in exception/message/test name,Could not install Gradle distribution from 'http://services.gradle.org/distributions/gradle-1.12-bin.zip'.
spring-projects-spring-boot,org.springframework.boot.starter.StarterDependenciesIntegrationTests#commonsLoggingIsNotATransitiveDependency[6],matched (5540 report(s) available),org.gradle.tooling.GradleConnectionException,Async Wait,guess: found async-related keyword 'async' in exception/message/test name,Could not install Gradle distribution from 'http://services.gradle.org/distributions/gradle-1.12-bin.zip'.
spring-projects-spring-boot,org.springframework.boot.starter.StarterDependenciesIntegrationTests#oldSpringModulesAreNotTransitiveDependencies[6],matched (5540 report(s) available),org.gradle.tooling.GradleConnectionException,Async Wait,guess: found async-related keyword 'async' in exception/message/test name,Could not install Gradle distribution from 'http://services.gradle.org/distributions/gradle-1.12-bin.zip'.
spring-projects-spring-boot,org.springframework.boot.starter.StarterDependenciesIntegrationTests#commonsLoggingIsNotATransitiveDependency[7],matched (5540 report(s) available),org.gradle.tooling.GradleConnectionException,Async Wait,guess: found async-related keyword 'async' in exception/message/test name,Could not install Gradle distribution from 'http://services.gradle.org/distributions/gradle-1.12-bin.zip'.
spring-projects-spring-boot,org.springframework.boot.starter.StarterDependenciesIntegrationTests#oldSpringModulesAreNotTransitiveDependencies[7],matched (5540 report(s) available),org.gradle.tooling.GradleConnectionException,Async Wait,guess: found async-related keyword 'async' in exception/message/test name,Could not install Gradle distribution from 'http://services.gradle.org/distributions/gradle-1.12-bin.zip'.
spring-projects-spring-boot,org.springframework.boot.starter.StarterDependenciesIntegrationTests#commonsLoggingIsNotATransitiveDependency[8],matched (5540 report(s) available),org.gradle.tooling.GradleConnectionException,Async Wait,guess: found async-related keyword 'async' in exception/message/test name,Could not install Gradle distribution from 'http://services.gradle.org/distributions/gradle-1.12-bin.zip'.
spring-projects-spring-boot,org.springframework.boot.starter.StarterDependenciesIntegrationTests#oldSpringModulesAreNotTransitiveDependencies[8],matched (5540 report(s) available),org.gradle.tooling.GradleConnectionException,Async Wait,guess: found async-related keyword 'async' in exception/message/test name,Could not install Gradle distribution from 'http://services.gradle.org/distributions/gradle-1.12-bin.zip'.
spring-projects-spring-boot,org.springframework.boot.starter.StarterDependenciesIntegrationTests#commonsLoggingIsNotATransitiveDependency[9],matched (5540 report(s) available),org.gradle.tooling.GradleConnectionException,Async Wait,guess: found async-related keyword 'async' in exception/message/test name,Could not install Gradle distribution from 'http://services.gradle.org/distributions/gradle-1.12-bin.zip'.
spring-projects-spring-boot,org.springframework.boot.starter.StarterDependenciesIntegrationTests#oldSpringModulesAreNotTransitiveDependencies[9],matched (5540 report(s) available),org.gradle.tooling.GradleConnectionException,Async Wait,guess: found async-related keyword 'async' in exception/message/test name,Could not install Gradle distribution from 'http://services.gradle.org/distributions/gradle-1.12-bin.zip'.
spring-projects-spring-boot,org.springframework.boot.starter.StarterDependenciesIntegrationTests#commonsLoggingIsNotATransitiveDependency[10],matched (5540 report(s) available),org.gradle.tooling.GradleConnectionException,Async Wait,guess: found async-related keyword 'async' in exception/message/test name,Could not install Gradle distribution from 'http://services.gradle.org/distributions/gradle-1.12-bin.zip'.
spring-projects-spring-boot,org.springframework.boot.starter.StarterDependenciesIntegrationTests#oldSpringModulesAreNotTransitiveDependencies[10],matched (5540 report(s) available),org.gradle.tooling.GradleConnectionException,Async Wait,guess: found async-related keyword 'async' in exception/message/test name,Could not install Gradle distribution from 'http://services.gradle.org/distributions/gradle-1.12-bin.zip'.
spring-projects-spring-boot,org.springframework.boot.starter.StarterDependenciesIntegrationTests#commonsLoggingIsNotATransitiveDependency[11],matched (5540 report(s) available),org.gradle.tooling.GradleConnectionException,Async Wait,guess: found async-related keyword 'async' in exception/message/test name,Could not install Gradle distribution from 'http://services.gradle.org/distributions/gradle-1.12-bin.zip'.
spring-projects-spring-boot,org.springframework.boot.starter.StarterDependenciesIntegrationTests#oldSpringModulesAreNotTransitiveDependencies[11],matched (5540 report(s) available),org.gradle.tooling.GradleConnectionException,Async Wait,guess: found async-related keyword 'async' in exception/message/test name,Could not install Gradle distribution from 'http://services.gradle.org/distributions/gradle-1.12-bin.zip'.
spring-projects-spring-boot,org.springframework.boot.starter.StarterDependenciesIntegrationTests#commonsLoggingIsNotATransitiveDependency[12],matched (5540 report(s) available),org.gradle.tooling.GradleConnectionException,Async Wait,guess: found async-related keyword 'async' in exception/message/test name,Could not install Gradle distribution from 'http://services.gradle.org/distributions/gradle-1.12-bin.zip'.
spring-projects-spring-boot,org.springframework.boot.starter.StarterDependenciesIntegrationTests#oldSpringModulesAreNotTransitiveDependencies[12],matched (5540 report(s) available),org.gradle.tooling.GradleConnectionException,Async Wait,guess: found async-related keyword 'async' in exception/message/test name,Could not install Gradle distribution from 'http://services.gradle.org/distributions/gradle-1.12-bin.zip'.
spring-projects-spring-boot,org.springframework.boot.starter.StarterDependenciesIntegrationTests#commonsLoggingIsNotATransitiveDependency[13],matched (5540 report(s) available),org.gradle.tooling.GradleConnectionException,Async Wait,guess: found async-related keyword 'async' in exception/message/test name,Could not install Gradle distribution from 'http://services.gradle.org/distributions/gradle-1.12-bin.zip'.
spring-projects-spring-boot,org.springframework.boot.starter.StarterDependenciesIntegrationTests#oldSpringModulesAreNotTransitiveDependencies[13],matched (5540 report(s) available),org.gradle.tooling.GradleConnectionException,Async Wait,guess: found async-related keyword 'async' in exception/message/test name,Could not install Gradle distribution from 'http://services.gradle.org/distributions/gradle-1.12-bin.zip'.
spring-projects-spring-boot,org.springframework.boot.starter.StarterDependenciesIntegrationTests#commonsLoggingIsNotATransitiveDependency[14],matched (5540 report(s) available),org.gradle.tooling.GradleConnectionException,Async Wait,guess: found async-related keyword 'async' in exception/message/test name,Could not install Gradle distribution from 'http://services.gradle.org/distributions/gradle-1.12-bin.zip'.
spring-projects-spring-boot,org.springframework.boot.starter.StarterDependenciesIntegrationTests#oldSpringModulesAreNotTransitiveDependencies[14],matched (5540 report(s) available),org.gradle.tooling.GradleConnectionException,Async Wait,guess: found async-related keyword 'async' in exception/message/test name,Could not install Gradle distribution from 'http://services.gradle.org/distributions/gradle-1.12-bin.zip'.
spring-projects-spring-boot,org.springframework.boot.starter.StarterDependenciesIntegrationTests#commonsLoggingIsNotATransitiveDependency[15],matched (5540 report(s) available),org.gradle.tooling.GradleConnectionException,Async Wait,guess: found async-related keyword 'async' in exception/message/test name,Could not install Gradle distribution from 'http://services.gradle.org/distributions/gradle-1.12-bin.zip'.
spring-projects-spring-boot,org.springframework.boot.starter.StarterDependenciesIntegrationTests#oldSpringModulesAreNotTransitiveDependencies[15],matched (5540 report(s) available),org.gradle.tooling.GradleConnectionException,Async Wait,guess: found async-related keyword 'async' in exception/message/test name,Could not install Gradle distribution from 'http://services.gradle.org/distributions/gradle-1.12-bin.zip'.
spring-projects-spring-boot,org.springframework.boot.starter.StarterDependenciesIntegrationTests#commonsLoggingIsNotATransitiveDependency[16],matched (5540 report(s) available),org.gradle.tooling.GradleConnectionException,Async Wait,guess: found async-related keyword 'async' in exception/message/test name,Could not install Gradle distribution from 'http://services.gradle.org/distributions/gradle-1.12-bin.zip'.
spring-projects-spring-boot,org.springframework.boot.starter.StarterDependenciesIntegrationTests#oldSpringModulesAreNotTransitiveDependencies[16],matched (5540 report(s) available),org.gradle.tooling.GradleConnectionException,Async Wait,guess: found async-related keyword 'async' in exception/message/test name,Could not install Gradle distribution from 'http://services.gradle.org/distributions/gradle-1.12-bin.zip'.
spring-projects-spring-boot,org.springframework.boot.starter.StarterDependenciesIntegrationTests#commonsLoggingIsNotATransitiveDependency[17],matched (5540 report(s) available),org.gradle.tooling.GradleConnectionException,Async Wait,guess: found async-related keyword 'async' in exception/message/test name,Could not install Gradle distribution from 'http://services.gradle.org/distributions/gradle-1.12-bin.zip'.
spring-projects-spring-boot,org.springframework.boot.starter.StarterDependenciesIntegrationTests#oldSpringModulesAreNotTransitiveDependencies[17],matched (5540 report(s) available),org.gradle.tooling.GradleConnectionException,Async Wait,guess: found async-related keyword 'async' in exception/message/test name,Could not install Gradle distribution from 'http://services.gradle.org/distributions/gradle-1.12-bin.zip'.
spring-projects-spring-boot,org.springframework.boot.starter.StarterDependenciesIntegrationTests#commonsLoggingIsNotATransitiveDependency[18],matched (5540 report(s) available),org.gradle.tooling.GradleConnectionException,Async Wait,guess: found async-related keyword 'async' in exception/message/test name,Could not install Gradle distribution from 'http://services.gradle.org/distributions/gradle-1.12-bin.zip'.
spring-projects-spring-boot,org.springframework.boot.starter.StarterDependenciesIntegrationTests#oldSpringModulesAreNotTransitiveDependencies[18],matched (5540 report(s) available),org.gradle.tooling.GradleConnectionException,Async Wait,guess: found async-related keyword 'async' in exception/message/test name,Could not install Gradle distribution from 'http://services.gradle.org/distributions/gradle-1.12-bin.zip'.
spring-projects-spring-boot,org.springframework.boot.starter.StarterDependenciesIntegrationTests#commonsLoggingIsNotATransitiveDependency[19],matched (5540 report(s) available),org.gradle.tooling.GradleConnectionException,Async Wait,guess: found async-related keyword 'async' in exception/message/test name,Could not install Gradle distribution from 'http://services.gradle.org/distributions/gradle-1.12-bin.zip'.
spring-projects-spring-boot,org.springframework.boot.starter.StarterDependenciesIntegrationTests#oldSpringModulesAreNotTransitiveDependencies[19],matched (5540 report(s) available),org.gradle.tooling.GradleConnectionException,Async Wait,guess: found async-related keyword 'async' in exception/message/test name,Could not install Gradle distribution from 'http://services.gradle.org/distributions/gradle-1.12-bin.zip'.
spring-projects-spring-boot,org.springframework.boot.starter.StarterDependenciesIntegrationTests#commonsLoggingIsNotATransitiveDependency[20],matched (5540 report(s) available),org.gradle.tooling.GradleConnectionException,Async Wait,guess: found async-related keyword 'async' in exception/message/test name,Could not install Gradle distribution from 'http://services.gradle.org/distributions/gradle-1.12-bin.zip'.
spring-projects-spring-boot,org.springframework.boot.starter.StarterDependenciesIntegrationTests#oldSpringModulesAreNotTransitiveDependencies[20],matched (5540 report(s) available),org.gradle.tooling.GradleConnectionException,Async Wait,guess: found async-related keyword 'async' in exception/message/test name,Could not install Gradle distribution from 'http://services.gradle.org/distributions/gradle-1.12-bin.zip'.
spring-projects-spring-boot,org.springframework.boot.starter.StarterDependenciesIntegrationTests#commonsLoggingIsNotATransitiveDependency[21],matched (5540 report(s) available),org.gradle.tooling.GradleConnectionException,Async Wait,guess: found async-related keyword 'async' in exception/message/test name,Could not install Gradle distribution from 'http://services.gradle.org/distributions/gradle-1.12-bin.zip'.
spring-projects-spring-boot,org.springframework.boot.starter.StarterDependenciesIntegrationTests#oldSpringModulesAreNotTransitiveDependencies[21],matched (5540 report(s) available),org.gradle.tooling.GradleConnectionException,Async Wait,guess: found async-related keyword 'async' in exception/message/test name,Could not install Gradle distribution from 'http://services.gradle.org/distributions/gradle-1.12-bin.zip'.
spring-projects-spring-boot,org.springframework.boot.starter.StarterDependenciesIntegrationTests#commonsLoggingIsNotATransitiveDependency[22],matched (5540 report(s) available),org.gradle.tooling.GradleConnectionException,Async Wait,guess: found async-related keyword 'async' in exception/message/test name,Could not install Gradle distribution from 'http://services.gradle.org/distributions/gradle-1.12-bin.zip'.
spring-projects-spring-boot,org.springframework.boot.starter.StarterDependenciesIntegrationTests#oldSpringModulesAreNotTransitiveDependencies[22],matched (5540 report(s) available),org.gradle.tooling.GradleConnectionException,Async Wait,guess: found async-related keyword 'async' in exception/message/test name,Could not install Gradle distribution from 'http://services.gradle.org/distributions/gradle-1.12-bin.zip'.
spring-projects-spring-boot,org.springframework.boot.starter.StarterDependenciesIntegrationTests#commonsLoggingIsNotATransitiveDependency[23],matched (5540 report(s) available),org.gradle.tooling.GradleConnectionException,Async Wait,guess: found async-related keyword 'async' in exception/message/test name,Could not install Gradle distribution from 'http://services.gradle.org/distributions/gradle-1.12-bin.zip'.
spring-projects-spring-boot,org.springframework.boot.starter.StarterDependenciesIntegrationTests#oldSpringModulesAreNotTransitiveDependencies[23],matched (5540 report(s) available),org.gradle.tooling.GradleConnectionException,Async Wait,guess: found async-related keyword 'async' in exception/message/test name,Could not install Gradle distribution from 'http://services.gradle.org/distributions/gradle-1.12-bin.zip'.
spring-projects-spring-boot,org.springframework.boot.starter.StarterDependenciesIntegrationTests#commonsLoggingIsNotATransitiveDependency[24],matched (5540 report(s) available),org.gradle.tooling.GradleConnectionException,Async Wait,guess: found async-related keyword 'async' in exception/message/test name,Could not install Gradle distribution from 'http://services.gradle.org/distributions/gradle-1.12-bin.zip'.
spring-projects-spring-boot,org.springframework.boot.starter.StarterDependenciesIntegrationTests#oldSpringModulesAreNotTransitiveDependencies[24],matched (5540 report(s) available),org.gradle.tooling.GradleConnectionException,Async Wait,guess: found async-related keyword 'async' in exception/message/test name,Could not install Gradle distribution from 'http://services.gradle.org/distributions/gradle-1.12-bin.zip'.
spring-projects-spring-boot,org.springframework.boot.starter.StarterDependenciesIntegrationTests#commonsLoggingIsNotATransitiveDependency[25],matched (5540 report(s) available),org.gradle.tooling.GradleConnectionException,Async Wait,guess: found async-related keyword 'async' in exception/message/test name,Could not install Gradle distribution from 'http://services.gradle.org/distributions/gradle-1.12-bin.zip'.
spring-projects-spring-boot,org.springframework.boot.starter.StarterDependenciesIntegrationTests#oldSpringModulesAreNotTransitiveDependencies[25],matched (5540 report(s) available),org.gradle.tooling.GradleConnectionException,Async Wait,guess: found async-related keyword 'async' in exception/message/test name,Could not install Gradle distribution from 'http://services.gradle.org/distributions/gradle-1.12-bin.zip'.
spring-projects-spring-boot,org.springframework.boot.starter.StarterDependenciesIntegrationTests#commonsLoggingIsNotATransitiveDependency[26],matched (5540 report(s) available),org.gradle.tooling.GradleConnectionException,Async Wait,guess: found async-related keyword 'async' in exception/message/test name,Could not install Gradle distribution from 'http://services.gradle.org/distributions/gradle-1.12-bin.zip'.
spring-projects-spring-boot,org.springframework.boot.starter.StarterDependenciesIntegrationTests#oldSpringModulesAreNotTransitiveDependencies[26],matched (5540 report(s) available),org.gradle.tooling.GradleConnectionException,Async Wait,guess: found async-related keyword 'async' in exception/message/test name,Could not install Gradle distribution from 'http://services.gradle.org/distributions/gradle-1.12-bin.zip'.
spring-projects-spring-boot,org.springframework.boot.starter.StarterDependenciesIntegrationTests#commonsLoggingIsNotATransitiveDependency[27],matched (5540 report(s) available),org.gradle.tooling.GradleConnectionException,Async Wait,guess: found async-related keyword 'async' in exception/message/test name,Could not install Gradle distribution from 'http://services.gradle.org/distributions/gradle-1.12-bin.zip'.
spring-projects-spring-boot,org.springframework.boot.starter.StarterDependenciesIntegrationTests#oldSpringModulesAreNotTransitiveDependencies[27],matched (5540 report(s) available),org.gradle.tooling.GradleConnectionException,Async Wait,guess: found async-related keyword 'async' in exception/message/test name,Could not install Gradle distribution from 'http://services.gradle.org/distributions/gradle-1.12-bin.zip'.
spring-projects-spring-boot,org.springframework.boot.starter.StarterDependenciesIntegrationTests#commonsLoggingIsNotATransitiveDependency[28],matched (5540 report(s) available),org.gradle.tooling.GradleConnectionException,Async Wait,guess: found async-related keyword 'async' in exception/message/test name,Could not install Gradle distribution from 'http://services.gradle.org/distributions/gradle-1.12-bin.zip'.
spring-projects-spring-boot,org.springframework.boot.starter.StarterDependenciesIntegrationTests#oldSpringModulesAreNotTransitiveDependencies[28],matched (5540 report(s) available),org.gradle.tooling.GradleConnectionException,Async Wait,guess: found async-related keyword 'async' in exception/message/test name,Could not install Gradle distribution from 'http://services.gradle.org/distributions/gradle-1.12-bin.zip'.
spring-projects-spring-boot,org.springframework.boot.starter.StarterDependenciesIntegrationTests#commonsLoggingIsNotATransitiveDependency[29],matched (5540 report(s) available),org.gradle.tooling.GradleConnectionException,Async Wait,guess: found async-related keyword 'async' in exception/message/test name,Could not install Gradle distribution from 'http://services.gradle.org/distributions/gradle-1.12-bin.zip'.
spring-projects-spring-boot,org.springframework.boot.starter.StarterDependenciesIntegrationTests#oldSpringModulesAreNotTransitiveDependencies[29],matched (5540 report(s) available),org.gradle.tooling.GradleConnectionException,Async Wait,guess: found async-related keyword 'async' in exception/message/test name,Could not install Gradle distribution from 'http://services.gradle.org/distributions/gradle-1.12-bin.zip'.
spring-projects-spring-boot,org.springframework.boot.starter.StarterDependenciesIntegrationTests#commonsLoggingIsNotATransitiveDependency[30],matched (5540 report(s) available),org.gradle.tooling.GradleConnectionException,Async Wait,guess: found async-related keyword 'async' in exception/message/test name,Could not install Gradle distribution from 'http://services.gradle.org/distributions/gradle-1.12-bin.zip'.
spring-projects-spring-boot,org.springframework.boot.starter.StarterDependenciesIntegrationTests#oldSpringModulesAreNotTransitiveDependencies[30],matched (5540 report(s) available),org.gradle.tooling.GradleConnectionException,Async Wait,guess: found async-related keyword 'async' in exception/message/test name,Could not install Gradle distribution from 'http://services.gradle.org/distributions/gradle-1.12-bin.zip'.
spring-projects-spring-boot,org.springframework.boot.starter.StarterDependenciesIntegrationTests#commonsLoggingIsNotATransitiveDependency[31],matched (5540 report(s) available),org.gradle.tooling.GradleConnectionException,Async Wait,guess: found async-related keyword 'async' in exception/message/test name,Could not install Gradle distribution from 'http://services.gradle.org/distributions/gradle-1.12-bin.zip'.
spring-projects-spring-boot,org.springframework.boot.starter.StarterDependenciesIntegrationTests#oldSpringModulesAreNotTransitiveDependencies[31],matched (5540 report(s) available),org.gradle.tooling.GradleConnectionException,Async Wait,guess: found async-related keyword 'async' in exception/message/test name,Could not install Gradle distribution from 'http://services.gradle.org/distributions/gradle-1.12-bin.zip'.
spring-projects-spring-boot,org.springframework.boot.starter.StarterDependenciesIntegrationTests#commonsLoggingIsNotATransitiveDependency[32],matched (5540 report(s) available),org.gradle.tooling.GradleConnectionException,Async Wait,guess: found async-related keyword 'async' in exception/message/test name,Could not install Gradle distribution from 'http://services.gradle.org/distributions/gradle-1.12-bin.zip'.
spring-projects-spring-boot,org.springframework.boot.starter.StarterDependenciesIntegrationTests#oldSpringModulesAreNotTransitiveDependencies[32],matched (5540 report(s) available),org.gradle.tooling.GradleConnectionException,Async Wait,guess: found async-related keyword 'async' in exception/message/test name,Could not install Gradle distribution from 'http://services.gradle.org/distributions/gradle-1.12-bin.zip'.
spring-projects-spring-boot,org.springframework.boot.starter.StarterDependenciesIntegrationTests#commonsLoggingIsNotATransitiveDependency[33],matched (5540 report(s) available),org.gradle.tooling.GradleConnectionException,Async Wait,guess: found async-related keyword 'async' in exception/message/test name,Could not install Gradle distribution from 'http://services.gradle.org/distributions/gradle-1.12-bin.zip'.
spring-projects-spring-boot,org.springframework.boot.starter.StarterDependenciesIntegrationTests#oldSpringModulesAreNotTransitiveDependencies[33],matched (5540 report(s) available),org.gradle.tooling.GradleConnectionException,Async Wait,guess: found async-related keyword 'async' in exception/message/test name,Could not install Gradle distribution from 'http://services.gradle.org/distributions/gradle-1.12-bin.zip'.
spring-projects-spring-boot,org.springframework.boot.starter.StarterDependenciesIntegrationTests#commonsLoggingIsNotATransitiveDependency[34],matched (5540 report(s) available),org.gradle.tooling.GradleConnectionException,Async Wait,guess: found async-related keyword 'async' in exception/message/test name,Could not install Gradle distribution from 'http://services.gradle.org/distributions/gradle-1.12-bin.zip'.
spring-projects-spring-boot,org.springframework.boot.starter.StarterDependenciesIntegrationTests#oldSpringModulesAreNotTransitiveDependencies[34],matched (5540 report(s) available),org.gradle.tooling.GradleConnectionException,Async Wait,guess: found async-related keyword 'async' in exception/message/test name,Could not install Gradle distribution from 'http://services.gradle.org/distributions/gradle-1.12-bin.zip'.
spring-projects-spring-boot,org.springframework.boot.starter.StarterDependenciesIntegrationTests#commonsLoggingIsNotATransitiveDependency[35],matched (5540 report(s) available),org.gradle.tooling.GradleConnectionException,Async Wait,guess: found async-related keyword 'async' in exception/message/test name,Could not install Gradle distribution from 'http://services.gradle.org/distributions/gradle-1.12-bin.zip'.
spring-projects-spring-boot,org.springframework.boot.starter.StarterDependenciesIntegrationTests#oldSpringModulesAreNotTransitiveDependencies[35],matched (5540 report(s) available),org.gradle.tooling.GradleConnectionException,Async Wait,guess: found async-related keyword 'async' in exception/message/test name,Could not install Gradle distribution from 'http://services.gradle.org/distributions/gradle-1.12-bin.zip'.
spring-projects-spring-boot,org.springframework.boot.starter.StarterDependenciesIntegrationTests#commonsLoggingIsNotATransitiveDependency[36],matched (5540 report(s) available),org.gradle.tooling.GradleConnectionException,Async Wait,guess: found async-related keyword 'async' in exception/message/test name,Could not install Gradle distribution from 'http://services.gradle.org/distributions/gradle-1.12-bin.zip'.
spring-projects-spring-boot,org.springframework.boot.starter.StarterDependenciesIntegrationTests#oldSpringModulesAreNotTransitiveDependencies[36],matched (5540 report(s) available),org.gradle.tooling.GradleConnectionException,Async Wait,guess: found async-related keyword 'async' in exception/message/test name,Could not install Gradle distribution from 'http://services.gradle.org/distributions/gradle-1.12-bin.zip'.
spring-projects-spring-boot,org.springframework.boot.starter.StarterDependenciesIntegrationTests#commonsLoggingIsNotATransitiveDependency[37],matched (5540 report(s) available),org.gradle.tooling.GradleConnectionException,Async Wait,guess: found async-related keyword 'async' in exception/message/test name,Could not install Gradle distribution from 'http://services.gradle.org/distributions/gradle-1.12-bin.zip'.
spring-projects-spring-boot,org.springframework.boot.starter.StarterDependenciesIntegrationTests#oldSpringModulesAreNotTransitiveDependencies[37],matched (5540 report(s) available),org.gradle.tooling.GradleConnectionException,Async Wait,guess: found async-related keyword 'async' in exception/message/test name,Could not install Gradle distribution from 'http://services.gradle.org/distributions/gradle-1.12-bin.zip'.
spring-projects-spring-boot,org.springframework.boot.starter.StarterDependenciesIntegrationTests#commonsLoggingIsNotATransitiveDependency[38],matched (5540 report(s) available),org.gradle.tooling.GradleConnectionException,Async Wait,guess: found async-related keyword 'async' in exception/message/test name,Could not install Gradle distribution from 'http://services.gradle.org/distributions/gradle-1.12-bin.zip'.
spring-projects-spring-boot,org.springframework.boot.starter.StarterDependenciesIntegrationTests#oldSpringModulesAreNotTransitiveDependencies[38],matched (5540 report(s) available),org.gradle.tooling.GradleConnectionException,Async Wait,guess: found async-related keyword 'async' in exception/message/test name,Could not install Gradle distribution from 'http://services.gradle.org/distributions/gradle-1.12-bin.zip'.
spring-projects-spring-boot,org.springframework.boot.gradle.MainClassTests#buildFromRunTask,matched (5540 report(s) available),org.gradle.tooling.GradleConnectionException,Async Wait,guess: found async-related keyword 'async' in exception/message/test name,Could not install Gradle distribution from 'http://services.gradle.org/distributions/gradle-1.12-bin.zip'.
spring-projects-spring-boot,org.springframework.boot.gradle.FlatdirTests#flatdir,matched (5540 report(s) available),org.gradle.tooling.GradleConnectionException,Async Wait,guess: found async-related keyword 'async' in exception/message/test name,Could not install Gradle distribution from 'http://services.gradle.org/distributions/gradle-1.12-bin.zip'.
spring-projects-spring-boot,org.springframework.boot.gradle.WarPackagingTests#onlyJettyIsPackackedInWebInfLibProvided,matched (5540 report(s) available),org.gradle.tooling.GradleConnectionException,Async Wait,guess: found async-related keyword 'async' in exception/message/test name,Could not install Gradle distribution from 'http://services.gradle.org/distributions/gradle-1.12-bin.zip'.
spring-projects-spring-boot,org.springframework.boot.gradle.WarPackagingTests#onlyTomcatIsPackackedInWebInfLibProvided,matched (5540 report(s) available),org.gradle.tooling.GradleConnectionException,Async Wait,guess: found async-related keyword 'async' in exception/message/test name,Could not install Gradle distribution from 'http://services.gradle.org/distributions/gradle-1.12-bin.zip'.
spring-projects-spring-boot,org.springframework.boot.gradle.ClassifierTests#classifierInBootExtension,matched (5540 report(s) available),org.gradle.tooling.GradleConnectionException,Async Wait,guess: found async-related keyword 'async' in exception/message/test name,Could not install Gradle distribution from 'http://services.gradle.org/distributions/gradle-1.12-bin.zip'.
spring-projects-spring-boot,org.springframework.boot.gradle.ClassifierTests#classifierInBootTask,matched (5540 report(s) available),org.gradle.tooling.GradleConnectionException,Async Wait,guess: found async-related keyword 'async' in exception/message/test name,Could not install Gradle distribution from 'http://services.gradle.org/distributions/gradle-1.12-bin.zip'.
spring-projects-spring-boot,org.springframework.boot.gradle.MultiProjectRepackagingTests#repackageWithCommonFileDependency,matched (5540 report(s) available),org.gradle.tooling.GradleConnectionException,Async Wait,guess: found async-related keyword 'async' in exception/message/test name,Could not install Gradle distribution from 'http://services.gradle.org/distributions/gradle-1.12-bin.zip'.
spring-projects-spring-boot,org.springframework.boot.gradle.MultiProjectRepackagingTests#repackageWithTransitiveFileDependency,matched (5540 report(s) available),org.gradle.tooling.GradleConnectionException,Async Wait,guess: found async-related keyword 'async' in exception/message/test name,Could not install Gradle distribution from 'http://services.gradle.org/distributions/gradle-1.12-bin.zip'.
spring-projects-spring-boot,org.springframework.boot.gradle.CustomVersionManagementTests#customSpringVersionIsUsed,matched (5512 report(s) available),org.gradle.tooling.GradleConnectionException,Async Wait,guess: found async-related keyword 'async' in exception/message/test name,Could not install Gradle distribution from 'http://services.gradle.org/distributions/gradle-1.12-bin.zip'.
spring-projects-spring-boot,org.springframework.boot.gradle.CustomVersionManagementTests#exclusionsAreStillInPlace,matched (5526 report(s) available),org.gradle.tooling.GradleConnectionException,Async Wait,guess: found async-related keyword 'async' in exception/message/test name,Could not install Gradle distribution from 'http://services.gradle.org/distributions/gradle-1.12-bin.zip'.
spring-projects-spring-boot,org.springframework.boot.gradle.InstallTests#cleanInstallApp,matched (5540 report(s) available),org.gradle.tooling.GradleConnectionException,Async Wait,guess: found async-related keyword 'async' in exception/message/test name,Could not install Gradle distribution from 'http://services.gradle.org/distributions/gradle-1.12-bin.zip'.
spring-projects-spring-boot,org.springframework.boot.gradle.InstallTests#cleanInstallVersionManagement,matched (5540 report(s) available),org.gradle.tooling.GradleConnectionException,Async Wait,guess: found async-related keyword 'async' in exception/message/test name,Could not install Gradle distribution from 'http://services.gradle.org/distributions/gradle-1.12-bin.zip'.
spring-projects-spring-boot,org.springframework.boot.gradle.InstallTests#cleanInstall,matched (5540 report(s) available),org.gradle.tooling.GradleConnectionException,Async Wait,guess: found async-related keyword 'async' in exception/message/test name,Could not install Gradle distribution from 'http://services.gradle.org/distributions/gradle-1.12-bin.zip'.
spring-projects-spring-boot,org.springframework.boot.gradle.RepackagingTests#repackagingEnabled,matched (5540 report(s) available),org.gradle.tooling.GradleConnectionException,Async Wait,guess: found async-related keyword 'async' in exception/message/test name,Could not install Gradle distribution from 'http://services.gradle.org/distributions/gradle-1.12-bin.zip'.
spring-projects-spring-boot,org.springframework.boot.gradle.RepackagingTests#repackagingEnabledWithCustomRepackagedJar,matched (5540 report(s) available),org.gradle.tooling.GradleConnectionException,Async Wait,guess: found async-related keyword 'async' in exception/message/test name,Could not install Gradle distribution from 'http://services.gradle.org/distributions/gradle-1.12-bin.zip'.
spring-projects-spring-boot,org.springframework.boot.gradle.RepackagingTests#repackagingDisabledWithCustomRepackagedJarUsingStringJarTaskReference,matched (5540 report(s) available),org.gradle.tooling.GradleConnectionException,Async Wait,guess: found async-related keyword 'async' in exception/message/test name,Could not install Gradle distribution from 'http://services.gradle.org/distributions/gradle-1.12-bin.zip'.
spring-projects-spring-boot,org.springframework.boot.gradle.RepackagingTests#repackagingEnableWithCustomRepackagedJarUsingStringJarTaskReference,matched (5540 report(s) available),org.gradle.tooling.GradleConnectionException,Async Wait,guess: found async-related keyword 'async' in exception/message/test name,Could not install Gradle distribution from 'http://services.gradle.org/distributions/gradle-1.12-bin.zip'.
spring-projects-spring-boot,org.springframework.boot.gradle.RepackagingTests#repackageWithFileDependency,matched (5540 report(s) available),org.gradle.tooling.GradleConnectionException,Async Wait,guess: found async-related keyword 'async' in exception/message/test name,Could not install Gradle distribution from 'http://services.gradle.org/distributions/gradle-1.12-bin.zip'.
spring-projects-spring-boot,org.springframework.boot.gradle.RepackagingTests#repackagingDisabled,matched (5540 report(s) available),org.gradle.tooling.GradleConnectionException,Async Wait,guess: found async-related keyword 'async' in exception/message/test name,Could not install Gradle distribution from 'http://services.gradle.org/distributions/gradle-1.12-bin.zip'.
spring-projects-spring-boot,org.springframework.boot.gradle.RepackagingTests#repackagingDisabledWithCustomRepackagedJar,matched (5540 report(s) available),org.gradle.tooling.GradleConnectionException,Async Wait,guess: found async-related keyword 'async' in exception/message/test name,Could not install Gradle distribution from 'http://services.gradle.org/distributions/gradle-1.12-bin.zip'.
spring-projects-spring-boot,org.springframework.boot.gradle.SpringLoadedTests#defaultJvmArgsArePreservedWhenLoadedAgentIsConfigured,matched (5526 report(s) available),org.gradle.tooling.GradleConnectionException,Async Wait,guess: found async-related keyword 'async' in exception/message/test name,Could not install Gradle distribution from 'http://services.gradle.org/distributions/gradle-1.12-bin.zip'.
spring-projects-spring-boot,org.springframework.boot.gradle.SpringLoadedTests#springLoadedCanBeUsedWithGradle16,matched (5534 report(s) available),org.gradle.tooling.GradleConnectionException,Async Wait,guess: found async-related keyword 'async' in exception/message/test name,Could not install Gradle distribution from 'http://services.gradle.org/distributions/gradle-1.6-bin.zip'.
spring-projects-spring-boot,sample.atomikos.SampleAtomikosApplicationTests#testTransactionRollback,matched (13 report(s) available),org.springframework.jms.UncategorizedJmsException,Unclear,no rule matched -- raw exception type was 'org.springframework.jms.UncategorizedJmsException',Uncategorized exception occured during JMS processing; nested exception is com.atomikos.jms.AtomikosJMSException: Connection pool exhausted - try increasing 'maxPoolSize' and/or 'borrowConnectionTimeout' on the AtomikosConnectionFactoryBean.; nested exception is com.atomikos.datasource.pool.PoolExhaustedException: ConnectionPool: pool is empty - increase either maxPoolSize or borrowConnectionTimeout
spring-projects-spring-boot,sample.data.elasticsearch.SampleElasticsearchApplicationTests#testDefaultSettings,matched (1 report(s) available),java.lang.AssertionError,Async Wait,guess: found async-related keyword 'timeoutexception' in exception/message/test name,"Wrong output: 
  .   ____          _            __ _ _
 /\\ / ___'_ __ _ _(_)_ __  __ _ \ \ \ \
( ( )\___ | '_ | '_| | '_ \/ _` | \ \ \ \
 \\/  ___)| |_)| | | | | || (_| |  ) ) ) )
  '  |____| .__|_| |_|_| |_\__, | / / / /
 =========|_|==============|___/=/_/_/_/
 :: Spring Boot ::  (v1.2.0.BUILD-SNAPSHOT)

2020-03-04 07:44:31.260  INFO 11586 --- [           main] s.d.e.SampleElasticsearchApplication     : Starting SampleElasticsearchApplication on hadoop-builders-16 with PID 11586 (/tmp/proj/spring-projects-spring-boot-54244/spring-projects-spring-boot/spring-boot-samples/spring-boot-sample-data-elasticsearch/target/classes started by root in /tmp/proj/spring-projects-spring-boot-54244/spring-projects-spring-boot/spring-boot-samples/spring-boot-sample-data-elasticsearch)
2020-03-04 07:44:31.263 DEBUG 11586 --- [           main] o.s.boot.SpringApplication               : Loading source class sample.data.elasticsearch.SampleElasticsearchApplication
2020-03-04 07:44:31.288 DEBUG 11586 --- [           main] o.s.b.c.c.ConfigFileApplicationListener  : Skipped config file 'file:./config/application.yml' resource not found
2020-03-04 07:44:31.288 DEBUG 11586 --- [           main] o.s.b.c.c.ConfigFileApplicationListener  : Skipped config file 'file:./config/application.properties' resource not found
2020-03-04 07:44:31.288 DEBUG 11586 --- [           main] o.s.b.c.c.ConfigFileApplicationListener  : Skipped config file 'file:./config/application.yaml' resource not found
2020-03-04 07:44:31.288 DEBUG 11586 --- [           main] o.s.b.c.c.ConfigFileApplicationListener  : Skipped config file 'file:./application.yml' resource not found
2020-03-04 07:44:31.288 DEBUG 11586 --- [           main] o.s.b.c.c.ConfigFileApplicationListener  : Skipped config file 'file:./application.properties' resource not found
2020-03-04 07:44:31.288 DEBUG 11586 --- [           main] o.s.b.c.c.ConfigFileApplicationListener  : Skipped config file 'file:./application.yaml' resource not found
2020-03-04 07:44:31.288 DEBUG 11586 --- [           main] o.s.b.c.c.ConfigFileApplicationListener  : Skipped config file 'classpath:/config/application.yml' resource not found
2020-03-04 07:44:31.288 DEBUG 11586 --- [           main] o.s.b.c.c.ConfigFileApplicationListener  : Skipped config file 'classpath:/config/application.properties' resource not found
2020-03-04 07:44:31.289 DEBUG 11586 --- [           main] o.s.b.c.c.ConfigFileApplicationListener  : Skipped config file 'classpath:/config/application.yaml' resource not found
2020-03-04 07:44:31.289 DEBUG 11586 --- [           main] o.s.b.c.c.ConfigFileApplicationListener  : Skipped config file 'classpath:/application.yml' resource not found
2020-03-04 07:44:31.289 DEBUG 11586 --- [           main] o.s.b.c.c.ConfigFileApplicationListener  : Skipped config file 'classpath:/application.properties' resource not found
2020-03-04 07:44:31.289 DEBUG 11586 --- [           main] o.s.b.c.c.ConfigFileApplicationListener  : Skipped config file 'classpath:/application.yaml' resource not found
2020-03-04 07:44:31.292  INFO 11586 --- [           main] s.c.a.AnnotationConfigApplicationContext : Refreshing org.springframework.context.annotation.AnnotationConfigApplicationContext@71c8becc: startup date [Wed Mar 04 07:44:31 UTC 2020]; root of context hierarchy
2020-03-04 07:44:31.577 DEBUG 11586 --- [           main] o.s.b.a.AutoConfigurationPackages        : @EnableAutoConfiguration was declared on a class in the package 'sample.data.elasticsearch'. Automatic @Repository and @Entity scanning is enabled.
2020-03-04 07:44:31.701  INFO 11586 --- [           main] trationDelegate$BeanPostProcessorChecker : Bean 'org.springframework.boot.autoconfigure.dao.PersistenceExceptionTranslationAutoConfiguration' of type [class org.springframework.boot.autoconfigure.dao.PersistenceExceptionTranslationAutoConfiguration] is not eligible for getting processed by all BeanPostProcessors (for example: not eligible for auto-proxying)
2020-03-04 07:44:31.916  INFO 11586 --- [           main] org.elasticsearch.node                   : [Benazir Kaur] version[1.3.2], pid[11586], build[dee175d/2014-08-13T14:29:30Z]
2020-03-04 07:44:31.916  INFO 11586 --- [           main] org.elasticsearch.node                   : [Benazir Kaur] initializing ...
2020-03-04 07:44:31.920  INFO 11586 --- [           main] org.elasticsearch.plugins                : [Benazir Kaur] loaded [], sites []
2020-03-04 07:44:33.321  INFO 11586 --- [           main] org.elasticsearch.node                   : [Benazir Kaur] initialized
2020-03-04 07:44:33.322  INFO 11586 --- [           main] org.elasticsearch.node                   : [Benazir Kaur] starting ...
2020-03-04 07:44:33.329  INFO 11586 --- [           main] org.elasticsearch.transport              : [Benazir Kaur] bound_address {local[1]}, publish_address {local[1]}
2020-03-04 07:44:33.352  INFO 11586 --- [           main] org.elasticsearch.discovery              : [Benazir Kaur] elasticsearch/FMXo2OqNSoiy1SUflHLeYg
2020-03-04 07:44:33.356  INFO 11586 --- [pdateTask][T#1]] org.elasticsearch.cluster.service        : [Benazir Kaur] new_master [Benazir Kaur][FMXo2OqNSoiy1SUflHLeYg][hadoop-builders-16][local[1]]{local=true}, reason: local-disco-initial_connect(master)
2020-03-04 07:44:33.378  INFO 11586 --- [           main] org.elasticsearch.node                   : [Benazir Kaur] started
2020-03-04 07:45:03.687 ERROR 11586 --- [           main] .d.e.r.s.AbstractElasticsearchRepository : failed to load elasticsearch nodes : org.elasticsearch.cluster.metadata.ProcessClusterEventTimeoutException: failed to process cluster event (create-index [customer], cause [api]) within 30s
2020-03-04 07:45:03.831  INFO 11586 --- [           main] o.s.j.e.a.AnnotationMBeanExporter        : Registering beans for JMX exposure on startup
2020-03-04 07:45:03.836 DEBUG 11586 --- [           main] utoConfigurationReportLoggingInitializer : 


=========================
AUTO-CONFIGURATION REPORT
=========================


Positive matches:
-----------------

   ElasticsearchAutoConfiguration
      - @ConditionalOnClass classes found: org.elasticsearch.client.Client,org.springframework.data.elasticsearch.client.TransportClientFactoryBean,org.springframework.data.elasticsearch.client.NodeClientFactoryBean (OnClassCondition)

   ElasticsearchDataAutoConfiguration
      - @ConditionalOnClass classes found: org.elasticsearch.client.Client,org.springframework.data.elasticsearch.core.ElasticsearchTemplate (OnClassCondition)

   ElasticsearchDataAutoConfiguration#elasticsearchTemplate
      - @ConditionalOnMissingBean (types: org.springframework.data.elasticsearch.core.ElasticsearchTemplate; SearchStrategy: all) found no beans (OnBeanCondition)

   ElasticsearchRepositoriesAutoConfiguration
      - @ConditionalOnClass classes found: org.elasticsearch.client.Client,org.springframework.data.elasticsearch.repository.ElasticsearchRepository (OnClassCondition)
      - matched (OnPropertyCondition)
      - @ConditionalOnMissingBean (types: org.springframework.data.elasticsearch.repository.support.ElasticsearchRepositoryFactoryBean; SearchStrategy: all) found no beans (OnBeanCondition)

   JacksonAutoConfiguration
      - @ConditionalOnClass classes found: com.fasterxml.jackson.databind.ObjectMapper (OnClassCondition)

   JmxAutoConfiguration
      - @ConditionalOnClass classes found: org.springframework.jmx.export.MBeanExporter (OnClassCondition)
      - matched (OnPropertyCondition)

   JmxAutoConfiguration#mbeanServer
      - @ConditionalOnMissingBean (types: javax.management.MBeanServer; SearchStrategy: all) found no beans (OnBeanCondition)

   JmxAutoConfiguration#objectNamingStrategy
      - @ConditionalOnMissingBean (types: org.springframework.jmx.export.naming.ObjectNamingStrategy; SearchStrategy: all) found no beans (OnBeanCondition)

   PersistenceExceptionTranslationAutoConfiguration
      - @ConditionalOnClass classes found: org.springframework.dao.annotation.PersistenceExceptionTranslationPostProcessor (OnClassCondition)

   PersistenceExceptionTranslationAutoConfiguration#persistenceExceptionTranslationPostProcessor
      - @ConditionalOnMissingBean (types: org.springframework.dao.annotation.PersistenceExceptionTranslationPostProcessor; SearchStrategy: all) found no beans (OnBeanCondition)

   PropertyPlaceholderAutoConfiguration#propertySourcesPlaceholderConfigurer
      - @ConditionalOnMissingBean (types: org.springframework.context.support.PropertySourcesPlaceholderConfigurer; SearchStrategy: current) found no beans (OnBeanCondition)


Negative matches:
-----------------

   ActiveMQAutoConfiguration
      - required @ConditionalOnClass classes not found: javax.jms.ConnectionFactory,org.apache.activemq.ActiveMQConnectionFactory (OnClassCondition)

   AopAutoConfiguration
      - required @ConditionalOnClass classes not found: org.aspectj.lang.annotation.Aspect,org.aspectj.lang.reflect.Advice (OnClassCondition)

   BatchAutoConfiguration
      - required @ConditionalOnClass classes not found: org.springframework.batch.core.launch.JobLauncher,org.springframework.jdbc.core.JdbcOperations (OnClassCondition)

   CloudAutoConfiguration
      - required @ConditionalOnClass classes not found: org.springframework.cloud.config.java.CloudScanConfiguration (OnClassCondition)

   DataSourceAutoConfiguration
      - required @ConditionalOnClass classes not found: org.springframework.jdbc.datasource.embedded.EmbeddedDatabaseType (OnClassCondition)

   DataSourceTransactionManagerAutoConfiguration
      - required @ConditionalOnClass classes not found: org.springframework.jdbc.core.JdbcTemplate (OnClassCondition)

   DeviceDelegatingViewResolverAutoConfiguration
      - required @ConditionalOnClass classes not found: org.springframework.mobile.device.view.LiteDeviceDelegatingViewResolver (OnClassCondition)

   DeviceResolverAutoConfiguration
      - required @ConditionalOnClass classes not found: org.springframework.mobile.device.DeviceResolverHandlerInterceptor,org.springframework.mobile.device.DeviceHandlerMethodArgumentResolver (OnClassCondition)

   DispatcherServletAutoConfiguration
      - required @ConditionalOnClass classes not found: org.springframework.web.servlet.DispatcherServlet (OnClassCondition)

   EmbeddedServletContainerAutoConfiguration
      - web application classes not found (OnWebApplicationCondition)

   ErrorMvcAutoConfiguration
      - required @ConditionalOnClass classes not found: javax.servlet.Servlet,org.springframework.web.servlet.DispatcherServlet (OnClassCondition)

   FacebookAutoConfiguration
      - required @ConditionalOnClass classes not found: org.springframework.social.config.annotation.SocialConfigurerAdapter,org.springframework.social.facebook.connect.FacebookConnectionFactory (OnClassCondition)

   FallbackWebSecurityAutoConfiguration
      - required @ConditionalOnClass classes not found: org.springframework.security.config.annotation.web.configuration.EnableWebSecurity (OnClassCondition)

   FlywayAutoConfiguration
      - required @ConditionalOnClass classes not found: org.flywaydb.core.Flyway (OnClassCondition)

   FreeMarkerAutoConfiguration
      - required @ConditionalOnClass classes not found: freemarker.template.Configuration,org.springframework.ui.freemarker.FreeMarkerConfigurationFactory (OnClassCondition)

   GroovyTemplateAutoConfiguration
      - required @ConditionalOnClass classes not found: groovy.text.TemplateEngine (OnClassCondition)

   GsonAutoConfiguration
      - required @ConditionalOnClass classes not found: com.google.gson.Gson (OnClassCondition)

   HibernateJpaAutoConfiguration
      - required @ConditionalOnClass classes not found: org.springframework.orm.jpa.LocalContainerEntityManagerFactoryBean,javax.persistence.EntityManager (OnClassCondition)

   HornetQAutoConfiguration
      - required @ConditionalOnClass classes not found: javax.jms.ConnectionFactory,org.hornetq.api.jms.HornetQJMSClient (OnClassCondition)

   HttpMessageConvertersAutoConfiguration
      - required @ConditionalOnClass classes not found: org.springframework.http.converter.HttpMessageConverter (OnClassCondition)

   HypermediaAutoConfiguration
      - required @ConditionalOnClass classes not found: org.springframework.hateoas.Resource,org.springframework.web.bind.annotation.RequestMapping,org.springframework.plugin.core.Plugin (OnClassCondition)

   IntegrationAutoConfiguration
      - required @ConditionalOnClass classes not found: org.springframework.integration.config.EnableIntegration (OnClassCondition)

   JacksonAutoConfiguration.JacksonObjectMapperAutoConfiguration
      - required @ConditionalOnClass classes not found: org.springframework.http.converter.json.Jackson2ObjectMapperBuilder (OnClassCondition)

   JacksonAutoConfiguration.JacksonObjectMapperBuilderAutoConfiguration
      - required @ConditionalOnClass classes not found: org.springframework.http.converter.json.Jackson2ObjectMapperBuilder (OnClassCondition)

   JerseyAutoConfiguration
      - required @ConditionalOnClass classes not found: org.glassfish.jersey.server.spring.SpringComponentProvider,javax.servlet.ServletRegistration (OnClassCondition)

   JmsAutoConfiguration
      - required @ConditionalOnClass classes not found: org.springframework.jms.core.JmsTemplate (OnClassCondition)

   JmxAutoConfiguration#mbeanExporter
      - @ConditionalOnMissingBean (types: org.springframework.jmx.export.MBeanExporter; SearchStrategy: current) found the following [mbeanExporter] (OnBeanCondition)

   JndiConnectionFactoryAutoConfiguration
      - any match resulted in [] matches and [member condition on org.springframework.boot.autoconfigure.jms.JndiConnectionFactoryAutoConfiguration$JndiOrPropertyCondition$Property : @ConditionalOnProperty missing required properties spring.jms.jndi-name , member condition on org.springframework.boot.autoconfigure.jms.JndiConnectionFactoryAutoConfiguration$JndiOrPropertyCondition$Jndi : JNDI environment is not available] non matches (JndiConnectionFactoryAutoConfiguration.JndiOrPropertyCondition)

   JndiDataSourceAutoConfiguration
      - required @ConditionalOnClass classes not found: org.springframework.jdbc.datasource.embedded.EmbeddedDatabaseType (OnClassCondition)

   JpaRepositoriesAutoConfiguration
      - required @ConditionalOnClass classes not found: org.springframework.data.jpa.repository.JpaRepository (OnClassCondition)

   JtaAutoConfiguration
      - required @ConditionalOnClass classes not found: javax.transaction.Transaction (OnClassCondition)

   LinkedInAutoConfiguration
      - required @ConditionalOnClass classes not found: org.springframework.social.config.annotation.SocialConfigurerAdapter,org.springframework.social.linkedin.connect.LinkedInConnectionFactory (OnClassCondition)

   LiquibaseAutoConfiguration
      - required @ConditionalOnClass classes not found: liquibase.integration.spring.SpringLiquibase (OnClassCondition)

   MailSenderAutoConfiguration
      - required @ConditionalOnClass classes not found: javax.mail.internet.MimeMessage (OnClassCondition)

   MessageSourceAutoConfiguration
      - No bundle found for spring.messages.basename: messages (MessageSourceAutoConfiguration.ResourceBundleCondition)

   MongoAutoConfiguration
      - required @ConditionalOnClass classes not found: com.mongodb.Mongo (OnClassCondition)

   MongoDataAutoConfiguration
      - required @ConditionalOnClass classes not found: com.mongodb.Mongo,org.springframework.data.mongodb.core.MongoTemplate (OnClassCondition)

   MongoRepositoriesAutoConfiguration
      - required @ConditionalOnClass classes not found: com.mongodb.Mongo,org.springframework.data.mongodb.repository.MongoRepository (OnClassCondition)

   MultipartAutoConfiguration
      - required @ConditionalOnClass classes not found: javax.servlet.Servlet,org.springframework.web.multipart.support.StandardServletMultipartResolver,javax.servlet.MultipartConfigElement (OnClassCondition)

   RabbitAutoConfiguration
      - required @ConditionalOnClass classes not found: org.springframework.amqp.rabbit.core.RabbitTemplate,com.rabbitmq.client.Channel (OnClassCondition)

   ReactorAutoConfiguration
      - required @ConditionalOnClass classes not found: reactor.spring.context.config.EnableReactor (OnClassCondition)

   RedisAutoConfiguration
      - required @ConditionalOnClass classes not found: org.springframework.data.redis.connection.jedis.JedisConnection,org.springframework.data.redis.core.RedisOperations,redis.clients.jedis.Jedis (OnClassCondition)

   RepositoryRestMvcAutoConfiguration
      - required @ConditionalOnClass classes not found: org.springframework.data.rest.webmvc.config.RepositoryRestMvcConfiguration (OnClassCondition)

   SecurityAutoConfiguration
      - required @ConditionalOnClass classes not found: org.springframework.security.authentication.AuthenticationManager (OnClassCondition)

   ServerPropertiesAutoConfiguration
      - web application classes not found (OnWebApplicationCondition)

   SitePreferenceAutoConfiguration
      - required @ConditionalOnClass classes not found: org.springframework.mobile.device.site.SitePreferenceHandlerInterceptor,org.springframework.mobile.device.site.SitePreferenceHandlerMethodArgumentResolver (OnClassCondition)

   SocialWebAutoConfiguration
      - required @ConditionalOnClass classes not found: org.springframework.social.connect.web.ConnectController,org.springframework.social.config.annotation.SocialConfigurerAdapter (OnClassCondition)

   SolrAutoConfiguration
      - required @ConditionalOnClass classes not found: org.apache.solr.client.solrj.impl.HttpSolrServer,org.apache.solr.client.solrj.impl.CloudSolrServer (OnClassCondition)

   SolrRepositoriesAutoConfiguration
      - required @ConditionalOnClass classes not found: org.apache.solr.client.solrj.SolrServer,org.springframework.data.solr.repository.SolrRepository (OnClassCondition)

   SpringDataWebAutoConfiguration
      - required @ConditionalOnClass classes not found: org.springframework.data.web.PageableHandlerMethodArgumentResolver (OnClassCondition)

   ThymeleafAutoConfiguration
      - required @ConditionalOnClass classes not found: org.thymeleaf.spring4.SpringTemplateEngine (OnClassCondition)

   TwitterAutoConfiguration
      - required @ConditionalOnClass classes not found: org.springframework.social.config.annotation.SocialConfigurerAdapter,org.springframework.social.twitter.connect.TwitterConnectionFactory (OnClassCondition)

   VelocityAutoConfiguration
      - required @ConditionalOnClass classes not found: org.apache.velocity.app.VelocityEngine,org.springframework.ui.velocity.VelocityEngineFactory (OnClassCondition)

   WebMvcAutoConfiguration
      - required @ConditionalOnClass classes not found: javax.servlet.Servlet,org.springframework.web.servlet.DispatcherServlet,org.springframework.web.servlet.config.annotation.WebMvcConfigurerAdapter (OnClassCondition)

   WebSocketAutoConfiguration
      - required @ConditionalOnClass classes not found: javax.servlet.Servlet,org.apache.catalina.startup.Tomcat,org.springframework.web.socket.WebSocketHandler,org.apache.tomcat.websocket.server.WsSci (OnClassCondition)

   XADataSourceAutoConfiguration
      - required @ConditionalOnClass classes not found: javax.transaction.TransactionManager,org.springframework.jdbc.datasource.embedded.EmbeddedDatabaseType (OnClassCondition)



2020-03-04 07:45:03.848  INFO 11586 --- [           main] .b.l.ClasspathLoggingApplicationListener : Application failed to start with classpath: [file:/tmp/proj/spring-projects-spring-boot-54244/spring-projects-spring-boot/spring-boot-samples/spring-boot-sample-data-elasticsearch/target/surefire/surefirebooter4670892463499721127.jar]
2020-03-04 07:45:03.849 DEBUG 11586 --- [           main] utoConfigurationReportLoggingInitializer : 


=========================
AUTO-CONFIGURATION REPORT
=========================


Positive matches:
-----------------

   ElasticsearchAutoConfiguration
      - @ConditionalOnClass classes found: org.elasticsearch.client.Client,org.springframework.data.elasticsearch.client.TransportClientFactoryBean,org.springframework.data.elasticsearch.client.NodeClientFactoryBean (OnClassCondition)

   ElasticsearchDataAutoConfiguration
      - @ConditionalOnClass classes found: org.elasticsearch.client.Client,org.springframework.data.elasticsearch.core.ElasticsearchTemplate (OnClassCondition)

   ElasticsearchDataAutoConfiguration#elasticsearchTemplate
      - @ConditionalOnMissingBean (types: org.springframework.data.elasticsearch.core.ElasticsearchTemplate; SearchStrategy: all) found no beans (OnBeanCondition)

   ElasticsearchRepositoriesAutoConfiguration
      - @ConditionalOnClass classes found: org.elasticsearch.client.Client,org.springframework.data.elasticsearch.repository.ElasticsearchRepository (OnClassCondition)
      - matched (OnPropertyCondition)
      - @ConditionalOnMissingBean (types: org.springframework.data.elasticsearch.repository.support.ElasticsearchRepositoryFactoryBean; SearchStrategy: all) found no beans (OnBeanCondition)

   JacksonAutoConfiguration
      - @ConditionalOnClass classes found: com.fasterxml.jackson.databind.ObjectMapper (OnClassCondition)

   JmxAutoConfiguration
      - @ConditionalOnClass classes found: org.springframework.jmx.export.MBeanExporter (OnClassCondition)
      - matched (OnPropertyCondition)

   JmxAutoConfiguration#mbeanServer
      - @ConditionalOnMissingBean (types: javax.management.MBeanServer; SearchStrategy: all) found no beans (OnBeanCondition)

   JmxAutoConfiguration#objectNamingStrategy
      - @ConditionalOnMissingBean (types: org.springframework.jmx.export.naming.ObjectNamingStrategy; SearchStrategy: all) found no beans (OnBeanCondition)

   PersistenceExceptionTranslationAutoConfiguration
      - @ConditionalOnClass classes found: org.springframework.dao.annotation.PersistenceExceptionTranslationPostProcessor (OnClassCondition)

   PersistenceExceptionTranslationAutoConfiguration#persistenceExceptionTranslationPostProcessor
      - @ConditionalOnMissingBean (types: org.springframework.dao.annotation.PersistenceExceptionTranslationPostProcessor; SearchStrategy: all) found no beans (OnBeanCondition)

   PropertyPlaceholderAutoConfiguration#propertySourcesPlaceholderConfigurer
      - @ConditionalOnMissingBean (types: org.springframework.context.support.PropertySourcesPlaceholderConfigurer; SearchStrategy: current) found no beans (OnBeanCondition)


Negative matches:
-----------------

   ActiveMQAutoConfiguration
      - required @ConditionalOnClass classes not found: javax.jms.ConnectionFactory,org.apache.activemq.ActiveMQConnectionFactory (OnClassCondition)

   AopAutoConfiguration
      - required @ConditionalOnClass classes not found: org.aspectj.lang.annotation.Aspect,org.aspectj.lang.reflect.Advice (OnClassCondition)

   BatchAutoConfiguration
      - required @ConditionalOnClass classes not found: org.springframework.batch.core.launch.JobLauncher,org.springframework.jdbc.core.JdbcOperations (OnClassCondition)

   CloudAutoConfiguration
      - required @ConditionalOnClass classes not found: org.springframework.cloud.config.java.CloudScanConfiguration (OnClassCondition)

   DataSourceAutoConfiguration
      - required @ConditionalOnClass classes not found: org.springframework.jdbc.datasource.embedded.EmbeddedDatabaseType (OnClassCondition)

   DataSourceTransactionManagerAutoConfiguration
      - required @ConditionalOnClass classes not found: org.springframework.jdbc.core.JdbcTemplate (OnClassCondition)

   DeviceDelegatingViewResolverAutoConfiguration
      - required @ConditionalOnClass classes not found: org.springframework.mobile.device.view.LiteDeviceDelegatingViewResolver (OnClassCondition)

   DeviceResolverAutoConfiguration
      - required @ConditionalOnClass classes not found: org.springframework.mobile.device.DeviceResolverHandlerInterceptor,org.springframework.mobile.device.DeviceHandlerMethodArgumentResolver (OnClassCondition)

   DispatcherServletAutoConfiguration
      - required @ConditionalOnClass classes not found: org.springframework.web.servlet.DispatcherServlet (OnClassCondition)

   EmbeddedServletContainerAutoConfiguration
      - web application classes not found (OnWebApplicationCondition)

   ErrorMvcAutoConfiguration
      - required @ConditionalOnClass classes not found: javax.servlet.Servlet,org.springframework.web.servlet.DispatcherServlet (OnClassCondition)

   FacebookAutoConfiguration
      - required @ConditionalOnClass classes not found: org.springframework.social.config.annotation.SocialConfigurerAdapter,org.springframework.social.facebook.connect.FacebookConnectionFactory (OnClassCondition)

   FallbackWebSecurityAutoConfiguration
      - required @ConditionalOnClass classes not found: org.springframework.security.config.annotation.web.configuration.EnableWebSecurity (OnClassCondition)

   FlywayAutoConfiguration
      - required @ConditionalOnClass classes not found: org.flywaydb.core.Flyway (OnClassCondition)

   FreeMarkerAutoConfiguration
      - required @ConditionalOnClass classes not found: freemarker.template.Configuration,org.springframework.ui.freemarker.FreeMarkerConfigurationFactory (OnClassCondition)

   GroovyTemplateAutoConfiguration
      - required @ConditionalOnClass classes not found: groovy.text.TemplateEngine (OnClassCondition)

   GsonAutoConfiguration
      - required @ConditionalOnClass classes not found: com.google.gson.Gson (OnClassCondition)

   HibernateJpaAutoConfiguration
      - required @ConditionalOnClass classes not found: org.springframework.orm.jpa.LocalContainerEntityManagerFactoryBean,javax.persistence.EntityManager (OnClassCondition)

   HornetQAutoConfiguration
      - required @ConditionalOnClass classes not found: javax.jms.ConnectionFactory,org.hornetq.api.jms.HornetQJMSClient (OnClassCondition)

   HttpMessageConvertersAutoConfiguration
      - required @ConditionalOnClass classes not found: org.springframework.http.converter.HttpMessageConverter (OnClassCondition)

   HypermediaAutoConfiguration
      - required @ConditionalOnClass classes not found: org.springframework.hateoas.Resource,org.springframework.web.bind.annotation.RequestMapping,org.springframework.plugin.core.Plugin (OnClassCondition)

   IntegrationAutoConfiguration
      - required @ConditionalOnClass classes not found: org.springframework.integration.config.EnableIntegration (OnClassCondition)

   JacksonAutoConfiguration.JacksonObjectMapperAutoConfiguration
      - required @ConditionalOnClass classes not found: org.springframework.http.converter.json.Jackson2ObjectMapperBuilder (OnClassCondition)

   JacksonAutoConfiguration.JacksonObjectMapperBuilderAutoConfiguration
      - required @ConditionalOnClass classes not found: org.springframework.http.converter.json.Jackson2ObjectMapperBuilder (OnClassCondition)

   JerseyAutoConfiguration
      - required @ConditionalOnClass classes not found: org.glassfish.jersey.server.spring.SpringComponentProvider,javax.servlet.ServletRegistration (OnClassCondition)

   JmsAutoConfiguration
      - required @ConditionalOnClass classes not found: org.springframework.jms.core.JmsTemplate (OnClassCondition)

   JmxAutoConfiguration#mbeanExporter
      - @ConditionalOnMissingBean (types: org.springframework.jmx.export.MBeanExporter; SearchStrategy: current) found the following [mbeanExporter] (OnBeanCondition)

   JndiConnectionFactoryAutoConfiguration
      - any match resulted in [] matches and [member condition on org.springframework.boot.autoconfigure.jms.JndiConnectionFactoryAutoConfiguration$JndiOrPropertyCondition$Property : @ConditionalOnProperty missing required properties spring.jms.jndi-name , member condition on org.springframework.boot.autoconfigure.jms.JndiConnectionFactoryAutoConfiguration$JndiOrPropertyCondition$Jndi : JNDI environment is not available] non matches (JndiConnectionFactoryAutoConfiguration.JndiOrPropertyCondition)

   JndiDataSourceAutoConfiguration
      - required @ConditionalOnClass classes not found: org.springframework.jdbc.datasource.embedded.EmbeddedDatabaseType (OnClassCondition)

   JpaRepositoriesAutoConfiguration
      - required @ConditionalOnClass classes not found: org.springframework.data.jpa.repository.JpaRepository (OnClassCondition)

   JtaAutoConfiguration
      - required @ConditionalOnClass classes not found: javax.transaction.Transaction (OnClassCondition)

   LinkedInAutoConfiguration
      - required @ConditionalOnClass classes not found: org.springframework.social.config.annotation.SocialConfigurerAdapter,org.springframework.social.linkedin.connect.LinkedInConnectionFactory (OnClassCondition)

   LiquibaseAutoConfiguration
      - required @ConditionalOnClass classes not found: liquibase.integration.spring.SpringLiquibase (OnClassCondition)

   MailSenderAutoConfiguration
      - required @ConditionalOnClass classes not found: javax.mail.internet.MimeMessage (OnClassCondition)

   MessageSourceAutoConfiguration
      - No bundle found for spring.messages.basename: messages (MessageSourceAutoConfiguration.ResourceBundleCondition)

   MongoAutoConfiguration
      - required @ConditionalOnClass classes not found: com.mongodb.Mongo (OnClassCondition)

   MongoDataAutoConfiguration
      - required @ConditionalOnClass classes not found: com.mongodb.Mongo,org.springframework.data.mongodb.core.MongoTemplate (OnClassCondition)

   MongoRepositoriesAutoConfiguration
      - required @ConditionalOnClass classes not found: com.mongodb.Mongo,org.springframework.data.mongodb.repository.MongoRepository (OnClassCondition)

   MultipartAutoConfiguration
      - required @ConditionalOnClass classes not found: javax.servlet.Servlet,org.springframework.web.multipart.support.StandardServletMultipartResolver,javax.servlet.MultipartConfigElement (OnClassCondition)

   RabbitAutoConfiguration
      - required @ConditionalOnClass classes not found: org.springframework.amqp.rabbit.core.RabbitTemplate,com.rabbitmq.client.Channel (OnClassCondition)

   ReactorAutoConfiguration
      - required @ConditionalOnClass classes not found: reactor.spring.context.config.EnableReactor (OnClassCondition)

   RedisAutoConfiguration
      - required @ConditionalOnClass classes not found: org.springframework.data.redis.connection.jedis.JedisConnection,org.springframework.data.redis.core.RedisOperations,redis.clients.jedis.Jedis (OnClassCondition)

   RepositoryRestMvcAutoConfiguration
      - required @ConditionalOnClass classes not found: org.springframework.data.rest.webmvc.config.RepositoryRestMvcConfiguration (OnClassCondition)

   SecurityAutoConfiguration
      - required @ConditionalOnClass classes not found: org.springframework.security.authentication.AuthenticationManager (OnClassCondition)

   ServerPropertiesAutoConfiguration
      - web application classes not found (OnWebApplicationCondition)

   SitePreferenceAutoConfiguration
      - required @ConditionalOnClass classes not found: org.springframework.mobile.device.site.SitePreferenceHandlerInterceptor,org.springframework.mobile.device.site.SitePreferenceHandlerMethodArgumentResolver (OnClassCondition)

   SocialWebAutoConfiguration
      - required @ConditionalOnClass classes not found: org.springframework.social.connect.web.ConnectController,org.springframework.social.config.annotation.SocialConfigurerAdapter (OnClassCondition)

   SolrAutoConfiguration
      - required @ConditionalOnClass classes not found: org.apache.solr.client.solrj.impl.HttpSolrServer,org.apache.solr.client.solrj.impl.CloudSolrServer (OnClassCondition)

   SolrRepositoriesAutoConfiguration
      - required @ConditionalOnClass classes not found: org.apache.solr.client.solrj.SolrServer,org.springframework.data.solr.repository.SolrRepository (OnClassCondition)

   SpringDataWebAutoConfiguration
      - required @ConditionalOnClass classes not found: org.springframework.data.web.PageableHandlerMethodArgumentResolver (OnClassCondition)

   ThymeleafAutoConfiguration
      - required @ConditionalOnClass classes not found: org.thymeleaf.spring4.SpringTemplateEngine (OnClassCondition)

   TwitterAutoConfiguration
      - required @ConditionalOnClass classes not found: org.springframework.social.config.annotation.SocialConfigurerAdapter,org.springframework.social.twitter.connect.TwitterConnectionFactory (OnClassCondition)

   VelocityAutoConfiguration
      - required @ConditionalOnClass classes not found: org.apache.velocity.app.VelocityEngine,org.springframework.ui.velocity.VelocityEngineFactory (OnClassCondition)

   WebMvcAutoConfiguration
      - required @ConditionalOnClass classes not found: javax.servlet.Servlet,org.springframework.web.servlet.DispatcherServlet,org.springframework.web.servlet.config.annotation.WebMvcConfigurerAdapter (OnClassCondition)

   WebSocketAutoConfiguration
      - required @ConditionalOnClass classes not found: javax.servlet.Servlet,org.apache.catalina.startup.Tomcat,org.springframework.web.socket.WebSocketHandler,org.apache.tomcat.websocket.server.WsSci (OnClassCondition)

   XADataSourceAutoConfiguration
      - required @ConditionalOnClass classes not found: javax.transaction.TransactionManager,org.springframework.jdbc.datasource.embedded.EmbeddedDatabaseType (OnClassCondition)



2020-03-04 07:45:03.856 ERROR 11586 --- [           main] o.s.boot.SpringApplication               : Application startup failed

java.lang.IllegalStateException: Failed to execute CommandLineRunner
 at org.springframework.boot.SpringApplication.runCommandLineRunners(SpringApplication.java:680)
 at org.springframework.boot.SpringApplication.afterRefresh(SpringApplication.java:695)
 at org.springframework.boot.SpringApplication.run(SpringApplication.java:322)
 at org.springframework.boot.SpringApplication.run(SpringApplication.java:961)
 at org.springframework.boot.SpringApplication.run(SpringApplication.java:950)
 at sample.data.elasticsearch.SampleElasticsearchApplication.main(SampleElasticsearchApplication.java:69)
 at sample.data.elasticsearch.SampleElasticsearchApplicationTests.testDefaultSettings(SampleElasticsearchApplicationTests.java:41)
 at sun.reflect.NativeMethodAccessorImpl.invoke0(Native Method)
 at sun.reflect.NativeMethodAccessorImpl.invoke(NativeMethodAccessorImpl.java:62)
 at sun.reflect.DelegatingMethodAccessorImpl.invoke(DelegatingMethodAccessorImpl.java:43)
 at java.lang.reflect.Method.invoke(Method.java:498)
 at org.junit.runners.model.FrameworkMethod$1.runReflectiveCall(FrameworkMethod.java:47)
 at org.junit.internal.runners.model.ReflectiveCallable.run(ReflectiveCallable.java:12)
 at org.junit.runners.model.FrameworkMethod.invokeExplosively(FrameworkMethod.java:44)
 at org.junit.internal.runners.statements.InvokeMethod.evaluate(InvokeMethod.java:17)
 at org.springframework.boot.test.OutputCapture$1.evaluate(OutputCapture.java:50)
 at org.junit.rules.RunRules.evaluate(RunRules.java:20)
 at org.junit.runners.ParentRunner.runLeaf(ParentRunner.java:271)
 at org.junit.runners.BlockJUnit4ClassRunner.runChild(BlockJUnit4ClassRunner.java:70)
 at org.junit.runners.BlockJUnit4ClassRunner.runChild(BlockJUnit4ClassRunner.java:50)
 at org.junit.runners.ParentRunner$3.run(ParentRunner.java:238)
 at org.junit.runners.ParentRunner$1.schedule(ParentRunner.java:63)
 at org.junit.runners.ParentRunner.runChildren(ParentRunner.java:236)
 at org.junit.runners.ParentRunner.access$000(ParentRunner.java:53)
 at org.junit.runners.ParentRunner$2.evaluate(ParentRunner.java:229)
 at org.junit.runners.ParentRunner.run(ParentRunner.java:309)
 at org.apache.maven.surefire.junit4.JUnit4Provider.execute(JUnit4Provider.java:264)
 at org.apache.maven.surefire.junit4.JUnit4Provider.executeTestSet(JUnit4Provider.java:153)
 at org.apache.maven.surefire.junit4.JUnit4Provider.invoke(JUnit4Provider.java:124)
 at org.apache.maven.surefire.booter.ForkedBooter.invokeProviderInSameClassLoader(ForkedBooter.java:200)
 at org.apache.maven.surefire.booter.ForkedBooter.runSuitesInProcess(ForkedBooter.java:153)
 at org.apache.maven.surefire.booter.ForkedBooter.main(ForkedBooter.java:103)
Caused by: org.elasticsearch.indices.IndexMissingException: [customer] missing
 at org.elasticsearch.cluster.metadata.MetaData.convertFromWildcards(MetaData.java:795)
 at org.elasticsearch.cluster.metadata.MetaData.concreteIndices(MetaData.java:667)
 at org.elasticsearch.action.support.replication.TransportIndicesReplicationOperationAction.doExecute(TransportIndicesReplicationOperationAction.java:70)
 at org.elasticsearch.action.deletebyquery.TransportDeleteByQueryAction.doExecute(TransportDeleteByQueryAction.java:57)
 at org.elasticsearch.action.deletebyquery.TransportDeleteByQueryAction.doExecute(TransportDeleteByQueryAction.java:42)
 at org.elasticsearch.action.support.TransportAction.execute(TransportAction.java:65)
 at org.elasticsearch.client.node.NodeClient.execute(NodeClient.java:92)
 at org.elasticsearch.client.support.AbstractClient.deleteByQuery(AbstractClient.java:174)
 at org.elasticsearch.action.deletebyquery.DeleteByQueryRequestBuilder.doExecute(DeleteByQueryRequestBuilder.java:164)
 at org.elasticsearch.action.ActionRequestBuilder.execute(ActionRequestBuilder.java:91)
 at org.elasticsearch.action.ActionRequestBuilder.execute(ActionRequestBuilder.java:65)
 at org.springframework.data.elasticsearch.core.ElasticsearchTemplate.delete(ElasticsearchTemplate.java:534)
 at org.springframework.data.elasticsearch.repository.support.AbstractElasticsearchRepository.deleteAll(AbstractElasticsearchRepository.java:242)
 at sun.reflect.NativeMethodAccessorImpl.invoke0(Native Method)
 at sun.reflect.NativeMethodAccessorImpl.invoke(NativeMethodAccessorImpl.java:62)
 at sun.reflect.DelegatingMethodAccessorImpl.invoke(DelegatingMethodAccessorImpl.java:43)
 at java.lang.reflect.Method.invoke(Method.java:498)
 at org.springframework.data.repository.core.support.RepositoryFactorySupport$QueryExecutorMethodInterceptor.executeMethodOn(RepositoryFactorySupport.java:442)
 at org.springframework.data.repository.core.support.RepositoryFactorySupport$QueryExecutorMethodInterceptor.doInvoke(RepositoryFactorySupport.java:427)
 at org.springframework.data.repository.core.support.RepositoryFactorySupport$QueryExecutorMethodInterceptor.invoke(RepositoryFactorySupport.java:381)
 at org.springframework.aop.framework.ReflectiveMethodInvocation.proceed(ReflectiveMethodInvocation.java:179)
 at org.springframework.data.repository.core.support.RepositoryFactorySupport$DefaultMethodInvokingMethodInterceptor.invoke(RepositoryFactorySupport.java:512)
 at org.springframework.aop.framework.ReflectiveMethodInvocation.proceed(ReflectiveMethodInvocation.java:179)
 at org.springframework.aop.framework.JdkDynamicAopProxy.invoke(JdkDynamicAopProxy.java:207)
 at com.sun.proxy.$Proxy40.deleteAll(Unknown Source)
 at sample.data.elasticsearch.SampleElasticsearchApplication.run(SampleElasticsearchApplication.java:36)
 at org.springframework.boot.SpringApplication.runCommandLineRunners(SpringApplication.java:677)
 ... 31 common frames omitted

2020-03-04 07:45:03.857  INFO 11586 --- [           main] s.c.a.AnnotationConfigApplicationContext : Closing org.springframework.context.annotation.AnnotationConfigApplicationContext@71c8becc: startup date [Wed Mar 04 07:44:31 UTC 2020]; root of context hierarchy
2020-03-04 07:45:03.859  INFO 11586 --- [           main] o.s.j.e.a.AnnotationMBeanExporter        : Unregistering JMX-exposed beans on shutdown
2020-03-04 07:45:03.860  INFO 11586 --- [           main] o.s.b.a.e.ElasticsearchAutoConfiguration : Closing Elasticsearch client
"
spring-projects-spring-boot,org.springframework.boot.cli.TestCommandIntegrationTests#spockAndJunitTester,matched (5512 report(s) available),java.lang.IllegalStateException,Async Wait,guess: found async-related keyword 'executor' in exception/message/test name,"java.util.concurrent.ExecutionException: org.codehaus.groovy.control.MultipleCompilationErrorsException: startup failed:
General error during conversion: org.eclipse.aether.resolution.DependencyResolutionException: Failed to collect dependencies at org.spockframework:spock-core:jar:0.7-groovy-2.0

org.springframework.boot.cli.compiler.grape.DependencyResolutionFailedException: org.eclipse.aether.resolution.DependencyResolutionException: Failed to collect dependencies at org.spockframework:spock-core:jar:0.7-groovy-2.0
 at org.springframework.boot.cli.compiler.grape.AetherGrapeEngine.resolve(AetherGrapeEngine.java:223)
 at org.springframework.boot.cli.compiler.grape.AetherGrapeEngine.grab(AetherGrapeEngine.java:113)
 at groovy.grape.Grape.grab(Grape.java:163)
 at groovy.grape.GrabAnnotationTransformation.visit(GrabAnnotationTransformation.java:360)
 at org.codehaus.groovy.transform.ASTTransformationVisitor$3.call(ASTTransformationVisitor.java:319)
 at org.codehaus.groovy.control.CompilationUnit.applyToSourceUnits(CompilationUnit.java:923)
 at org.codehaus.groovy.control.CompilationUnit.doPhaseOperation(CompilationUnit.java:585)
 at org.codehaus.groovy.control.CompilationUnit.processPhaseOperations(CompilationUnit.java:561)
 at org.codehaus.groovy.control.CompilationUnit.compile(CompilationUnit.java:538)
 at org.springframework.boot.cli.compiler.GroovyCompiler.compile(GroovyCompiler.java:197)
 at org.springframework.boot.cli.command.test.TestRunner.compileAndRunTests(TestRunner.java:53)
 at org.springframework.boot.cli.command.test.TestCommand$TestOptionHandler.run(TestCommand.java:56)
 at org.springframework.boot.cli.command.options.OptionHandler.run(OptionHandler.java:92)
 at org.springframework.boot.cli.command.OptionParsingCommand.run(OptionParsingCommand.java:53)
 at org.springframework.boot.cli.CliTester$1.call(CliTester.java:104)
 at org.springframework.boot.cli.CliTester$1.call(CliTester.java:98)
 at java.util.concurrent.FutureTask.run(FutureTask.java:266)
 at java.util.concurrent.ThreadPoolExecutor.runWorker(ThreadPoolExecutor.java:1149)
 at java.util.concurrent.ThreadPoolExecutor$Worker.run(ThreadPoolExecutor.java:624)
 at java.lang.Thread.run(Thread.java:748)
Caused by: org.eclipse.aether.resolution.DependencyResolutionException: Failed to collect dependencies at org.spockframework:spock-core:jar:0.7-groovy-2.0
 at org.eclipse.aether.internal.impl.DefaultRepositorySystem.resolveDependencies(DefaultRepositorySystem.java:401)
 at org.springframework.boot.cli.compiler.grape.AetherGrapeEngine.resolve(AetherGrapeEngine.java:215)
 ... 19 more
Caused by: org.eclipse.aether.collection.DependencyCollectionException: Failed to collect dependencies at org.spockframework:spock-core:jar:0.7-groovy-2.0
 at org.eclipse.aether.internal.impl.DefaultDependencyCollector.collectDependencies(DefaultDependencyCollector.java:303)
 at org.eclipse.aether.internal.impl.DefaultRepositorySystem.resolveDependencies(DefaultRepositorySystem.java:362)
 ... 20 more
Caused by: org.eclipse.aether.resolution.ArtifactDescriptorException: Failed to read artifact descriptor for org.spockframework:spock-core:jar:0.7-groovy-2.0
 at org.apache.maven.repository.internal.DefaultArtifactDescriptorReader.loadPom(DefaultArtifactDescriptorReader.java:335)
 at org.apache.maven.repository.internal.DefaultArtifactDescriptorReader.readArtifactDescriptor(DefaultArtifactDescriptorReader.java:217)
 at org.eclipse.aether.internal.impl.DefaultDependencyCollector.resolveCachedArtifactDescriptor(DefaultDependencyCollector.java:537)
 at org.eclipse.aether.internal.impl.DefaultDependencyCollector.getArtifactDescriptorResult(DefaultDependencyCollector.java:521)
 at org.eclipse.aether.internal.impl.DefaultDependencyCollector.processDependency(DefaultDependencyCollector.java:421)
 at org.eclipse.aether.internal.impl.DefaultDependencyCollector.processDependency(DefaultDependencyCollector.java:375)
 at org.eclipse.aether.internal.impl.DefaultDependencyCollector.process(DefaultDependencyCollector.java:363)
 at org.eclipse.aether.internal.impl.DefaultDependencyCollector.collectDependencies(DefaultDependencyCollector.java:266)
 ... 21 more
Caused by: org.eclipse.aether.resolution.ArtifactResolutionException: Could not transfer artifact org.spockframework:spock-core:pom:0.7-groovy-2.0 from/to central (http://repo1.maven.org/maven2/): HTTPS Required (501)
 at org.eclipse.aether.internal.impl.DefaultArtifactResolver.resolve(DefaultArtifactResolver.java:462)
 at org.eclipse.aether.internal.impl.DefaultArtifactResolver.resolveArtifacts(DefaultArtifactResolver.java:264)
 at org.eclipse.aether.internal.impl.DefaultArtifactResolver.resolveArtifact(DefaultArtifactResolver.java:241)
 at org.apache.maven.repository.internal.DefaultArtifactDescriptorReader.loadPom(DefaultArtifactDescriptorReader.java:320)
 ... 28 more
Caused by: org.eclipse.aether.transfer.ArtifactTransferException: Could not transfer artifact org.spockframework:spock-core:pom:0.7-groovy-2.0 from/to central (http://repo1.maven.org/maven2/): HTTPS Required (501)
 at org.eclipse.aether.connector.basic.ArtifactTransportListener.transferFailed(ArtifactTransportListener.java:43)
 at org.eclipse.aether.connector.basic.BasicRepositoryConnector$TaskRunner.run(BasicRepositoryConnector.java:355)
 at org.eclipse.aether.util.concurrency.RunnableErrorForwarder$1.run(RunnableErrorForwarder.java:67)
 at org.eclipse.aether.connector.basic.BasicRepositoryConnector$DirectExecutor.execute(BasicRepositoryConnector.java:581)
 at org.eclipse.aether.connector.basic.BasicRepositoryConnector.get(BasicRepositoryConnector.java:249)
 at org.eclipse.aether.internal.impl.DefaultArtifactResolver.performDownloads(DefaultArtifactResolver.java:538)
 at org.eclipse.aether.internal.impl.DefaultArtifactResolver.resolve(DefaultArtifactResolver.java:439)
 ... 31 more
Caused by: org.apache.http.client.HttpResponseException: HTTPS Required (501)
 at org.eclipse.aether.transport.http.HttpTransporter.handleStatus(HttpTransporter.java:458)
 at org.eclipse.aether.transport.http.HttpTransporter.execute(HttpTransporter.java:283)
 at org.eclipse.aether.transport.http.HttpTransporter.implGet(HttpTransporter.java:235)
 at org.eclipse.aether.spi.connector.transport.AbstractTransporter.get(AbstractTransporter.java:59)
 at org.eclipse.aether.connector.basic.BasicRepositoryConnector$GetTaskRunner.runTask(BasicRepositoryConnector.java:447)
 at org.eclipse.aether.connector.basic.BasicRepositoryConnector$TaskRunner.run(BasicRepositoryConnector.java:350)
 ... 36 more

1 error
"
spring-projects-spring-boot,org.springframework.boot.cli.TestCommandIntegrationTests#integrationAutoConfigEmbeddedTest,matched (6 report(s) available),java.lang.AssertionError,Async Wait,guess: found async-related keyword 'callback' in exception/message/test name,"
Expected: a string containing ""OK (1 test)""
     but: was ""00:00:34.556 [testrunner] DEBUG o.s.t.c.j.SpringJUnit4ClassRunner - SpringJUnit4ClassRunner constructor called with [class RestTests].
00:00:34.564 [testrunner] DEBUG o.s.test.context.BootstrapUtils - Instantiating TestContextBootstrapper from class [org.springframework.test.context.web.WebTestContextBootstrapper]
00:00:34.582 [testrunner] DEBUG o.s.t.c.w.WebTestContextBootstrapper - Found explicit ContextLoader class [org.springframework.boot.test.SpringApplicationContextLoader] for context configuration attributes [ContextConfigurationAttributes@461b5812 declaringClass = 'RestTests', classes = '{class RestTests$Application}', locations = '{}', inheritLocations = true, initializers = '{}', inheritInitializers = true, name = [null], contextLoaderClass = 'org.springframework.boot.test.SpringApplicationContextLoader']
00:00:34.586 [testrunner] DEBUG o.s.t.c.support.ActiveProfilesUtils - Could not find an 'annotation declaring class' for annotation type [org.springframework.test.context.ActiveProfiles] and class [RestTests]
00:00:34.590 [testrunner] INFO  o.s.t.c.w.WebTestContextBootstrapper - Could not instantiate TestExecutionListener [org.springframework.test.context.transaction.TransactionalTestExecutionListener]. Specify custom listener classes or make the default listener classes (and their required dependencies) available. Offending class: [org/springframework/transaction/TransactionDefinition]
00:00:34.591 [testrunner] INFO  o.s.t.c.w.WebTestContextBootstrapper - Could not instantiate TestExecutionListener [org.springframework.test.context.jdbc.SqlScriptsTestExecutionListener]. Specify custom listener classes or make the default listener classes (and their required dependencies) available. Offending class: [org/springframework/transaction/interceptor/TransactionAttribute]
00:00:34.591 [testrunner] INFO  o.s.t.c.w.WebTestContextBootstrapper - Using TestExecutionListeners: [org.springframework.boot.test.IntegrationTestPropertiesListener@56a1a896, org.springframework.test.context.support.DependencyInjectionTestExecutionListener@64b82877, org.springframework.test.context.support.DirtiesContextTestExecutionListener@17f2037f]
00:00:34.595 [testrunner] DEBUG o.s.t.annotation.ProfileValueUtils - Retrieved @ProfileValueSourceConfiguration [null] for test class [RestTests]
00:00:34.595 [testrunner] DEBUG o.s.t.annotation.ProfileValueUtils - Retrieved ProfileValueSource type [class org.springframework.test.annotation.SystemProfileValueSource] for class [RestTests]
00:00:34.597 [testrunner] DEBUG o.s.t.annotation.ProfileValueUtils - Retrieved @ProfileValueSourceConfiguration [null] for test class [RestTests]
00:00:34.597 [testrunner] DEBUG o.s.t.annotation.ProfileValueUtils - Retrieved ProfileValueSource type [class org.springframework.test.annotation.SystemProfileValueSource] for class [RestTests]
00:00:34.598 [testrunner] DEBUG o.s.t.annotation.ProfileValueUtils - Retrieved @ProfileValueSourceConfiguration [null] for test class [RestTests]
00:00:34.598 [testrunner] DEBUG o.s.t.annotation.ProfileValueUtils - Retrieved ProfileValueSource type [class org.springframework.test.annotation.SystemProfileValueSource] for class [RestTests]
00:00:34.599 [testrunner] DEBUG o.s.t.annotation.ProfileValueUtils - Retrieved @ProfileValueSourceConfiguration [null] for test class [RestTests]
00:00:34.599 [testrunner] DEBUG o.s.t.annotation.ProfileValueUtils - Retrieved ProfileValueSource type [class org.springframework.test.annotation.SystemProfileValueSource] for class [RestTests]
00:00:34.600 [testrunner] DEBUG o.s.t.annotation.ProfileValueUtils - Retrieved @ProfileValueSourceConfiguration [null] for test class [RestTests]
00:00:34.600 [testrunner] DEBUG o.s.t.annotation.ProfileValueUtils - Retrieved ProfileValueSource type [class org.springframework.test.annotation.SystemProfileValueSource] for class [RestTests]
00:00:34.606 [testrunner] DEBUG o.s.test.util.ReflectionTestUtils - Getting field [mergedContextConfiguration] from target [[DefaultTestContext@3bd90c4c testClass = RestTests, testInstance = RestTests@672f8ee2, testMethod = [null], testException = [null], mergedContextConfiguration = [WebMergedContextConfiguration@50a498cd testClass = RestTests, locations = '{}', classes = '{class RestTests$Application}', contextInitializerClasses = '[]', activeProfiles = '{}', propertySourceLocations = '{}', propertySourceProperties = '{}', resourceBasePath = 'src/main/webapp', contextLoader = 'org.springframework.boot.test.SpringApplicationContextLoader', parent = [null]]]]
00:00:34.607 [testrunner] DEBUG o.s.test.util.ReflectionTestUtils - Setting field [propertySourceProperties] of type [null] on target [[WebMergedContextConfiguration@50a498cd testClass = RestTests, locations = '{}', classes = '{class RestTests$Application}', contextInitializerClasses = '[]', activeProfiles = '{}', propertySourceLocations = '{}', propertySourceProperties = '{}', resourceBasePath = 'src/main/webapp', contextLoader = 'org.springframework.boot.test.SpringApplicationContextLoader', parent = [null]]] to value [[Ljava.lang.String;@435e85a]
00:00:34.607 [testrunner] DEBUG o.s.t.c.s.DependencyInjectionTestExecutionListener - Performing dependency injection for test context [[DefaultTestContext@3bd90c4c testClass = RestTests, testInstance = RestTests@672f8ee2, testMethod = [null], testException = [null], mergedContextConfiguration = [WebMergedContextConfiguration@50a498cd testClass = RestTests, locations = '{}', classes = '{class RestTests$Application}', contextInitializerClasses = '[]', activeProfiles = '{}', propertySourceLocations = '{}', propertySourceProperties = '{server.port:0, org.springframework.boot.test.IntegrationTest=true}', resourceBasePath = 'src/main/webapp', contextLoader = 'org.springframework.boot.test.SpringApplicationContextLoader', parent = [null]]]].
00:00:34.683 [testrunner] DEBUG o.s.core.env.StandardEnvironment - Adding [systemProperties] PropertySource with lowest search precedence
00:00:34.684 [testrunner] DEBUG o.s.core.env.StandardEnvironment - Adding [systemEnvironment] PropertySource with lowest search precedence
00:00:34.685 [testrunner] DEBUG o.s.core.env.StandardEnvironment - Initialized StandardEnvironment with PropertySources [systemProperties,systemEnvironment]
00:00:34.685 [testrunner] DEBUG o.s.core.env.StandardEnvironment - Adding [integrationTest] PropertySource with search precedence immediately lower than [systemEnvironment]

  .   ____          _            __ _ _
 /\\ / ___'_ __ _ _(_)_ __  __ _ \ \ \ \
( ( )\___ | '_ | '_| | '_ \/ _` | \ \ \ \
 \\/  ___)| |_)| | | | | || (_| |  ) ) ) )
  '  |____| .__|_| |_|_| |_\__, | / / / /
 =========|_|==============|___/=/_/_/_/
 :: Spring Boot ::  (v1.2.0.BUILD-SNAPSHOT)

2019-09-04 00:00:34.912  INFO 3923 --- [     testrunner] o.s.boot.SpringApplication               : Starting application on ip-172-31-56-109 with PID 3923 (/root/.m2/repository/org/springframework/boot/spring-boot/1.2.0.BUILD-SNAPSHOT/spring-boot-1.2.0.BUILD-SNAPSHOT.jar started by root in /working/proj/spring-projects-spring-boot-2462/spring-projects-spring-boot/spring-boot-cli)
2019-09-04 00:00:34.951  INFO 3923 --- [     testrunner] ationConfigEmbeddedWebApplicationContext : Refreshing org.springframework.boot.context.embedded.AnnotationConfigEmbeddedWebApplicationContext@138a1cd8: startup date [Wed Sep 04 00:00:34 UTC 2019]; root of context hierarchy
2019-09-04 00:00:35.442  INFO 3923 --- [     testrunner] .b.l.ClasspathLoggingApplicationListener : Application failed to start with classpath: []
2019-09-04 00:00:35.448 ERROR 3923 --- [     testrunner] o.s.boot.SpringApplication               : Application startup failed

java.lang.NoSuchMethodError: org.springframework.beans.factory.support.DefaultListableBeanFactory.isAllowEagerClassLoading()Z
 at org.springframework.boot.autoconfigure.condition.BeanTypeRegistry.get(BeanTypeRegistry.java:147)
 at org.springframework.boot.autoconfigure.condition.OnBeanCondition.collectBeanNamesForType(OnBeanCondition.java:154)
 at org.springframework.boot.autoconfigure.condition.OnBeanCondition.getBeanNamesForType(OnBeanCondition.java:143)
 at org.springframework.boot.autoconfigure.condition.OnBeanCondition.getMatchingBeans(OnBeanCondition.java:115)
 at org.springframework.boot.autoconfigure.condition.OnBeanCondition.getMatchOutcome(OnBeanCondition.java:90)
 at org.springframework.boot.autoconfigure.condition.SpringBootCondition.matches(SpringBootCondition.java:45)
 at org.springframework.context.annotation.ConditionEvaluator.shouldSkip(ConditionEvaluator.java:102)
 at org.springframework.context.annotation.ConfigurationClassBeanDefinitionReader.loadBeanDefinitionsForBeanMethod(ConfigurationClassBeanDefinitionReader.java:177)
 at org.springframework.context.annotation.ConfigurationClassBeanDefinitionReader.loadBeanDefinitionsForConfigurationClass(ConfigurationClassBeanDefinitionReader.java:146)
 at org.springframework.context.annotation.ConfigurationClassBeanDefinitionReader.loadBeanDefinitions(ConfigurationClassBeanDefinitionReader.java:122)
 at org.springframework.context.annotation.ConfigurationClassPostProcessor.processConfigBeanDefinitions(ConfigurationClassPostProcessor.java:318)
 at org.springframework.context.annotation.ConfigurationClassPostProcessor.postProcessBeanDefinitionRegistry(ConfigurationClassPostProcessor.java:239)
 at org.springframework.context.support.PostProcessorRegistrationDelegate.invokeBeanDefinitionRegistryPostProcessors(PostProcessorRegistrationDelegate.java:254)
 at org.springframework.context.support.PostProcessorRegistrationDelegate.invokeBeanFactoryPostProcessors(PostProcessorRegistrationDelegate.java:94)
 at org.springframework.context.support.AbstractApplicationContext.invokeBeanFactoryPostProcessors(AbstractApplicationContext.java:606)
 at org.springframework.context.support.AbstractApplicationContext.refresh(AbstractApplicationContext.java:462)
 at org.springframework.boot.context.embedded.EmbeddedWebApplicationContext.refresh(EmbeddedWebApplicationContext.java:109)
 at org.springframework.boot.SpringApplication.refresh(SpringApplication.java:691)
 at org.springframework.boot.SpringApplication.run(SpringApplication.java:321)
 at org.springframework.boot.test.SpringApplicationContextLoader.loadContext(SpringApplicationContextLoader.java:105)
 at org.springframework.test.context.DefaultCacheAwareContextLoaderDelegate.loadContextInternal(DefaultCacheAwareContextLoaderDelegate.java:63)
 at org.springframework.test.context.DefaultCacheAwareContextLoaderDelegate.loadContext(DefaultCacheAwareContextLoaderDelegate.java:83)
 at org.springframework.test.context.DefaultTestContext.getApplicationContext(DefaultTestContext.java:74)
 at org.springframework.test.context.support.DependencyInjectionTestExecutionListener.injectDependencies(DependencyInjectionTestExecutionListener.java:116)
 at org.springframework.test.context.support.DependencyInjectionTestExecutionListener.prepareTestInstance(DependencyInjectionTestExecutionListener.java:82)
 at org.springframework.test.context.TestContextManager.prepareTestInstance(TestContextManager.java:212)
 at org.springframework.test.context.junit4.SpringJUnit4ClassRunner.createTest(SpringJUnit4ClassRunner.java:199)
 at org.springframework.test.context.junit4.SpringJUnit4ClassRunner$1.runReflectiveCall(SpringJUnit4ClassRunner.java:251)
 at org.junit.internal.runners.model.ReflectiveCallable.run(ReflectiveCallable.java:12)
 at org.springframework.test.context.junit4.SpringJUnit4ClassRunner.methodBlock(SpringJUnit4ClassRunner.java:253)
 at org.springframework.test.context.junit4.SpringJUnit4ClassRunner.runChild(SpringJUnit4ClassRunner.java:216)
 at org.springframework.test.context.junit4.SpringJUnit4ClassRunner.runChild(SpringJUnit4ClassRunner.java:82)
 at org.junit.runners.ParentRunner$3.run(ParentRunner.java:238)
 at org.junit.runners.ParentRunner$1.schedule(ParentRunner.java:63)
 at org.junit.runners.ParentRunner.runChildren(ParentRunner.java:236)
 at org.junit.runners.ParentRunner.access$000(ParentRunner.java:53)
 at org.junit.runners.ParentRunner$2.evaluate(ParentRunner.java:229)
 at org.springframework.test.context.junit4.statements.RunBeforeTestClassCallbacks.evaluate(RunBeforeTestClassCallbacks.java:60)
 at org.springframework.test.context.junit4.statements.RunAfterTestClassCallbacks.evaluate(RunAfterTestClassCallbacks.java:67)
 at org.junit.runners.ParentRunner.run(ParentRunner.java:309)
 at org.springframework.test.context.junit4.SpringJUnit4ClassRunner.run(SpringJUnit4ClassRunner.java:162)
 at org.junit.runners.Suite.runChild(Suite.java:127)
 at org.junit.runners.Suite.runChild(Suite.java:26)
 at org.junit.runners.ParentRunner$3.run(ParentRunner.java:238)
 at org.junit.runners.ParentRunner$1.schedule(ParentRunner.java:63)
 at org.junit.runners.ParentRunner.runChildren(ParentRunner.java:236)
 at org.junit.runners.ParentRunner.access$000(ParentRunner.java:53)
 at org.junit.runners.ParentRunner$2.evaluate(ParentRunner.java:229)
 at org.junit.runners.ParentRunner.run(ParentRunner.java:309)
 at org.junit.runner.JUnitCore.run(JUnitCore.java:160)
 at org.junit.runner.JUnitCore.run(JUnitCore.java:138)
 at org.junit.runner.JUnitCore.run(JUnitCore.java:117)
 at org.springframework.boot.groovy.DelegateTestRunner.run(DelegateTestRunner.java:34)
 at sun.reflect.NativeMethodAccessorImpl.invoke0(Native Method)
 at sun.reflect.NativeMethodAccessorImpl.invoke(NativeMethodAccessorImpl.java:62)
 at sun.reflect.DelegatingMethodAccessorImpl.invoke(DelegatingMethodAccessorImpl.java:43)
 at java.lang.reflect.Method.invoke(Method.java:498)
 at org.springframework.boot.cli.command.test.TestRunner$RunThread.run(TestRunner.java:138)

2019-09-04 00:00:35.450  INFO 3923 --- [     testrunner] ationConfigEmbeddedWebApplicationContext : Closing org.springframework.boot.context.embedded.AnnotationConfigEmbeddedWebApplicationContext@138a1cd8: startup date [Wed Sep 04 00:00:34 UTC 2019]; root of context hierarchy
2019-09-04 00:00:35.453  WARN 3923 --- [     testrunner] ationConfigEmbeddedWebApplicationContext : Exception thrown from ApplicationListener handling ContextClosedEvent

java.lang.IllegalStateException: ApplicationEventMulticaster not initialized - call 'refresh' before multicasting events via the context: org.springframework.boot.context.embedded.AnnotationConfigEmbeddedWebApplicationContext@138a1cd8: startup date [Wed Sep 04 00:00:34 UTC 2019]; root of context hierarchy
 at org.springframework.context.support.AbstractApplicationContext.getApplicationEventMulticaster(AbstractApplicationContext.java:344)
 at org.springframework.context.support.AbstractApplicationContext.publishEvent(AbstractApplicationContext.java:331)
 at org.springframework.context.support.AbstractApplicationContext.doClose(AbstractApplicationContext.java:869)
 at org.springframework.boot.context.embedded.EmbeddedWebApplicationContext.doClose(EmbeddedWebApplicationContext.java:141)
 at org.springframework.context.support.AbstractApplicationContext.close(AbstractApplicationContext.java:836)
 at org.springframework.boot.SpringApplication.run(SpringApplication.java:343)
 at org.springframework.boot.test.SpringApplicationContextLoader.loadContext(SpringApplicationContextLoader.java:105)
 at org.springframework.test.context.DefaultCacheAwareContextLoaderDelegate.loadContextInternal(DefaultCacheAwareContextLoaderDelegate.java:63)
 at org.springframework.test.context.DefaultCacheAwareContextLoaderDelegate.loadContext(DefaultCacheAwareContextLoaderDelegate.java:83)
 at org.springframework.test.context.DefaultTestContext.getApplicationContext(DefaultTestContext.java:74)
 at org.springframework.test.context.support.DependencyInjectionTestExecutionListener.injectDependencies(DependencyInjectionTestExecutionListener.java:116)
 at org.springframework.test.context.support.DependencyInjectionTestExecutionListener.prepareTestInstance(DependencyInjectionTestExecutionListener.java:82)
 at org.springframework.test.context.TestContextManager.prepareTestInstance(TestContextManager.java:212)
 at org.springframework.test.context.junit4.SpringJUnit4ClassRunner.createTest(SpringJUnit4ClassRunner.java:199)
 at org.springframework.test.context.junit4.SpringJUnit4ClassRunner$1.runReflectiveCall(SpringJUnit4ClassRunner.java:251)
 at org.junit.internal.runners.model.ReflectiveCallable.run(ReflectiveCallable.java:12)
 at org.springframework.test.context.junit4.SpringJUnit4ClassRunner.methodBlock(SpringJUnit4ClassRunner.java:253)
 at org.springframework.test.context.junit4.SpringJUnit4ClassRunner.runChild(SpringJUnit4ClassRunner.java:216)
 at org.springframework.test.context.junit4.SpringJUnit4ClassRunner.runChild(SpringJUnit4ClassRunner.java:82)
 at org.junit.runners.ParentRunner$3.run(ParentRunner.java:238)
 at org.junit.runners.ParentRunner$1.schedule(ParentRunner.java:63)
 at org.junit.runners.ParentRunner.runChildren(ParentRunner.java:236)
 at org.junit.runners.ParentRunner.access$000(ParentRunner.java:53)
 at org.junit.runners.ParentRunner$2.evaluate(ParentRunner.java:229)
 at org.springframework.test.context.junit4.statements.RunBeforeTestClassCallbacks.evaluate(RunBeforeTestClassCallbacks.java:60)
 at org.springframework.test.context.junit4.statements.RunAfterTestClassCallbacks.evaluate(RunAfterTestClassCallbacks.java:67)
 at org.junit.runners.ParentRunner.run(ParentRunner.java:309)
 at org.springframework.test.context.junit4.SpringJUnit4ClassRunner.run(SpringJUnit4ClassRunner.java:162)
 at org.junit.runners.Suite.runChild(Suite.java:127)
 at org.junit.runners.Suite.runChild(Suite.java:26)
 at org.junit.runners.ParentRunner$3.run(ParentRunner.java:238)
 at org.junit.runners.ParentRunner$1.schedule(ParentRunner.java:63)
 at org.junit.runners.ParentRunner.runChildren(ParentRunner.java:236)
 at org.junit.runners.ParentRunner.access$000(ParentRunner.java:53)
 at org.junit.runners.ParentRunner$2.evaluate(ParentRunner.java:229)
 at org.junit.runners.ParentRunner.run(ParentRunner.java:309)
 at org.junit.runner.JUnitCore.run(JUnitCore.java:160)
 at org.junit.runner.JUnitCore.run(JUnitCore.java:138)
 at org.junit.runner.JUnitCore.run(JUnitCore.java:117)
 at org.springframework.boot.groovy.DelegateTestRunner.run(DelegateTestRunner.java:34)
 at sun.reflect.NativeMethodAccessorImpl.invoke0(Native Method)
 at sun.reflect.NativeMethodAccessorImpl.invoke(NativeMethodAccessorImpl.java:62)
 at sun.reflect.DelegatingMethodAccessorImpl.invoke(DelegatingMethodAccessorImpl.java:43)
 at java.lang.reflect.Method.invoke(Method.java:498)
 at org.springframework.boot.cli.command.test.TestRunner$RunThread.run(TestRunner.java:138)

2019-09-04 00:00:35.454  WARN 3923 --- [     testrunner] ationConfigEmbeddedWebApplicationContext : Exception thrown from LifecycleProcessor on context close

java.lang.IllegalStateException: LifecycleProcessor not initialized - call 'refresh' before invoking lifecycle methods via the context: org.springframework.boot.context.embedded.AnnotationConfigEmbeddedWebApplicationContext@138a1cd8: startup date [Wed Sep 04 00:00:34 UTC 2019]; root of context hierarchy
 at org.springframework.context.support.AbstractApplicationContext.getLifecycleProcessor(AbstractApplicationContext.java:357)
 at org.springframework.context.support.AbstractApplicationContext.doClose(AbstractApplicationContext.java:877)
 at org.springframework.boot.context.embedded.EmbeddedWebApplicationContext.doClose(EmbeddedWebApplicationContext.java:141)
 at org.springframework.context.support.AbstractApplicationContext.close(AbstractApplicationContext.java:836)
 at org.springframework.boot.SpringApplication.run(SpringApplication.java:343)
 at org.springframework.boot.test.SpringApplicationContextLoader.loadContext(SpringApplicationContextLoader.java:105)
 at org.springframework.test.context.DefaultCacheAwareContextLoaderDelegate.loadContextInternal(DefaultCacheAwareContextLoaderDelegate.java:63)
 at org.springframework.test.context.DefaultCacheAwareContextLoaderDelegate.loadContext(DefaultCacheAwareContextLoaderDelegate.java:83)
 at org.springframework.test.context.DefaultTestContext.getApplicationContext(DefaultTestContext.java:74)
 at org.springframework.test.context.support.DependencyInjectionTestExecutionListener.injectDependencies(DependencyInjectionTestExecutionListener.java:116)
 at org.springframework.test.context.support.DependencyInjectionTestExecutionListener.prepareTestInstance(DependencyInjectionTestExecutionListener.java:82)
 at org.springframework.test.context.TestContextManager.prepareTestInstance(TestContextManager.java:212)
 at org.springframework.test.context.junit4.SpringJUnit4ClassRunner.createTest(SpringJUnit4ClassRunner.java:199)
 at org.springframework.test.context.junit4.SpringJUnit4ClassRunner$1.runReflectiveCall(SpringJUnit4ClassRunner.java:251)
 at org.junit.internal.runners.model.ReflectiveCallable.run(ReflectiveCallable.java:12)
 at org.springframework.test.context.junit4.SpringJUnit4ClassRunner.methodBlock(SpringJUnit4ClassRunner.java:253)
 at org.springframework.test.context.junit4.SpringJUnit4ClassRunner.runChild(SpringJUnit4ClassRunner.java:216)
 at org.springframework.test.context.junit4.SpringJUnit4ClassRunner.runChild(SpringJUnit4ClassRunner.java:82)
 at org.junit.runners.ParentRunner$3.run(ParentRunner.java:238)
 at org.junit.runners.ParentRunner$1.schedule(ParentRunner.java:63)
 at org.junit.runners.ParentRunner.runChildren(ParentRunner.java:236)
 at org.junit.runners.ParentRunner.access$000(ParentRunner.java:53)
 at org.junit.runners.ParentRunner$2.evaluate(ParentRunner.java:229)
 at org.springframework.test.context.junit4.statements.RunBeforeTestClassCallbacks.evaluate(RunBeforeTestClassCallbacks.java:60)
 at org.springframework.test.context.junit4.statements.RunAfterTestClassCallbacks.evaluate(RunAfterTestClassCallbacks.java:67)
 at org.junit.runners.ParentRunner.run(ParentRunner.java:309)
 at org.springframework.test.context.junit4.SpringJUnit4ClassRunner.run(SpringJUnit4ClassRunner.java:162)
 at org.junit.runners.Suite.runChild(Suite.java:127)
 at org.junit.runners.Suite.runChild(Suite.java:26)
 at org.junit.runners.ParentRunner$3.run(ParentRunner.java:238)
 at org.junit.runners.ParentRunner$1.schedule(ParentRunner.java:63)
 at org.junit.runners.ParentRunner.runChildren(ParentRunner.java:236)
 at org.junit.runners.ParentRunner.access$000(ParentRunner.java:53)
 at org.junit.runners.ParentRunner$2.evaluate(ParentRunner.java:229)
 at org.junit.runners.ParentRunner.run(ParentRunner.java:309)
 at org.junit.runner.JUnitCore.run(JUnitCore.java:160)
 at org.junit.runner.JUnitCore.run(JUnitCore.java:138)
 at org.junit.runner.JUnitCore.run(JUnitCore.java:117)
 at org.springframework.boot.groovy.DelegateTestRunner.run(DelegateTestRunner.java:34)
 at sun.reflect.NativeMethodAccessorImpl.invoke0(Native Method)
 at sun.reflect.NativeMethodAccessorImpl.invoke(NativeMethodAccessorImpl.java:62)
 at sun.reflect.DelegatingMethodAccessorImpl.invoke(DelegatingMethodAccessorImpl.java:43)
 at java.lang.reflect.Method.invoke(Method.java:498)
 at org.springframework.boot.cli.command.test.TestRunner$RunThread.run(TestRunner.java:138)

.E
Time: 0.871
There was 1 failure:
1) testHome(RestTests)
java.lang.NoSuchMethodError: org.springframework.beans.factory.support.DefaultListableBeanFactory.isAllowEagerClassLoading()Z
 at org.springframework.boot.autoconfigure.condition.BeanTypeRegistry.get(BeanTypeRegistry.java:147)
 at org.springframework.boot.autoconfigure.condition.OnBeanCondition.collectBeanNamesForType(OnBeanCondition.java:154)
 at org.springframework.boot.autoconfigure.condition.OnBeanCondition.getBeanNamesForType(OnBeanCondition.java:143)
 at org.springframework.boot.autoconfigure.condition.OnBeanCondition.getMatchingBeans(OnBeanCondition.java:115)
 at org.springframework.boot.autoconfigure.condition.OnBeanCondition.getMatchOutcome(OnBeanCondition.java:90)
 at org.springframework.boot.autoconfigure.condition.SpringBootCondition.matches(SpringBootCondition.java:45)
 at org.springframework.context.annotation.ConditionEvaluator.shouldSkip(ConditionEvaluator.java:102)
 at org.springframework.context.annotation.ConfigurationClassBeanDefinitionReader.loadBeanDefinitionsForBeanMethod(ConfigurationClassBeanDefinitionReader.java:177)
 at org.springframework.context.annotation.ConfigurationClassBeanDefinitionReader.loadBeanDefinitionsForConfigurationClass(ConfigurationClassBeanDefinitionReader.java:146)
 at org.springframework.context.annotation.ConfigurationClassBeanDefinitionReader.loadBeanDefinitions(ConfigurationClassBeanDefinitionReader.java:122)
 at org.springframework.context.annotation.ConfigurationClassPostProcessor.processConfigBeanDefinitions(ConfigurationClassPostProcessor.java:318)
 at org.springframework.context.annotation.ConfigurationClassPostProcessor.postProcessBeanDefinitionRegistry(ConfigurationClassPostProcessor.java:239)
 at org.springframework.context.support.PostProcessorRegistrationDelegate.invokeBeanDefinitionRegistryPostProcessors(PostProcessorRegistrationDelegate.java:254)
 at org.springframework.context.support.PostProcessorRegistrationDelegate.invokeBeanFactoryPostProcessors(PostProcessorRegistrationDelegate.java:94)
 at org.springframework.context.support.AbstractApplicationContext.invokeBeanFactoryPostProcessors(AbstractApplicationContext.java:606)
 at org.springframework.context.support.AbstractApplicationContext.refresh(AbstractApplicationContext.java:462)
 at org.springframework.boot.context.embedded.EmbeddedWebApplicationContext.refresh(EmbeddedWebApplicationContext.java:109)
 at org.springframework.boot.SpringApplication.refresh(SpringApplication.java:691)
 at org.springframework.boot.SpringApplication.run(SpringApplication.java:321)
 at org.springframework.boot.test.SpringApplicationContextLoader.loadContext(SpringApplicationContextLoader.java:105)
 at org.springframework.test.context.DefaultCacheAwareContextLoaderDelegate.loadContextInternal(DefaultCacheAwareContextLoaderDelegate.java:63)
 at org.springframework.test.context.DefaultCacheAwareContextLoaderDelegate.loadContext(DefaultCacheAwareContextLoaderDelegate.java:83)
 at org.springframework.test.context.DefaultTestContext.getApplicationContext(DefaultTestContext.java:74)
 at org.springframework.test.context.support.DependencyInjectionTestExecutionListener.injectDependencies(DependencyInjectionTestExecutionListener.java:116)
 at org.springframework.test.context.support.DependencyInjectionTestExecutionListener.prepareTestInstance(DependencyInjectionTestExecutionListener.java:82)
 at org.springframework.test.context.TestContextManager.prepareTestInstance(TestContextManager.java:212)
 at org.springframework.test.context.junit4.SpringJUnit4ClassRunner.createTest(SpringJUnit4ClassRunner.java:199)
 at org.springframework.test.context.junit4.SpringJUnit4ClassRunner$1.runReflectiveCall(SpringJUnit4ClassRunner.java:251)
 at org.junit.internal.runners.model.ReflectiveCallable.run(ReflectiveCallable.java:12)
 at org.springframework.test.context.junit4.SpringJUnit4ClassRunner.methodBlock(SpringJUnit4ClassRunner.java:253)
 at org.springframework.test.context.junit4.SpringJUnit4ClassRunner.runChild(SpringJUnit4ClassRunner.java:216)
 at org.springframework.test.context.junit4.SpringJUnit4ClassRunner.runChild(SpringJUnit4ClassRunner.java:82)
 at org.junit.runners.ParentRunner$3.run(ParentRunner.java:238)
 at org.junit.runners.ParentRunner$1.schedule(ParentRunner.java:63)
 at org.junit.runners.ParentRunner.runChildren(ParentRunner.java:236)
 at org.junit.runners.ParentRunner.access$000(ParentRunner.java:53)
 at org.junit.runners.ParentRunner$2.evaluate(ParentRunner.java:229)
 at org.springframework.test.context.junit4.statements.RunBeforeTestClassCallbacks.evaluate(RunBeforeTestClassCallbacks.java:60)
 at org.springframework.test.context.junit4.statements.RunAfterTestClassCallbacks.evaluate(RunAfterTestClassCallbacks.java:67)
 at org.junit.runners.ParentRunner.run(ParentRunner.java:309)
 at org.springframework.test.context.junit4.SpringJUnit4ClassRunner.run(SpringJUnit4ClassRunner.java:162)
 at org.junit.runners.Suite.runChild(Suite.java:127)
 at org.junit.runners.Suite.runChild(Suite.java:26)
 at org.junit.runners.ParentRunner$3.run(ParentRunner.java:238)
 at org.junit.runners.ParentRunner$1.schedule(ParentRunner.java:63)
 at org.junit.runners.ParentRunner.runChildren(ParentRunner.java:236)
 at org.junit.runners.ParentRunner.access$000(ParentRunner.java:53)
 at org.junit.runners.ParentRunner$2.evaluate(ParentRunner.java:229)
 at org.junit.runners.ParentRunner.run(ParentRunner.java:309)
 at org.junit.runner.JUnitCore.run(JUnitCore.java:160)
 at org.junit.runner.JUnitCore.run(JUnitCore.java:138)
 at org.junit.runner.JUnitCore.run(JUnitCore.java:117)
 at org.springframework.boot.groovy.DelegateTestRunner.run(DelegateTestRunner.java:34)
 at sun.reflect.NativeMethodAccessorImpl.invoke0(Native Method)
 at sun.reflect.NativeMethodAccessorImpl.invoke(NativeMethodAccessorImpl.java:62)
 at sun.reflect.DelegatingMethodAccessorImpl.invoke(DelegatingMethodAccessorImpl.java:43)
 at java.lang.reflect.Method.invoke(Method.java:498)
 at org.springframework.boot.cli.command.test.TestRunner$RunThread.run(TestRunner.java:138)

FAILURES!!!
Tests run: 1,  Failures: 1

"""
spring-projects-spring-boot,org.springframework.boot.cli.TestCommandIntegrationTests#spockTester,matched (5512 report(s) available),java.lang.IllegalStateException,Async Wait,guess: found async-related keyword 'executor' in exception/message/test name,"java.util.concurrent.ExecutionException: org.codehaus.groovy.control.MultipleCompilationErrorsException: startup failed:
General error during conversion: org.eclipse.aether.resolution.DependencyResolutionException: Failed to collect dependencies at org.spockframework:spock-core:jar:0.7-groovy-2.0

org.springframework.boot.cli.compiler.grape.DependencyResolutionFailedException: org.eclipse.aether.resolution.DependencyResolutionException: Failed to collect dependencies at org.spockframework:spock-core:jar:0.7-groovy-2.0
 at org.springframework.boot.cli.compiler.grape.AetherGrapeEngine.resolve(AetherGrapeEngine.java:223)
 at org.springframework.boot.cli.compiler.grape.AetherGrapeEngine.grab(AetherGrapeEngine.java:113)
 at groovy.grape.Grape.grab(Grape.java:163)
 at groovy.grape.GrabAnnotationTransformation.visit(GrabAnnotationTransformation.java:360)
 at org.codehaus.groovy.transform.ASTTransformationVisitor$3.call(ASTTransformationVisitor.java:319)
 at org.codehaus.groovy.control.CompilationUnit.applyToSourceUnits(CompilationUnit.java:923)
 at org.codehaus.groovy.control.CompilationUnit.doPhaseOperation(CompilationUnit.java:585)
 at org.codehaus.groovy.control.CompilationUnit.processPhaseOperations(CompilationUnit.java:561)
 at org.codehaus.groovy.control.CompilationUnit.compile(CompilationUnit.java:538)
 at org.springframework.boot.cli.compiler.GroovyCompiler.compile(GroovyCompiler.java:197)
 at org.springframework.boot.cli.command.test.TestRunner.compileAndRunTests(TestRunner.java:53)
 at org.springframework.boot.cli.command.test.TestCommand$TestOptionHandler.run(TestCommand.java:56)
 at org.springframework.boot.cli.command.options.OptionHandler.run(OptionHandler.java:92)
 at org.springframework.boot.cli.command.OptionParsingCommand.run(OptionParsingCommand.java:53)
 at org.springframework.boot.cli.CliTester$1.call(CliTester.java:104)
 at org.springframework.boot.cli.CliTester$1.call(CliTester.java:98)
 at java.util.concurrent.FutureTask.run(FutureTask.java:266)
 at java.util.concurrent.ThreadPoolExecutor.runWorker(ThreadPoolExecutor.java:1149)
 at java.util.concurrent.ThreadPoolExecutor$Worker.run(ThreadPoolExecutor.java:624)
 at java.lang.Thread.run(Thread.java:748)
Caused by: org.eclipse.aether.resolution.DependencyResolutionException: Failed to collect dependencies at org.spockframework:spock-core:jar:0.7-groovy-2.0
 at org.eclipse.aether.internal.impl.DefaultRepositorySystem.resolveDependencies(DefaultRepositorySystem.java:401)
 at org.springframework.boot.cli.compiler.grape.AetherGrapeEngine.resolve(AetherGrapeEngine.java:215)
 ... 19 more
Caused by: org.eclipse.aether.collection.DependencyCollectionException: Failed to collect dependencies at org.spockframework:spock-core:jar:0.7-groovy-2.0
 at org.eclipse.aether.internal.impl.DefaultDependencyCollector.collectDependencies(DefaultDependencyCollector.java:303)
 at org.eclipse.aether.internal.impl.DefaultRepositorySystem.resolveDependencies(DefaultRepositorySystem.java:362)
 ... 20 more
Caused by: org.eclipse.aether.resolution.ArtifactDescriptorException: Failed to read artifact descriptor for org.spockframework:spock-core:jar:0.7-groovy-2.0
 at org.apache.maven.repository.internal.DefaultArtifactDescriptorReader.loadPom(DefaultArtifactDescriptorReader.java:335)
 at org.apache.maven.repository.internal.DefaultArtifactDescriptorReader.readArtifactDescriptor(DefaultArtifactDescriptorReader.java:217)
 at org.eclipse.aether.internal.impl.DefaultDependencyCollector.resolveCachedArtifactDescriptor(DefaultDependencyCollector.java:537)
 at org.eclipse.aether.internal.impl.DefaultDependencyCollector.getArtifactDescriptorResult(DefaultDependencyCollector.java:521)
 at org.eclipse.aether.internal.impl.DefaultDependencyCollector.processDependency(DefaultDependencyCollector.java:421)
 at org.eclipse.aether.internal.impl.DefaultDependencyCollector.processDependency(DefaultDependencyCollector.java:375)
 at org.eclipse.aether.internal.impl.DefaultDependencyCollector.process(DefaultDependencyCollector.java:363)
 at org.eclipse.aether.internal.impl.DefaultDependencyCollector.collectDependencies(DefaultDependencyCollector.java:266)
 ... 21 more
Caused by: org.eclipse.aether.resolution.ArtifactResolutionException: Could not transfer artifact org.spockframework:spock-core:pom:0.7-groovy-2.0 from/to central (http://repo1.maven.org/maven2/): HTTPS Required (501)
 at org.eclipse.aether.internal.impl.DefaultArtifactResolver.resolve(DefaultArtifactResolver.java:462)
 at org.eclipse.aether.internal.impl.DefaultArtifactResolver.resolveArtifacts(DefaultArtifactResolver.java:264)
 at org.eclipse.aether.internal.impl.DefaultArtifactResolver.resolveArtifact(DefaultArtifactResolver.java:241)
 at org.apache.maven.repository.internal.DefaultArtifactDescriptorReader.loadPom(DefaultArtifactDescriptorReader.java:320)
 ... 28 more
Caused by: org.eclipse.aether.transfer.ArtifactTransferException: Could not transfer artifact org.spockframework:spock-core:pom:0.7-groovy-2.0 from/to central (http://repo1.maven.org/maven2/): HTTPS Required (501)
 at org.eclipse.aether.connector.basic.ArtifactTransportListener.transferFailed(ArtifactTransportListener.java:43)
 at org.eclipse.aether.connector.basic.BasicRepositoryConnector$TaskRunner.run(BasicRepositoryConnector.java:355)
 at org.eclipse.aether.util.concurrency.RunnableErrorForwarder$1.run(RunnableErrorForwarder.java:67)
 at org.eclipse.aether.connector.basic.BasicRepositoryConnector$DirectExecutor.execute(BasicRepositoryConnector.java:581)
 at org.eclipse.aether.connector.basic.BasicRepositoryConnector.get(BasicRepositoryConnector.java:249)
 at org.eclipse.aether.internal.impl.DefaultArtifactResolver.performDownloads(DefaultArtifactResolver.java:538)
 at org.eclipse.aether.internal.impl.DefaultArtifactResolver.resolve(DefaultArtifactResolver.java:439)
 ... 31 more
Caused by: org.apache.http.client.HttpResponseException: HTTPS Required (501)
 at org.eclipse.aether.transport.http.HttpTransporter.handleStatus(HttpTransporter.java:458)
 at org.eclipse.aether.transport.http.HttpTransporter.execute(HttpTransporter.java:283)
 at org.eclipse.aether.transport.http.HttpTransporter.implGet(HttpTransporter.java:235)
 at org.eclipse.aether.spi.connector.transport.AbstractTransporter.get(AbstractTransporter.java:59)
 at org.eclipse.aether.connector.basic.BasicRepositoryConnector$GetTaskRunner.runTask(BasicRepositoryConnector.java:447)
 at org.eclipse.aether.connector.basic.BasicRepositoryConnector$TaskRunner.run(BasicRepositoryConnector.java:350)
 ... 36 more

1 error
"
spring-projects-spring-boot,org.springframework.boot.cli.TestCommandIntegrationTests#integrationAutoConfigTest,matched (6 report(s) available),java.lang.AssertionError,Async Wait,guess: found async-related keyword 'callback' in exception/message/test name,"
Expected: a string containing ""OK (1 test)""
     but: was ""00:00:36.739 [testrunner] DEBUG o.s.t.c.j.SpringJUnit4ClassRunner - SpringJUnit4ClassRunner constructor called with [class RestTests].
00:00:36.751 [testrunner] DEBUG o.s.test.context.BootstrapUtils - Instantiating TestContextBootstrapper from class [org.springframework.test.context.support.DefaultTestContextBootstrapper]
00:00:36.767 [testrunner] DEBUG o.s.t.c.s.DefaultTestContextBootstrapper - Found explicit ContextLoader class [org.springframework.boot.test.SpringApplicationContextLoader] for context configuration attributes [ContextConfigurationAttributes@a6eed64 declaringClass = 'RestTests', classes = '{class ReactorApplication}', locations = '{}', inheritLocations = true, initializers = '{}', inheritInitializers = true, name = [null], contextLoaderClass = 'org.springframework.boot.test.SpringApplicationContextLoader']
00:00:36.772 [testrunner] DEBUG o.s.t.c.support.ActiveProfilesUtils - Could not find an 'annotation declaring class' for annotation type [org.springframework.test.context.ActiveProfiles] and class [RestTests]
00:00:36.777 [testrunner] INFO  o.s.t.c.s.DefaultTestContextBootstrapper - Could not instantiate TestExecutionListener [org.springframework.test.context.transaction.TransactionalTestExecutionListener]. Specify custom listener classes or make the default listener classes (and their required dependencies) available. Offending class: [org/springframework/transaction/TransactionDefinition]
00:00:36.778 [testrunner] INFO  o.s.t.c.s.DefaultTestContextBootstrapper - Could not instantiate TestExecutionListener [org.springframework.test.context.jdbc.SqlScriptsTestExecutionListener]. Specify custom listener classes or make the default listener classes (and their required dependencies) available. Offending class: [org/springframework/transaction/interceptor/TransactionAttribute]
00:00:36.778 [testrunner] INFO  o.s.t.c.s.DefaultTestContextBootstrapper - Using TestExecutionListeners: [org.springframework.boot.test.IntegrationTestPropertiesListener@6e212f2d, org.springframework.test.context.support.DependencyInjectionTestExecutionListener@36915bae, org.springframework.test.context.support.DirtiesContextTestExecutionListener@10d7cc1e]
00:00:36.781 [testrunner] DEBUG o.s.t.annotation.ProfileValueUtils - Retrieved @ProfileValueSourceConfiguration [null] for test class [RestTests]
00:00:36.782 [testrunner] DEBUG o.s.t.annotation.ProfileValueUtils - Retrieved ProfileValueSource type [class org.springframework.test.annotation.SystemProfileValueSource] for class [RestTests]
00:00:36.786 [testrunner] DEBUG o.s.t.annotation.ProfileValueUtils - Retrieved @ProfileValueSourceConfiguration [null] for test class [RestTests]
00:00:36.787 [testrunner] DEBUG o.s.t.annotation.ProfileValueUtils - Retrieved ProfileValueSource type [class org.springframework.test.annotation.SystemProfileValueSource] for class [RestTests]
00:00:36.789 [testrunner] DEBUG o.s.t.annotation.ProfileValueUtils - Retrieved @ProfileValueSourceConfiguration [null] for test class [RestTests]
00:00:36.789 [testrunner] DEBUG o.s.t.annotation.ProfileValueUtils - Retrieved ProfileValueSource type [class org.springframework.test.annotation.SystemProfileValueSource] for class [RestTests]
00:00:36.789 [testrunner] DEBUG o.s.t.annotation.ProfileValueUtils - Retrieved @ProfileValueSourceConfiguration [null] for test class [RestTests]
00:00:36.790 [testrunner] DEBUG o.s.t.annotation.ProfileValueUtils - Retrieved ProfileValueSource type [class org.springframework.test.annotation.SystemProfileValueSource] for class [RestTests]
00:00:36.791 [testrunner] DEBUG o.s.t.annotation.ProfileValueUtils - Retrieved @ProfileValueSourceConfiguration [null] for test class [RestTests]
00:00:36.791 [testrunner] DEBUG o.s.t.annotation.ProfileValueUtils - Retrieved ProfileValueSource type [class org.springframework.test.annotation.SystemProfileValueSource] for class [RestTests]
00:00:36.799 [testrunner] DEBUG o.s.test.util.ReflectionTestUtils - Getting field [mergedContextConfiguration] from target [[DefaultTestContext@6048d246 testClass = RestTests, testInstance = RestTests@d1424a7, testMethod = [null], testException = [null], mergedContextConfiguration = [MergedContextConfiguration@6056c872 testClass = RestTests, locations = '{}', classes = '{class ReactorApplication}', contextInitializerClasses = '[]', activeProfiles = '{}', propertySourceLocations = '{}', propertySourceProperties = '{}', contextLoader = 'org.springframework.boot.test.SpringApplicationContextLoader', parent = [null]]]]
00:00:36.799 [testrunner] DEBUG o.s.test.util.ReflectionTestUtils - Setting field [propertySourceProperties] of type [null] on target [[MergedContextConfiguration@6056c872 testClass = RestTests, locations = '{}', classes = '{class ReactorApplication}', contextInitializerClasses = '[]', activeProfiles = '{}', propertySourceLocations = '{}', propertySourceProperties = '{}', contextLoader = 'org.springframework.boot.test.SpringApplicationContextLoader', parent = [null]]] to value [[Ljava.lang.String;@77e8df16]
00:00:36.800 [testrunner] DEBUG o.s.t.c.s.DependencyInjectionTestExecutionListener - Performing dependency injection for test context [[DefaultTestContext@6048d246 testClass = RestTests, testInstance = RestTests@d1424a7, testMethod = [null], testException = [null], mergedContextConfiguration = [MergedContextConfiguration@6056c872 testClass = RestTests, locations = '{}', classes = '{class ReactorApplication}', contextInitializerClasses = '[]', activeProfiles = '{}', propertySourceLocations = '{}', propertySourceProperties = '{server.port:0, org.springframework.boot.test.IntegrationTest=true}', contextLoader = 'org.springframework.boot.test.SpringApplicationContextLoader', parent = [null]]]].
00:00:36.877 [testrunner] DEBUG o.s.core.env.StandardEnvironment - Adding [systemProperties] PropertySource with lowest search precedence
00:00:36.878 [testrunner] DEBUG o.s.core.env.StandardEnvironment - Adding [systemEnvironment] PropertySource with lowest search precedence
00:00:36.878 [testrunner] DEBUG o.s.core.env.StandardEnvironment - Initialized StandardEnvironment with PropertySources [systemProperties,systemEnvironment]
00:00:36.878 [testrunner] DEBUG o.s.core.env.StandardEnvironment - Adding [integrationTest] PropertySource with search precedence immediately lower than [systemEnvironment]

  .   ____          _            __ _ _
 /\\ / ___'_ __ _ _(_)_ __  __ _ \ \ \ \
( ( )\___ | '_ | '_| | '_ \/ _` | \ \ \ \
 \\/  ___)| |_)| | | | | || (_| |  ) ) ) )
  '  |____| .__|_| |_|_| |_\__, | / / / /
 =========|_|==============|___/=/_/_/_/
 :: Spring Boot ::  (v1.2.0.BUILD-SNAPSHOT)

2019-09-04 00:00:37.197  INFO 3923 --- [     testrunner] o.s.boot.SpringApplication               : Starting application on ip-172-31-56-109 with PID 3923 (/root/.m2/repository/org/springframework/boot/spring-boot/1.2.0.BUILD-SNAPSHOT/spring-boot-1.2.0.BUILD-SNAPSHOT.jar started by root in /working/proj/spring-projects-spring-boot-2462/spring-projects-spring-boot/spring-boot-cli)
2019-09-04 00:00:37.224  INFO 3923 --- [     testrunner] s.c.a.AnnotationConfigApplicationContext : Refreshing org.springframework.context.annotation.AnnotationConfigApplicationContext@5b2b400e: startup date [Wed Sep 04 00:00:37 UTC 2019]; root of context hierarchy
2019-09-04 00:00:37.526  INFO 3923 --- [     testrunner] .b.l.ClasspathLoggingApplicationListener : Application failed to start with classpath: []
2019-09-04 00:00:37.531 ERROR 3923 --- [     testrunner] o.s.boot.SpringApplication               : Application startup failed

java.lang.NoSuchMethodError: org.springframework.beans.factory.support.DefaultListableBeanFactory.isAllowEagerClassLoading()Z
 at org.springframework.boot.autoconfigure.condition.BeanTypeRegistry.get(BeanTypeRegistry.java:147)
 at org.springframework.boot.autoconfigure.condition.OnBeanCondition.collectBeanNamesForType(OnBeanCondition.java:154)
 at org.springframework.boot.autoconfigure.condition.OnBeanCondition.getBeanNamesForType(OnBeanCondition.java:143)
 at org.springframework.boot.autoconfigure.condition.OnBeanCondition.getMatchingBeans(OnBeanCondition.java:115)
 at org.springframework.boot.autoconfigure.condition.OnBeanCondition.getMatchOutcome(OnBeanCondition.java:90)
 at org.springframework.boot.autoconfigure.condition.SpringBootCondition.matches(SpringBootCondition.java:45)
 at org.springframework.context.annotation.ConditionEvaluator.shouldSkip(ConditionEvaluator.java:102)
 at org.springframework.context.annotation.ConfigurationClassBeanDefinitionReader.loadBeanDefinitionsForBeanMethod(ConfigurationClassBeanDefinitionReader.java:177)
 at org.springframework.context.annotation.ConfigurationClassBeanDefinitionReader.loadBeanDefinitionsForConfigurationClass(ConfigurationClassBeanDefinitionReader.java:146)
 at org.springframework.context.annotation.ConfigurationClassBeanDefinitionReader.loadBeanDefinitions(ConfigurationClassBeanDefinitionReader.java:122)
 at org.springframework.context.annotation.ConfigurationClassPostProcessor.processConfigBeanDefinitions(ConfigurationClassPostProcessor.java:318)
 at org.springframework.context.annotation.ConfigurationClassPostProcessor.postProcessBeanDefinitionRegistry(ConfigurationClassPostProcessor.java:239)
 at org.springframework.context.support.PostProcessorRegistrationDelegate.invokeBeanDefinitionRegistryPostProcessors(PostProcessorRegistrationDelegate.java:254)
 at org.springframework.context.support.PostProcessorRegistrationDelegate.invokeBeanFactoryPostProcessors(PostProcessorRegistrationDelegate.java:94)
 at org.springframework.context.support.AbstractApplicationContext.invokeBeanFactoryPostProcessors(AbstractApplicationContext.java:606)
 at org.springframework.context.support.AbstractApplicationContext.refresh(AbstractApplicationContext.java:462)
 at org.springframework.boot.SpringApplication.refresh(SpringApplication.java:691)
 at org.springframework.boot.SpringApplication.run(SpringApplication.java:321)
 at org.springframework.boot.test.SpringApplicationContextLoader.loadContext(SpringApplicationContextLoader.java:105)
 at org.springframework.test.context.DefaultCacheAwareContextLoaderDelegate.loadContextInternal(DefaultCacheAwareContextLoaderDelegate.java:63)
 at org.springframework.test.context.DefaultCacheAwareContextLoaderDelegate.loadContext(DefaultCacheAwareContextLoaderDelegate.java:83)
 at org.springframework.test.context.DefaultTestContext.getApplicationContext(DefaultTestContext.java:74)
 at org.springframework.test.context.support.DependencyInjectionTestExecutionListener.injectDependencies(DependencyInjectionTestExecutionListener.java:116)
 at org.springframework.test.context.support.DependencyInjectionTestExecutionListener.prepareTestInstance(DependencyInjectionTestExecutionListener.java:82)
 at org.springframework.test.context.TestContextManager.prepareTestInstance(TestContextManager.java:212)
 at org.springframework.test.context.junit4.SpringJUnit4ClassRunner.createTest(SpringJUnit4ClassRunner.java:199)
 at org.springframework.test.context.junit4.SpringJUnit4ClassRunner$1.runReflectiveCall(SpringJUnit4ClassRunner.java:251)
 at org.junit.internal.runners.model.ReflectiveCallable.run(ReflectiveCallable.java:12)
 at org.springframework.test.context.junit4.SpringJUnit4ClassRunner.methodBlock(SpringJUnit4ClassRunner.java:253)
 at org.springframework.test.context.junit4.SpringJUnit4ClassRunner.runChild(SpringJUnit4ClassRunner.java:216)
 at org.springframework.test.context.junit4.SpringJUnit4ClassRunner.runChild(SpringJUnit4ClassRunner.java:82)
 at org.junit.runners.ParentRunner$3.run(ParentRunner.java:238)
 at org.junit.runners.ParentRunner$1.schedule(ParentRunner.java:63)
 at org.junit.runners.ParentRunner.runChildren(ParentRunner.java:236)
 at org.junit.runners.ParentRunner.access$000(ParentRunner.java:53)
 at org.junit.runners.ParentRunner$2.evaluate(ParentRunner.java:229)
 at org.springframework.test.context.junit4.statements.RunBeforeTestClassCallbacks.evaluate(RunBeforeTestClassCallbacks.java:60)
 at org.springframework.test.context.junit4.statements.RunAfterTestClassCallbacks.evaluate(RunAfterTestClassCallbacks.java:67)
 at org.junit.runners.ParentRunner.run(ParentRunner.java:309)
 at org.springframework.test.context.junit4.SpringJUnit4ClassRunner.run(SpringJUnit4ClassRunner.java:162)
 at org.junit.runners.Suite.runChild(Suite.java:127)
 at org.junit.runners.Suite.runChild(Suite.java:26)
 at org.junit.runners.ParentRunner$3.run(ParentRunner.java:238)
 at org.junit.runners.ParentRunner$1.schedule(ParentRunner.java:63)
 at org.junit.runners.ParentRunner.runChildren(ParentRunner.java:236)
 at org.junit.runners.ParentRunner.access$000(ParentRunner.java:53)
 at org.junit.runners.ParentRunner$2.evaluate(ParentRunner.java:229)
 at org.junit.runners.ParentRunner.run(ParentRunner.java:309)
 at org.junit.runner.JUnitCore.run(JUnitCore.java:160)
 at org.junit.runner.JUnitCore.run(JUnitCore.java:138)
 at org.junit.runner.JUnitCore.run(JUnitCore.java:117)
 at org.springframework.boot.groovy.DelegateTestRunner.run(DelegateTestRunner.java:34)
 at sun.reflect.NativeMethodAccessorImpl.invoke0(Native Method)
 at sun.reflect.NativeMethodAccessorImpl.invoke(NativeMethodAccessorImpl.java:62)
 at sun.reflect.DelegatingMethodAccessorImpl.invoke(DelegatingMethodAccessorImpl.java:43)
 at java.lang.reflect.Method.invoke(Method.java:498)
 at org.springframework.boot.cli.command.test.TestRunner$RunThread.run(TestRunner.java:138)

2019-09-04 00:00:37.531  INFO 3923 --- [     testrunner] s.c.a.AnnotationConfigApplicationContext : Closing org.springframework.context.annotation.AnnotationConfigApplicationContext@5b2b400e: startup date [Wed Sep 04 00:00:37 UTC 2019]; root of context hierarchy
2019-09-04 00:00:37.533  WARN 3923 --- [     testrunner] s.c.a.AnnotationConfigApplicationContext : Exception thrown from ApplicationListener handling ContextClosedEvent

java.lang.IllegalStateException: ApplicationEventMulticaster not initialized - call 'refresh' before multicasting events via the context: org.springframework.context.annotation.AnnotationConfigApplicationContext@5b2b400e: startup date [Wed Sep 04 00:00:37 UTC 2019]; root of context hierarchy
 at org.springframework.context.support.AbstractApplicationContext.getApplicationEventMulticaster(AbstractApplicationContext.java:344)
 at org.springframework.context.support.AbstractApplicationContext.publishEvent(AbstractApplicationContext.java:331)
 at org.springframework.context.support.AbstractApplicationContext.doClose(AbstractApplicationContext.java:869)
 at org.springframework.context.support.AbstractApplicationContext.close(AbstractApplicationContext.java:836)
 at org.springframework.boot.SpringApplication.run(SpringApplication.java:343)
 at org.springframework.boot.test.SpringApplicationContextLoader.loadContext(SpringApplicationContextLoader.java:105)
 at org.springframework.test.context.DefaultCacheAwareContextLoaderDelegate.loadContextInternal(DefaultCacheAwareContextLoaderDelegate.java:63)
 at org.springframework.test.context.DefaultCacheAwareContextLoaderDelegate.loadContext(DefaultCacheAwareContextLoaderDelegate.java:83)
 at org.springframework.test.context.DefaultTestContext.getApplicationContext(DefaultTestContext.java:74)
 at org.springframework.test.context.support.DependencyInjectionTestExecutionListener.injectDependencies(DependencyInjectionTestExecutionListener.java:116)
 at org.springframework.test.context.support.DependencyInjectionTestExecutionListener.prepareTestInstance(DependencyInjectionTestExecutionListener.java:82)
 at org.springframework.test.context.TestContextManager.prepareTestInstance(TestContextManager.java:212)
 at org.springframework.test.context.junit4.SpringJUnit4ClassRunner.createTest(SpringJUnit4ClassRunner.java:199)
 at org.springframework.test.context.junit4.SpringJUnit4ClassRunner$1.runReflectiveCall(SpringJUnit4ClassRunner.java:251)
 at org.junit.internal.runners.model.ReflectiveCallable.run(ReflectiveCallable.java:12)
 at org.springframework.test.context.junit4.SpringJUnit4ClassRunner.methodBlock(SpringJUnit4ClassRunner.java:253)
 at org.springframework.test.context.junit4.SpringJUnit4ClassRunner.runChild(SpringJUnit4ClassRunner.java:216)
 at org.springframework.test.context.junit4.SpringJUnit4ClassRunner.runChild(SpringJUnit4ClassRunner.java:82)
 at org.junit.runners.ParentRunner$3.run(ParentRunner.java:238)
 at org.junit.runners.ParentRunner$1.schedule(ParentRunner.java:63)
 at org.junit.runners.ParentRunner.runChildren(ParentRunner.java:236)
 at org.junit.runners.ParentRunner.access$000(ParentRunner.java:53)
 at org.junit.runners.ParentRunner$2.evaluate(ParentRunner.java:229)
 at org.springframework.test.context.junit4.statements.RunBeforeTestClassCallbacks.evaluate(RunBeforeTestClassCallbacks.java:60)
 at org.springframework.test.context.junit4.statements.RunAfterTestClassCallbacks.evaluate(RunAfterTestClassCallbacks.java:67)
 at org.junit.runners.ParentRunner.run(ParentRunner.java:309)
 at org.springframework.test.context.junit4.SpringJUnit4ClassRunner.run(SpringJUnit4ClassRunner.java:162)
 at org.junit.runners.Suite.runChild(Suite.java:127)
 at org.junit.runners.Suite.runChild(Suite.java:26)
 at org.junit.runners.ParentRunner$3.run(ParentRunner.java:238)
 at org.junit.runners.ParentRunner$1.schedule(ParentRunner.java:63)
 at org.junit.runners.ParentRunner.runChildren(ParentRunner.java:236)
 at org.junit.runners.ParentRunner.access$000(ParentRunner.java:53)
 at org.junit.runners.ParentRunner$2.evaluate(ParentRunner.java:229)
 at org.junit.runners.ParentRunner.run(ParentRunner.java:309)
 at org.junit.runner.JUnitCore.run(JUnitCore.java:160)
 at org.junit.runner.JUnitCore.run(JUnitCore.java:138)
 at org.junit.runner.JUnitCore.run(JUnitCore.java:117)
 at org.springframework.boot.groovy.DelegateTestRunner.run(DelegateTestRunner.java:34)
 at sun.reflect.NativeMethodAccessorImpl.invoke0(Native Method)
 at sun.reflect.NativeMethodAccessorImpl.invoke(NativeMethodAccessorImpl.java:62)
 at sun.reflect.DelegatingMethodAccessorImpl.invoke(DelegatingMethodAccessorImpl.java:43)
 at java.lang.reflect.Method.invoke(Method.java:498)
 at org.springframework.boot.cli.command.test.TestRunner$RunThread.run(TestRunner.java:138)

2019-09-04 00:00:37.534  WARN 3923 --- [     testrunner] s.c.a.AnnotationConfigApplicationContext : Exception thrown from LifecycleProcessor on context close

java.lang.IllegalStateException: LifecycleProcessor not initialized - call 'refresh' before invoking lifecycle methods via the context: org.springframework.context.annotation.AnnotationConfigApplicationContext@5b2b400e: startup date [Wed Sep 04 00:00:37 UTC 2019]; root of context hierarchy
 at org.springframework.context.support.AbstractApplicationContext.getLifecycleProcessor(AbstractApplicationContext.java:357)
 at org.springframework.context.support.AbstractApplicationContext.doClose(AbstractApplicationContext.java:877)
 at org.springframework.context.support.AbstractApplicationContext.close(AbstractApplicationContext.java:836)
 at org.springframework.boot.SpringApplication.run(SpringApplication.java:343)
 at org.springframework.boot.test.SpringApplicationContextLoader.loadContext(SpringApplicationContextLoader.java:105)
 at org.springframework.test.context.DefaultCacheAwareContextLoaderDelegate.loadContextInternal(DefaultCacheAwareContextLoaderDelegate.java:63)
 at org.springframework.test.context.DefaultCacheAwareContextLoaderDelegate.loadContext(DefaultCacheAwareContextLoaderDelegate.java:83)
 at org.springframework.test.context.DefaultTestContext.getApplicationContext(DefaultTestContext.java:74)
 at org.springframework.test.context.support.DependencyInjectionTestExecutionListener.injectDependencies(DependencyInjectionTestExecutionListener.java:116)
 at org.springframework.test.context.support.DependencyInjectionTestExecutionListener.prepareTestInstance(DependencyInjectionTestExecutionListener.java:82)
 at org.springframework.test.context.TestContextManager.prepareTestInstance(TestContextManager.java:212)
 at org.springframework.test.context.junit4.SpringJUnit4ClassRunner.createTest(SpringJUnit4ClassRunner.java:199)
 at org.springframework.test.context.junit4.SpringJUnit4ClassRunner$1.runReflectiveCall(SpringJUnit4ClassRunner.java:251)
 at org.junit.internal.runners.model.ReflectiveCallable.run(ReflectiveCallable.java:12)
 at org.springframework.test.context.junit4.SpringJUnit4ClassRunner.methodBlock(SpringJUnit4ClassRunner.java:253)
 at org.springframework.test.context.junit4.SpringJUnit4ClassRunner.runChild(SpringJUnit4ClassRunner.java:216)
 at org.springframework.test.context.junit4.SpringJUnit4ClassRunner.runChild(SpringJUnit4ClassRunner.java:82)
 at org.junit.runners.ParentRunner$3.run(ParentRunner.java:238)
 at org.junit.runners.ParentRunner$1.schedule(ParentRunner.java:63)
 at org.junit.runners.ParentRunner.runChildren(ParentRunner.java:236)
 at org.junit.runners.ParentRunner.access$000(ParentRunner.java:53)
 at org.junit.runners.ParentRunner$2.evaluate(ParentRunner.java:229)
 at org.springframework.test.context.junit4.statements.RunBeforeTestClassCallbacks.evaluate(RunBeforeTestClassCallbacks.java:60)
 at org.springframework.test.context.junit4.statements.RunAfterTestClassCallbacks.evaluate(RunAfterTestClassCallbacks.java:67)
 at org.junit.runners.ParentRunner.run(ParentRunner.java:309)
 at org.springframework.test.context.junit4.SpringJUnit4ClassRunner.run(SpringJUnit4ClassRunner.java:162)
 at org.junit.runners.Suite.runChild(Suite.java:127)
 at org.junit.runners.Suite.runChild(Suite.java:26)
 at org.junit.runners.ParentRunner$3.run(ParentRunner.java:238)
 at org.junit.runners.ParentRunner$1.schedule(ParentRunner.java:63)
 at org.junit.runners.ParentRunner.runChildren(ParentRunner.java:236)
 at org.junit.runners.ParentRunner.access$000(ParentRunner.java:53)
 at org.junit.runners.ParentRunner$2.evaluate(ParentRunner.java:229)
 at org.junit.runners.ParentRunner.run(ParentRunner.java:309)
 at org.junit.runner.JUnitCore.run(JUnitCore.java:160)
 at org.junit.runner.JUnitCore.run(JUnitCore.java:138)
 at org.junit.runner.JUnitCore.run(JUnitCore.java:117)
 at org.springframework.boot.groovy.DelegateTestRunner.run(DelegateTestRunner.java:34)
 at sun.reflect.NativeMethodAccessorImpl.invoke0(Native Method)
 at sun.reflect.NativeMethodAccessorImpl.invoke(NativeMethodAccessorImpl.java:62)
 at sun.reflect.DelegatingMethodAccessorImpl.invoke(DelegatingMethodAccessorImpl.java:43)
 at java.lang.reflect.Method.invoke(Method.java:498)
 at org.springframework.boot.cli.command.test.TestRunner$RunThread.run(TestRunner.java:138)

.E
Time: 0.752
There was 1 failure:
1) test(RestTests)
java.lang.NoSuchMethodError: org.springframework.beans.factory.support.DefaultListableBeanFactory.isAllowEagerClassLoading()Z
 at org.springframework.boot.autoconfigure.condition.BeanTypeRegistry.get(BeanTypeRegistry.java:147)
 at org.springframework.boot.autoconfigure.condition.OnBeanCondition.collectBeanNamesForType(OnBeanCondition.java:154)
 at org.springframework.boot.autoconfigure.condition.OnBeanCondition.getBeanNamesForType(OnBeanCondition.java:143)
 at org.springframework.boot.autoconfigure.condition.OnBeanCondition.getMatchingBeans(OnBeanCondition.java:115)
 at org.springframework.boot.autoconfigure.condition.OnBeanCondition.getMatchOutcome(OnBeanCondition.java:90)
 at org.springframework.boot.autoconfigure.condition.SpringBootCondition.matches(SpringBootCondition.java:45)
 at org.springframework.context.annotation.ConditionEvaluator.shouldSkip(ConditionEvaluator.java:102)
 at org.springframework.context.annotation.ConfigurationClassBeanDefinitionReader.loadBeanDefinitionsForBeanMethod(ConfigurationClassBeanDefinitionReader.java:177)
 at org.springframework.context.annotation.ConfigurationClassBeanDefinitionReader.loadBeanDefinitionsForConfigurationClass(ConfigurationClassBeanDefinitionReader.java:146)
 at org.springframework.context.annotation.ConfigurationClassBeanDefinitionReader.loadBeanDefinitions(ConfigurationClassBeanDefinitionReader.java:122)
 at org.springframework.context.annotation.ConfigurationClassPostProcessor.processConfigBeanDefinitions(ConfigurationClassPostProcessor.java:318)
 at org.springframework.context.annotation.ConfigurationClassPostProcessor.postProcessBeanDefinitionRegistry(ConfigurationClassPostProcessor.java:239)
 at org.springframework.context.support.PostProcessorRegistrationDelegate.invokeBeanDefinitionRegistryPostProcessors(PostProcessorRegistrationDelegate.java:254)
 at org.springframework.context.support.PostProcessorRegistrationDelegate.invokeBeanFactoryPostProcessors(PostProcessorRegistrationDelegate.java:94)
 at org.springframework.context.support.AbstractApplicationContext.invokeBeanFactoryPostProcessors(AbstractApplicationContext.java:606)
 at org.springframework.context.support.AbstractApplicationContext.refresh(AbstractApplicationContext.java:462)
 at org.springframework.boot.SpringApplication.refresh(SpringApplication.java:691)
 at org.springframework.boot.SpringApplication.run(SpringApplication.java:321)
 at org.springframework.boot.test.SpringApplicationContextLoader.loadContext(SpringApplicationContextLoader.java:105)
 at org.springframework.test.context.DefaultCacheAwareContextLoaderDelegate.loadContextInternal(DefaultCacheAwareContextLoaderDelegate.java:63)
 at org.springframework.test.context.DefaultCacheAwareContextLoaderDelegate.loadContext(DefaultCacheAwareContextLoaderDelegate.java:83)
 at org.springframework.test.context.DefaultTestContext.getApplicationContext(DefaultTestContext.java:74)
 at org.springframework.test.context.support.DependencyInjectionTestExecutionListener.injectDependencies(DependencyInjectionTestExecutionListener.java:116)
 at org.springframework.test.context.support.DependencyInjectionTestExecutionListener.prepareTestInstance(DependencyInjectionTestExecutionListener.java:82)
 at org.springframework.test.context.TestContextManager.prepareTestInstance(TestContextManager.java:212)
 at org.springframework.test.context.junit4.SpringJUnit4ClassRunner.createTest(SpringJUnit4ClassRunner.java:199)
 at org.springframework.test.context.junit4.SpringJUnit4ClassRunner$1.runReflectiveCall(SpringJUnit4ClassRunner.java:251)
 at org.junit.internal.runners.model.ReflectiveCallable.run(ReflectiveCallable.java:12)
 at org.springframework.test.context.junit4.SpringJUnit4ClassRunner.methodBlock(SpringJUnit4ClassRunner.java:253)
 at org.springframework.test.context.junit4.SpringJUnit4ClassRunner.runChild(SpringJUnit4ClassRunner.java:216)
 at org.springframework.test.context.junit4.SpringJUnit4ClassRunner.runChild(SpringJUnit4ClassRunner.java:82)
 at org.junit.runners.ParentRunner$3.run(ParentRunner.java:238)
 at org.junit.runners.ParentRunner$1.schedule(ParentRunner.java:63)
 at org.junit.runners.ParentRunner.runChildren(ParentRunner.java:236)
 at org.junit.runners.ParentRunner.access$000(ParentRunner.java:53)
 at org.junit.runners.ParentRunner$2.evaluate(ParentRunner.java:229)
 at org.springframework.test.context.junit4.statements.RunBeforeTestClassCallbacks.evaluate(RunBeforeTestClassCallbacks.java:60)
 at org.springframework.test.context.junit4.statements.RunAfterTestClassCallbacks.evaluate(RunAfterTestClassCallbacks.java:67)
 at org.junit.runners.ParentRunner.run(ParentRunner.java:309)
 at org.springframework.test.context.junit4.SpringJUnit4ClassRunner.run(SpringJUnit4ClassRunner.java:162)
 at org.junit.runners.Suite.runChild(Suite.java:127)
 at org.junit.runners.Suite.runChild(Suite.java:26)
 at org.junit.runners.ParentRunner$3.run(ParentRunner.java:238)
 at org.junit.runners.ParentRunner$1.schedule(ParentRunner.java:63)
 at org.junit.runners.ParentRunner.runChildren(ParentRunner.java:236)
 at org.junit.runners.ParentRunner.access$000(ParentRunner.java:53)
 at org.junit.runners.ParentRunner$2.evaluate(ParentRunner.java:229)
 at org.junit.runners.ParentRunner.run(ParentRunner.java:309)
 at org.junit.runner.JUnitCore.run(JUnitCore.java:160)
 at org.junit.runner.JUnitCore.run(JUnitCore.java:138)
 at org.junit.runner.JUnitCore.run(JUnitCore.java:117)
 at org.springframework.boot.groovy.DelegateTestRunner.run(DelegateTestRunner.java:34)
 at sun.reflect.NativeMethodAccessorImpl.invoke0(Native Method)
 at sun.reflect.NativeMethodAccessorImpl.invoke(NativeMethodAccessorImpl.java:62)
 at sun.reflect.DelegatingMethodAccessorImpl.invoke(DelegatingMethodAccessorImpl.java:43)
 at java.lang.reflect.Method.invoke(Method.java:498)
 at org.springframework.boot.cli.command.test.TestRunner$RunThread.run(TestRunner.java:138)

FAILURES!!!
Tests run: 1,  Failures: 1

"""
spring-projects-spring-boot,org.springframework.boot.cli.TestCommandIntegrationTests#verifyFailures,matched (5512 report(s) available),java.lang.IllegalStateException,Async Wait,guess: found async-related keyword 'executor' in exception/message/test name,"java.util.concurrent.ExecutionException: org.codehaus.groovy.control.MultipleCompilationErrorsException: startup failed:
General error during conversion: org.eclipse.aether.resolution.DependencyResolutionException: Failed to collect dependencies at org.spockframework:spock-core:jar:0.7-groovy-2.0

org.springframework.boot.cli.compiler.grape.DependencyResolutionFailedException: org.eclipse.aether.resolution.DependencyResolutionException: Failed to collect dependencies at org.spockframework:spock-core:jar:0.7-groovy-2.0
 at org.springframework.boot.cli.compiler.grape.AetherGrapeEngine.resolve(AetherGrapeEngine.java:223)
 at org.springframework.boot.cli.compiler.grape.AetherGrapeEngine.grab(AetherGrapeEngine.java:113)
 at groovy.grape.Grape.grab(Grape.java:163)
 at groovy.grape.GrabAnnotationTransformation.visit(GrabAnnotationTransformation.java:360)
 at org.codehaus.groovy.transform.ASTTransformationVisitor$3.call(ASTTransformationVisitor.java:319)
 at org.codehaus.groovy.control.CompilationUnit.applyToSourceUnits(CompilationUnit.java:923)
 at org.codehaus.groovy.control.CompilationUnit.doPhaseOperation(CompilationUnit.java:585)
 at org.codehaus.groovy.control.CompilationUnit.processPhaseOperations(CompilationUnit.java:561)
 at org.codehaus.groovy.control.CompilationUnit.compile(CompilationUnit.java:538)
 at org.springframework.boot.cli.compiler.GroovyCompiler.compile(GroovyCompiler.java:197)
 at org.springframework.boot.cli.command.test.TestRunner.compileAndRunTests(TestRunner.java:53)
 at org.springframework.boot.cli.command.test.TestCommand$TestOptionHandler.run(TestCommand.java:56)
 at org.springframework.boot.cli.command.options.OptionHandler.run(OptionHandler.java:92)
 at org.springframework.boot.cli.command.OptionParsingCommand.run(OptionParsingCommand.java:53)
 at org.springframework.boot.cli.CliTester$1.call(CliTester.java:104)
 at org.springframework.boot.cli.CliTester$1.call(CliTester.java:98)
 at java.util.concurrent.FutureTask.run(FutureTask.java:266)
 at java.util.concurrent.ThreadPoolExecutor.runWorker(ThreadPoolExecutor.java:1149)
 at java.util.concurrent.ThreadPoolExecutor$Worker.run(ThreadPoolExecutor.java:624)
 at java.lang.Thread.run(Thread.java:748)
Caused by: org.eclipse.aether.resolution.DependencyResolutionException: Failed to collect dependencies at org.spockframework:spock-core:jar:0.7-groovy-2.0
 at org.eclipse.aether.internal.impl.DefaultRepositorySystem.resolveDependencies(DefaultRepositorySystem.java:401)
 at org.springframework.boot.cli.compiler.grape.AetherGrapeEngine.resolve(AetherGrapeEngine.java:215)
 ... 19 more
Caused by: org.eclipse.aether.collection.DependencyCollectionException: Failed to collect dependencies at org.spockframework:spock-core:jar:0.7-groovy-2.0
 at org.eclipse.aether.internal.impl.DefaultDependencyCollector.collectDependencies(DefaultDependencyCollector.java:303)
 at org.eclipse.aether.internal.impl.DefaultRepositorySystem.resolveDependencies(DefaultRepositorySystem.java:362)
 ... 20 more
Caused by: org.eclipse.aether.resolution.ArtifactDescriptorException: Failed to read artifact descriptor for org.spockframework:spock-core:jar:0.7-groovy-2.0
 at org.apache.maven.repository.internal.DefaultArtifactDescriptorReader.loadPom(DefaultArtifactDescriptorReader.java:335)
 at org.apache.maven.repository.internal.DefaultArtifactDescriptorReader.readArtifactDescriptor(DefaultArtifactDescriptorReader.java:217)
 at org.eclipse.aether.internal.impl.DefaultDependencyCollector.resolveCachedArtifactDescriptor(DefaultDependencyCollector.java:537)
 at org.eclipse.aether.internal.impl.DefaultDependencyCollector.getArtifactDescriptorResult(DefaultDependencyCollector.java:521)
 at org.eclipse.aether.internal.impl.DefaultDependencyCollector.processDependency(DefaultDependencyCollector.java:421)
 at org.eclipse.aether.internal.impl.DefaultDependencyCollector.processDependency(DefaultDependencyCollector.java:375)
 at org.eclipse.aether.internal.impl.DefaultDependencyCollector.process(DefaultDependencyCollector.java:363)
 at org.eclipse.aether.internal.impl.DefaultDependencyCollector.collectDependencies(DefaultDependencyCollector.java:266)
 ... 21 more
Caused by: org.eclipse.aether.resolution.ArtifactResolutionException: Could not transfer artifact org.spockframework:spock-core:pom:0.7-groovy-2.0 from/to central (http://repo1.maven.org/maven2/): HTTPS Required (501)
 at org.eclipse.aether.internal.impl.DefaultArtifactResolver.resolve(DefaultArtifactResolver.java:462)
 at org.eclipse.aether.internal.impl.DefaultArtifactResolver.resolveArtifacts(DefaultArtifactResolver.java:264)
 at org.eclipse.aether.internal.impl.DefaultArtifactResolver.resolveArtifact(DefaultArtifactResolver.java:241)
 at org.apache.maven.repository.internal.DefaultArtifactDescriptorReader.loadPom(DefaultArtifactDescriptorReader.java:320)
 ... 28 more
Caused by: org.eclipse.aether.transfer.ArtifactTransferException: Could not transfer artifact org.spockframework:spock-core:pom:0.7-groovy-2.0 from/to central (http://repo1.maven.org/maven2/): HTTPS Required (501)
 at org.eclipse.aether.connector.basic.ArtifactTransportListener.transferFailed(ArtifactTransportListener.java:43)
 at org.eclipse.aether.connector.basic.BasicRepositoryConnector$TaskRunner.run(BasicRepositoryConnector.java:355)
 at org.eclipse.aether.util.concurrency.RunnableErrorForwarder$1.run(RunnableErrorForwarder.java:67)
 at org.eclipse.aether.connector.basic.BasicRepositoryConnector$DirectExecutor.execute(BasicRepositoryConnector.java:581)
 at org.eclipse.aether.connector.basic.BasicRepositoryConnector.get(BasicRepositoryConnector.java:249)
 at org.eclipse.aether.internal.impl.DefaultArtifactResolver.performDownloads(DefaultArtifactResolver.java:538)
 at org.eclipse.aether.internal.impl.DefaultArtifactResolver.resolve(DefaultArtifactResolver.java:439)
 ... 31 more
Caused by: org.apache.http.client.HttpResponseException: HTTPS Required (501)
 at org.eclipse.aether.transport.http.HttpTransporter.handleStatus(HttpTransporter.java:458)
 at org.eclipse.aether.transport.http.HttpTransporter.execute(HttpTransporter.java:283)
 at org.eclipse.aether.transport.http.HttpTransporter.implGet(HttpTransporter.java:235)
 at org.eclipse.aether.spi.connector.transport.AbstractTransporter.get(AbstractTransporter.java:59)
 at org.eclipse.aether.connector.basic.BasicRepositoryConnector$GetTaskRunner.runTask(BasicRepositoryConnector.java:447)
 at org.eclipse.aether.connector.basic.BasicRepositoryConnector$TaskRunner.run(BasicRepositoryConnector.java:350)
 ... 36 more

1 error
"
spring-projects-spring-boot,org.springframework.boot.cli.TestCommandIntegrationTests#integrationTest,matched (6 report(s) available),java.lang.AssertionError,Async Wait,guess: found async-related keyword 'callback' in exception/message/test name,"
Expected: a string containing ""OK (1 test)""
     but: was ""00:00:38.831 [testrunner] DEBUG o.s.t.c.j.SpringJUnit4ClassRunner - SpringJUnit4ClassRunner constructor called with [class BookTests].
00:00:38.841 [testrunner] DEBUG o.s.test.context.BootstrapUtils - Instantiating TestContextBootstrapper from class [org.springframework.test.context.support.DefaultTestContextBootstrapper]
00:00:38.856 [testrunner] DEBUG o.s.t.c.s.DefaultTestContextBootstrapper - Found explicit ContextLoader class [org.springframework.boot.test.SpringApplicationContextLoader] for context configuration attributes [ContextConfigurationAttributes@3ef1bc4d declaringClass = 'BookTests', classes = '{class Application}', locations = '{}', inheritLocations = true, initializers = '{}', inheritInitializers = true, name = [null], contextLoaderClass = 'org.springframework.boot.test.SpringApplicationContextLoader']
00:00:38.861 [testrunner] DEBUG o.s.t.c.support.ActiveProfilesUtils - Could not find an 'annotation declaring class' for annotation type [org.springframework.test.context.ActiveProfiles] and class [BookTests]
00:00:38.867 [testrunner] INFO  o.s.t.c.s.DefaultTestContextBootstrapper - Could not instantiate TestExecutionListener [org.springframework.test.context.transaction.TransactionalTestExecutionListener]. Specify custom listener classes or make the default listener classes (and their required dependencies) available. Offending class: [org/springframework/transaction/TransactionDefinition]
00:00:38.868 [testrunner] INFO  o.s.t.c.s.DefaultTestContextBootstrapper - Could not instantiate TestExecutionListener [org.springframework.test.context.jdbc.SqlScriptsTestExecutionListener]. Specify custom listener classes or make the default listener classes (and their required dependencies) available. Offending class: [org/springframework/transaction/interceptor/TransactionAttribute]
00:00:38.868 [testrunner] INFO  o.s.t.c.s.DefaultTestContextBootstrapper - Using TestExecutionListeners: [org.springframework.boot.test.IntegrationTestPropertiesListener@5cf91e87, org.springframework.test.context.support.DependencyInjectionTestExecutionListener@1b0e757b, org.springframework.test.context.support.DirtiesContextTestExecutionListener@4a9eb520]
00:00:38.871 [testrunner] DEBUG o.s.t.annotation.ProfileValueUtils - Retrieved @ProfileValueSourceConfiguration [null] for test class [BookTests]
00:00:38.872 [testrunner] DEBUG o.s.t.annotation.ProfileValueUtils - Retrieved ProfileValueSource type [class org.springframework.test.annotation.SystemProfileValueSource] for class [BookTests]
00:00:38.875 [testrunner] DEBUG o.s.t.annotation.ProfileValueUtils - Retrieved @ProfileValueSourceConfiguration [null] for test class [BookTests]
00:00:38.875 [testrunner] DEBUG o.s.t.annotation.ProfileValueUtils - Retrieved ProfileValueSource type [class org.springframework.test.annotation.SystemProfileValueSource] for class [BookTests]
00:00:38.877 [testrunner] DEBUG o.s.t.annotation.ProfileValueUtils - Retrieved @ProfileValueSourceConfiguration [null] for test class [BookTests]
00:00:38.877 [testrunner] DEBUG o.s.t.annotation.ProfileValueUtils - Retrieved ProfileValueSource type [class org.springframework.test.annotation.SystemProfileValueSource] for class [BookTests]
00:00:38.877 [testrunner] DEBUG o.s.t.annotation.ProfileValueUtils - Retrieved @ProfileValueSourceConfiguration [null] for test class [BookTests]
00:00:38.878 [testrunner] DEBUG o.s.t.annotation.ProfileValueUtils - Retrieved ProfileValueSource type [class org.springframework.test.annotation.SystemProfileValueSource] for class [BookTests]
00:00:38.883 [testrunner] DEBUG o.s.t.annotation.ProfileValueUtils - Retrieved @ProfileValueSourceConfiguration [null] for test class [BookTests]
00:00:38.884 [testrunner] DEBUG o.s.t.annotation.ProfileValueUtils - Retrieved ProfileValueSource type [class org.springframework.test.annotation.SystemProfileValueSource] for class [BookTests]
00:00:38.890 [testrunner] DEBUG o.s.test.util.ReflectionTestUtils - Getting field [mergedContextConfiguration] from target [[DefaultTestContext@3496ae2a testClass = BookTests, testInstance = BookTests@15fa030f, testMethod = [null], testException = [null], mergedContextConfiguration = [MergedContextConfiguration@13214c6f testClass = BookTests, locations = '{}', classes = '{class Application}', contextInitializerClasses = '[]', activeProfiles = '{}', propertySourceLocations = '{}', propertySourceProperties = '{}', contextLoader = 'org.springframework.boot.test.SpringApplicationContextLoader', parent = [null]]]]
00:00:38.890 [testrunner] DEBUG o.s.test.util.ReflectionTestUtils - Setting field [propertySourceProperties] of type [null] on target [[MergedContextConfiguration@13214c6f testClass = BookTests, locations = '{}', classes = '{class Application}', contextInitializerClasses = '[]', activeProfiles = '{}', propertySourceLocations = '{}', propertySourceProperties = '{}', contextLoader = 'org.springframework.boot.test.SpringApplicationContextLoader', parent = [null]]] to value [[Ljava.lang.String;@213a3534]
00:00:38.890 [testrunner] DEBUG o.s.t.c.s.DependencyInjectionTestExecutionListener - Performing dependency injection for test context [[DefaultTestContext@3496ae2a testClass = BookTests, testInstance = BookTests@15fa030f, testMethod = [null], testException = [null], mergedContextConfiguration = [MergedContextConfiguration@13214c6f testClass = BookTests, locations = '{}', classes = '{class Application}', contextInitializerClasses = '[]', activeProfiles = '{}', propertySourceLocations = '{}', propertySourceProperties = '{org.springframework.boot.test.IntegrationTest=true}', contextLoader = 'org.springframework.boot.test.SpringApplicationContextLoader', parent = [null]]]].
00:00:38.948 [testrunner] DEBUG o.s.core.env.StandardEnvironment - Adding [systemProperties] PropertySource with lowest search precedence
00:00:38.949 [testrunner] DEBUG o.s.core.env.StandardEnvironment - Adding [systemEnvironment] PropertySource with lowest search precedence
00:00:38.950 [testrunner] DEBUG o.s.core.env.StandardEnvironment - Initialized StandardEnvironment with PropertySources [systemProperties,systemEnvironment]
00:00:38.950 [testrunner] DEBUG o.s.core.env.StandardEnvironment - Adding [integrationTest] PropertySource with search precedence immediately lower than [systemEnvironment]

  .   ____          _            __ _ _
 /\\ / ___'_ __ _ _(_)_ __  __ _ \ \ \ \
( ( )\___ | '_ | '_| | '_ \/ _` | \ \ \ \
 \\/  ___)| |_)| | | | | || (_| |  ) ) ) )
  '  |____| .__|_| |_|_| |_\__, | / / / /
 =========|_|==============|___/=/_/_/_/
 :: Spring Boot ::  (v1.2.0.BUILD-SNAPSHOT)

2019-09-04 00:00:39.146  INFO 3923 --- [     testrunner] o.s.boot.SpringApplication               : Starting application on ip-172-31-56-109 with PID 3923 (/root/.m2/repository/org/springframework/boot/spring-boot/1.2.0.BUILD-SNAPSHOT/spring-boot-1.2.0.BUILD-SNAPSHOT.jar started by root in /working/proj/spring-projects-spring-boot-2462/spring-projects-spring-boot/spring-boot-cli)
2019-09-04 00:00:39.172  INFO 3923 --- [     testrunner] s.c.a.AnnotationConfigApplicationContext : Refreshing org.springframework.context.annotation.AnnotationConfigApplicationContext@1c72cf7e: startup date [Wed Sep 04 00:00:39 UTC 2019]; root of context hierarchy
2019-09-04 00:00:39.490  INFO 3923 --- [     testrunner] .b.l.ClasspathLoggingApplicationListener : Application failed to start with classpath: []
2019-09-04 00:00:39.495 ERROR 3923 --- [     testrunner] o.s.boot.SpringApplication               : Application startup failed

java.lang.NoSuchMethodError: org.springframework.beans.factory.support.DefaultListableBeanFactory.isAllowEagerClassLoading()Z
 at org.springframework.boot.autoconfigure.condition.BeanTypeRegistry.get(BeanTypeRegistry.java:147)
 at org.springframework.boot.autoconfigure.condition.OnBeanCondition.collectBeanNamesForType(OnBeanCondition.java:154)
 at org.springframework.boot.autoconfigure.condition.OnBeanCondition.getBeanNamesForType(OnBeanCondition.java:143)
 at org.springframework.boot.autoconfigure.condition.OnBeanCondition.getMatchingBeans(OnBeanCondition.java:115)
 at org.springframework.boot.autoconfigure.condition.OnBeanCondition.getMatchOutcome(OnBeanCondition.java:90)
 at org.springframework.boot.autoconfigure.condition.SpringBootCondition.matches(SpringBootCondition.java:45)
 at org.springframework.context.annotation.ConditionEvaluator.shouldSkip(ConditionEvaluator.java:102)
 at org.springframework.context.annotation.ConfigurationClassBeanDefinitionReader.loadBeanDefinitionsForBeanMethod(ConfigurationClassBeanDefinitionReader.java:177)
 at org.springframework.context.annotation.ConfigurationClassBeanDefinitionReader.loadBeanDefinitionsForConfigurationClass(ConfigurationClassBeanDefinitionReader.java:146)
 at org.springframework.context.annotation.ConfigurationClassBeanDefinitionReader.loadBeanDefinitions(ConfigurationClassBeanDefinitionReader.java:122)
 at org.springframework.context.annotation.ConfigurationClassPostProcessor.processConfigBeanDefinitions(ConfigurationClassPostProcessor.java:318)
 at org.springframework.context.annotation.ConfigurationClassPostProcessor.postProcessBeanDefinitionRegistry(ConfigurationClassPostProcessor.java:239)
 at org.springframework.context.support.PostProcessorRegistrationDelegate.invokeBeanDefinitionRegistryPostProcessors(PostProcessorRegistrationDelegate.java:254)
 at org.springframework.context.support.PostProcessorRegistrationDelegate.invokeBeanFactoryPostProcessors(PostProcessorRegistrationDelegate.java:94)
 at org.springframework.context.support.AbstractApplicationContext.invokeBeanFactoryPostProcessors(AbstractApplicationContext.java:606)
 at org.springframework.context.support.AbstractApplicationContext.refresh(AbstractApplicationContext.java:462)
 at org.springframework.boot.SpringApplication.refresh(SpringApplication.java:691)
 at org.springframework.boot.SpringApplication.run(SpringApplication.java:321)
 at org.springframework.boot.test.SpringApplicationContextLoader.loadContext(SpringApplicationContextLoader.java:105)
 at org.springframework.test.context.DefaultCacheAwareContextLoaderDelegate.loadContextInternal(DefaultCacheAwareContextLoaderDelegate.java:63)
 at org.springframework.test.context.DefaultCacheAwareContextLoaderDelegate.loadContext(DefaultCacheAwareContextLoaderDelegate.java:83)
 at org.springframework.test.context.DefaultTestContext.getApplicationContext(DefaultTestContext.java:74)
 at org.springframework.test.context.support.DependencyInjectionTestExecutionListener.injectDependencies(DependencyInjectionTestExecutionListener.java:116)
 at org.springframework.test.context.support.DependencyInjectionTestExecutionListener.prepareTestInstance(DependencyInjectionTestExecutionListener.java:82)
 at org.springframework.test.context.TestContextManager.prepareTestInstance(TestContextManager.java:212)
 at org.springframework.test.context.junit4.SpringJUnit4ClassRunner.createTest(SpringJUnit4ClassRunner.java:199)
 at org.springframework.test.context.junit4.SpringJUnit4ClassRunner$1.runReflectiveCall(SpringJUnit4ClassRunner.java:251)
 at org.junit.internal.runners.model.ReflectiveCallable.run(ReflectiveCallable.java:12)
 at org.springframework.test.context.junit4.SpringJUnit4ClassRunner.methodBlock(SpringJUnit4ClassRunner.java:253)
 at org.springframework.test.context.junit4.SpringJUnit4ClassRunner.runChild(SpringJUnit4ClassRunner.java:216)
 at org.springframework.test.context.junit4.SpringJUnit4ClassRunner.runChild(SpringJUnit4ClassRunner.java:82)
 at org.junit.runners.ParentRunner$3.run(ParentRunner.java:238)
 at org.junit.runners.ParentRunner$1.schedule(ParentRunner.java:63)
 at org.junit.runners.ParentRunner.runChildren(ParentRunner.java:236)
 at org.junit.runners.ParentRunner.access$000(ParentRunner.java:53)
 at org.junit.runners.ParentRunner$2.evaluate(ParentRunner.java:229)
 at org.springframework.test.context.junit4.statements.RunBeforeTestClassCallbacks.evaluate(RunBeforeTestClassCallbacks.java:60)
 at org.springframework.test.context.junit4.statements.RunAfterTestClassCallbacks.evaluate(RunAfterTestClassCallbacks.java:67)
 at org.junit.runners.ParentRunner.run(ParentRunner.java:309)
 at org.springframework.test.context.junit4.SpringJUnit4ClassRunner.run(SpringJUnit4ClassRunner.java:162)
 at org.junit.runners.Suite.runChild(Suite.java:127)
 at org.junit.runners.Suite.runChild(Suite.java:26)
 at org.junit.runners.ParentRunner$3.run(ParentRunner.java:238)
 at org.junit.runners.ParentRunner$1.schedule(ParentRunner.java:63)
 at org.junit.runners.ParentRunner.runChildren(ParentRunner.java:236)
 at org.junit.runners.ParentRunner.access$000(ParentRunner.java:53)
 at org.junit.runners.ParentRunner$2.evaluate(ParentRunner.java:229)
 at org.junit.runners.ParentRunner.run(ParentRunner.java:309)
 at org.junit.runner.JUnitCore.run(JUnitCore.java:160)
 at org.junit.runner.JUnitCore.run(JUnitCore.java:138)
 at org.junit.runner.JUnitCore.run(JUnitCore.java:117)
 at org.springframework.boot.groovy.DelegateTestRunner.run(DelegateTestRunner.java:34)
 at sun.reflect.NativeMethodAccessorImpl.invoke0(Native Method)
 at sun.reflect.NativeMethodAccessorImpl.invoke(NativeMethodAccessorImpl.java:62)
 at sun.reflect.DelegatingMethodAccessorImpl.invoke(DelegatingMethodAccessorImpl.java:43)
 at java.lang.reflect.Method.invoke(Method.java:498)
 at org.springframework.boot.cli.command.test.TestRunner$RunThread.run(TestRunner.java:138)

2019-09-04 00:00:39.497  INFO 3923 --- [     testrunner] s.c.a.AnnotationConfigApplicationContext : Closing org.springframework.context.annotation.AnnotationConfigApplicationContext@1c72cf7e: startup date [Wed Sep 04 00:00:39 UTC 2019]; root of context hierarchy
2019-09-04 00:00:39.498  WARN 3923 --- [     testrunner] s.c.a.AnnotationConfigApplicationContext : Exception thrown from ApplicationListener handling ContextClosedEvent

java.lang.IllegalStateException: ApplicationEventMulticaster not initialized - call 'refresh' before multicasting events via the context: org.springframework.context.annotation.AnnotationConfigApplicationContext@1c72cf7e: startup date [Wed Sep 04 00:00:39 UTC 2019]; root of context hierarchy
 at org.springframework.context.support.AbstractApplicationContext.getApplicationEventMulticaster(AbstractApplicationContext.java:344)
 at org.springframework.context.support.AbstractApplicationContext.publishEvent(AbstractApplicationContext.java:331)
 at org.springframework.context.support.AbstractApplicationContext.doClose(AbstractApplicationContext.java:869)
 at org.springframework.context.support.AbstractApplicationContext.close(AbstractApplicationContext.java:836)
 at org.springframework.boot.SpringApplication.run(SpringApplication.java:343)
 at org.springframework.boot.test.SpringApplicationContextLoader.loadContext(SpringApplicationContextLoader.java:105)
 at org.springframework.test.context.DefaultCacheAwareContextLoaderDelegate.loadContextInternal(DefaultCacheAwareContextLoaderDelegate.java:63)
 at org.springframework.test.context.DefaultCacheAwareContextLoaderDelegate.loadContext(DefaultCacheAwareContextLoaderDelegate.java:83)
 at org.springframework.test.context.DefaultTestContext.getApplicationContext(DefaultTestContext.java:74)
 at org.springframework.test.context.support.DependencyInjectionTestExecutionListener.injectDependencies(DependencyInjectionTestExecutionListener.java:116)
 at org.springframework.test.context.support.DependencyInjectionTestExecutionListener.prepareTestInstance(DependencyInjectionTestExecutionListener.java:82)
 at org.springframework.test.context.TestContextManager.prepareTestInstance(TestContextManager.java:212)
 at org.springframework.test.context.junit4.SpringJUnit4ClassRunner.createTest(SpringJUnit4ClassRunner.java:199)
 at org.springframework.test.context.junit4.SpringJUnit4ClassRunner$1.runReflectiveCall(SpringJUnit4ClassRunner.java:251)
 at org.junit.internal.runners.model.ReflectiveCallable.run(ReflectiveCallable.java:12)
 at org.springframework.test.context.junit4.SpringJUnit4ClassRunner.methodBlock(SpringJUnit4ClassRunner.java:253)
 at org.springframework.test.context.junit4.SpringJUnit4ClassRunner.runChild(SpringJUnit4ClassRunner.java:216)
 at org.springframework.test.context.junit4.SpringJUnit4ClassRunner.runChild(SpringJUnit4ClassRunner.java:82)
 at org.junit.runners.ParentRunner$3.run(ParentRunner.java:238)
 at org.junit.runners.ParentRunner$1.schedule(ParentRunner.java:63)
 at org.junit.runners.ParentRunner.runChildren(ParentRunner.java:236)
 at org.junit.runners.ParentRunner.access$000(ParentRunner.java:53)
 at org.junit.runners.ParentRunner$2.evaluate(ParentRunner.java:229)
 at org.springframework.test.context.junit4.statements.RunBeforeTestClassCallbacks.evaluate(RunBeforeTestClassCallbacks.java:60)
 at org.springframework.test.context.junit4.statements.RunAfterTestClassCallbacks.evaluate(RunAfterTestClassCallbacks.java:67)
 at org.junit.runners.ParentRunner.run(ParentRunner.java:309)
 at org.springframework.test.context.junit4.SpringJUnit4ClassRunner.run(SpringJUnit4ClassRunner.java:162)
 at org.junit.runners.Suite.runChild(Suite.java:127)
 at org.junit.runners.Suite.runChild(Suite.java:26)
 at org.junit.runners.ParentRunner$3.run(ParentRunner.java:238)
 at org.junit.runners.ParentRunner$1.schedule(ParentRunner.java:63)
 at org.junit.runners.ParentRunner.runChildren(ParentRunner.java:236)
 at org.junit.runners.ParentRunner.access$000(ParentRunner.java:53)
 at org.junit.runners.ParentRunner$2.evaluate(ParentRunner.java:229)
 at org.junit.runners.ParentRunner.run(ParentRunner.java:309)
 at org.junit.runner.JUnitCore.run(JUnitCore.java:160)
 at org.junit.runner.JUnitCore.run(JUnitCore.java:138)
 at org.junit.runner.JUnitCore.run(JUnitCore.java:117)
 at org.springframework.boot.groovy.DelegateTestRunner.run(DelegateTestRunner.java:34)
 at sun.reflect.NativeMethodAccessorImpl.invoke0(Native Method)
 at sun.reflect.NativeMethodAccessorImpl.invoke(NativeMethodAccessorImpl.java:62)
 at sun.reflect.DelegatingMethodAccessorImpl.invoke(DelegatingMethodAccessorImpl.java:43)
 at java.lang.reflect.Method.invoke(Method.java:498)
 at org.springframework.boot.cli.command.test.TestRunner$RunThread.run(TestRunner.java:138)

2019-09-04 00:00:39.500  WARN 3923 --- [     testrunner] s.c.a.AnnotationConfigApplicationContext : Exception thrown from LifecycleProcessor on context close

java.lang.IllegalStateException: LifecycleProcessor not initialized - call 'refresh' before invoking lifecycle methods via the context: org.springframework.context.annotation.AnnotationConfigApplicationContext@1c72cf7e: startup date [Wed Sep 04 00:00:39 UTC 2019]; root of context hierarchy
 at org.springframework.context.support.AbstractApplicationContext.getLifecycleProcessor(AbstractApplicationContext.java:357)
 at org.springframework.context.support.AbstractApplicationContext.doClose(AbstractApplicationContext.java:877)
 at org.springframework.context.support.AbstractApplicationContext.close(AbstractApplicationContext.java:836)
 at org.springframework.boot.SpringApplication.run(SpringApplication.java:343)
 at org.springframework.boot.test.SpringApplicationContextLoader.loadContext(SpringApplicationContextLoader.java:105)
 at org.springframework.test.context.DefaultCacheAwareContextLoaderDelegate.loadContextInternal(DefaultCacheAwareContextLoaderDelegate.java:63)
 at org.springframework.test.context.DefaultCacheAwareContextLoaderDelegate.loadContext(DefaultCacheAwareContextLoaderDelegate.java:83)
 at org.springframework.test.context.DefaultTestContext.getApplicationContext(DefaultTestContext.java:74)
 at org.springframework.test.context.support.DependencyInjectionTestExecutionListener.injectDependencies(DependencyInjectionTestExecutionListener.java:116)
 at org.springframework.test.context.support.DependencyInjectionTestExecutionListener.prepareTestInstance(DependencyInjectionTestExecutionListener.java:82)
 at org.springframework.test.context.TestContextManager.prepareTestInstance(TestContextManager.java:212)
 at org.springframework.test.context.junit4.SpringJUnit4ClassRunner.createTest(SpringJUnit4ClassRunner.java:199)
 at org.springframework.test.context.junit4.SpringJUnit4ClassRunner$1.runReflectiveCall(SpringJUnit4ClassRunner.java:251)
 at org.junit.internal.runners.model.ReflectiveCallable.run(ReflectiveCallable.java:12)
 at org.springframework.test.context.junit4.SpringJUnit4ClassRunner.methodBlock(SpringJUnit4ClassRunner.java:253)
 at org.springframework.test.context.junit4.SpringJUnit4ClassRunner.runChild(SpringJUnit4ClassRunner.java:216)
 at org.springframework.test.context.junit4.SpringJUnit4ClassRunner.runChild(SpringJUnit4ClassRunner.java:82)
 at org.junit.runners.ParentRunner$3.run(ParentRunner.java:238)
 at org.junit.runners.ParentRunner$1.schedule(ParentRunner.java:63)
 at org.junit.runners.ParentRunner.runChildren(ParentRunner.java:236)
 at org.junit.runners.ParentRunner.access$000(ParentRunner.java:53)
 at org.junit.runners.ParentRunner$2.evaluate(ParentRunner.java:229)
 at org.springframework.test.context.junit4.statements.RunBeforeTestClassCallbacks.evaluate(RunBeforeTestClassCallbacks.java:60)
 at org.springframework.test.context.junit4.statements.RunAfterTestClassCallbacks.evaluate(RunAfterTestClassCallbacks.java:67)
 at org.junit.runners.ParentRunner.run(ParentRunner.java:309)
 at org.springframework.test.context.junit4.SpringJUnit4ClassRunner.run(SpringJUnit4ClassRunner.java:162)
 at org.junit.runners.Suite.runChild(Suite.java:127)
 at org.junit.runners.Suite.runChild(Suite.java:26)
 at org.junit.runners.ParentRunner$3.run(ParentRunner.java:238)
 at org.junit.runners.ParentRunner$1.schedule(ParentRunner.java:63)
 at org.junit.runners.ParentRunner.runChildren(ParentRunner.java:236)
 at org.junit.runners.ParentRunner.access$000(ParentRunner.java:53)
 at org.junit.runners.ParentRunner$2.evaluate(ParentRunner.java:229)
 at org.junit.runners.ParentRunner.run(ParentRunner.java:309)
 at org.junit.runner.JUnitCore.run(JUnitCore.java:160)
 at org.junit.runner.JUnitCore.run(JUnitCore.java:138)
 at org.junit.runner.JUnitCore.run(JUnitCore.java:117)
 at org.springframework.boot.groovy.DelegateTestRunner.run(DelegateTestRunner.java:34)
 at sun.reflect.NativeMethodAccessorImpl.invoke0(Native Method)
 at sun.reflect.NativeMethodAccessorImpl.invoke(NativeMethodAccessorImpl.java:62)
 at sun.reflect.DelegatingMethodAccessorImpl.invoke(DelegatingMethodAccessorImpl.java:43)
 at java.lang.reflect.Method.invoke(Method.java:498)
 at org.springframework.boot.cli.command.test.TestRunner$RunThread.run(TestRunner.java:138)

.E
Time: 0.632
There was 1 failure:
1) testBooks(BookTests)
java.lang.NoSuchMethodError: org.springframework.beans.factory.support.DefaultListableBeanFactory.isAllowEagerClassLoading()Z
 at org.springframework.boot.autoconfigure.condition.BeanTypeRegistry.get(BeanTypeRegistry.java:147)
 at org.springframework.boot.autoconfigure.condition.OnBeanCondition.collectBeanNamesForType(OnBeanCondition.java:154)
 at org.springframework.boot.autoconfigure.condition.OnBeanCondition.getBeanNamesForType(OnBeanCondition.java:143)
 at org.springframework.boot.autoconfigure.condition.OnBeanCondition.getMatchingBeans(OnBeanCondition.java:115)
 at org.springframework.boot.autoconfigure.condition.OnBeanCondition.getMatchOutcome(OnBeanCondition.java:90)
 at org.springframework.boot.autoconfigure.condition.SpringBootCondition.matches(SpringBootCondition.java:45)
 at org.springframework.context.annotation.ConditionEvaluator.shouldSkip(ConditionEvaluator.java:102)
 at org.springframework.context.annotation.ConfigurationClassBeanDefinitionReader.loadBeanDefinitionsForBeanMethod(ConfigurationClassBeanDefinitionReader.java:177)
 at org.springframework.context.annotation.ConfigurationClassBeanDefinitionReader.loadBeanDefinitionsForConfigurationClass(ConfigurationClassBeanDefinitionReader.java:146)
 at org.springframework.context.annotation.ConfigurationClassBeanDefinitionReader.loadBeanDefinitions(ConfigurationClassBeanDefinitionReader.java:122)
 at org.springframework.context.annotation.ConfigurationClassPostProcessor.processConfigBeanDefinitions(ConfigurationClassPostProcessor.java:318)
 at org.springframework.context.annotation.ConfigurationClassPostProcessor.postProcessBeanDefinitionRegistry(ConfigurationClassPostProcessor.java:239)
 at org.springframework.context.support.PostProcessorRegistrationDelegate.invokeBeanDefinitionRegistryPostProcessors(PostProcessorRegistrationDelegate.java:254)
 at org.springframework.context.support.PostProcessorRegistrationDelegate.invokeBeanFactoryPostProcessors(PostProcessorRegistrationDelegate.java:94)
 at org.springframework.context.support.AbstractApplicationContext.invokeBeanFactoryPostProcessors(AbstractApplicationContext.java:606)
 at org.springframework.context.support.AbstractApplicationContext.refresh(AbstractApplicationContext.java:462)
 at org.springframework.boot.SpringApplication.refresh(SpringApplication.java:691)
 at org.springframework.boot.SpringApplication.run(SpringApplication.java:321)
 at org.springframework.boot.test.SpringApplicationContextLoader.loadContext(SpringApplicationContextLoader.java:105)
 at org.springframework.test.context.DefaultCacheAwareContextLoaderDelegate.loadContextInternal(DefaultCacheAwareContextLoaderDelegate.java:63)
 at org.springframework.test.context.DefaultCacheAwareContextLoaderDelegate.loadContext(DefaultCacheAwareContextLoaderDelegate.java:83)
 at org.springframework.test.context.DefaultTestContext.getApplicationContext(DefaultTestContext.java:74)
 at org.springframework.test.context.support.DependencyInjectionTestExecutionListener.injectDependencies(DependencyInjectionTestExecutionListener.java:116)
 at org.springframework.test.context.support.DependencyInjectionTestExecutionListener.prepareTestInstance(DependencyInjectionTestExecutionListener.java:82)
 at org.springframework.test.context.TestContextManager.prepareTestInstance(TestContextManager.java:212)
 at org.springframework.test.context.junit4.SpringJUnit4ClassRunner.createTest(SpringJUnit4ClassRunner.java:199)
 at org.springframework.test.context.junit4.SpringJUnit4ClassRunner$1.runReflectiveCall(SpringJUnit4ClassRunner.java:251)
 at org.junit.internal.runners.model.ReflectiveCallable.run(ReflectiveCallable.java:12)
 at org.springframework.test.context.junit4.SpringJUnit4ClassRunner.methodBlock(SpringJUnit4ClassRunner.java:253)
 at org.springframework.test.context.junit4.SpringJUnit4ClassRunner.runChild(SpringJUnit4ClassRunner.java:216)
 at org.springframework.test.context.junit4.SpringJUnit4ClassRunner.runChild(SpringJUnit4ClassRunner.java:82)
 at org.junit.runners.ParentRunner$3.run(ParentRunner.java:238)
 at org.junit.runners.ParentRunner$1.schedule(ParentRunner.java:63)
 at org.junit.runners.ParentRunner.runChildren(ParentRunner.java:236)
 at org.junit.runners.ParentRunner.access$000(ParentRunner.java:53)
 at org.junit.runners.ParentRunner$2.evaluate(ParentRunner.java:229)
 at org.springframework.test.context.junit4.statements.RunBeforeTestClassCallbacks.evaluate(RunBeforeTestClassCallbacks.java:60)
 at org.springframework.test.context.junit4.statements.RunAfterTestClassCallbacks.evaluate(RunAfterTestClassCallbacks.java:67)
 at org.junit.runners.ParentRunner.run(ParentRunner.java:309)
 at org.springframework.test.context.junit4.SpringJUnit4ClassRunner.run(SpringJUnit4ClassRunner.java:162)
 at org.junit.runners.Suite.runChild(Suite.java:127)
 at org.junit.runners.Suite.runChild(Suite.java:26)
 at org.junit.runners.ParentRunner$3.run(ParentRunner.java:238)
 at org.junit.runners.ParentRunner$1.schedule(ParentRunner.java:63)
 at org.junit.runners.ParentRunner.runChildren(ParentRunner.java:236)
 at org.junit.runners.ParentRunner.access$000(ParentRunner.java:53)
 at org.junit.runners.ParentRunner$2.evaluate(ParentRunner.java:229)
 at org.junit.runners.ParentRunner.run(ParentRunner.java:309)
 at org.junit.runner.JUnitCore.run(JUnitCore.java:160)
 at org.junit.runner.JUnitCore.run(JUnitCore.java:138)
 at org.junit.runner.JUnitCore.run(JUnitCore.java:117)
 at org.springframework.boot.groovy.DelegateTestRunner.run(DelegateTestRunner.java:34)
 at sun.reflect.NativeMethodAccessorImpl.invoke0(Native Method)
 at sun.reflect.NativeMethodAccessorImpl.invoke(NativeMethodAccessorImpl.java:62)
 at sun.reflect.DelegatingMethodAccessorImpl.invoke(DelegatingMethodAccessorImpl.java:43)
 at java.lang.reflect.Method.invoke(Method.java:498)
 at org.springframework.boot.cli.command.test.TestRunner$RunThread.run(TestRunner.java:138)

FAILURES!!!
Tests run: 1,  Failures: 1

"""
spring-projects-spring-boot,org.springframework.boot.cli.DirectorySourcesIntegrationTests#runPathPattern,matched (6 report(s) available),java.lang.AssertionError,Order Dependent,"low-confidence guess: found phrase 'illegalstateexception' which can indicate leftover state from another test, but this cannot be confirmed without cross-test execution context","
Expected: a string containing ""Hello World""
     but: was ""
  .   ____          _            __ _ _
 /\\ / ___'_ __ _ _(_)_ __  __ _ \ \ \ \
( ( )\___ | '_ | '_| | '_ \/ _` | \ \ \ \
 \\/  ___)| |_)| | | | | || (_| |  ) ) ) )
  '  |____| .__|_| |_|_| |_\__, | / / / /
 =========|_|==============|___/=/_/_/_/
 :: Spring Boot ::  (v1.2.0.BUILD-SNAPSHOT)

2019-09-04 00:00:42.798  INFO 3923 --- [       runner-2] o.s.boot.SpringApplication               : Starting application on ip-172-31-56-109 with PID 3923 (/root/.m2/repository/org/springframework/boot/spring-boot/1.2.0.BUILD-SNAPSHOT/spring-boot-1.2.0.BUILD-SNAPSHOT.jar started by root in /working/proj/spring-projects-spring-boot-2462/spring-projects-spring-boot/spring-boot-cli)
2019-09-04 00:00:42.801 DEBUG 3923 --- [       runner-2] o.s.boot.SpringApplication               : Running with Spring Boot v1.2.0.BUILD-SNAPSHOT, Spring v4.1.1.RELEASE
2019-09-04 00:00:42.801 DEBUG 3923 --- [       runner-2] o.s.boot.SpringApplication               : Loading source class org.test.MyService,class org.test.Example
2019-09-04 00:00:42.832 DEBUG 3923 --- [       runner-2] o.s.b.c.c.ConfigFileApplicationListener  : Activated profiles integration
2019-09-04 00:00:42.832 DEBUG 3923 --- [       runner-2] o.s.b.c.c.ConfigFileApplicationListener  : Skipped config file 'file:./config/application.xml' resource not found
2019-09-04 00:00:42.832 DEBUG 3923 --- [       runner-2] o.s.b.c.c.ConfigFileApplicationListener  : Skipped config file 'file:./config/application.yml' resource not found
2019-09-04 00:00:42.832 DEBUG 3923 --- [       runner-2] o.s.b.c.c.ConfigFileApplicationListener  : Skipped config file 'file:./config/application.properties' resource not found
2019-09-04 00:00:42.832 DEBUG 3923 --- [       runner-2] o.s.b.c.c.ConfigFileApplicationListener  : Skipped config file 'file:./config/application.yaml' resource not found
2019-09-04 00:00:42.833 DEBUG 3923 --- [       runner-2] o.s.b.c.c.ConfigFileApplicationListener  : Skipped config file 'file:./application.xml' resource not found
2019-09-04 00:00:42.833 DEBUG 3923 --- [       runner-2] o.s.b.c.c.ConfigFileApplicationListener  : Skipped config file 'file:./application.yml' resource not found
2019-09-04 00:00:42.833 DEBUG 3923 --- [       runner-2] o.s.b.c.c.ConfigFileApplicationListener  : Skipped config file 'file:./application.properties' resource not found
2019-09-04 00:00:42.833 DEBUG 3923 --- [       runner-2] o.s.b.c.c.ConfigFileApplicationListener  : Skipped config file 'file:./application.yaml' resource not found
2019-09-04 00:00:42.833 DEBUG 3923 --- [       runner-2] o.s.b.c.c.ConfigFileApplicationListener  : Skipped config file 'classpath:/config/application.xml' resource not found
2019-09-04 00:00:42.833 DEBUG 3923 --- [       runner-2] o.s.b.c.c.ConfigFileApplicationListener  : Skipped config file 'classpath:/config/application.yml' resource not found
2019-09-04 00:00:42.833 DEBUG 3923 --- [       runner-2] o.s.b.c.c.ConfigFileApplicationListener  : Skipped config file 'classpath:/config/application.properties' resource not found
2019-09-04 00:00:42.834 DEBUG 3923 --- [       runner-2] o.s.b.c.c.ConfigFileApplicationListener  : Skipped config file 'classpath:/config/application.yaml' resource not found
2019-09-04 00:00:42.834 DEBUG 3923 --- [       runner-2] o.s.b.c.c.ConfigFileApplicationListener  : Skipped config file 'classpath:/application.xml' resource not found
2019-09-04 00:00:42.834 DEBUG 3923 --- [       runner-2] o.s.b.c.c.ConfigFileApplicationListener  : Skipped config file 'classpath:/application.yml' resource not found
2019-09-04 00:00:42.834 DEBUG 3923 --- [       runner-2] o.s.b.c.c.ConfigFileApplicationListener  : Skipped config file 'classpath:/application.properties' resource not found
2019-09-04 00:00:42.835 DEBUG 3923 --- [       runner-2] o.s.b.c.c.ConfigFileApplicationListener  : Skipped config file 'classpath:/application.yaml' resource not found
2019-09-04 00:00:42.836 DEBUG 3923 --- [       runner-2] o.s.b.c.c.ConfigFileApplicationListener  : Skipped config file 'file:./config/application-integration.xml' resource not found
2019-09-04 00:00:42.836 DEBUG 3923 --- [       runner-2] o.s.b.c.c.ConfigFileApplicationListener  : Skipped config file 'file:./config/application-integration.xml' for profile integrationresource not found
2019-09-04 00:00:42.836 DEBUG 3923 --- [       runner-2] o.s.b.c.c.ConfigFileApplicationListener  : Skipped config file 'file:./config/application.xml' for profile integrationresource not found
2019-09-04 00:00:42.837 DEBUG 3923 --- [       runner-2] o.s.b.c.c.ConfigFileApplicationListener  : Skipped config file 'file:./config/application-integration.yml' resource not found
2019-09-04 00:00:42.837 DEBUG 3923 --- [       runner-2] o.s.b.c.c.ConfigFileApplicationListener  : Skipped config file 'file:./config/application-integration.yml' for profile integrationresource not found
2019-09-04 00:00:42.837 DEBUG 3923 --- [       runner-2] o.s.b.c.c.ConfigFileApplicationListener  : Skipped config file 'file:./config/application.yml' for profile integrationresource not found
2019-09-04 00:00:42.837 DEBUG 3923 --- [       runner-2] o.s.b.c.c.ConfigFileApplicationListener  : Skipped config file 'file:./config/application-integration.properties' resource not found
2019-09-04 00:00:42.837 DEBUG 3923 --- [       runner-2] o.s.b.c.c.ConfigFileApplicationListener  : Skipped config file 'file:./config/application-integration.properties' for profile integrationresource not found
2019-09-04 00:00:42.837 DEBUG 3923 --- [       runner-2] o.s.b.c.c.ConfigFileApplicationListener  : Skipped config file 'file:./config/application.properties' for profile integrationresource not found
2019-09-04 00:00:42.837 DEBUG 3923 --- [       runner-2] o.s.b.c.c.ConfigFileApplicationListener  : Skipped config file 'file:./config/application-integration.yaml' resource not found
2019-09-04 00:00:42.837 DEBUG 3923 --- [       runner-2] o.s.b.c.c.ConfigFileApplicationListener  : Skipped config file 'file:./config/application-integration.yaml' for profile integrationresource not found
2019-09-04 00:00:42.838 DEBUG 3923 --- [       runner-2] o.s.b.c.c.ConfigFileApplicationListener  : Skipped config file 'file:./config/application.yaml' for profile integrationresource not found
2019-09-04 00:00:42.838 DEBUG 3923 --- [       runner-2] o.s.b.c.c.ConfigFileApplicationListener  : Skipped config file 'file:./application-integration.xml' resource not found
2019-09-04 00:00:42.838 DEBUG 3923 --- [       runner-2] o.s.b.c.c.ConfigFileApplicationListener  : Skipped config file 'file:./application-integration.xml' for profile integrationresource not found
2019-09-04 00:00:42.839 DEBUG 3923 --- [       runner-2] o.s.b.c.c.ConfigFileApplicationListener  : Skipped config file 'file:./application.xml' for profile integrationresource not found
2019-09-04 00:00:42.839 DEBUG 3923 --- [       runner-2] o.s.b.c.c.ConfigFileApplicationListener  : Skipped config file 'file:./application-integration.yml' resource not found
2019-09-04 00:00:42.839 DEBUG 3923 --- [       runner-2] o.s.b.c.c.ConfigFileApplicationListener  : Skipped config file 'file:./application-integration.yml' for profile integrationresource not found
2019-09-04 00:00:42.842 DEBUG 3923 --- [       runner-2] o.s.b.c.c.ConfigFileApplicationListener  : Skipped config file 'file:./application.yml' for profile integrationresource not found
2019-09-04 00:00:42.842 DEBUG 3923 --- [       runner-2] o.s.b.c.c.ConfigFileApplicationListener  : Skipped config file 'file:./application-integration.properties' resource not found
2019-09-04 00:00:42.842 DEBUG 3923 --- [       runner-2] o.s.b.c.c.ConfigFileApplicationListener  : Skipped config file 'file:./application-integration.properties' for profile integrationresource not found
2019-09-04 00:00:42.842 DEBUG 3923 --- [       runner-2] o.s.b.c.c.ConfigFileApplicationListener  : Skipped config file 'file:./application.properties' for profile integrationresource not found
2019-09-04 00:00:42.842 DEBUG 3923 --- [       runner-2] o.s.b.c.c.ConfigFileApplicationListener  : Skipped config file 'file:./application-integration.yaml' resource not found
2019-09-04 00:00:42.842 DEBUG 3923 --- [       runner-2] o.s.b.c.c.ConfigFileApplicationListener  : Skipped config file 'file:./application-integration.yaml' for profile integrationresource not found
2019-09-04 00:00:42.843 DEBUG 3923 --- [       runner-2] o.s.b.c.c.ConfigFileApplicationListener  : Skipped config file 'file:./application.yaml' for profile integrationresource not found
2019-09-04 00:00:42.843 DEBUG 3923 --- [       runner-2] o.s.b.c.c.ConfigFileApplicationListener  : Skipped config file 'classpath:/config/application-integration.xml' resource not found
2019-09-04 00:00:42.843 DEBUG 3923 --- [       runner-2] o.s.b.c.c.ConfigFileApplicationListener  : Skipped config file 'classpath:/config/application-integration.xml' for profile integrationresource not found
2019-09-04 00:00:42.843 DEBUG 3923 --- [       runner-2] o.s.b.c.c.ConfigFileApplicationListener  : Skipped config file 'classpath:/config/application.xml' for profile integrationresource not found
2019-09-04 00:00:42.843 DEBUG 3923 --- [       runner-2] o.s.b.c.c.ConfigFileApplicationListener  : Skipped config file 'classpath:/config/application-integration.yml' resource not found
2019-09-04 00:00:42.843 DEBUG 3923 --- [       runner-2] o.s.b.c.c.ConfigFileApplicationListener  : Skipped config file 'classpath:/config/application-integration.yml' for profile integrationresource not found
2019-09-04 00:00:42.843 DEBUG 3923 --- [       runner-2] o.s.b.c.c.ConfigFileApplicationListener  : Skipped config file 'classpath:/config/application.yml' for profile integrationresource not found
2019-09-04 00:00:42.844 DEBUG 3923 --- [       runner-2] o.s.b.c.c.ConfigFileApplicationListener  : Skipped config file 'classpath:/config/application-integration.properties' resource not found
2019-09-04 00:00:42.844 DEBUG 3923 --- [       runner-2] o.s.b.c.c.ConfigFileApplicationListener  : Skipped config file 'classpath:/config/application-integration.properties' for profile integrationresource not found
2019-09-04 00:00:42.844 DEBUG 3923 --- [       runner-2] o.s.b.c.c.ConfigFileApplicationListener  : Skipped config file 'classpath:/config/application.properties' for profile integrationresource not found
2019-09-04 00:00:42.844 DEBUG 3923 --- [       runner-2] o.s.b.c.c.ConfigFileApplicationListener  : Skipped config file 'classpath:/config/application-integration.yaml' resource not found
2019-09-04 00:00:42.844 DEBUG 3923 --- [       runner-2] o.s.b.c.c.ConfigFileApplicationListener  : Skipped config file 'classpath:/config/application-integration.yaml' for profile integrationresource not found
2019-09-04 00:00:42.846 DEBUG 3923 --- [       runner-2] o.s.b.c.c.ConfigFileApplicationListener  : Skipped config file 'classpath:/config/application.yaml' for profile integrationresource not found
2019-09-04 00:00:42.846 DEBUG 3923 --- [       runner-2] o.s.b.c.c.ConfigFileApplicationListener  : Skipped config file 'classpath:/application-integration.xml' resource not found
2019-09-04 00:00:42.846 DEBUG 3923 --- [       runner-2] o.s.b.c.c.ConfigFileApplicationListener  : Skipped config file 'classpath:/application-integration.xml' for profile integrationresource not found
2019-09-04 00:00:42.847 DEBUG 3923 --- [       runner-2] o.s.b.c.c.ConfigFileApplicationListener  : Skipped config file 'classpath:/application.xml' for profile integrationresource not found
2019-09-04 00:00:42.847 DEBUG 3923 --- [       runner-2] o.s.b.c.c.ConfigFileApplicationListener  : Skipped config file 'classpath:/application-integration.yml' resource not found
2019-09-04 00:00:42.848 DEBUG 3923 --- [       runner-2] o.s.b.c.c.ConfigFileApplicationListener  : Skipped config file 'classpath:/application-integration.yml' for profile integrationresource not found
2019-09-04 00:00:42.848 DEBUG 3923 --- [       runner-2] o.s.b.c.c.ConfigFileApplicationListener  : Skipped config file 'classpath:/application.yml' for profile integrationresource not found
2019-09-04 00:00:42.848 DEBUG 3923 --- [       runner-2] o.s.b.c.c.ConfigFileApplicationListener  : Skipped config file 'classpath:/application-integration.properties' resource not found
2019-09-04 00:00:42.848 DEBUG 3923 --- [       runner-2] o.s.b.c.c.ConfigFileApplicationListener  : Skipped config file 'classpath:/application-integration.properties' for profile integrationresource not found
2019-09-04 00:00:42.849 DEBUG 3923 --- [       runner-2] o.s.b.c.c.ConfigFileApplicationListener  : Skipped config file 'classpath:/application.properties' for profile integrationresource not found
2019-09-04 00:00:42.849 DEBUG 3923 --- [       runner-2] o.s.b.c.c.ConfigFileApplicationListener  : Skipped config file 'classpath:/application-integration.yaml' resource not found
2019-09-04 00:00:42.849 DEBUG 3923 --- [       runner-2] o.s.b.c.c.ConfigFileApplicationListener  : Skipped config file 'classpath:/application-integration.yaml' for profile integrationresource not found
2019-09-04 00:00:42.849 DEBUG 3923 --- [       runner-2] o.s.b.c.c.ConfigFileApplicationListener  : Skipped config file 'classpath:/application.yaml' for profile integrationresource not found
2019-09-04 00:00:42.850  INFO 3923 --- [       runner-2] s.c.a.AnnotationConfigApplicationContext : Refreshing org.springframework.context.annotation.AnnotationConfigApplicationContext@7477ec: startup date [Wed Sep 04 00:00:42 UTC 2019]; root of context hierarchy
2019-09-04 00:00:43.152  INFO 3923 --- [       runner-2] .b.l.ClasspathLoggingApplicationListener : Application failed to start with classpath: []
2019-09-04 00:00:43.156 ERROR 3923 --- [       runner-2] o.s.boot.SpringApplication               : Application startup failed

java.lang.NoSuchMethodError: org.springframework.beans.factory.support.DefaultListableBeanFactory.isAllowEagerClassLoading()Z
 at org.springframework.boot.autoconfigure.condition.BeanTypeRegistry.get(BeanTypeRegistry.java:147)
 at org.springframework.boot.autoconfigure.condition.OnBeanCondition.collectBeanNamesForType(OnBeanCondition.java:154)
 at org.springframework.boot.autoconfigure.condition.OnBeanCondition.getBeanNamesForType(OnBeanCondition.java:143)
 at org.springframework.boot.autoconfigure.condition.OnBeanCondition.getMatchingBeans(OnBeanCondition.java:115)
 at org.springframework.boot.autoconfigure.condition.OnBeanCondition.getMatchOutcome(OnBeanCondition.java:90)
 at org.springframework.boot.autoconfigure.condition.SpringBootCondition.matches(SpringBootCondition.java:45)
 at org.springframework.context.annotation.ConditionEvaluator.shouldSkip(ConditionEvaluator.java:102)
 at org.springframework.context.annotation.ConfigurationClassBeanDefinitionReader.loadBeanDefinitionsForBeanMethod(ConfigurationClassBeanDefinitionReader.java:177)
 at org.springframework.context.annotation.ConfigurationClassBeanDefinitionReader.loadBeanDefinitionsForConfigurationClass(ConfigurationClassBeanDefinitionReader.java:146)
 at org.springframework.context.annotation.ConfigurationClassBeanDefinitionReader.loadBeanDefinitions(ConfigurationClassBeanDefinitionReader.java:122)
 at org.springframework.context.annotation.ConfigurationClassPostProcessor.processConfigBeanDefinitions(ConfigurationClassPostProcessor.java:318)
 at org.springframework.context.annotation.ConfigurationClassPostProcessor.postProcessBeanDefinitionRegistry(ConfigurationClassPostProcessor.java:239)
 at org.springframework.context.support.PostProcessorRegistrationDelegate.invokeBeanDefinitionRegistryPostProcessors(PostProcessorRegistrationDelegate.java:254)
 at org.springframework.context.support.PostProcessorRegistrationDelegate.invokeBeanFactoryPostProcessors(PostProcessorRegistrationDelegate.java:94)
 at org.springframework.context.support.AbstractApplicationContext.invokeBeanFactoryPostProcessors(AbstractApplicationContext.java:606)
 at org.springframework.context.support.AbstractApplicationContext.refresh(AbstractApplicationContext.java:462)
 at org.springframework.boot.SpringApplication.refresh(SpringApplication.java:691)
 at org.springframework.boot.SpringApplication.run(SpringApplication.java:321)
 at org.springframework.boot.SpringApplication.run(SpringApplication.java:961)
 at sun.reflect.NativeMethodAccessorImpl.invoke0(Native Method)
 at sun.reflect.NativeMethodAccessorImpl.invoke(NativeMethodAccessorImpl.java:62)
 at sun.reflect.DelegatingMethodAccessorImpl.invoke(DelegatingMethodAccessorImpl.java:43)
 at java.lang.reflect.Method.invoke(Method.java:498)
 at org.springframework.boot.cli.command.run.SpringApplicationRunner$RunThread.run(SpringApplicationRunner.java:152)

2019-09-04 00:00:43.157  INFO 3923 --- [       runner-2] s.c.a.AnnotationConfigApplicationContext : Closing org.springframework.context.annotation.AnnotationConfigApplicationContext@7477ec: startup date [Wed Sep 04 00:00:42 UTC 2019]; root of context hierarchy
2019-09-04 00:00:43.158  WARN 3923 --- [       runner-2] s.c.a.AnnotationConfigApplicationContext : Exception thrown from ApplicationListener handling ContextClosedEvent

java.lang.IllegalStateException: ApplicationEventMulticaster not initialized - call 'refresh' before multicasting events via the context: org.springframework.context.annotation.AnnotationConfigApplicationContext@7477ec: startup date [Wed Sep 04 00:00:42 UTC 2019]; root of context hierarchy
 at org.springframework.context.support.AbstractApplicationContext.getApplicationEventMulticaster(AbstractApplicationContext.java:344)
 at org.springframework.context.support.AbstractApplicationContext.publishEvent(AbstractApplicationContext.java:331)
 at org.springframework.context.support.AbstractApplicationContext.doClose(AbstractApplicationContext.java:869)
 at org.springframework.context.support.AbstractApplicationContext.close(AbstractApplicationContext.java:836)
 at org.springframework.boot.SpringApplication.run(SpringApplication.java:343)
 at org.springframework.boot.SpringApplication.run(SpringApplication.java:961)
 at sun.reflect.NativeMethodAccessorImpl.invoke0(Native Method)
 at sun.reflect.NativeMethodAccessorImpl.invoke(NativeMethodAccessorImpl.java:62)
 at sun.reflect.DelegatingMethodAccessorImpl.invoke(DelegatingMethodAccessorImpl.java:43)
 at java.lang.reflect.Method.invoke(Method.java:498)
 at org.springframework.boot.cli.command.run.SpringApplicationRunner$RunThread.run(SpringApplicationRunner.java:152)

2019-09-04 00:00:43.159  WARN 3923 --- [       runner-2] s.c.a.AnnotationConfigApplicationContext : Exception thrown from LifecycleProcessor on context close

java.lang.IllegalStateException: LifecycleProcessor not initialized - call 'refresh' before invoking lifecycle methods via the context: org.springframework.context.annotation.AnnotationConfigApplicationContext@7477ec: startup date [Wed Sep 04 00:00:42 UTC 2019]; root of context hierarchy
 at org.springframework.context.support.AbstractApplicationContext.getLifecycleProcessor(AbstractApplicationContext.java:357)
 at org.springframework.context.support.AbstractApplicationContext.doClose(AbstractApplicationContext.java:877)
 at org.springframework.context.support.AbstractApplicationContext.close(AbstractApplicationContext.java:836)
 at org.springframework.boot.SpringApplication.run(SpringApplication.java:343)
 at org.springframework.boot.SpringApplication.run(SpringApplication.java:961)
 at sun.reflect.NativeMethodAccessorImpl.invoke0(Native Method)
 at sun.reflect.NativeMethodAccessorImpl.invoke(NativeMethodAccessorImpl.java:62)
 at sun.reflect.DelegatingMethodAccessorImpl.invoke(DelegatingMethodAccessorImpl.java:43)
 at java.lang.reflect.Method.invoke(Method.java:498)
 at org.springframework.boot.cli.command.run.SpringApplicationRunner$RunThread.run(SpringApplicationRunner.java:152)

java.lang.reflect.InvocationTargetException
 at sun.reflect.NativeMethodAccessorImpl.invoke0(Native Method)
 at sun.reflect.NativeMethodAccessorImpl.invoke(NativeMethodAccessorImpl.java:62)
 at sun.reflect.DelegatingMethodAccessorImpl.invoke(DelegatingMethodAccessorImpl.java:43)
 at java.lang.reflect.Method.invoke(Method.java:498)
 at org.springframework.boot.cli.command.run.SpringApplicationRunner$RunThread.run(SpringApplicationRunner.java:152)
Caused by: java.lang.NoSuchMethodError: org.springframework.beans.factory.support.DefaultListableBeanFactory.isAllowEagerClassLoading()Z
 at org.springframework.boot.autoconfigure.condition.BeanTypeRegistry.get(BeanTypeRegistry.java:147)
 at org.springframework.boot.autoconfigure.condition.OnBeanCondition.collectBeanNamesForType(OnBeanCondition.java:154)
 at org.springframework.boot.autoconfigure.condition.OnBeanCondition.getBeanNamesForType(OnBeanCondition.java:143)
 at org.springframework.boot.autoconfigure.condition.OnBeanCondition.getMatchingBeans(OnBeanCondition.java:115)
 at org.springframework.boot.autoconfigure.condition.OnBeanCondition.getMatchOutcome(OnBeanCondition.java:90)
 at org.springframework.boot.autoconfigure.condition.SpringBootCondition.matches(SpringBootCondition.java:45)
 at org.springframework.context.annotation.ConditionEvaluator.shouldSkip(ConditionEvaluator.java:102)
 at org.springframework.context.annotation.ConfigurationClassBeanDefinitionReader.loadBeanDefinitionsForBeanMethod(ConfigurationClassBeanDefinitionReader.java:177)
 at org.springframework.context.annotation.ConfigurationClassBeanDefinitionReader.loadBeanDefinitionsForConfigurationClass(ConfigurationClassBeanDefinitionReader.java:146)
 at org.springframework.context.annotation.ConfigurationClassBeanDefinitionReader.loadBeanDefinitions(ConfigurationClassBeanDefinitionReader.java:122)
 at org.springframework.context.annotation.ConfigurationClassPostProcessor.processConfigBeanDefinitions(ConfigurationClassPostProcessor.java:318)
 at org.springframework.context.annotation.ConfigurationClassPostProcessor.postProcessBeanDefinitionRegistry(ConfigurationClassPostProcessor.java:239)
 at org.springframework.context.support.PostProcessorRegistrationDelegate.invokeBeanDefinitionRegistryPostProcessors(PostProcessorRegistrationDelegate.java:254)
 at org.springframework.context.support.PostProcessorRegistrationDelegate.invokeBeanFactoryPostProcessors(PostProcessorRegistrationDelegate.java:94)
 at org.springframework.context.support.AbstractApplicationContext.invokeBeanFactoryPostProcessors(AbstractApplicationContext.java:606)
 at org.springframework.context.support.AbstractApplicationContext.refresh(AbstractApplicationContext.java:462)
 at org.springframework.boot.SpringApplication.refresh(SpringApplication.java:691)
 at org.springframework.boot.SpringApplication.run(SpringApplication.java:321)
 at org.springframework.boot.SpringApplication.run(SpringApplication.java:961)
 ... 5 more
"""
spring-projects-spring-boot,org.springframework.boot.cli.DirectorySourcesIntegrationTests#runDirectory,matched (7 report(s) available),java.lang.AssertionError,Order Dependent,"low-confidence guess: found phrase 'illegalstateexception' which can indicate leftover state from another test, but this cannot be confirmed without cross-test execution context","
Expected: a string containing ""Hello World""
     but: was ""
  .   ____          _            __ _ _
 /\\ / ___'_ __ _ _(_)_ __  __ _ \ \ \ \
( ( )\___ | '_ | '_| | '_ \/ _` | \ \ \ \
 \\/  ___)| |_)| | | | | || (_| |  ) ) ) )
  '  |____| .__|_| |_|_| |_\__, | / / / /
 =========|_|==============|___/=/_/_/_/
 :: Spring Boot ::  (v1.2.0.BUILD-SNAPSHOT)

2019-09-04 00:00:43.620  INFO 3923 --- [       runner-3] o.s.boot.SpringApplication               : Starting application on ip-172-31-56-109 with PID 3923 (/root/.m2/repository/org/springframework/boot/spring-boot/1.2.0.BUILD-SNAPSHOT/spring-boot-1.2.0.BUILD-SNAPSHOT.jar started by root in /working/proj/spring-projects-spring-boot-2462/spring-projects-spring-boot/spring-boot-cli)
2019-09-04 00:00:43.622 DEBUG 3923 --- [       runner-3] o.s.boot.SpringApplication               : Running with Spring Boot v1.2.0.BUILD-SNAPSHOT, Spring v4.1.1.RELEASE
2019-09-04 00:00:43.622 DEBUG 3923 --- [       runner-3] o.s.boot.SpringApplication               : Loading source class org.test.MyService,class org.test.Example
2019-09-04 00:00:43.644 DEBUG 3923 --- [       runner-3] o.s.b.c.c.ConfigFileApplicationListener  : Activated profiles integration
2019-09-04 00:00:43.644 DEBUG 3923 --- [       runner-3] o.s.b.c.c.ConfigFileApplicationListener  : Skipped config file 'file:./config/application.xml' resource not found
2019-09-04 00:00:43.644 DEBUG 3923 --- [       runner-3] o.s.b.c.c.ConfigFileApplicationListener  : Skipped config file 'file:./config/application.yml' resource not found
2019-09-04 00:00:43.644 DEBUG 3923 --- [       runner-3] o.s.b.c.c.ConfigFileApplicationListener  : Skipped config file 'file:./config/application.properties' resource not found
2019-09-04 00:00:43.644 DEBUG 3923 --- [       runner-3] o.s.b.c.c.ConfigFileApplicationListener  : Skipped config file 'file:./config/application.yaml' resource not found
2019-09-04 00:00:43.645 DEBUG 3923 --- [       runner-3] o.s.b.c.c.ConfigFileApplicationListener  : Skipped config file 'file:./application.xml' resource not found
2019-09-04 00:00:43.645 DEBUG 3923 --- [       runner-3] o.s.b.c.c.ConfigFileApplicationListener  : Skipped config file 'file:./application.yml' resource not found
2019-09-04 00:00:43.645 DEBUG 3923 --- [       runner-3] o.s.b.c.c.ConfigFileApplicationListener  : Skipped config file 'file:./application.properties' resource not found
2019-09-04 00:00:43.645 DEBUG 3923 --- [       runner-3] o.s.b.c.c.ConfigFileApplicationListener  : Skipped config file 'file:./application.yaml' resource not found
2019-09-04 00:00:43.645 DEBUG 3923 --- [       runner-3] o.s.b.c.c.ConfigFileApplicationListener  : Skipped config file 'classpath:/config/application.xml' resource not found
2019-09-04 00:00:43.645 DEBUG 3923 --- [       runner-3] o.s.b.c.c.ConfigFileApplicationListener  : Skipped config file 'classpath:/config/application.yml' resource not found
2019-09-04 00:00:43.645 DEBUG 3923 --- [       runner-3] o.s.b.c.c.ConfigFileApplicationListener  : Skipped config file 'classpath:/config/application.properties' resource not found
2019-09-04 00:00:43.646 DEBUG 3923 --- [       runner-3] o.s.b.c.c.ConfigFileApplicationListener  : Skipped config file 'classpath:/config/application.yaml' resource not found
2019-09-04 00:00:43.646 DEBUG 3923 --- [       runner-3] o.s.b.c.c.ConfigFileApplicationListener  : Skipped config file 'classpath:/application.xml' resource not found
2019-09-04 00:00:43.646 DEBUG 3923 --- [       runner-3] o.s.b.c.c.ConfigFileApplicationListener  : Skipped config file 'classpath:/application.yml' resource not found
2019-09-04 00:00:43.646 DEBUG 3923 --- [       runner-3] o.s.b.c.c.ConfigFileApplicationListener  : Skipped config file 'classpath:/application.properties' resource not found
2019-09-04 00:00:43.646 DEBUG 3923 --- [       runner-3] o.s.b.c.c.ConfigFileApplicationListener  : Skipped config file 'classpath:/application.yaml' resource not found
2019-09-04 00:00:43.646 DEBUG 3923 --- [       runner-3] o.s.b.c.c.ConfigFileApplicationListener  : Skipped config file 'file:./config/application-integration.xml' resource not found
2019-09-04 00:00:43.647 DEBUG 3923 --- [       runner-3] o.s.b.c.c.ConfigFileApplicationListener  : Skipped config file 'file:./config/application-integration.xml' for profile integrationresource not found
2019-09-04 00:00:43.647 DEBUG 3923 --- [       runner-3] o.s.b.c.c.ConfigFileApplicationListener  : Skipped config file 'file:./config/application.xml' for profile integrationresource not found
2019-09-04 00:00:43.647 DEBUG 3923 --- [       runner-3] o.s.b.c.c.ConfigFileApplicationListener  : Skipped config file 'file:./config/application-integration.yml' resource not found
2019-09-04 00:00:43.647 DEBUG 3923 --- [       runner-3] o.s.b.c.c.ConfigFileApplicationListener  : Skipped config file 'file:./config/application-integration.yml' for profile integrationresource not found
2019-09-04 00:00:43.647 DEBUG 3923 --- [       runner-3] o.s.b.c.c.ConfigFileApplicationListener  : Skipped config file 'file:./config/application.yml' for profile integrationresource not found
2019-09-04 00:00:43.647 DEBUG 3923 --- [       runner-3] o.s.b.c.c.ConfigFileApplicationListener  : Skipped config file 'file:./config/application-integration.properties' resource not found
2019-09-04 00:00:43.647 DEBUG 3923 --- [       runner-3] o.s.b.c.c.ConfigFileApplicationListener  : Skipped config file 'file:./config/application-integration.properties' for profile integrationresource not found
2019-09-04 00:00:43.648 DEBUG 3923 --- [       runner-3] o.s.b.c.c.ConfigFileApplicationListener  : Skipped config file 'file:./config/application.properties' for profile integrationresource not found
2019-09-04 00:00:43.648 DEBUG 3923 --- [       runner-3] o.s.b.c.c.ConfigFileApplicationListener  : Skipped config file 'file:./config/application-integration.yaml' resource not found
2019-09-04 00:00:43.648 DEBUG 3923 --- [       runner-3] o.s.b.c.c.ConfigFileApplicationListener  : Skipped config file 'file:./config/application-integration.yaml' for profile integrationresource not found
2019-09-04 00:00:43.648 DEBUG 3923 --- [       runner-3] o.s.b.c.c.ConfigFileApplicationListener  : Skipped config file 'file:./config/application.yaml' for profile integrationresource not found
2019-09-04 00:00:43.648 DEBUG 3923 --- [       runner-3] o.s.b.c.c.ConfigFileApplicationListener  : Skipped config file 'file:./application-integration.xml' resource not found
2019-09-04 00:00:43.648 DEBUG 3923 --- [       runner-3] o.s.b.c.c.ConfigFileApplicationListener  : Skipped config file 'file:./application-integration.xml' for profile integrationresource not found
2019-09-04 00:00:43.648 DEBUG 3923 --- [       runner-3] o.s.b.c.c.ConfigFileApplicationListener  : Skipped config file 'file:./application.xml' for profile integrationresource not found
2019-09-04 00:00:43.649 DEBUG 3923 --- [       runner-3] o.s.b.c.c.ConfigFileApplicationListener  : Skipped config file 'file:./application-integration.yml' resource not found
2019-09-04 00:00:43.649 DEBUG 3923 --- [       runner-3] o.s.b.c.c.ConfigFileApplicationListener  : Skipped config file 'file:./application-integration.yml' for profile integrationresource not found
2019-09-04 00:00:43.649 DEBUG 3923 --- [       runner-3] o.s.b.c.c.ConfigFileApplicationListener  : Skipped config file 'file:./application.yml' for profile integrationresource not found
2019-09-04 00:00:43.649 DEBUG 3923 --- [       runner-3] o.s.b.c.c.ConfigFileApplicationListener  : Skipped config file 'file:./application-integration.properties' resource not found
2019-09-04 00:00:43.649 DEBUG 3923 --- [       runner-3] o.s.b.c.c.ConfigFileApplicationListener  : Skipped config file 'file:./application-integration.properties' for profile integrationresource not found
2019-09-04 00:00:43.649 DEBUG 3923 --- [       runner-3] o.s.b.c.c.ConfigFileApplicationListener  : Skipped config file 'file:./application.properties' for profile integrationresource not found
2019-09-04 00:00:43.649 DEBUG 3923 --- [       runner-3] o.s.b.c.c.ConfigFileApplicationListener  : Skipped config file 'file:./application-integration.yaml' resource not found
2019-09-04 00:00:43.650 DEBUG 3923 --- [       runner-3] o.s.b.c.c.ConfigFileApplicationListener  : Skipped config file 'file:./application-integration.yaml' for profile integrationresource not found
2019-09-04 00:00:43.650 DEBUG 3923 --- [       runner-3] o.s.b.c.c.ConfigFileApplicationListener  : Skipped config file 'file:./application.yaml' for profile integrationresource not found
2019-09-04 00:00:43.650 DEBUG 3923 --- [       runner-3] o.s.b.c.c.ConfigFileApplicationListener  : Skipped config file 'classpath:/config/application-integration.xml' resource not found
2019-09-04 00:00:43.650 DEBUG 3923 --- [       runner-3] o.s.b.c.c.ConfigFileApplicationListener  : Skipped config file 'classpath:/config/application-integration.xml' for profile integrationresource not found
2019-09-04 00:00:43.650 DEBUG 3923 --- [       runner-3] o.s.b.c.c.ConfigFileApplicationListener  : Skipped config file 'classpath:/config/application.xml' for profile integrationresource not found
2019-09-04 00:00:43.650 DEBUG 3923 --- [       runner-3] o.s.b.c.c.ConfigFileApplicationListener  : Skipped config file 'classpath:/config/application-integration.yml' resource not found
2019-09-04 00:00:43.650 DEBUG 3923 --- [       runner-3] o.s.b.c.c.ConfigFileApplicationListener  : Skipped config file 'classpath:/config/application-integration.yml' for profile integrationresource not found
2019-09-04 00:00:43.651 DEBUG 3923 --- [       runner-3] o.s.b.c.c.ConfigFileApplicationListener  : Skipped config file 'classpath:/config/application.yml' for profile integrationresource not found
2019-09-04 00:00:43.651 DEBUG 3923 --- [       runner-3] o.s.b.c.c.ConfigFileApplicationListener  : Skipped config file 'classpath:/config/application-integration.properties' resource not found
2019-09-04 00:00:43.651 DEBUG 3923 --- [       runner-3] o.s.b.c.c.ConfigFileApplicationListener  : Skipped config file 'classpath:/config/application-integration.properties' for profile integrationresource not found
2019-09-04 00:00:43.651 DEBUG 3923 --- [       runner-3] o.s.b.c.c.ConfigFileApplicationListener  : Skipped config file 'classpath:/config/application.properties' for profile integrationresource not found
2019-09-04 00:00:43.651 DEBUG 3923 --- [       runner-3] o.s.b.c.c.ConfigFileApplicationListener  : Skipped config file 'classpath:/config/application-integration.yaml' resource not found
2019-09-04 00:00:43.651 DEBUG 3923 --- [       runner-3] o.s.b.c.c.ConfigFileApplicationListener  : Skipped config file 'classpath:/config/application-integration.yaml' for profile integrationresource not found
2019-09-04 00:00:43.651 DEBUG 3923 --- [       runner-3] o.s.b.c.c.ConfigFileApplicationListener  : Skipped config file 'classpath:/config/application.yaml' for profile integrationresource not found
2019-09-04 00:00:43.652 DEBUG 3923 --- [       runner-3] o.s.b.c.c.ConfigFileApplicationListener  : Skipped config file 'classpath:/application-integration.xml' resource not found
2019-09-04 00:00:43.652 DEBUG 3923 --- [       runner-3] o.s.b.c.c.ConfigFileApplicationListener  : Skipped config file 'classpath:/application-integration.xml' for profile integrationresource not found
2019-09-04 00:00:43.652 DEBUG 3923 --- [       runner-3] o.s.b.c.c.ConfigFileApplicationListener  : Skipped config file 'classpath:/application.xml' for profile integrationresource not found
2019-09-04 00:00:43.652 DEBUG 3923 --- [       runner-3] o.s.b.c.c.ConfigFileApplicationListener  : Skipped config file 'classpath:/application-integration.yml' resource not found
2019-09-04 00:00:43.652 DEBUG 3923 --- [       runner-3] o.s.b.c.c.ConfigFileApplicationListener  : Skipped config file 'classpath:/application-integration.yml' for profile integrationresource not found
2019-09-04 00:00:43.652 DEBUG 3923 --- [       runner-3] o.s.b.c.c.ConfigFileApplicationListener  : Skipped config file 'classpath:/application.yml' for profile integrationresource not found
2019-09-04 00:00:43.652 DEBUG 3923 --- [       runner-3] o.s.b.c.c.ConfigFileApplicationListener  : Skipped config file 'classpath:/application-integration.properties' resource not found
2019-09-04 00:00:43.653 DEBUG 3923 --- [       runner-3] o.s.b.c.c.ConfigFileApplicationListener  : Skipped config file 'classpath:/application-integration.properties' for profile integrationresource not found
2019-09-04 00:00:43.653 DEBUG 3923 --- [       runner-3] o.s.b.c.c.ConfigFileApplicationListener  : Skipped config file 'classpath:/application.properties' for profile integrationresource not found
2019-09-04 00:00:43.653 DEBUG 3923 --- [       runner-3] o.s.b.c.c.ConfigFileApplicationListener  : Skipped config file 'classpath:/application-integration.yaml' resource not found
2019-09-04 00:00:43.653 DEBUG 3923 --- [       runner-3] o.s.b.c.c.ConfigFileApplicationListener  : Skipped config file 'classpath:/application-integration.yaml' for profile integrationresource not found
2019-09-04 00:00:43.653 DEBUG 3923 --- [       runner-3] o.s.b.c.c.ConfigFileApplicationListener  : Skipped config file 'classpath:/application.yaml' for profile integrationresource not found
2019-09-04 00:00:43.654  INFO 3923 --- [       runner-3] s.c.a.AnnotationConfigApplicationContext : Refreshing org.springframework.context.annotation.AnnotationConfigApplicationContext@27f37d2d: startup date [Wed Sep 04 00:00:43 UTC 2019]; root of context hierarchy
2019-09-04 00:00:43.878  INFO 3923 --- [       runner-3] .b.l.ClasspathLoggingApplicationListener : Application failed to start with classpath: []
2019-09-04 00:00:43.882 ERROR 3923 --- [       runner-3] o.s.boot.SpringApplication               : Application startup failed

java.lang.NoSuchMethodError: org.springframework.beans.factory.support.DefaultListableBeanFactory.isAllowEagerClassLoading()Z
 at org.springframework.boot.autoconfigure.condition.BeanTypeRegistry.get(BeanTypeRegistry.java:147)
 at org.springframework.boot.autoconfigure.condition.OnBeanCondition.collectBeanNamesForType(OnBeanCondition.java:154)
 at org.springframework.boot.autoconfigure.condition.OnBeanCondition.getBeanNamesForType(OnBeanCondition.java:143)
 at org.springframework.boot.autoconfigure.condition.OnBeanCondition.getMatchingBeans(OnBeanCondition.java:115)
 at org.springframework.boot.autoconfigure.condition.OnBeanCondition.getMatchOutcome(OnBeanCondition.java:90)
 at org.springframework.boot.autoconfigure.condition.SpringBootCondition.matches(SpringBootCondition.java:45)
 at org.springframework.context.annotation.ConditionEvaluator.shouldSkip(ConditionEvaluator.java:102)
 at org.springframework.context.annotation.ConfigurationClassBeanDefinitionReader.loadBeanDefinitionsForBeanMethod(ConfigurationClassBeanDefinitionReader.java:177)
 at org.springframework.context.annotation.ConfigurationClassBeanDefinitionReader.loadBeanDefinitionsForConfigurationClass(ConfigurationClassBeanDefinitionReader.java:146)
 at org.springframework.context.annotation.ConfigurationClassBeanDefinitionReader.loadBeanDefinitions(ConfigurationClassBeanDefinitionReader.java:122)
 at org.springframework.context.annotation.ConfigurationClassPostProcessor.processConfigBeanDefinitions(ConfigurationClassPostProcessor.java:318)
 at org.springframework.context.annotation.ConfigurationClassPostProcessor.postProcessBeanDefinitionRegistry(ConfigurationClassPostProcessor.java:239)
 at org.springframework.context.support.PostProcessorRegistrationDelegate.invokeBeanDefinitionRegistryPostProcessors(PostProcessorRegistrationDelegate.java:254)
 at org.springframework.context.support.PostProcessorRegistrationDelegate.invokeBeanFactoryPostProcessors(PostProcessorRegistrationDelegate.java:94)
 at org.springframework.context.support.AbstractApplicationContext.invokeBeanFactoryPostProcessors(AbstractApplicationContext.java:606)
 at org.springframework.context.support.AbstractApplicationContext.refresh(AbstractApplicationContext.java:462)
 at org.springframework.boot.SpringApplication.refresh(SpringApplication.java:691)
 at org.springframework.boot.SpringApplication.run(SpringApplication.java:321)
 at org.springframework.boot.SpringApplication.run(SpringApplication.java:961)
 at sun.reflect.NativeMethodAccessorImpl.invoke0(Native Method)
 at sun.reflect.NativeMethodAccessorImpl.invoke(NativeMethodAccessorImpl.java:62)
 at sun.reflect.DelegatingMethodAccessorImpl.invoke(DelegatingMethodAccessorImpl.java:43)
 at java.lang.reflect.Method.invoke(Method.java:498)
 at org.springframework.boot.cli.command.run.SpringApplicationRunner$RunThread.run(SpringApplicationRunner.java:152)

2019-09-04 00:00:43.883  INFO 3923 --- [       runner-3] s.c.a.AnnotationConfigApplicationContext : Closing org.springframework.context.annotation.AnnotationConfigApplicationContext@27f37d2d: startup date [Wed Sep 04 00:00:43 UTC 2019]; root of context hierarchy
2019-09-04 00:00:43.884  WARN 3923 --- [       runner-3] s.c.a.AnnotationConfigApplicationContext : Exception thrown from ApplicationListener handling ContextClosedEvent

java.lang.IllegalStateException: ApplicationEventMulticaster not initialized - call 'refresh' before multicasting events via the context: org.springframework.context.annotation.AnnotationConfigApplicationContext@27f37d2d: startup date [Wed Sep 04 00:00:43 UTC 2019]; root of context hierarchy
 at org.springframework.context.support.AbstractApplicationContext.getApplicationEventMulticaster(AbstractApplicationContext.java:344)
 at org.springframework.context.support.AbstractApplicationContext.publishEvent(AbstractApplicationContext.java:331)
 at org.springframework.context.support.AbstractApplicationContext.doClose(AbstractApplicationContext.java:869)
 at org.springframework.context.support.AbstractApplicationContext.close(AbstractApplicationContext.java:836)
 at org.springframework.boot.SpringApplication.run(SpringApplication.java:343)
 at org.springframework.boot.SpringApplication.run(SpringApplication.java:961)
 at sun.reflect.NativeMethodAccessorImpl.invoke0(Native Method)
 at sun.reflect.NativeMethodAccessorImpl.invoke(NativeMethodAccessorImpl.java:62)
 at sun.reflect.DelegatingMethodAccessorImpl.invoke(DelegatingMethodAccessorImpl.java:43)
 at java.lang.reflect.Method.invoke(Method.java:498)
 at org.springframework.boot.cli.command.run.SpringApplicationRunner$RunThread.run(SpringApplicationRunner.java:152)

2019-09-04 00:00:43.885  WARN 3923 --- [       runner-3] s.c.a.AnnotationConfigApplicationContext : Exception thrown from LifecycleProcessor on context close

java.lang.IllegalStateException: LifecycleProcessor not initialized - call 'refresh' before invoking lifecycle methods via the context: org.springframework.context.annotation.AnnotationConfigApplicationContext@27f37d2d: startup date [Wed Sep 04 00:00:43 UTC 2019]; root of context hierarchy
 at org.springframework.context.support.AbstractApplicationContext.getLifecycleProcessor(AbstractApplicationContext.java:357)
 at org.springframework.context.support.AbstractApplicationContext.doClose(AbstractApplicationContext.java:877)
 at org.springframework.context.support.AbstractApplicationContext.close(AbstractApplicationContext.java:836)
 at org.springframework.boot.SpringApplication.run(SpringApplication.java:343)
 at org.springframework.boot.SpringApplication.run(SpringApplication.java:961)
 at sun.reflect.NativeMethodAccessorImpl.invoke0(Native Method)
 at sun.reflect.NativeMethodAccessorImpl.invoke(NativeMethodAccessorImpl.java:62)
 at sun.reflect.DelegatingMethodAccessorImpl.invoke(DelegatingMethodAccessorImpl.java:43)
 at java.lang.reflect.Method.invoke(Method.java:498)
 at org.springframework.boot.cli.command.run.SpringApplicationRunner$RunThread.run(SpringApplicationRunner.java:152)

java.lang.reflect.InvocationTargetException
 at sun.reflect.NativeMethodAccessorImpl.invoke0(Native Method)
 at sun.reflect.NativeMethodAccessorImpl.invoke(NativeMethodAccessorImpl.java:62)
 at sun.reflect.DelegatingMethodAccessorImpl.invoke(DelegatingMethodAccessorImpl.java:43)
 at java.lang.reflect.Method.invoke(Method.java:498)
 at org.springframework.boot.cli.command.run.SpringApplicationRunner$RunThread.run(SpringApplicationRunner.java:152)
Caused by: java.lang.NoSuchMethodError: org.springframework.beans.factory.support.DefaultListableBeanFactory.isAllowEagerClassLoading()Z
 at org.springframework.boot.autoconfigure.condition.BeanTypeRegistry.get(BeanTypeRegistry.java:147)
 at org.springframework.boot.autoconfigure.condition.OnBeanCondition.collectBeanNamesForType(OnBeanCondition.java:154)
 at org.springframework.boot.autoconfigure.condition.OnBeanCondition.getBeanNamesForType(OnBeanCondition.java:143)
 at org.springframework.boot.autoconfigure.condition.OnBeanCondition.getMatchingBeans(OnBeanCondition.java:115)
 at org.springframework.boot.autoconfigure.condition.OnBeanCondition.getMatchOutcome(OnBeanCondition.java:90)
 at org.springframework.boot.autoconfigure.condition.SpringBootCondition.matches(SpringBootCondition.java:45)
 at org.springframework.context.annotation.ConditionEvaluator.shouldSkip(ConditionEvaluator.java:102)
 at org.springframework.context.annotation.ConfigurationClassBeanDefinitionReader.loadBeanDefinitionsForBeanMethod(ConfigurationClassBeanDefinitionReader.java:177)
 at org.springframework.context.annotation.ConfigurationClassBeanDefinitionReader.loadBeanDefinitionsForConfigurationClass(ConfigurationClassBeanDefinitionReader.java:146)
 at org.springframework.context.annotation.ConfigurationClassBeanDefinitionReader.loadBeanDefinitions(ConfigurationClassBeanDefinitionReader.java:122)
 at org.springframework.context.annotation.ConfigurationClassPostProcessor.processConfigBeanDefinitions(ConfigurationClassPostProcessor.java:318)
 at org.springframework.context.annotation.ConfigurationClassPostProcessor.postProcessBeanDefinitionRegistry(ConfigurationClassPostProcessor.java:239)
 at org.springframework.context.support.PostProcessorRegistrationDelegate.invokeBeanDefinitionRegistryPostProcessors(PostProcessorRegistrationDelegate.java:254)
 at org.springframework.context.support.PostProcessorRegistrationDelegate.invokeBeanFactoryPostProcessors(PostProcessorRegistrationDelegate.java:94)
 at org.springframework.context.support.AbstractApplicationContext.invokeBeanFactoryPostProcessors(AbstractApplicationContext.java:606)
 at org.springframework.context.support.AbstractApplicationContext.refresh(AbstractApplicationContext.java:462)
 at org.springframework.boot.SpringApplication.refresh(SpringApplication.java:691)
 at org.springframework.boot.SpringApplication.run(SpringApplication.java:321)
 at org.springframework.boot.SpringApplication.run(SpringApplication.java:961)
 ... 5 more
"""
spring-projects-spring-boot,org.springframework.boot.cli.DirectorySourcesIntegrationTests#runDirectoryRecursive,matched (7 report(s) available),java.lang.AssertionError,Order Dependent,"low-confidence guess: found phrase 'illegalstateexception' which can indicate leftover state from another test, but this cannot be confirmed without cross-test execution context","
Expected: a string containing ""Hello World""
     but: was ""
  .   ____          _            __ _ _
 /\\ / ___'_ __ _ _(_)_ __  __ _ \ \ \ \
( ( )\___ | '_ | '_| | '_ \/ _` | \ \ \ \
 \\/  ___)| |_)| | | | | || (_| |  ) ) ) )
  '  |____| .__|_| |_|_| |_\__, | / / / /
 =========|_|==============|___/=/_/_/_/
 :: Spring Boot ::  (v1.2.0.BUILD-SNAPSHOT)

2019-09-04 00:00:44.333  INFO 3923 --- [       runner-4] o.s.boot.SpringApplication               : Starting application on ip-172-31-56-109 with PID 3923 (/root/.m2/repository/org/springframework/boot/spring-boot/1.2.0.BUILD-SNAPSHOT/spring-boot-1.2.0.BUILD-SNAPSHOT.jar started by root in /working/proj/spring-projects-spring-boot-2462/spring-projects-spring-boot/spring-boot-cli)
2019-09-04 00:00:44.335 DEBUG 3923 --- [       runner-4] o.s.boot.SpringApplication               : Running with Spring Boot v1.2.0.BUILD-SNAPSHOT, Spring v4.1.1.RELEASE
2019-09-04 00:00:44.336 DEBUG 3923 --- [       runner-4] o.s.boot.SpringApplication               : Loading source class org.test.MyService,class org.test.Example
2019-09-04 00:00:44.365 DEBUG 3923 --- [       runner-4] o.s.b.c.c.ConfigFileApplicationListener  : Activated profiles integration
2019-09-04 00:00:44.366 DEBUG 3923 --- [       runner-4] o.s.b.c.c.ConfigFileApplicationListener  : Skipped config file 'file:./config/application.xml' resource not found
2019-09-04 00:00:44.366 DEBUG 3923 --- [       runner-4] o.s.b.c.c.ConfigFileApplicationListener  : Skipped config file 'file:./config/application.yml' resource not found
2019-09-04 00:00:44.366 DEBUG 3923 --- [       runner-4] o.s.b.c.c.ConfigFileApplicationListener  : Skipped config file 'file:./config/application.properties' resource not found
2019-09-04 00:00:44.366 DEBUG 3923 --- [       runner-4] o.s.b.c.c.ConfigFileApplicationListener  : Skipped config file 'file:./config/application.yaml' resource not found
2019-09-04 00:00:44.366 DEBUG 3923 --- [       runner-4] o.s.b.c.c.ConfigFileApplicationListener  : Skipped config file 'file:./application.xml' resource not found
2019-09-04 00:00:44.366 DEBUG 3923 --- [       runner-4] o.s.b.c.c.ConfigFileApplicationListener  : Skipped config file 'file:./application.yml' resource not found
2019-09-04 00:00:44.367 DEBUG 3923 --- [       runner-4] o.s.b.c.c.ConfigFileApplicationListener  : Skipped config file 'file:./application.properties' resource not found
2019-09-04 00:00:44.367 DEBUG 3923 --- [       runner-4] o.s.b.c.c.ConfigFileApplicationListener  : Skipped config file 'file:./application.yaml' resource not found
2019-09-04 00:00:44.367 DEBUG 3923 --- [       runner-4] o.s.b.c.c.ConfigFileApplicationListener  : Skipped config file 'classpath:/config/application.xml' resource not found
2019-09-04 00:00:44.367 DEBUG 3923 --- [       runner-4] o.s.b.c.c.ConfigFileApplicationListener  : Skipped config file 'classpath:/config/application.yml' resource not found
2019-09-04 00:00:44.367 DEBUG 3923 --- [       runner-4] o.s.b.c.c.ConfigFileApplicationListener  : Skipped config file 'classpath:/config/application.properties' resource not found
2019-09-04 00:00:44.367 DEBUG 3923 --- [       runner-4] o.s.b.c.c.ConfigFileApplicationListener  : Skipped config file 'classpath:/config/application.yaml' resource not found
2019-09-04 00:00:44.367 DEBUG 3923 --- [       runner-4] o.s.b.c.c.ConfigFileApplicationListener  : Skipped config file 'classpath:/application.xml' resource not found
2019-09-04 00:00:44.368 DEBUG 3923 --- [       runner-4] o.s.b.c.c.ConfigFileApplicationListener  : Skipped config file 'classpath:/application.yml' resource not found
2019-09-04 00:00:44.368 DEBUG 3923 --- [       runner-4] o.s.b.c.c.ConfigFileApplicationListener  : Skipped config file 'classpath:/application.properties' resource not found
2019-09-04 00:00:44.369 DEBUG 3923 --- [       runner-4] o.s.b.c.c.ConfigFileApplicationListener  : Skipped config file 'classpath:/application.yaml' resource not found
2019-09-04 00:00:44.369 DEBUG 3923 --- [       runner-4] o.s.b.c.c.ConfigFileApplicationListener  : Skipped config file 'file:./config/application-integration.xml' resource not found
2019-09-04 00:00:44.369 DEBUG 3923 --- [       runner-4] o.s.b.c.c.ConfigFileApplicationListener  : Skipped config file 'file:./config/application-integration.xml' for profile integrationresource not found
2019-09-04 00:00:44.370 DEBUG 3923 --- [       runner-4] o.s.b.c.c.ConfigFileApplicationListener  : Skipped config file 'file:./config/application.xml' for profile integrationresource not found
2019-09-04 00:00:44.370 DEBUG 3923 --- [       runner-4] o.s.b.c.c.ConfigFileApplicationListener  : Skipped config file 'file:./config/application-integration.yml' resource not found
2019-09-04 00:00:44.370 DEBUG 3923 --- [       runner-4] o.s.b.c.c.ConfigFileApplicationListener  : Skipped config file 'file:./config/application-integration.yml' for profile integrationresource not found
2019-09-04 00:00:44.370 DEBUG 3923 --- [       runner-4] o.s.b.c.c.ConfigFileApplicationListener  : Skipped config file 'file:./config/application.yml' for profile integrationresource not found
2019-09-04 00:00:44.371 DEBUG 3923 --- [       runner-4] o.s.b.c.c.ConfigFileApplicationListener  : Skipped config file 'file:./config/application-integration.properties' resource not found
2019-09-04 00:00:44.371 DEBUG 3923 --- [       runner-4] o.s.b.c.c.ConfigFileApplicationListener  : Skipped config file 'file:./config/application-integration.properties' for profile integrationresource not found
2019-09-04 00:00:44.371 DEBUG 3923 --- [       runner-4] o.s.b.c.c.ConfigFileApplicationListener  : Skipped config file 'file:./config/application.properties' for profile integrationresource not found
2019-09-04 00:00:44.371 DEBUG 3923 --- [       runner-4] o.s.b.c.c.ConfigFileApplicationListener  : Skipped config file 'file:./config/application-integration.yaml' resource not found
2019-09-04 00:00:44.371 DEBUG 3923 --- [       runner-4] o.s.b.c.c.ConfigFileApplicationListener  : Skipped config file 'file:./config/application-integration.yaml' for profile integrationresource not found
2019-09-04 00:00:44.371 DEBUG 3923 --- [       runner-4] o.s.b.c.c.ConfigFileApplicationListener  : Skipped config file 'file:./config/application.yaml' for profile integrationresource not found
2019-09-04 00:00:44.371 DEBUG 3923 --- [       runner-4] o.s.b.c.c.ConfigFileApplicationListener  : Skipped config file 'file:./application-integration.xml' resource not found
2019-09-04 00:00:44.372 DEBUG 3923 --- [       runner-4] o.s.b.c.c.ConfigFileApplicationListener  : Skipped config file 'file:./application-integration.xml' for profile integrationresource not found
2019-09-04 00:00:44.372 DEBUG 3923 --- [       runner-4] o.s.b.c.c.ConfigFileApplicationListener  : Skipped config file 'file:./application.xml' for profile integrationresource not found
2019-09-04 00:00:44.372 DEBUG 3923 --- [       runner-4] o.s.b.c.c.ConfigFileApplicationListener  : Skipped config file 'file:./application-integration.yml' resource not found
2019-09-04 00:00:44.372 DEBUG 3923 --- [       runner-4] o.s.b.c.c.ConfigFileApplicationListener  : Skipped config file 'file:./application-integration.yml' for profile integrationresource not found
2019-09-04 00:00:44.375 DEBUG 3923 --- [       runner-4] o.s.b.c.c.ConfigFileApplicationListener  : Skipped config file 'file:./application.yml' for profile integrationresource not found
2019-09-04 00:00:44.375 DEBUG 3923 --- [       runner-4] o.s.b.c.c.ConfigFileApplicationListener  : Skipped config file 'file:./application-integration.properties' resource not found
2019-09-04 00:00:44.375 DEBUG 3923 --- [       runner-4] o.s.b.c.c.ConfigFileApplicationListener  : Skipped config file 'file:./application-integration.properties' for profile integrationresource not found
2019-09-04 00:00:44.376 DEBUG 3923 --- [       runner-4] o.s.b.c.c.ConfigFileApplicationListener  : Skipped config file 'file:./application.properties' for profile integrationresource not found
2019-09-04 00:00:44.376 DEBUG 3923 --- [       runner-4] o.s.b.c.c.ConfigFileApplicationListener  : Skipped config file 'file:./application-integration.yaml' resource not found
2019-09-04 00:00:44.376 DEBUG 3923 --- [       runner-4] o.s.b.c.c.ConfigFileApplicationListener  : Skipped config file 'file:./application-integration.yaml' for profile integrationresource not found
2019-09-04 00:00:44.376 DEBUG 3923 --- [       runner-4] o.s.b.c.c.ConfigFileApplicationListener  : Skipped config file 'file:./application.yaml' for profile integrationresource not found
2019-09-04 00:00:44.376 DEBUG 3923 --- [       runner-4] o.s.b.c.c.ConfigFileApplicationListener  : Skipped config file 'classpath:/config/application-integration.xml' resource not found
2019-09-04 00:00:44.376 DEBUG 3923 --- [       runner-4] o.s.b.c.c.ConfigFileApplicationListener  : Skipped config file 'classpath:/config/application-integration.xml' for profile integrationresource not found
2019-09-04 00:00:44.376 DEBUG 3923 --- [       runner-4] o.s.b.c.c.ConfigFileApplicationListener  : Skipped config file 'classpath:/config/application.xml' for profile integrationresource not found
2019-09-04 00:00:44.376 DEBUG 3923 --- [       runner-4] o.s.b.c.c.ConfigFileApplicationListener  : Skipped config file 'classpath:/config/application-integration.yml' resource not found
2019-09-04 00:00:44.377 DEBUG 3923 --- [       runner-4] o.s.b.c.c.ConfigFileApplicationListener  : Skipped config file 'classpath:/config/application-integration.yml' for profile integrationresource not found
2019-09-04 00:00:44.377 DEBUG 3923 --- [       runner-4] o.s.b.c.c.ConfigFileApplicationListener  : Skipped config file 'classpath:/config/application.yml' for profile integrationresource not found
2019-09-04 00:00:44.377 DEBUG 3923 --- [       runner-4] o.s.b.c.c.ConfigFileApplicationListener  : Skipped config file 'classpath:/config/application-integration.properties' resource not found
2019-09-04 00:00:44.377 DEBUG 3923 --- [       runner-4] o.s.b.c.c.ConfigFileApplicationListener  : Skipped config file 'classpath:/config/application-integration.properties' for profile integrationresource not found
2019-09-04 00:00:44.377 DEBUG 3923 --- [       runner-4] o.s.b.c.c.ConfigFileApplicationListener  : Skipped config file 'classpath:/config/application.properties' for profile integrationresource not found
2019-09-04 00:00:44.377 DEBUG 3923 --- [       runner-4] o.s.b.c.c.ConfigFileApplicationListener  : Skipped config file 'classpath:/config/application-integration.yaml' resource not found
2019-09-04 00:00:44.377 DEBUG 3923 --- [       runner-4] o.s.b.c.c.ConfigFileApplicationListener  : Skipped config file 'classpath:/config/application-integration.yaml' for profile integrationresource not found
2019-09-04 00:00:44.379 DEBUG 3923 --- [       runner-4] o.s.b.c.c.ConfigFileApplicationListener  : Skipped config file 'classpath:/config/application.yaml' for profile integrationresource not found
2019-09-04 00:00:44.379 DEBUG 3923 --- [       runner-4] o.s.b.c.c.ConfigFileApplicationListener  : Skipped config file 'classpath:/application-integration.xml' resource not found
2019-09-04 00:00:44.379 DEBUG 3923 --- [       runner-4] o.s.b.c.c.ConfigFileApplicationListener  : Skipped config file 'classpath:/application-integration.xml' for profile integrationresource not found
2019-09-04 00:00:44.379 DEBUG 3923 --- [       runner-4] o.s.b.c.c.ConfigFileApplicationListener  : Skipped config file 'classpath:/application.xml' for profile integrationresource not found
2019-09-04 00:00:44.380 DEBUG 3923 --- [       runner-4] o.s.b.c.c.ConfigFileApplicationListener  : Skipped config file 'classpath:/application-integration.yml' resource not found
2019-09-04 00:00:44.380 DEBUG 3923 --- [       runner-4] o.s.b.c.c.ConfigFileApplicationListener  : Skipped config file 'classpath:/application-integration.yml' for profile integrationresource not found
2019-09-04 00:00:44.380 DEBUG 3923 --- [       runner-4] o.s.b.c.c.ConfigFileApplicationListener  : Skipped config file 'classpath:/application.yml' for profile integrationresource not found
2019-09-04 00:00:44.380 DEBUG 3923 --- [       runner-4] o.s.b.c.c.ConfigFileApplicationListener  : Skipped config file 'classpath:/application-integration.properties' resource not found
2019-09-04 00:00:44.380 DEBUG 3923 --- [       runner-4] o.s.b.c.c.ConfigFileApplicationListener  : Skipped config file 'classpath:/application-integration.properties' for profile integrationresource not found
2019-09-04 00:00:44.380 DEBUG 3923 --- [       runner-4] o.s.b.c.c.ConfigFileApplicationListener  : Skipped config file 'classpath:/application.properties' for profile integrationresource not found
2019-09-04 00:00:44.380 DEBUG 3923 --- [       runner-4] o.s.b.c.c.ConfigFileApplicationListener  : Skipped config file 'classpath:/application-integration.yaml' resource not found
2019-09-04 00:00:44.381 DEBUG 3923 --- [       runner-4] o.s.b.c.c.ConfigFileApplicationListener  : Skipped config file 'classpath:/application-integration.yaml' for profile integrationresource not found
2019-09-04 00:00:44.381 DEBUG 3923 --- [       runner-4] o.s.b.c.c.ConfigFileApplicationListener  : Skipped config file 'classpath:/application.yaml' for profile integrationresource not found
2019-09-04 00:00:44.381  INFO 3923 --- [       runner-4] s.c.a.AnnotationConfigApplicationContext : Refreshing org.springframework.context.annotation.AnnotationConfigApplicationContext@1551f11c: startup date [Wed Sep 04 00:00:44 UTC 2019]; root of context hierarchy
2019-09-04 00:00:44.686  INFO 3923 --- [       runner-4] .b.l.ClasspathLoggingApplicationListener : Application failed to start with classpath: []
2019-09-04 00:00:44.690 ERROR 3923 --- [       runner-4] o.s.boot.SpringApplication               : Application startup failed

java.lang.NoSuchMethodError: org.springframework.beans.factory.support.DefaultListableBeanFactory.isAllowEagerClassLoading()Z
 at org.springframework.boot.autoconfigure.condition.BeanTypeRegistry.get(BeanTypeRegistry.java:147)
 at org.springframework.boot.autoconfigure.condition.OnBeanCondition.collectBeanNamesForType(OnBeanCondition.java:154)
 at org.springframework.boot.autoconfigure.condition.OnBeanCondition.getBeanNamesForType(OnBeanCondition.java:143)
 at org.springframework.boot.autoconfigure.condition.OnBeanCondition.getMatchingBeans(OnBeanCondition.java:115)
 at org.springframework.boot.autoconfigure.condition.OnBeanCondition.getMatchOutcome(OnBeanCondition.java:90)
 at org.springframework.boot.autoconfigure.condition.SpringBootCondition.matches(SpringBootCondition.java:45)
 at org.springframework.context.annotation.ConditionEvaluator.shouldSkip(ConditionEvaluator.java:102)
 at org.springframework.context.annotation.ConfigurationClassBeanDefinitionReader.loadBeanDefinitionsForBeanMethod(ConfigurationClassBeanDefinitionReader.java:177)
 at org.springframework.context.annotation.ConfigurationClassBeanDefinitionReader.loadBeanDefinitionsForConfigurationClass(ConfigurationClassBeanDefinitionReader.java:146)
 at org.springframework.context.annotation.ConfigurationClassBeanDefinitionReader.loadBeanDefinitions(ConfigurationClassBeanDefinitionReader.java:122)
 at org.springframework.context.annotation.ConfigurationClassPostProcessor.processConfigBeanDefinitions(ConfigurationClassPostProcessor.java:318)
 at org.springframework.context.annotation.ConfigurationClassPostProcessor.postProcessBeanDefinitionRegistry(ConfigurationClassPostProcessor.java:239)
 at org.springframework.context.support.PostProcessorRegistrationDelegate.invokeBeanDefinitionRegistryPostProcessors(PostProcessorRegistrationDelegate.java:254)
 at org.springframework.context.support.PostProcessorRegistrationDelegate.invokeBeanFactoryPostProcessors(PostProcessorRegistrationDelegate.java:94)
 at org.springframework.context.support.AbstractApplicationContext.invokeBeanFactoryPostProcessors(AbstractApplicationContext.java:606)
 at org.springframework.context.support.AbstractApplicationContext.refresh(AbstractApplicationContext.java:462)
 at org.springframework.boot.SpringApplication.refresh(SpringApplication.java:691)
 at org.springframework.boot.SpringApplication.run(SpringApplication.java:321)
 at org.springframework.boot.SpringApplication.run(SpringApplication.java:961)
 at sun.reflect.NativeMethodAccessorImpl.invoke0(Native Method)
 at sun.reflect.NativeMethodAccessorImpl.invoke(NativeMethodAccessorImpl.java:62)
 at sun.reflect.DelegatingMethodAccessorImpl.invoke(DelegatingMethodAccessorImpl.java:43)
 at java.lang.reflect.Method.invoke(Method.java:498)
 at org.springframework.boot.cli.command.run.SpringApplicationRunner$RunThread.run(SpringApplicationRunner.java:152)

2019-09-04 00:00:44.691  INFO 3923 --- [       runner-4] s.c.a.AnnotationConfigApplicationContext : Closing org.springframework.context.annotation.AnnotationConfigApplicationContext@1551f11c: startup date [Wed Sep 04 00:00:44 UTC 2019]; root of context hierarchy
2019-09-04 00:00:44.692  WARN 3923 --- [       runner-4] s.c.a.AnnotationConfigApplicationContext : Exception thrown from ApplicationListener handling ContextClosedEvent

java.lang.IllegalStateException: ApplicationEventMulticaster not initialized - call 'refresh' before multicasting events via the context: org.springframework.context.annotation.AnnotationConfigApplicationContext@1551f11c: startup date [Wed Sep 04 00:00:44 UTC 2019]; root of context hierarchy
 at org.springframework.context.support.AbstractApplicationContext.getApplicationEventMulticaster(AbstractApplicationContext.java:344)
 at org.springframework.context.support.AbstractApplicationContext.publishEvent(AbstractApplicationContext.java:331)
 at org.springframework.context.support.AbstractApplicationContext.doClose(AbstractApplicationContext.java:869)
 at org.springframework.context.support.AbstractApplicationContext.close(AbstractApplicationContext.java:836)
 at org.springframework.boot.SpringApplication.run(SpringApplication.java:343)
 at org.springframework.boot.SpringApplication.run(SpringApplication.java:961)
 at sun.reflect.NativeMethodAccessorImpl.invoke0(Native Method)
 at sun.reflect.NativeMethodAccessorImpl.invoke(NativeMethodAccessorImpl.java:62)
 at sun.reflect.DelegatingMethodAccessorImpl.invoke(DelegatingMethodAccessorImpl.java:43)
 at java.lang.reflect.Method.invoke(Method.java:498)
 at org.springframework.boot.cli.command.run.SpringApplicationRunner$RunThread.run(SpringApplicationRunner.java:152)

2019-09-04 00:00:44.693  WARN 3923 --- [       runner-4] s.c.a.AnnotationConfigApplicationContext : Exception thrown from LifecycleProcessor on context close

java.lang.IllegalStateException: LifecycleProcessor not initialized - call 'refresh' before invoking lifecycle methods via the context: org.springframework.context.annotation.AnnotationConfigApplicationContext@1551f11c: startup date [Wed Sep 04 00:00:44 UTC 2019]; root of context hierarchy
 at org.springframework.context.support.AbstractApplicationContext.getLifecycleProcessor(AbstractApplicationContext.java:357)
 at org.springframework.context.support.AbstractApplicationContext.doClose(AbstractApplicationContext.java:877)
 at org.springframework.context.support.AbstractApplicationContext.close(AbstractApplicationContext.java:836)
 at org.springframework.boot.SpringApplication.run(SpringApplication.java:343)
 at org.springframework.boot.SpringApplication.run(SpringApplication.java:961)
 at sun.reflect.NativeMethodAccessorImpl.invoke0(Native Method)
 at sun.reflect.NativeMethodAccessorImpl.invoke(NativeMethodAccessorImpl.java:62)
 at sun.reflect.DelegatingMethodAccessorImpl.invoke(DelegatingMethodAccessorImpl.java:43)
 at java.lang.reflect.Method.invoke(Method.java:498)
 at org.springframework.boot.cli.command.run.SpringApplicationRunner$RunThread.run(SpringApplicationRunner.java:152)

java.lang.reflect.InvocationTargetException
 at sun.reflect.NativeMethodAccessorImpl.invoke0(Native Method)
 at sun.reflect.NativeMethodAccessorImpl.invoke(NativeMethodAccessorImpl.java:62)
 at sun.reflect.DelegatingMethodAccessorImpl.invoke(DelegatingMethodAccessorImpl.java:43)
 at java.lang.reflect.Method.invoke(Method.java:498)
 at org.springframework.boot.cli.command.run.SpringApplicationRunner$RunThread.run(SpringApplicationRunner.java:152)
Caused by: java.lang.NoSuchMethodError: org.springframework.beans.factory.support.DefaultListableBeanFactory.isAllowEagerClassLoading()Z
 at org.springframework.boot.autoconfigure.condition.BeanTypeRegistry.get(BeanTypeRegistry.java:147)
 at org.springframework.boot.autoconfigure.condition.OnBeanCondition.collectBeanNamesForType(OnBeanCondition.java:154)
 at org.springframework.boot.autoconfigure.condition.OnBeanCondition.getBeanNamesForType(OnBeanCondition.java:143)
 at org.springframework.boot.autoconfigure.condition.OnBeanCondition.getMatchingBeans(OnBeanCondition.java:115)
 at org.springframework.boot.autoconfigure.condition.OnBeanCondition.getMatchOutcome(OnBeanCondition.java:90)
 at org.springframework.boot.autoconfigure.condition.SpringBootCondition.matches(SpringBootCondition.java:45)
 at org.springframework.context.annotation.ConditionEvaluator.shouldSkip(ConditionEvaluator.java:102)
 at org.springframework.context.annotation.ConfigurationClassBeanDefinitionReader.loadBeanDefinitionsForBeanMethod(ConfigurationClassBeanDefinitionReader.java:177)
 at org.springframework.context.annotation.ConfigurationClassBeanDefinitionReader.loadBeanDefinitionsForConfigurationClass(ConfigurationClassBeanDefinitionReader.java:146)
 at org.springframework.context.annotation.ConfigurationClassBeanDefinitionReader.loadBeanDefinitions(ConfigurationClassBeanDefinitionReader.java:122)
 at org.springframework.context.annotation.ConfigurationClassPostProcessor.processConfigBeanDefinitions(ConfigurationClassPostProcessor.java:318)
 at org.springframework.context.annotation.ConfigurationClassPostProcessor.postProcessBeanDefinitionRegistry(ConfigurationClassPostProcessor.java:239)
 at org.springframework.context.support.PostProcessorRegistrationDelegate.invokeBeanDefinitionRegistryPostProcessors(PostProcessorRegistrationDelegate.java:254)
 at org.springframework.context.support.PostProcessorRegistrationDelegate.invokeBeanFactoryPostProcessors(PostProcessorRegistrationDelegate.java:94)
 at org.springframework.context.support.AbstractApplicationContext.invokeBeanFactoryPostProcessors(AbstractApplicationContext.java:606)
 at org.springframework.context.support.AbstractApplicationContext.refresh(AbstractApplicationContext.java:462)
 at org.springframework.boot.SpringApplication.refresh(SpringApplication.java:691)
 at org.springframework.boot.SpringApplication.run(SpringApplication.java:321)
 at org.springframework.boot.SpringApplication.run(SpringApplication.java:961)
 ... 5 more
"""
spring-projects-spring-boot,org.springframework.boot.cli.ClassLoaderIntegrationTests#runWithIsolatedClassLoader,matched (8 report(s) available),java.lang.AssertionError,Order Dependent,"low-confidence guess: found phrase 'illegalstateexception' which can indicate leftover state from another test, but this cannot be confirmed without cross-test execution context","
Expected: a string containing ""HasClasses-false-true-false""
     but: was ""
  .   ____          _            __ _ _
 /\\ / ___'_ __ _ _(_)_ __  __ _ \ \ \ \
( ( )\___ | '_ | '_| | '_ \/ _` | \ \ \ \
 \\/  ___)| |_)| | | | | || (_| |  ) ) ) )
  '  |____| .__|_| |_|_| |_\__, | / / / /
 =========|_|==============|___/=/_/_/_/
 :: Spring Boot ::  (v1.2.0.BUILD-SNAPSHOT)

2019-08-27 00:00:07.999  INFO 3891 --- [       runner-9] o.s.boot.SpringApplication               : Starting application on ip-172-31-63-127 with PID 3891 (/root/.m2/repository/org/springframework/boot/spring-boot/1.2.0.BUILD-SNAPSHOT/spring-boot-1.2.0.BUILD-SNAPSHOT.jar started by root in /working/proj/spring-projects-spring-boot-144/spring-projects-spring-boot/spring-boot-cli)
2019-08-27 00:00:08.002 DEBUG 3891 --- [       runner-9] o.s.boot.SpringApplication               : Running with Spring Boot v1.2.0.BUILD-SNAPSHOT, Spring v4.1.1.RELEASE
2019-08-27 00:00:08.002 DEBUG 3891 --- [       runner-9] o.s.boot.SpringApplication               : Loading source class Test
2019-08-27 00:00:08.027 DEBUG 3891 --- [       runner-9] o.s.b.c.c.ConfigFileApplicationListener  : Activated profiles integration
2019-08-27 00:00:08.027 DEBUG 3891 --- [       runner-9] o.s.b.c.c.ConfigFileApplicationListener  : Skipped config file 'file:./config/application.xml' resource not found
2019-08-27 00:00:08.027 DEBUG 3891 --- [       runner-9] o.s.b.c.c.ConfigFileApplicationListener  : Skipped config file 'file:./config/application.yml' resource not found
2019-08-27 00:00:08.027 DEBUG 3891 --- [       runner-9] o.s.b.c.c.ConfigFileApplicationListener  : Skipped config file 'file:./config/application.properties' resource not found
2019-08-27 00:00:08.027 DEBUG 3891 --- [       runner-9] o.s.b.c.c.ConfigFileApplicationListener  : Skipped config file 'file:./config/application.yaml' resource not found
2019-08-27 00:00:08.027 DEBUG 3891 --- [       runner-9] o.s.b.c.c.ConfigFileApplicationListener  : Skipped config file 'file:./application.xml' resource not found
2019-08-27 00:00:08.027 DEBUG 3891 --- [       runner-9] o.s.b.c.c.ConfigFileApplicationListener  : Skipped config file 'file:./application.yml' resource not found
2019-08-27 00:00:08.027 DEBUG 3891 --- [       runner-9] o.s.b.c.c.ConfigFileApplicationListener  : Skipped config file 'file:./application.properties' resource not found
2019-08-27 00:00:08.027 DEBUG 3891 --- [       runner-9] o.s.b.c.c.ConfigFileApplicationListener  : Skipped config file 'file:./application.yaml' resource not found
2019-08-27 00:00:08.028 DEBUG 3891 --- [       runner-9] o.s.b.c.c.ConfigFileApplicationListener  : Skipped config file 'classpath:/config/application.xml' resource not found
2019-08-27 00:00:08.028 DEBUG 3891 --- [       runner-9] o.s.b.c.c.ConfigFileApplicationListener  : Skipped config file 'classpath:/config/application.yml' resource not found
2019-08-27 00:00:08.028 DEBUG 3891 --- [       runner-9] o.s.b.c.c.ConfigFileApplicationListener  : Skipped config file 'classpath:/config/application.properties' resource not found
2019-08-27 00:00:08.028 DEBUG 3891 --- [       runner-9] o.s.b.c.c.ConfigFileApplicationListener  : Skipped config file 'classpath:/config/application.yaml' resource not found
2019-08-27 00:00:08.028 DEBUG 3891 --- [       runner-9] o.s.b.c.c.ConfigFileApplicationListener  : Skipped config file 'classpath:/application.xml' resource not found
2019-08-27 00:00:08.028 DEBUG 3891 --- [       runner-9] o.s.b.c.c.ConfigFileApplicationListener  : Skipped config file 'classpath:/application.yml' resource not found
2019-08-27 00:00:08.028 DEBUG 3891 --- [       runner-9] o.s.b.c.c.ConfigFileApplicationListener  : Skipped config file 'classpath:/application.properties' resource not found
2019-08-27 00:00:08.028 DEBUG 3891 --- [       runner-9] o.s.b.c.c.ConfigFileApplicationListener  : Skipped config file 'classpath:/application.yaml' resource not found
2019-08-27 00:00:08.028 DEBUG 3891 --- [       runner-9] o.s.b.c.c.ConfigFileApplicationListener  : Skipped config file 'file:./config/application-integration.xml' resource not found
2019-08-27 00:00:08.028 DEBUG 3891 --- [       runner-9] o.s.b.c.c.ConfigFileApplicationListener  : Skipped config file 'file:./config/application-integration.xml' for profile integrationresource not found
2019-08-27 00:00:08.028 DEBUG 3891 --- [       runner-9] o.s.b.c.c.ConfigFileApplicationListener  : Skipped config file 'file:./config/application.xml' for profile integrationresource not found
2019-08-27 00:00:08.028 DEBUG 3891 --- [       runner-9] o.s.b.c.c.ConfigFileApplicationListener  : Skipped config file 'file:./config/application-integration.yml' resource not found
2019-08-27 00:00:08.029 DEBUG 3891 --- [       runner-9] o.s.b.c.c.ConfigFileApplicationListener  : Skipped config file 'file:./config/application-integration.yml' for profile integrationresource not found
2019-08-27 00:00:08.029 DEBUG 3891 --- [       runner-9] o.s.b.c.c.ConfigFileApplicationListener  : Skipped config file 'file:./config/application.yml' for profile integrationresource not found
2019-08-27 00:00:08.029 DEBUG 3891 --- [       runner-9] o.s.b.c.c.ConfigFileApplicationListener  : Skipped config file 'file:./config/application-integration.properties' resource not found
2019-08-27 00:00:08.029 DEBUG 3891 --- [       runner-9] o.s.b.c.c.ConfigFileApplicationListener  : Skipped config file 'file:./config/application-integration.properties' for profile integrationresource not found
2019-08-27 00:00:08.029 DEBUG 3891 --- [       runner-9] o.s.b.c.c.ConfigFileApplicationListener  : Skipped config file 'file:./config/application.properties' for profile integrationresource not found
2019-08-27 00:00:08.029 DEBUG 3891 --- [       runner-9] o.s.b.c.c.ConfigFileApplicationListener  : Skipped config file 'file:./config/application-integration.yaml' resource not found
2019-08-27 00:00:08.029 DEBUG 3891 --- [       runner-9] o.s.b.c.c.ConfigFileApplicationListener  : Skipped config file 'file:./config/application-integration.yaml' for profile integrationresource not found
2019-08-27 00:00:08.029 DEBUG 3891 --- [       runner-9] o.s.b.c.c.ConfigFileApplicationListener  : Skipped config file 'file:./config/application.yaml' for profile integrationresource not found
2019-08-27 00:00:08.029 DEBUG 3891 --- [       runner-9] o.s.b.c.c.ConfigFileApplicationListener  : Skipped config file 'file:./application-integration.xml' resource not found
2019-08-27 00:00:08.029 DEBUG 3891 --- [       runner-9] o.s.b.c.c.ConfigFileApplicationListener  : Skipped config file 'file:./application-integration.xml' for profile integrationresource not found
2019-08-27 00:00:08.029 DEBUG 3891 --- [       runner-9] o.s.b.c.c.ConfigFileApplicationListener  : Skipped config file 'file:./application.xml' for profile integrationresource not found
2019-08-27 00:00:08.029 DEBUG 3891 --- [       runner-9] o.s.b.c.c.ConfigFileApplicationListener  : Skipped config file 'file:./application-integration.yml' resource not found
2019-08-27 00:00:08.029 DEBUG 3891 --- [       runner-9] o.s.b.c.c.ConfigFileApplicationListener  : Skipped config file 'file:./application-integration.yml' for profile integrationresource not found
2019-08-27 00:00:08.030 DEBUG 3891 --- [       runner-9] o.s.b.c.c.ConfigFileApplicationListener  : Skipped config file 'file:./application.yml' for profile integrationresource not found
2019-08-27 00:00:08.030 DEBUG 3891 --- [       runner-9] o.s.b.c.c.ConfigFileApplicationListener  : Skipped config file 'file:./application-integration.properties' resource not found
2019-08-27 00:00:08.030 DEBUG 3891 --- [       runner-9] o.s.b.c.c.ConfigFileApplicationListener  : Skipped config file 'file:./application-integration.properties' for profile integrationresource not found
2019-08-27 00:00:08.030 DEBUG 3891 --- [       runner-9] o.s.b.c.c.ConfigFileApplicationListener  : Skipped config file 'file:./application.properties' for profile integrationresource not found
2019-08-27 00:00:08.030 DEBUG 3891 --- [       runner-9] o.s.b.c.c.ConfigFileApplicationListener  : Skipped config file 'file:./application-integration.yaml' resource not found
2019-08-27 00:00:08.030 DEBUG 3891 --- [       runner-9] o.s.b.c.c.ConfigFileApplicationListener  : Skipped config file 'file:./application-integration.yaml' for profile integrationresource not found
2019-08-27 00:00:08.030 DEBUG 3891 --- [       runner-9] o.s.b.c.c.ConfigFileApplicationListener  : Skipped config file 'file:./application.yaml' for profile integrationresource not found
2019-08-27 00:00:08.030 DEBUG 3891 --- [       runner-9] o.s.b.c.c.ConfigFileApplicationListener  : Skipped config file 'classpath:/config/application-integration.xml' resource not found
2019-08-27 00:00:08.030 DEBUG 3891 --- [       runner-9] o.s.b.c.c.ConfigFileApplicationListener  : Skipped config file 'classpath:/config/application-integration.xml' for profile integrationresource not found
2019-08-27 00:00:08.030 DEBUG 3891 --- [       runner-9] o.s.b.c.c.ConfigFileApplicationListener  : Skipped config file 'classpath:/config/application.xml' for profile integrationresource not found
2019-08-27 00:00:08.030 DEBUG 3891 --- [       runner-9] o.s.b.c.c.ConfigFileApplicationListener  : Skipped config file 'classpath:/config/application-integration.yml' resource not found
2019-08-27 00:00:08.030 DEBUG 3891 --- [       runner-9] o.s.b.c.c.ConfigFileApplicationListener  : Skipped config file 'classpath:/config/application-integration.yml' for profile integrationresource not found
2019-08-27 00:00:08.030 DEBUG 3891 --- [       runner-9] o.s.b.c.c.ConfigFileApplicationListener  : Skipped config file 'classpath:/config/application.yml' for profile integrationresource not found
2019-08-27 00:00:08.030 DEBUG 3891 --- [       runner-9] o.s.b.c.c.ConfigFileApplicationListener  : Skipped config file 'classpath:/config/application-integration.properties' resource not found
2019-08-27 00:00:08.031 DEBUG 3891 --- [       runner-9] o.s.b.c.c.ConfigFileApplicationListener  : Skipped config file 'classpath:/config/application-integration.properties' for profile integrationresource not found
2019-08-27 00:00:08.031 DEBUG 3891 --- [       runner-9] o.s.b.c.c.ConfigFileApplicationListener  : Skipped config file 'classpath:/config/application.properties' for profile integrationresource not found
2019-08-27 00:00:08.031 DEBUG 3891 --- [       runner-9] o.s.b.c.c.ConfigFileApplicationListener  : Skipped config file 'classpath:/config/application-integration.yaml' resource not found
2019-08-27 00:00:08.031 DEBUG 3891 --- [       runner-9] o.s.b.c.c.ConfigFileApplicationListener  : Skipped config file 'classpath:/config/application-integration.yaml' for profile integrationresource not found
2019-08-27 00:00:08.031 DEBUG 3891 --- [       runner-9] o.s.b.c.c.ConfigFileApplicationListener  : Skipped config file 'classpath:/config/application.yaml' for profile integrationresource not found
2019-08-27 00:00:08.031 DEBUG 3891 --- [       runner-9] o.s.b.c.c.ConfigFileApplicationListener  : Skipped config file 'classpath:/application-integration.xml' resource not found
2019-08-27 00:00:08.031 DEBUG 3891 --- [       runner-9] o.s.b.c.c.ConfigFileApplicationListener  : Skipped config file 'classpath:/application-integration.xml' for profile integrationresource not found
2019-08-27 00:00:08.031 DEBUG 3891 --- [       runner-9] o.s.b.c.c.ConfigFileApplicationListener  : Skipped config file 'classpath:/application.xml' for profile integrationresource not found
2019-08-27 00:00:08.031 DEBUG 3891 --- [       runner-9] o.s.b.c.c.ConfigFileApplicationListener  : Skipped config file 'classpath:/application-integration.yml' resource not found
2019-08-27 00:00:08.031 DEBUG 3891 --- [       runner-9] o.s.b.c.c.ConfigFileApplicationListener  : Skipped config file 'classpath:/application-integration.yml' for profile integrationresource not found
2019-08-27 00:00:08.031 DEBUG 3891 --- [       runner-9] o.s.b.c.c.ConfigFileApplicationListener  : Skipped config file 'classpath:/application.yml' for profile integrationresource not found
2019-08-27 00:00:08.032 DEBUG 3891 --- [       runner-9] o.s.b.c.c.ConfigFileApplicationListener  : Skipped config file 'classpath:/application-integration.properties' resource not found
2019-08-27 00:00:08.032 DEBUG 3891 --- [       runner-9] o.s.b.c.c.ConfigFileApplicationListener  : Skipped config file 'classpath:/application-integration.properties' for profile integrationresource not found
2019-08-27 00:00:08.032 DEBUG 3891 --- [       runner-9] o.s.b.c.c.ConfigFileApplicationListener  : Skipped config file 'classpath:/application.properties' for profile integrationresource not found
2019-08-27 00:00:08.032 DEBUG 3891 --- [       runner-9] o.s.b.c.c.ConfigFileApplicationListener  : Skipped config file 'classpath:/application-integration.yaml' resource not found
2019-08-27 00:00:08.032 DEBUG 3891 --- [       runner-9] o.s.b.c.c.ConfigFileApplicationListener  : Skipped config file 'classpath:/application-integration.yaml' for profile integrationresource not found
2019-08-27 00:00:08.032 DEBUG 3891 --- [       runner-9] o.s.b.c.c.ConfigFileApplicationListener  : Skipped config file 'classpath:/application.yaml' for profile integrationresource not found
2019-08-27 00:00:08.033  INFO 3891 --- [       runner-9] s.c.a.AnnotationConfigApplicationContext : Refreshing org.springframework.context.annotation.AnnotationConfigApplicationContext@388ad7cb: startup date [Tue Aug 27 00:00:08 UTC 2019]; root of context hierarchy
2019-08-27 00:00:08.456  WARN 3891 --- [       runner-9] s.c.a.AnnotationConfigApplicationContext : Exception encountered during context initialization - cancelling refresh attempt

org.springframework.beans.factory.BeanDefinitionStoreException: Failed to process import candidates for configuration class [Test]; nested exception is java.lang.IllegalStateException: java.io.FileNotFoundException: class path resource [org/springframework/boot/autoconfigure/aop/AopAutoConfiguration.class] cannot be opened because it does not exist
 at org.springframework.context.annotation.ConfigurationClassParser.processDeferredImportSelectors(ConfigurationClassParser.java:433)
 at org.springframework.context.annotation.ConfigurationClassParser.parse(ConfigurationClassParser.java:175)
 at org.springframework.context.annotation.ConfigurationClassPostProcessor.processConfigBeanDefinitions(ConfigurationClassPostProcessor.java:306)
 at org.springframework.context.annotation.ConfigurationClassPostProcessor.postProcessBeanDefinitionRegistry(ConfigurationClassPostProcessor.java:239)
 at org.springframework.context.support.PostProcessorRegistrationDelegate.invokeBeanDefinitionRegistryPostProcessors(PostProcessorRegistrationDelegate.java:254)
 at org.springframework.context.support.PostProcessorRegistrationDelegate.invokeBeanFactoryPostProcessors(PostProcessorRegistrationDelegate.java:94)
 at org.springframework.context.support.AbstractApplicationContext.invokeBeanFactoryPostProcessors(AbstractApplicationContext.java:606)
 at org.springframework.context.support.AbstractApplicationContext.refresh(AbstractApplicationContext.java:462)
 at org.springframework.boot.SpringApplication.refresh(SpringApplication.java:691)
 at org.springframework.boot.SpringApplication.run(SpringApplication.java:321)
 at org.springframework.boot.SpringApplication.run(SpringApplication.java:961)
 at sun.reflect.NativeMethodAccessorImpl.invoke0(Native Method)
 at sun.reflect.NativeMethodAccessorImpl.invoke(NativeMethodAccessorImpl.java:62)
 at sun.reflect.DelegatingMethodAccessorImpl.invoke(DelegatingMethodAccessorImpl.java:43)
 at java.lang.reflect.Method.invoke(Method.java:498)
 at org.springframework.boot.cli.command.run.SpringApplicationRunner$RunThread.run(SpringApplicationRunner.java:152)
Caused by: java.lang.IllegalStateException: java.io.FileNotFoundException: class path resource [org/springframework/boot/autoconfigure/aop/AopAutoConfiguration.class] cannot be opened because it does not exist
 at org.springframework.boot.autoconfigure.EnableAutoConfigurationImportSelector.selectImports(EnableAutoConfigurationImportSelector.java:78)
 at org.springframework.context.annotation.ConfigurationClassParser.processDeferredImportSelectors(ConfigurationClassParser.java:425)
 ... 15 common frames omitted
Caused by: java.io.FileNotFoundException: class path resource [org/springframework/boot/autoconfigure/aop/AopAutoConfiguration.class] cannot be opened because it does not exist
 at org.springframework.core.io.ClassPathResource.getInputStream(ClassPathResource.java:172)
 at org.springframework.core.type.classreading.SimpleMetadataReader.<init>(SimpleMetadataReader.java:50)
 at org.springframework.core.type.classreading.SimpleMetadataReaderFactory.getMetadataReader(SimpleMetadataReaderFactory.java:82)
 at org.springframework.core.type.classreading.CachingMetadataReaderFactory.getMetadataReader(CachingMetadataReaderFactory.java:102)
 at org.springframework.core.type.classreading.SimpleMetadataReaderFactory.getMetadataReader(SimpleMetadataReaderFactory.java:77)
 at org.springframework.boot.autoconfigure.AutoConfigurationSorter$AutoConfigurationClasses.<init>(AutoConfigurationSorter.java:121)
 at org.springframework.boot.autoconfigure.AutoConfigurationSorter.getInPriorityOrder(AutoConfigurationSorter.java:60)
 at org.springframework.boot.autoconfigure.EnableAutoConfigurationImportSelector.selectImports(EnableAutoConfigurationImportSelector.java:72)
 ... 16 common frames omitted

2019-08-27 00:00:08.458  INFO 3891 --- [       runner-9] .b.l.ClasspathLoggingApplicationListener : Application failed to start with classpath: []
2019-08-27 00:00:08.458 ERROR 3891 --- [       runner-9] o.s.boot.SpringApplication               : Application startup failed

org.springframework.beans.factory.BeanDefinitionStoreException: Failed to process import candidates for configuration class [Test]; nested exception is java.lang.IllegalStateException: java.io.FileNotFoundException: class path resource [org/springframework/boot/autoconfigure/aop/AopAutoConfiguration.class] cannot be opened because it does not exist
 at org.springframework.context.annotation.ConfigurationClassParser.processDeferredImportSelectors(ConfigurationClassParser.java:433)
 at org.springframework.context.annotation.ConfigurationClassParser.parse(ConfigurationClassParser.java:175)
 at org.springframework.context.annotation.ConfigurationClassPostProcessor.processConfigBeanDefinitions(ConfigurationClassPostProcessor.java:306)
 at org.springframework.context.annotation.ConfigurationClassPostProcessor.postProcessBeanDefinitionRegistry(ConfigurationClassPostProcessor.java:239)
 at org.springframework.context.support.PostProcessorRegistrationDelegate.invokeBeanDefinitionRegistryPostProcessors(PostProcessorRegistrationDelegate.java:254)
 at org.springframework.context.support.PostProcessorRegistrationDelegate.invokeBeanFactoryPostProcessors(PostProcessorRegistrationDelegate.java:94)
 at org.springframework.context.support.AbstractApplicationContext.invokeBeanFactoryPostProcessors(AbstractApplicationContext.java:606)
 at org.springframework.context.support.AbstractApplicationContext.refresh(AbstractApplicationContext.java:462)
 at org.springframework.boot.SpringApplication.refresh(SpringApplication.java:691)
 at org.springframework.boot.SpringApplication.run(SpringApplication.java:321)
 at org.springframework.boot.SpringApplication.run(SpringApplication.java:961)
 at sun.reflect.NativeMethodAccessorImpl.invoke0(Native Method)
 at sun.reflect.NativeMethodAccessorImpl.invoke(NativeMethodAccessorImpl.java:62)
 at sun.reflect.DelegatingMethodAccessorImpl.invoke(DelegatingMethodAccessorImpl.java:43)
 at java.lang.reflect.Method.invoke(Method.java:498)
 at org.springframework.boot.cli.command.run.SpringApplicationRunner$RunThread.run(SpringApplicationRunner.java:152)
Caused by: java.lang.IllegalStateException: java.io.FileNotFoundException: class path resource [org/springframework/boot/autoconfigure/aop/AopAutoConfiguration.class] cannot be opened because it does not exist
 at org.springframework.boot.autoconfigure.EnableAutoConfigurationImportSelector.selectImports(EnableAutoConfigurationImportSelector.java:78)
 at org.springframework.context.annotation.ConfigurationClassParser.processDeferredImportSelectors(ConfigurationClassParser.java:425)
 ... 15 common frames omitted
Caused by: java.io.FileNotFoundException: class path resource [org/springframework/boot/autoconfigure/aop/AopAutoConfiguration.class] cannot be opened because it does not exist
 at org.springframework.core.io.ClassPathResource.getInputStream(ClassPathResource.java:172)
 at org.springframework.core.type.classreading.SimpleMetadataReader.<init>(SimpleMetadataReader.java:50)
 at org.springframework.core.type.classreading.SimpleMetadataReaderFactory.getMetadataReader(SimpleMetadataReaderFactory.java:82)
 at org.springframework.core.type.classreading.CachingMetadataReaderFactory.getMetadataReader(CachingMetadataReaderFactory.java:102)
 at org.springframework.core.type.classreading.SimpleMetadataReaderFactory.getMetadataReader(SimpleMetadataReaderFactory.java:77)
 at org.springframework.boot.autoconfigure.AutoConfigurationSorter$AutoConfigurationClasses.<init>(AutoConfigurationSorter.java:121)
 at org.springframework.boot.autoconfigure.AutoConfigurationSorter.getInPriorityOrder(AutoConfigurationSorter.java:60)
 at org.springframework.boot.autoconfigure.EnableAutoConfigurationImportSelector.selectImports(EnableAutoConfigurationImportSelector.java:72)
 ... 16 common frames omitted

java.lang.reflect.InvocationTargetException
 at sun.reflect.NativeMethodAccessorImpl.invoke0(Native Method)
 at sun.reflect.NativeMethodAccessorImpl.invoke(NativeMethodAccessorImpl.java:62)
 at sun.reflect.DelegatingMethodAccessorImpl.invoke(DelegatingMethodAccessorImpl.java:43)
 at java.lang.reflect.Method.invoke(Method.java:498)
 at org.springframework.boot.cli.command.run.SpringApplicationRunner$RunThread.run(SpringApplicationRunner.java:152)
Caused by: org.springframework.beans.factory.BeanDefinitionStoreException: Failed to process import candidates for configuration class [Test]; nested exception is java.lang.IllegalStateException: java.io.FileNotFoundException: class path resource [org/springframework/boot/autoconfigure/aop/AopAutoConfiguration.class] cannot be opened because it does not exist
 at org.springframework.context.annotation.ConfigurationClassParser.processDeferredImportSelectors(ConfigurationClassParser.java:433)
 at org.springframework.context.annotation.ConfigurationClassParser.parse(ConfigurationClassParser.java:175)
 at org.springframework.context.annotation.ConfigurationClassPostProcessor.processConfigBeanDefinitions(ConfigurationClassPostProcessor.java:306)
 at org.springframework.context.annotation.ConfigurationClassPostProcessor.postProcessBeanDefinitionRegistry(ConfigurationClassPostProcessor.java:239)
 at org.springframework.context.support.PostProcessorRegistrationDelegate.invokeBeanDefinitionRegistryPostProcessors(PostProcessorRegistrationDelegate.java:254)
 at org.springframework.context.support.PostProcessorRegistrationDelegate.invokeBeanFactoryPostProcessors(PostProcessorRegistrationDelegate.java:94)
 at org.springframework.context.support.AbstractApplicationContext.invokeBeanFactoryPostProcessors(AbstractApplicationContext.java:606)
 at org.springframework.context.support.AbstractApplicationContext.refresh(AbstractApplicationContext.java:462)
 at org.springframework.boot.SpringApplication.refresh(SpringApplication.java:691)
 at org.springframework.boot.SpringApplication.run(SpringApplication.java:321)
 at org.springframework.boot.SpringApplication.run(SpringApplication.java:961)
 ... 5 more
Caused by: java.lang.IllegalStateException: java.io.FileNotFoundException: class path resource [org/springframework/boot/autoconfigure/aop/AopAutoConfiguration.class] cannot be opened because it does not exist
 at org.springframework.boot.autoconfigure.EnableAutoConfigurationImportSelector.selectImports(EnableAutoConfigurationImportSelector.java:78)
 at org.springframework.context.annotation.ConfigurationClassParser.processDeferredImportSelectors(ConfigurationClassParser.java:425)
 ... 15 more
Caused by: java.io.FileNotFoundException: class path resource [org/springframework/boot/autoconfigure/aop/AopAutoConfiguration.class] cannot be opened because it does not exist
 at org.springframework.core.io.ClassPathResource.getInputStream(ClassPathResource.java:172)
 at org.springframework.core.type.classreading.SimpleMetadataReader.<init>(SimpleMetadataReader.java:50)
 at org.springframework.core.type.classreading.SimpleMetadataReaderFactory.getMetadataReader(SimpleMetadataReaderFactory.java:82)
 at org.springframework.core.type.classreading.CachingMetadataReaderFactory.getMetadataReader(CachingMetadataReaderFactory.java:102)
 at org.springframework.core.type.classreading.SimpleMetadataReaderFactory.getMetadataReader(SimpleMetadataReaderFactory.java:77)
 at org.springframework.boot.autoconfigure.AutoConfigurationSorter$AutoConfigurationClasses.<init>(AutoConfigurationSorter.java:121)
 at org.springframework.boot.autoconfigure.AutoConfigurationSorter.getInPriorityOrder(AutoConfigurationSorter.java:60)
 at org.springframework.boot.autoconfigure.EnableAutoConfigurationImportSelector.selectImports(EnableAutoConfigurationImportSelector.java:72)
 ... 16 more
"""
spring-projects-spring-boot,org.springframework.boot.cli.command.CommandRunnerIntegrationTests#debugAddsAutoconfigReport,matched (6 report(s) available),java.lang.AssertionError:,Unclear,no rule matched -- raw exception type was 'java.lang.AssertionError:',
spring-projects-spring-boot,org.springframework.boot.cli.GrabCommandIntegrationTests#customMetadata,matched (5513 report(s) available),java.lang.IllegalStateException,Async Wait,guess: found async-related keyword 'executor' in exception/message/test name,java.util.concurrent.ExecutionException: BUG! exception in phase 'conversion' in source unit 'file:/tmp/proj/spring-projects-spring-boot-51361/spring-projects-spring-boot/spring-boot-cli/src/test/resources/grab-samples/customGrabMetadata.groovy' org.springframework.boot.cli.compiler.grape.DependencyResolutionFailedException: org.eclipse.aether.resolution.DependencyResolutionException: Failed to collect dependencies at test:test:properties:1.0.0
spring-projects-spring-boot,org.springframework.boot.cli.ReproIntegrationTests#securityDependencies,matched (7 report(s) available),java.lang.AssertionError,Order Dependent,"low-confidence guess: found phrase 'illegalstateexception' which can indicate leftover state from another test, but this cannot be confirmed without cross-test execution context","
Expected: a string containing ""Hello World""
     but: was ""
  .   ____          _            __ _ _
 /\\ / ___'_ __ _ _(_)_ __  __ _ \ \ \ \
( ( )\___ | '_ | '_| | '_ \/ _` | \ \ \ \
 \\/  ___)| |_)| | | | | || (_| |  ) ) ) )
  '  |____| .__|_| |_|_| |_\__, | / / / /
 =========|_|==============|___/=/_/_/_/
 :: Spring Boot ::  (v1.2.0.BUILD-SNAPSHOT)

2019-09-04 00:00:45.359  INFO 3923 --- [       runner-5] o.s.boot.SpringApplication               : Starting application on ip-172-31-56-109 with PID 3923 (/root/.m2/repository/org/springframework/boot/spring-boot/1.2.0.BUILD-SNAPSHOT/spring-boot-1.2.0.BUILD-SNAPSHOT.jar started by root in /working/proj/spring-projects-spring-boot-2462/spring-projects-spring-boot/spring-boot-cli)
2019-09-04 00:00:45.362 DEBUG 3923 --- [       runner-5] o.s.boot.SpringApplication               : Running with Spring Boot v1.2.0.BUILD-SNAPSHOT, Spring v4.1.1.RELEASE
2019-09-04 00:00:45.362 DEBUG 3923 --- [       runner-5] o.s.boot.SpringApplication               : Loading source class org.test.Sample
2019-09-04 00:00:45.400 DEBUG 3923 --- [       runner-5] o.s.b.c.c.ConfigFileApplicationListener  : Activated profiles integration
2019-09-04 00:00:45.400 DEBUG 3923 --- [       runner-5] o.s.b.c.c.ConfigFileApplicationListener  : Skipped config file 'file:./config/application.xml' resource not found
2019-09-04 00:00:45.400 DEBUG 3923 --- [       runner-5] o.s.b.c.c.ConfigFileApplicationListener  : Skipped config file 'file:./config/application.yml' resource not found
2019-09-04 00:00:45.400 DEBUG 3923 --- [       runner-5] o.s.b.c.c.ConfigFileApplicationListener  : Skipped config file 'file:./config/application.properties' resource not found
2019-09-04 00:00:45.400 DEBUG 3923 --- [       runner-5] o.s.b.c.c.ConfigFileApplicationListener  : Skipped config file 'file:./config/application.yaml' resource not found
2019-09-04 00:00:45.401 DEBUG 3923 --- [       runner-5] o.s.b.c.c.ConfigFileApplicationListener  : Skipped config file 'file:./application.xml' resource not found
2019-09-04 00:00:45.401 DEBUG 3923 --- [       runner-5] o.s.b.c.c.ConfigFileApplicationListener  : Skipped config file 'file:./application.yml' resource not found
2019-09-04 00:00:45.401 DEBUG 3923 --- [       runner-5] o.s.b.c.c.ConfigFileApplicationListener  : Skipped config file 'file:./application.properties' resource not found
2019-09-04 00:00:45.401 DEBUG 3923 --- [       runner-5] o.s.b.c.c.ConfigFileApplicationListener  : Skipped config file 'file:./application.yaml' resource not found
2019-09-04 00:00:45.401 DEBUG 3923 --- [       runner-5] o.s.b.c.c.ConfigFileApplicationListener  : Skipped config file 'classpath:/config/application.xml' resource not found
2019-09-04 00:00:45.401 DEBUG 3923 --- [       runner-5] o.s.b.c.c.ConfigFileApplicationListener  : Skipped config file 'classpath:/config/application.yml' resource not found
2019-09-04 00:00:45.401 DEBUG 3923 --- [       runner-5] o.s.b.c.c.ConfigFileApplicationListener  : Skipped config file 'classpath:/config/application.properties' resource not found
2019-09-04 00:00:45.402 DEBUG 3923 --- [       runner-5] o.s.b.c.c.ConfigFileApplicationListener  : Skipped config file 'classpath:/config/application.yaml' resource not found
2019-09-04 00:00:45.402 DEBUG 3923 --- [       runner-5] o.s.b.c.c.ConfigFileApplicationListener  : Skipped config file 'classpath:/application.xml' resource not found
2019-09-04 00:00:45.402 DEBUG 3923 --- [       runner-5] o.s.b.c.c.ConfigFileApplicationListener  : Skipped config file 'classpath:/application.yml' resource not found
2019-09-04 00:00:45.402 DEBUG 3923 --- [       runner-5] o.s.b.c.c.ConfigFileApplicationListener  : Skipped config file 'classpath:/application.properties' resource not found
2019-09-04 00:00:45.404 DEBUG 3923 --- [       runner-5] o.s.b.c.c.ConfigFileApplicationListener  : Skipped config file 'classpath:/application.yaml' resource not found
2019-09-04 00:00:45.404 DEBUG 3923 --- [       runner-5] o.s.b.c.c.ConfigFileApplicationListener  : Skipped config file 'file:./config/application-integration.xml' resource not found
2019-09-04 00:00:45.405 DEBUG 3923 --- [       runner-5] o.s.b.c.c.ConfigFileApplicationListener  : Skipped config file 'file:./config/application-integration.xml' for profile integrationresource not found
2019-09-04 00:00:45.406 DEBUG 3923 --- [       runner-5] o.s.b.c.c.ConfigFileApplicationListener  : Skipped config file 'file:./config/application.xml' for profile integrationresource not found
2019-09-04 00:00:45.407 DEBUG 3923 --- [       runner-5] o.s.b.c.c.ConfigFileApplicationListener  : Skipped config file 'file:./config/application-integration.yml' resource not found
2019-09-04 00:00:45.407 DEBUG 3923 --- [       runner-5] o.s.b.c.c.ConfigFileApplicationListener  : Skipped config file 'file:./config/application-integration.yml' for profile integrationresource not found
2019-09-04 00:00:45.407 DEBUG 3923 --- [       runner-5] o.s.b.c.c.ConfigFileApplicationListener  : Skipped config file 'file:./config/application.yml' for profile integrationresource not found
2019-09-04 00:00:45.407 DEBUG 3923 --- [       runner-5] o.s.b.c.c.ConfigFileApplicationListener  : Skipped config file 'file:./config/application-integration.properties' resource not found
2019-09-04 00:00:45.407 DEBUG 3923 --- [       runner-5] o.s.b.c.c.ConfigFileApplicationListener  : Skipped config file 'file:./config/application-integration.properties' for profile integrationresource not found
2019-09-04 00:00:45.407 DEBUG 3923 --- [       runner-5] o.s.b.c.c.ConfigFileApplicationListener  : Skipped config file 'file:./config/application.properties' for profile integrationresource not found
2019-09-04 00:00:45.407 DEBUG 3923 --- [       runner-5] o.s.b.c.c.ConfigFileApplicationListener  : Skipped config file 'file:./config/application-integration.yaml' resource not found
2019-09-04 00:00:45.407 DEBUG 3923 --- [       runner-5] o.s.b.c.c.ConfigFileApplicationListener  : Skipped config file 'file:./config/application-integration.yaml' for profile integrationresource not found
2019-09-04 00:00:45.408 DEBUG 3923 --- [       runner-5] o.s.b.c.c.ConfigFileApplicationListener  : Skipped config file 'file:./config/application.yaml' for profile integrationresource not found
2019-09-04 00:00:45.408 DEBUG 3923 --- [       runner-5] o.s.b.c.c.ConfigFileApplicationListener  : Skipped config file 'file:./application-integration.xml' resource not found
2019-09-04 00:00:45.408 DEBUG 3923 --- [       runner-5] o.s.b.c.c.ConfigFileApplicationListener  : Skipped config file 'file:./application-integration.xml' for profile integrationresource not found
2019-09-04 00:00:45.408 DEBUG 3923 --- [       runner-5] o.s.b.c.c.ConfigFileApplicationListener  : Skipped config file 'file:./application.xml' for profile integrationresource not found
2019-09-04 00:00:45.408 DEBUG 3923 --- [       runner-5] o.s.b.c.c.ConfigFileApplicationListener  : Skipped config file 'file:./application-integration.yml' resource not found
2019-09-04 00:00:45.409 DEBUG 3923 --- [       runner-5] o.s.b.c.c.ConfigFileApplicationListener  : Skipped config file 'file:./application-integration.yml' for profile integrationresource not found
2019-09-04 00:00:45.413 DEBUG 3923 --- [       runner-5] o.s.b.c.c.ConfigFileApplicationListener  : Skipped config file 'file:./application.yml' for profile integrationresource not found
2019-09-04 00:00:45.414 DEBUG 3923 --- [       runner-5] o.s.b.c.c.ConfigFileApplicationListener  : Skipped config file 'file:./application-integration.properties' resource not found
2019-09-04 00:00:45.414 DEBUG 3923 --- [       runner-5] o.s.b.c.c.ConfigFileApplicationListener  : Skipped config file 'file:./application-integration.properties' for profile integrationresource not found
2019-09-04 00:00:45.414 DEBUG 3923 --- [       runner-5] o.s.b.c.c.ConfigFileApplicationListener  : Skipped config file 'file:./application.properties' for profile integrationresource not found
2019-09-04 00:00:45.414 DEBUG 3923 --- [       runner-5] o.s.b.c.c.ConfigFileApplicationListener  : Skipped config file 'file:./application-integration.yaml' resource not found
2019-09-04 00:00:45.415 DEBUG 3923 --- [       runner-5] o.s.b.c.c.ConfigFileApplicationListener  : Skipped config file 'file:./application-integration.yaml' for profile integrationresource not found
2019-09-04 00:00:45.415 DEBUG 3923 --- [       runner-5] o.s.b.c.c.ConfigFileApplicationListener  : Skipped config file 'file:./application.yaml' for profile integrationresource not found
2019-09-04 00:00:45.415 DEBUG 3923 --- [       runner-5] o.s.b.c.c.ConfigFileApplicationListener  : Skipped config file 'classpath:/config/application-integration.xml' resource not found
2019-09-04 00:00:45.416 DEBUG 3923 --- [       runner-5] o.s.b.c.c.ConfigFileApplicationListener  : Skipped config file 'classpath:/config/application-integration.xml' for profile integrationresource not found
2019-09-04 00:00:45.416 DEBUG 3923 --- [       runner-5] o.s.b.c.c.ConfigFileApplicationListener  : Skipped config file 'classpath:/config/application.xml' for profile integrationresource not found
2019-09-04 00:00:45.416 DEBUG 3923 --- [       runner-5] o.s.b.c.c.ConfigFileApplicationListener  : Skipped config file 'classpath:/config/application-integration.yml' resource not found
2019-09-04 00:00:45.416 DEBUG 3923 --- [       runner-5] o.s.b.c.c.ConfigFileApplicationListener  : Skipped config file 'classpath:/config/application-integration.yml' for profile integrationresource not found
2019-09-04 00:00:45.416 DEBUG 3923 --- [       runner-5] o.s.b.c.c.ConfigFileApplicationListener  : Skipped config file 'classpath:/config/application.yml' for profile integrationresource not found
2019-09-04 00:00:45.416 DEBUG 3923 --- [       runner-5] o.s.b.c.c.ConfigFileApplicationListener  : Skipped config file 'classpath:/config/application-integration.properties' resource not found
2019-09-04 00:00:45.416 DEBUG 3923 --- [       runner-5] o.s.b.c.c.ConfigFileApplicationListener  : Skipped config file 'classpath:/config/application-integration.properties' for profile integrationresource not found
2019-09-04 00:00:45.416 DEBUG 3923 --- [       runner-5] o.s.b.c.c.ConfigFileApplicationListener  : Skipped config file 'classpath:/config/application.properties' for profile integrationresource not found
2019-09-04 00:00:45.417 DEBUG 3923 --- [       runner-5] o.s.b.c.c.ConfigFileApplicationListener  : Skipped config file 'classpath:/config/application-integration.yaml' resource not found
2019-09-04 00:00:45.417 DEBUG 3923 --- [       runner-5] o.s.b.c.c.ConfigFileApplicationListener  : Skipped config file 'classpath:/config/application-integration.yaml' for profile integrationresource not found
2019-09-04 00:00:45.419 DEBUG 3923 --- [       runner-5] o.s.b.c.c.ConfigFileApplicationListener  : Skipped config file 'classpath:/config/application.yaml' for profile integrationresource not found
2019-09-04 00:00:45.419 DEBUG 3923 --- [       runner-5] o.s.b.c.c.ConfigFileApplicationListener  : Skipped config file 'classpath:/application-integration.xml' resource not found
2019-09-04 00:00:45.419 DEBUG 3923 --- [       runner-5] o.s.b.c.c.ConfigFileApplicationListener  : Skipped config file 'classpath:/application-integration.xml' for profile integrationresource not found
2019-09-04 00:00:45.419 DEBUG 3923 --- [       runner-5] o.s.b.c.c.ConfigFileApplicationListener  : Skipped config file 'classpath:/application.xml' for profile integrationresource not found
2019-09-04 00:00:45.419 DEBUG 3923 --- [       runner-5] o.s.b.c.c.ConfigFileApplicationListener  : Skipped config file 'classpath:/application-integration.yml' resource not found
2019-09-04 00:00:45.420 DEBUG 3923 --- [       runner-5] o.s.b.c.c.ConfigFileApplicationListener  : Skipped config file 'classpath:/application-integration.yml' for profile integrationresource not found
2019-09-04 00:00:45.420 DEBUG 3923 --- [       runner-5] o.s.b.c.c.ConfigFileApplicationListener  : Skipped config file 'classpath:/application.yml' for profile integrationresource not found
2019-09-04 00:00:45.420 DEBUG 3923 --- [       runner-5] o.s.b.c.c.ConfigFileApplicationListener  : Skipped config file 'classpath:/application-integration.properties' resource not found
2019-09-04 00:00:45.420 DEBUG 3923 --- [       runner-5] o.s.b.c.c.ConfigFileApplicationListener  : Skipped config file 'classpath:/application-integration.properties' for profile integrationresource not found
2019-09-04 00:00:45.420 DEBUG 3923 --- [       runner-5] o.s.b.c.c.ConfigFileApplicationListener  : Skipped config file 'classpath:/application.properties' for profile integrationresource not found
2019-09-04 00:00:45.420 DEBUG 3923 --- [       runner-5] o.s.b.c.c.ConfigFileApplicationListener  : Skipped config file 'classpath:/application-integration.yaml' resource not found
2019-09-04 00:00:45.420 DEBUG 3923 --- [       runner-5] o.s.b.c.c.ConfigFileApplicationListener  : Skipped config file 'classpath:/application-integration.yaml' for profile integrationresource not found
2019-09-04 00:00:45.420 DEBUG 3923 --- [       runner-5] o.s.b.c.c.ConfigFileApplicationListener  : Skipped config file 'classpath:/application.yaml' for profile integrationresource not found
2019-09-04 00:00:45.421  INFO 3923 --- [       runner-5] ationConfigEmbeddedWebApplicationContext : Refreshing org.springframework.boot.context.embedded.AnnotationConfigEmbeddedWebApplicationContext@7189d9: startup date [Wed Sep 04 00:00:45 UTC 2019]; root of context hierarchy
2019-09-04 00:00:45.424 DEBUG 3923 --- [       runner-5] ationConfigEmbeddedWebApplicationContext : Bean factory for org.springframework.boot.context.embedded.AnnotationConfigEmbeddedWebApplicationContext@7189d9: org.springframework.beans.factory.support.DefaultListableBeanFactory@714230c8: defining beans [org.springframework.context.annotation.internalConfigurationAnnotationProcessor,org.springframework.context.annotation.internalAutowiredAnnotationProcessor,org.springframework.context.annotation.internalRequiredAnnotationProcessor,org.springframework.context.annotation.internalCommonAnnotationProcessor,sample]; root of factory hierarchy
2019-09-04 00:00:45.834  INFO 3923 --- [       runner-5] .b.l.ClasspathLoggingApplicationListener : Application failed to start with classpath: []
2019-09-04 00:00:45.839 ERROR 3923 --- [       runner-5] o.s.boot.SpringApplication               : Application startup failed

java.lang.NoSuchMethodError: org.springframework.beans.factory.support.DefaultListableBeanFactory.isAllowEagerClassLoading()Z
 at org.springframework.boot.autoconfigure.condition.BeanTypeRegistry.get(BeanTypeRegistry.java:147)
 at org.springframework.boot.autoconfigure.condition.OnBeanCondition.collectBeanNamesForType(OnBeanCondition.java:154)
 at org.springframework.boot.autoconfigure.condition.OnBeanCondition.getBeanNamesForType(OnBeanCondition.java:143)
 at org.springframework.boot.autoconfigure.condition.OnBeanCondition.getMatchingBeans(OnBeanCondition.java:115)
 at org.springframework.boot.autoconfigure.condition.OnBeanCondition.getMatchOutcome(OnBeanCondition.java:90)
 at org.springframework.boot.autoconfigure.condition.SpringBootCondition.matches(SpringBootCondition.java:45)
 at org.springframework.context.annotation.ConditionEvaluator.shouldSkip(ConditionEvaluator.java:102)
 at org.springframework.context.annotation.ConfigurationClassBeanDefinitionReader.loadBeanDefinitionsForBeanMethod(ConfigurationClassBeanDefinitionReader.java:177)
 at org.springframework.context.annotation.ConfigurationClassBeanDefinitionReader.loadBeanDefinitionsForConfigurationClass(ConfigurationClassBeanDefinitionReader.java:146)
 at org.springframework.context.annotation.ConfigurationClassBeanDefinitionReader.loadBeanDefinitions(ConfigurationClassBeanDefinitionReader.java:122)
 at org.springframework.context.annotation.ConfigurationClassPostProcessor.processConfigBeanDefinitions(ConfigurationClassPostProcessor.java:318)
 at org.springframework.context.annotation.ConfigurationClassPostProcessor.postProcessBeanDefinitionRegistry(ConfigurationClassPostProcessor.java:239)
 at org.springframework.context.support.PostProcessorRegistrationDelegate.invokeBeanDefinitionRegistryPostProcessors(PostProcessorRegistrationDelegate.java:254)
 at org.springframework.context.support.PostProcessorRegistrationDelegate.invokeBeanFactoryPostProcessors(PostProcessorRegistrationDelegate.java:94)
 at org.springframework.context.support.AbstractApplicationContext.invokeBeanFactoryPostProcessors(AbstractApplicationContext.java:606)
 at org.springframework.context.support.AbstractApplicationContext.refresh(AbstractApplicationContext.java:462)
 at org.springframework.boot.context.embedded.EmbeddedWebApplicationContext.refresh(EmbeddedWebApplicationContext.java:109)
 at org.springframework.boot.SpringApplication.refresh(SpringApplication.java:691)
 at org.springframework.boot.SpringApplication.run(SpringApplication.java:321)
 at org.springframework.boot.SpringApplication.run(SpringApplication.java:961)
 at sun.reflect.NativeMethodAccessorImpl.invoke0(Native Method)
 at sun.reflect.NativeMethodAccessorImpl.invoke(NativeMethodAccessorImpl.java:62)
 at sun.reflect.DelegatingMethodAccessorImpl.invoke(DelegatingMethodAccessorImpl.java:43)
 at java.lang.reflect.Method.invoke(Method.java:498)
 at org.springframework.boot.cli.command.run.SpringApplicationRunner$RunThread.run(SpringApplicationRunner.java:152)

2019-09-04 00:00:45.840  INFO 3923 --- [       runner-5] ationConfigEmbeddedWebApplicationContext : Closing org.springframework.boot.context.embedded.AnnotationConfigEmbeddedWebApplicationContext@7189d9: startup date [Wed Sep 04 00:00:45 UTC 2019]; root of context hierarchy
2019-09-04 00:00:45.842  WARN 3923 --- [       runner-5] ationConfigEmbeddedWebApplicationContext : Exception thrown from ApplicationListener handling ContextClosedEvent

java.lang.IllegalStateException: ApplicationEventMulticaster not initialized - call 'refresh' before multicasting events via the context: org.springframework.boot.context.embedded.AnnotationConfigEmbeddedWebApplicationContext@7189d9: startup date [Wed Sep 04 00:00:45 UTC 2019]; root of context hierarchy
 at org.springframework.context.support.AbstractApplicationContext.getApplicationEventMulticaster(AbstractApplicationContext.java:344)
 at org.springframework.context.support.AbstractApplicationContext.publishEvent(AbstractApplicationContext.java:331)
 at org.springframework.context.support.AbstractApplicationContext.doClose(AbstractApplicationContext.java:869)
 at org.springframework.boot.context.embedded.EmbeddedWebApplicationContext.doClose(EmbeddedWebApplicationContext.java:141)
 at org.springframework.context.support.AbstractApplicationContext.close(AbstractApplicationContext.java:836)
 at org.springframework.boot.SpringApplication.run(SpringApplication.java:343)
 at org.springframework.boot.SpringApplication.run(SpringApplication.java:961)
 at sun.reflect.NativeMethodAccessorImpl.invoke0(Native Method)
 at sun.reflect.NativeMethodAccessorImpl.invoke(NativeMethodAccessorImpl.java:62)
 at sun.reflect.DelegatingMethodAccessorImpl.invoke(DelegatingMethodAccessorImpl.java:43)
 at java.lang.reflect.Method.invoke(Method.java:498)
 at org.springframework.boot.cli.command.run.SpringApplicationRunner$RunThread.run(SpringApplicationRunner.java:152)

2019-09-04 00:00:45.843  WARN 3923 --- [       runner-5] ationConfigEmbeddedWebApplicationContext : Exception thrown from LifecycleProcessor on context close

java.lang.IllegalStateException: LifecycleProcessor not initialized - call 'refresh' before invoking lifecycle methods via the context: org.springframework.boot.context.embedded.AnnotationConfigEmbeddedWebApplicationContext@7189d9: startup date [Wed Sep 04 00:00:45 UTC 2019]; root of context hierarchy
 at org.springframework.context.support.AbstractApplicationContext.getLifecycleProcessor(AbstractApplicationContext.java:357)
 at org.springframework.context.support.AbstractApplicationContext.doClose(AbstractApplicationContext.java:877)
 at org.springframework.boot.context.embedded.EmbeddedWebApplicationContext.doClose(EmbeddedWebApplicationContext.java:141)
 at org.springframework.context.support.AbstractApplicationContext.close(AbstractApplicationContext.java:836)
 at org.springframework.boot.SpringApplication.run(SpringApplication.java:343)
 at org.springframework.boot.SpringApplication.run(SpringApplication.java:961)
 at sun.reflect.NativeMethodAccessorImpl.invoke0(Native Method)
 at sun.reflect.NativeMethodAccessorImpl.invoke(NativeMethodAccessorImpl.java:62)
 at sun.reflect.DelegatingMethodAccessorImpl.invoke(DelegatingMethodAccessorImpl.java:43)
 at java.lang.reflect.Method.invoke(Method.java:498)
 at org.springframework.boot.cli.command.run.SpringApplicationRunner$RunThread.run(SpringApplicationRunner.java:152)

java.lang.reflect.InvocationTargetException
 at sun.reflect.NativeMethodAccessorImpl.invoke0(Native Method)
 at sun.reflect.NativeMethodAccessorImpl.invoke(NativeMethodAccessorImpl.java:62)
 at sun.reflect.DelegatingMethodAccessorImpl.invoke(DelegatingMethodAccessorImpl.java:43)
 at java.lang.reflect.Method.invoke(Method.java:498)
 at org.springframework.boot.cli.command.run.SpringApplicationRunner$RunThread.run(SpringApplicationRunner.java:152)
Caused by: java.lang.NoSuchMethodError: org.springframework.beans.factory.support.DefaultListableBeanFactory.isAllowEagerClassLoading()Z
 at org.springframework.boot.autoconfigure.condition.BeanTypeRegistry.get(BeanTypeRegistry.java:147)
 at org.springframework.boot.autoconfigure.condition.OnBeanCondition.collectBeanNamesForType(OnBeanCondition.java:154)
 at org.springframework.boot.autoconfigure.condition.OnBeanCondition.getBeanNamesForType(OnBeanCondition.java:143)
 at org.springframework.boot.autoconfigure.condition.OnBeanCondition.getMatchingBeans(OnBeanCondition.java:115)
 at org.springframework.boot.autoconfigure.condition.OnBeanCondition.getMatchOutcome(OnBeanCondition.java:90)
 at org.springframework.boot.autoconfigure.condition.SpringBootCondition.matches(SpringBootCondition.java:45)
 at org.springframework.context.annotation.ConditionEvaluator.shouldSkip(ConditionEvaluator.java:102)
 at org.springframework.context.annotation.ConfigurationClassBeanDefinitionReader.loadBeanDefinitionsForBeanMethod(ConfigurationClassBeanDefinitionReader.java:177)
 at org.springframework.context.annotation.ConfigurationClassBeanDefinitionReader.loadBeanDefinitionsForConfigurationClass(ConfigurationClassBeanDefinitionReader.java:146)
 at org.springframework.context.annotation.ConfigurationClassBeanDefinitionReader.loadBeanDefinitions(ConfigurationClassBeanDefinitionReader.java:122)
 at org.springframework.context.annotation.ConfigurationClassPostProcessor.processConfigBeanDefinitions(ConfigurationClassPostProcessor.java:318)
 at org.springframework.context.annotation.ConfigurationClassPostProcessor.postProcessBeanDefinitionRegistry(ConfigurationClassPostProcessor.java:239)
 at org.springframework.context.support.PostProcessorRegistrationDelegate.invokeBeanDefinitionRegistryPostProcessors(PostProcessorRegistrationDelegate.java:254)
 at org.springframework.context.support.PostProcessorRegistrationDelegate.invokeBeanFactoryPostProcessors(PostProcessorRegistrationDelegate.java:94)
 at org.springframework.context.support.AbstractApplicationContext.invokeBeanFactoryPostProcessors(AbstractApplicationContext.java:606)
 at org.springframework.context.support.AbstractApplicationContext.refresh(AbstractApplicationContext.java:462)
 at org.springframework.boot.context.embedded.EmbeddedWebApplicationContext.refresh(EmbeddedWebApplicationContext.java:109)
 at org.springframework.boot.SpringApplication.refresh(SpringApplication.java:691)
 at org.springframework.boot.SpringApplication.run(SpringApplication.java:321)
 at org.springframework.boot.SpringApplication.run(SpringApplication.java:961)
 ... 5 more
"""
spring-projects-spring-boot,org.springframework.boot.cli.ReproIntegrationTests#dataJpaDependencies,matched (7 report(s) available),java.lang.AssertionError,Order Dependent,"low-confidence guess: found phrase 'illegalstateexception' which can indicate leftover state from another test, but this cannot be confirmed without cross-test execution context","
Expected: a string containing ""Hello World""
     but: was ""
  .   ____          _            __ _ _
 /\\ / ___'_ __ _ _(_)_ __  __ _ \ \ \ \
( ( )\___ | '_ | '_| | '_ \/ _` | \ \ \ \
 \\/  ___)| |_)| | | | | || (_| |  ) ) ) )
  '  |____| .__|_| |_|_| |_\__, | / / / /
 =========|_|==============|___/=/_/_/_/
 :: Spring Boot ::  (v1.2.0.BUILD-SNAPSHOT)

2019-09-04 00:00:46.392  INFO 3923 --- [       runner-6] o.s.boot.SpringApplication               : Starting application on ip-172-31-56-109 with PID 3923 (/root/.m2/repository/org/springframework/boot/spring-boot/1.2.0.BUILD-SNAPSHOT/spring-boot-1.2.0.BUILD-SNAPSHOT.jar started by root in /working/proj/spring-projects-spring-boot-2462/spring-projects-spring-boot/spring-boot-cli)
2019-09-04 00:00:46.395 DEBUG 3923 --- [       runner-6] o.s.boot.SpringApplication               : Running with Spring Boot v1.2.0.BUILD-SNAPSHOT, Spring v4.1.1.RELEASE
2019-09-04 00:00:46.395 DEBUG 3923 --- [       runner-6] o.s.boot.SpringApplication               : Loading source class Sample
2019-09-04 00:00:46.422 DEBUG 3923 --- [       runner-6] o.s.b.c.c.ConfigFileApplicationListener  : Activated profiles integration
2019-09-04 00:00:46.422 DEBUG 3923 --- [       runner-6] o.s.b.c.c.ConfigFileApplicationListener  : Skipped config file 'file:./config/application.xml' resource not found
2019-09-04 00:00:46.423 DEBUG 3923 --- [       runner-6] o.s.b.c.c.ConfigFileApplicationListener  : Skipped config file 'file:./config/application.yml' resource not found
2019-09-04 00:00:46.423 DEBUG 3923 --- [       runner-6] o.s.b.c.c.ConfigFileApplicationListener  : Skipped config file 'file:./config/application.properties' resource not found
2019-09-04 00:00:46.423 DEBUG 3923 --- [       runner-6] o.s.b.c.c.ConfigFileApplicationListener  : Skipped config file 'file:./config/application.yaml' resource not found
2019-09-04 00:00:46.423 DEBUG 3923 --- [       runner-6] o.s.b.c.c.ConfigFileApplicationListener  : Skipped config file 'file:./application.xml' resource not found
2019-09-04 00:00:46.423 DEBUG 3923 --- [       runner-6] o.s.b.c.c.ConfigFileApplicationListener  : Skipped config file 'file:./application.yml' resource not found
2019-09-04 00:00:46.423 DEBUG 3923 --- [       runner-6] o.s.b.c.c.ConfigFileApplicationListener  : Skipped config file 'file:./application.properties' resource not found
2019-09-04 00:00:46.424 DEBUG 3923 --- [       runner-6] o.s.b.c.c.ConfigFileApplicationListener  : Skipped config file 'file:./application.yaml' resource not found
2019-09-04 00:00:46.424 DEBUG 3923 --- [       runner-6] o.s.b.c.c.ConfigFileApplicationListener  : Skipped config file 'classpath:/config/application.xml' resource not found
2019-09-04 00:00:46.424 DEBUG 3923 --- [       runner-6] o.s.b.c.c.ConfigFileApplicationListener  : Skipped config file 'classpath:/config/application.yml' resource not found
2019-09-04 00:00:46.424 DEBUG 3923 --- [       runner-6] o.s.b.c.c.ConfigFileApplicationListener  : Skipped config file 'classpath:/config/application.properties' resource not found
2019-09-04 00:00:46.424 DEBUG 3923 --- [       runner-6] o.s.b.c.c.ConfigFileApplicationListener  : Skipped config file 'classpath:/config/application.yaml' resource not found
2019-09-04 00:00:46.424 DEBUG 3923 --- [       runner-6] o.s.b.c.c.ConfigFileApplicationListener  : Skipped config file 'classpath:/application.xml' resource not found
2019-09-04 00:00:46.424 DEBUG 3923 --- [       runner-6] o.s.b.c.c.ConfigFileApplicationListener  : Skipped config file 'classpath:/application.yml' resource not found
2019-09-04 00:00:46.425 DEBUG 3923 --- [       runner-6] o.s.b.c.c.ConfigFileApplicationListener  : Skipped config file 'classpath:/application.properties' resource not found
2019-09-04 00:00:46.425 DEBUG 3923 --- [       runner-6] o.s.b.c.c.ConfigFileApplicationListener  : Skipped config file 'classpath:/application.yaml' resource not found
2019-09-04 00:00:46.425 DEBUG 3923 --- [       runner-6] o.s.b.c.c.ConfigFileApplicationListener  : Skipped config file 'file:./config/application-integration.xml' resource not found
2019-09-04 00:00:46.425 DEBUG 3923 --- [       runner-6] o.s.b.c.c.ConfigFileApplicationListener  : Skipped config file 'file:./config/application-integration.xml' for profile integrationresource not found
2019-09-04 00:00:46.425 DEBUG 3923 --- [       runner-6] o.s.b.c.c.ConfigFileApplicationListener  : Skipped config file 'file:./config/application.xml' for profile integrationresource not found
2019-09-04 00:00:46.425 DEBUG 3923 --- [       runner-6] o.s.b.c.c.ConfigFileApplicationListener  : Skipped config file 'file:./config/application-integration.yml' resource not found
2019-09-04 00:00:46.425 DEBUG 3923 --- [       runner-6] o.s.b.c.c.ConfigFileApplicationListener  : Skipped config file 'file:./config/application-integration.yml' for profile integrationresource not found
2019-09-04 00:00:46.426 DEBUG 3923 --- [       runner-6] o.s.b.c.c.ConfigFileApplicationListener  : Skipped config file 'file:./config/application.yml' for profile integrationresource not found
2019-09-04 00:00:46.426 DEBUG 3923 --- [       runner-6] o.s.b.c.c.ConfigFileApplicationListener  : Skipped config file 'file:./config/application-integration.properties' resource not found
2019-09-04 00:00:46.426 DEBUG 3923 --- [       runner-6] o.s.b.c.c.ConfigFileApplicationListener  : Skipped config file 'file:./config/application-integration.properties' for profile integrationresource not found
2019-09-04 00:00:46.426 DEBUG 3923 --- [       runner-6] o.s.b.c.c.ConfigFileApplicationListener  : Skipped config file 'file:./config/application.properties' for profile integrationresource not found
2019-09-04 00:00:46.426 DEBUG 3923 --- [       runner-6] o.s.b.c.c.ConfigFileApplicationListener  : Skipped config file 'file:./config/application-integration.yaml' resource not found
2019-09-04 00:00:46.427 DEBUG 3923 --- [       runner-6] o.s.b.c.c.ConfigFileApplicationListener  : Skipped config file 'file:./config/application-integration.yaml' for profile integrationresource not found
2019-09-04 00:00:46.427 DEBUG 3923 --- [       runner-6] o.s.b.c.c.ConfigFileApplicationListener  : Skipped config file 'file:./config/application.yaml' for profile integrationresource not found
2019-09-04 00:00:46.427 DEBUG 3923 --- [       runner-6] o.s.b.c.c.ConfigFileApplicationListener  : Skipped config file 'file:./application-integration.xml' resource not found
2019-09-04 00:00:46.427 DEBUG 3923 --- [       runner-6] o.s.b.c.c.ConfigFileApplicationListener  : Skipped config file 'file:./application-integration.xml' for profile integrationresource not found
2019-09-04 00:00:46.427 DEBUG 3923 --- [       runner-6] o.s.b.c.c.ConfigFileApplicationListener  : Skipped config file 'file:./application.xml' for profile integrationresource not found
2019-09-04 00:00:46.427 DEBUG 3923 --- [       runner-6] o.s.b.c.c.ConfigFileApplicationListener  : Skipped config file 'file:./application-integration.yml' resource not found
2019-09-04 00:00:46.427 DEBUG 3923 --- [       runner-6] o.s.b.c.c.ConfigFileApplicationListener  : Skipped config file 'file:./application-integration.yml' for profile integrationresource not found
2019-09-04 00:00:46.428 DEBUG 3923 --- [       runner-6] o.s.b.c.c.ConfigFileApplicationListener  : Skipped config file 'file:./application.yml' for profile integrationresource not found
2019-09-04 00:00:46.428 DEBUG 3923 --- [       runner-6] o.s.b.c.c.ConfigFileApplicationListener  : Skipped config file 'file:./application-integration.properties' resource not found
2019-09-04 00:00:46.428 DEBUG 3923 --- [       runner-6] o.s.b.c.c.ConfigFileApplicationListener  : Skipped config file 'file:./application-integration.properties' for profile integrationresource not found
2019-09-04 00:00:46.428 DEBUG 3923 --- [       runner-6] o.s.b.c.c.ConfigFileApplicationListener  : Skipped config file 'file:./application.properties' for profile integrationresource not found
2019-09-04 00:00:46.428 DEBUG 3923 --- [       runner-6] o.s.b.c.c.ConfigFileApplicationListener  : Skipped config file 'file:./application-integration.yaml' resource not found
2019-09-04 00:00:46.428 DEBUG 3923 --- [       runner-6] o.s.b.c.c.ConfigFileApplicationListener  : Skipped config file 'file:./application-integration.yaml' for profile integrationresource not found
2019-09-04 00:00:46.428 DEBUG 3923 --- [       runner-6] o.s.b.c.c.ConfigFileApplicationListener  : Skipped config file 'file:./application.yaml' for profile integrationresource not found
2019-09-04 00:00:46.429 DEBUG 3923 --- [       runner-6] o.s.b.c.c.ConfigFileApplicationListener  : Skipped config file 'classpath:/config/application-integration.xml' resource not found
2019-09-04 00:00:46.429 DEBUG 3923 --- [       runner-6] o.s.b.c.c.ConfigFileApplicationListener  : Skipped config file 'classpath:/config/application-integration.xml' for profile integrationresource not found
2019-09-04 00:00:46.429 DEBUG 3923 --- [       runner-6] o.s.b.c.c.ConfigFileApplicationListener  : Skipped config file 'classpath:/config/application.xml' for profile integrationresource not found
2019-09-04 00:00:46.429 DEBUG 3923 --- [       runner-6] o.s.b.c.c.ConfigFileApplicationListener  : Skipped config file 'classpath:/config/application-integration.yml' resource not found
2019-09-04 00:00:46.429 DEBUG 3923 --- [       runner-6] o.s.b.c.c.ConfigFileApplicationListener  : Skipped config file 'classpath:/config/application-integration.yml' for profile integrationresource not found
2019-09-04 00:00:46.429 DEBUG 3923 --- [       runner-6] o.s.b.c.c.ConfigFileApplicationListener  : Skipped config file 'classpath:/config/application.yml' for profile integrationresource not found
2019-09-04 00:00:46.429 DEBUG 3923 --- [       runner-6] o.s.b.c.c.ConfigFileApplicationListener  : Skipped config file 'classpath:/config/application-integration.properties' resource not found
2019-09-04 00:00:46.430 DEBUG 3923 --- [       runner-6] o.s.b.c.c.ConfigFileApplicationListener  : Skipped config file 'classpath:/config/application-integration.properties' for profile integrationresource not found
2019-09-04 00:00:46.430 DEBUG 3923 --- [       runner-6] o.s.b.c.c.ConfigFileApplicationListener  : Skipped config file 'classpath:/config/application.properties' for profile integrationresource not found
2019-09-04 00:00:46.430 DEBUG 3923 --- [       runner-6] o.s.b.c.c.ConfigFileApplicationListener  : Skipped config file 'classpath:/config/application-integration.yaml' resource not found
2019-09-04 00:00:46.430 DEBUG 3923 --- [       runner-6] o.s.b.c.c.ConfigFileApplicationListener  : Skipped config file 'classpath:/config/application-integration.yaml' for profile integrationresource not found
2019-09-04 00:00:46.430 DEBUG 3923 --- [       runner-6] o.s.b.c.c.ConfigFileApplicationListener  : Skipped config file 'classpath:/config/application.yaml' for profile integrationresource not found
2019-09-04 00:00:46.430 DEBUG 3923 --- [       runner-6] o.s.b.c.c.ConfigFileApplicationListener  : Skipped config file 'classpath:/application-integration.xml' resource not found
2019-09-04 00:00:46.431 DEBUG 3923 --- [       runner-6] o.s.b.c.c.ConfigFileApplicationListener  : Skipped config file 'classpath:/application-integration.xml' for profile integrationresource not found
2019-09-04 00:00:46.431 DEBUG 3923 --- [       runner-6] o.s.b.c.c.ConfigFileApplicationListener  : Skipped config file 'classpath:/application.xml' for profile integrationresource not found
2019-09-04 00:00:46.431 DEBUG 3923 --- [       runner-6] o.s.b.c.c.ConfigFileApplicationListener  : Skipped config file 'classpath:/application-integration.yml' resource not found
2019-09-04 00:00:46.431 DEBUG 3923 --- [       runner-6] o.s.b.c.c.ConfigFileApplicationListener  : Skipped config file 'classpath:/application-integration.yml' for profile integrationresource not found
2019-09-04 00:00:46.431 DEBUG 3923 --- [       runner-6] o.s.b.c.c.ConfigFileApplicationListener  : Skipped config file 'classpath:/application.yml' for profile integrationresource not found
2019-09-04 00:00:46.431 DEBUG 3923 --- [       runner-6] o.s.b.c.c.ConfigFileApplicationListener  : Skipped config file 'classpath:/application-integration.properties' resource not found
2019-09-04 00:00:46.431 DEBUG 3923 --- [       runner-6] o.s.b.c.c.ConfigFileApplicationListener  : Skipped config file 'classpath:/application-integration.properties' for profile integrationresource not found
2019-09-04 00:00:46.432 DEBUG 3923 --- [       runner-6] o.s.b.c.c.ConfigFileApplicationListener  : Skipped config file 'classpath:/application.properties' for profile integrationresource not found
2019-09-04 00:00:46.432 DEBUG 3923 --- [       runner-6] o.s.b.c.c.ConfigFileApplicationListener  : Skipped config file 'classpath:/application-integration.yaml' resource not found
2019-09-04 00:00:46.432 DEBUG 3923 --- [       runner-6] o.s.b.c.c.ConfigFileApplicationListener  : Skipped config file 'classpath:/application-integration.yaml' for profile integrationresource not found
2019-09-04 00:00:46.432 DEBUG 3923 --- [       runner-6] o.s.b.c.c.ConfigFileApplicationListener  : Skipped config file 'classpath:/application.yaml' for profile integrationresource not found
2019-09-04 00:00:46.433  INFO 3923 --- [       runner-6] s.c.a.AnnotationConfigApplicationContext : Refreshing org.springframework.context.annotation.AnnotationConfigApplicationContext@71f4c255: startup date [Wed Sep 04 00:00:46 UTC 2019]; root of context hierarchy
2019-09-04 00:00:46.834  INFO 3923 --- [       runner-6] .b.l.ClasspathLoggingApplicationListener : Application failed to start with classpath: []
2019-09-04 00:00:46.839 ERROR 3923 --- [       runner-6] o.s.boot.SpringApplication               : Application startup failed

java.lang.NoSuchMethodError: org.springframework.beans.factory.support.DefaultListableBeanFactory.isAllowEagerClassLoading()Z
 at org.springframework.boot.autoconfigure.condition.BeanTypeRegistry.get(BeanTypeRegistry.java:147)
 at org.springframework.boot.autoconfigure.condition.OnBeanCondition.collectBeanNamesForType(OnBeanCondition.java:154)
 at org.springframework.boot.autoconfigure.condition.OnBeanCondition.getBeanNamesForType(OnBeanCondition.java:143)
 at org.springframework.boot.autoconfigure.condition.OnBeanCondition.getMatchingBeans(OnBeanCondition.java:115)
 at org.springframework.boot.autoconfigure.condition.OnBeanCondition.getMatchOutcome(OnBeanCondition.java:90)
 at org.springframework.boot.autoconfigure.condition.SpringBootCondition.matches(SpringBootCondition.java:45)
 at org.springframework.context.annotation.ConditionEvaluator.shouldSkip(ConditionEvaluator.java:102)
 at org.springframework.context.annotation.ConfigurationClassBeanDefinitionReader.loadBeanDefinitionsForBeanMethod(ConfigurationClassBeanDefinitionReader.java:177)
 at org.springframework.context.annotation.ConfigurationClassBeanDefinitionReader.loadBeanDefinitionsForConfigurationClass(ConfigurationClassBeanDefinitionReader.java:146)
 at org.springframework.context.annotation.ConfigurationClassBeanDefinitionReader.loadBeanDefinitions(ConfigurationClassBeanDefinitionReader.java:122)
 at org.springframework.context.annotation.ConfigurationClassPostProcessor.processConfigBeanDefinitions(ConfigurationClassPostProcessor.java:318)
 at org.springframework.context.annotation.ConfigurationClassPostProcessor.postProcessBeanDefinitionRegistry(ConfigurationClassPostProcessor.java:239)
 at org.springframework.context.support.PostProcessorRegistrationDelegate.invokeBeanDefinitionRegistryPostProcessors(PostProcessorRegistrationDelegate.java:254)
 at org.springframework.context.support.PostProcessorRegistrationDelegate.invokeBeanFactoryPostProcessors(PostProcessorRegistrationDelegate.java:94)
 at org.springframework.context.support.AbstractApplicationContext.invokeBeanFactoryPostProcessors(AbstractApplicationContext.java:606)
 at org.springframework.context.support.AbstractApplicationContext.refresh(AbstractApplicationContext.java:462)
 at org.springframework.boot.SpringApplication.refresh(SpringApplication.java:691)
 at org.springframework.boot.SpringApplication.run(SpringApplication.java:321)
 at org.springframework.boot.SpringApplication.run(SpringApplication.java:961)
 at sun.reflect.NativeMethodAccessorImpl.invoke0(Native Method)
 at sun.reflect.NativeMethodAccessorImpl.invoke(NativeMethodAccessorImpl.java:62)
 at sun.reflect.DelegatingMethodAccessorImpl.invoke(DelegatingMethodAccessorImpl.java:43)
 at java.lang.reflect.Method.invoke(Method.java:498)
 at org.springframework.boot.cli.command.run.SpringApplicationRunner$RunThread.run(SpringApplicationRunner.java:152)

2019-09-04 00:00:46.840  INFO 3923 --- [       runner-6] s.c.a.AnnotationConfigApplicationContext : Closing org.springframework.context.annotation.AnnotationConfigApplicationContext@71f4c255: startup date [Wed Sep 04 00:00:46 UTC 2019]; root of context hierarchy
2019-09-04 00:00:46.841  WARN 3923 --- [       runner-6] s.c.a.AnnotationConfigApplicationContext : Exception thrown from ApplicationListener handling ContextClosedEvent

java.lang.IllegalStateException: ApplicationEventMulticaster not initialized - call 'refresh' before multicasting events via the context: org.springframework.context.annotation.AnnotationConfigApplicationContext@71f4c255: startup date [Wed Sep 04 00:00:46 UTC 2019]; root of context hierarchy
 at org.springframework.context.support.AbstractApplicationContext.getApplicationEventMulticaster(AbstractApplicationContext.java:344)
 at org.springframework.context.support.AbstractApplicationContext.publishEvent(AbstractApplicationContext.java:331)
 at org.springframework.context.support.AbstractApplicationContext.doClose(AbstractApplicationContext.java:869)
 at org.springframework.context.support.AbstractApplicationContext.close(AbstractApplicationContext.java:836)
 at org.springframework.boot.SpringApplication.run(SpringApplication.java:343)
 at org.springframework.boot.SpringApplication.run(SpringApplication.java:961)
 at sun.reflect.NativeMethodAccessorImpl.invoke0(Native Method)
 at sun.reflect.NativeMethodAccessorImpl.invoke(NativeMethodAccessorImpl.java:62)
 at sun.reflect.DelegatingMethodAccessorImpl.invoke(DelegatingMethodAccessorImpl.java:43)
 at java.lang.reflect.Method.invoke(Method.java:498)
 at org.springframework.boot.cli.command.run.SpringApplicationRunner$RunThread.run(SpringApplicationRunner.java:152)

2019-09-04 00:00:46.842  WARN 3923 --- [       runner-6] s.c.a.AnnotationConfigApplicationContext : Exception thrown from LifecycleProcessor on context close

java.lang.IllegalStateException: LifecycleProcessor not initialized - call 'refresh' before invoking lifecycle methods via the context: org.springframework.context.annotation.AnnotationConfigApplicationContext@71f4c255: startup date [Wed Sep 04 00:00:46 UTC 2019]; root of context hierarchy
 at org.springframework.context.support.AbstractApplicationContext.getLifecycleProcessor(AbstractApplicationContext.java:357)
 at org.springframework.context.support.AbstractApplicationContext.doClose(AbstractApplicationContext.java:877)
 at org.springframework.context.support.AbstractApplicationContext.close(AbstractApplicationContext.java:836)
 at org.springframework.boot.SpringApplication.run(SpringApplication.java:343)
 at org.springframework.boot.SpringApplication.run(SpringApplication.java:961)
 at sun.reflect.NativeMethodAccessorImpl.invoke0(Native Method)
 at sun.reflect.NativeMethodAccessorImpl.invoke(NativeMethodAccessorImpl.java:62)
 at sun.reflect.DelegatingMethodAccessorImpl.invoke(DelegatingMethodAccessorImpl.java:43)
 at java.lang.reflect.Method.invoke(Method.java:498)
 at org.springframework.boot.cli.command.run.SpringApplicationRunner$RunThread.run(SpringApplicationRunner.java:152)

java.lang.reflect.InvocationTargetException
 at sun.reflect.NativeMethodAccessorImpl.invoke0(Native Method)
 at sun.reflect.NativeMethodAccessorImpl.invoke(NativeMethodAccessorImpl.java:62)
 at sun.reflect.DelegatingMethodAccessorImpl.invoke(DelegatingMethodAccessorImpl.java:43)
 at java.lang.reflect.Method.invoke(Method.java:498)
 at org.springframework.boot.cli.command.run.SpringApplicationRunner$RunThread.run(SpringApplicationRunner.java:152)
Caused by: java.lang.NoSuchMethodError: org.springframework.beans.factory.support.DefaultListableBeanFactory.isAllowEagerClassLoading()Z
 at org.springframework.boot.autoconfigure.condition.BeanTypeRegistry.get(BeanTypeRegistry.java:147)
 at org.springframework.boot.autoconfigure.condition.OnBeanCondition.collectBeanNamesForType(OnBeanCondition.java:154)
 at org.springframework.boot.autoconfigure.condition.OnBeanCondition.getBeanNamesForType(OnBeanCondition.java:143)
 at org.springframework.boot.autoconfigure.condition.OnBeanCondition.getMatchingBeans(OnBeanCondition.java:115)
 at org.springframework.boot.autoconfigure.condition.OnBeanCondition.getMatchOutcome(OnBeanCondition.java:90)
 at org.springframework.boot.autoconfigure.condition.SpringBootCondition.matches(SpringBootCondition.java:45)
 at org.springframework.context.annotation.ConditionEvaluator.shouldSkip(ConditionEvaluator.java:102)
 at org.springframework.context.annotation.ConfigurationClassBeanDefinitionReader.loadBeanDefinitionsForBeanMethod(ConfigurationClassBeanDefinitionReader.java:177)
 at org.springframework.context.annotation.ConfigurationClassBeanDefinitionReader.loadBeanDefinitionsForConfigurationClass(ConfigurationClassBeanDefinitionReader.java:146)
 at org.springframework.context.annotation.ConfigurationClassBeanDefinitionReader.loadBeanDefinitions(ConfigurationClassBeanDefinitionReader.java:122)
 at org.springframework.context.annotation.ConfigurationClassPostProcessor.processConfigBeanDefinitions(ConfigurationClassPostProcessor.java:318)
 at org.springframework.context.annotation.ConfigurationClassPostProcessor.postProcessBeanDefinitionRegistry(ConfigurationClassPostProcessor.java:239)
 at org.springframework.context.support.PostProcessorRegistrationDelegate.invokeBeanDefinitionRegistryPostProcessors(PostProcessorRegistrationDelegate.java:254)
 at org.springframework.context.support.PostProcessorRegistrationDelegate.invokeBeanFactoryPostProcessors(PostProcessorRegistrationDelegate.java:94)
 at org.springframework.context.support.AbstractApplicationContext.invokeBeanFactoryPostProcessors(AbstractApplicationContext.java:606)
 at org.springframework.context.support.AbstractApplicationContext.refresh(AbstractApplicationContext.java:462)
 at org.springframework.boot.SpringApplication.refresh(SpringApplication.java:691)
 at org.springframework.boot.SpringApplication.run(SpringApplication.java:321)
 at org.springframework.boot.SpringApplication.run(SpringApplication.java:961)
 ... 5 more
"""
spring-projects-spring-boot,org.springframework.boot.cli.ReproIntegrationTests#grabAntBuilder,matched (5520 report(s) available),java.lang.IllegalStateException,Async Wait,guess: found async-related keyword 'executor' in exception/message/test name,"java.util.concurrent.ExecutionException: org.codehaus.groovy.control.MultipleCompilationErrorsException: startup failed:
General error during conversion: org.eclipse.aether.resolution.DependencyResolutionException: Failed to collect dependencies at org.codehaus.groovy:groovy-ant:jar:2.1.6

org.springframework.boot.cli.compiler.grape.DependencyResolutionFailedException: org.eclipse.aether.resolution.DependencyResolutionException: Failed to collect dependencies at org.codehaus.groovy:groovy-ant:jar:2.1.6
 at org.springframework.boot.cli.compiler.grape.AetherGrapeEngine.resolve(AetherGrapeEngine.java:223)
 at org.springframework.boot.cli.compiler.grape.AetherGrapeEngine.grab(AetherGrapeEngine.java:113)
 at groovy.grape.Grape.grab(Grape.java:163)
 at groovy.grape.GrabAnnotationTransformation.visit(GrabAnnotationTransformation.java:360)
 at org.codehaus.groovy.transform.ASTTransformationVisitor$3.call(ASTTransformationVisitor.java:319)
 at org.codehaus.groovy.control.CompilationUnit.applyToSourceUnits(CompilationUnit.java:923)
 at org.codehaus.groovy.control.CompilationUnit.doPhaseOperation(CompilationUnit.java:585)
 at org.codehaus.groovy.control.CompilationUnit.processPhaseOperations(CompilationUnit.java:561)
 at org.codehaus.groovy.control.CompilationUnit.compile(CompilationUnit.java:538)
 at org.springframework.boot.cli.compiler.GroovyCompiler.compile(GroovyCompiler.java:197)
 at org.springframework.boot.cli.command.run.SpringApplicationRunner.compileAndRun(SpringApplicationRunner.java:95)
 at org.springframework.boot.cli.command.run.RunCommand$RunOptionHandler.run(RunCommand.java:108)
 at org.springframework.boot.cli.command.options.OptionHandler.run(OptionHandler.java:92)
 at org.springframework.boot.cli.command.OptionParsingCommand.run(OptionParsingCommand.java:53)
 at org.springframework.boot.cli.CliTester$1.call(CliTester.java:104)
 at org.springframework.boot.cli.CliTester$1.call(CliTester.java:98)
 at java.util.concurrent.FutureTask.run(FutureTask.java:266)
 at java.util.concurrent.ThreadPoolExecutor.runWorker(ThreadPoolExecutor.java:1149)
 at java.util.concurrent.ThreadPoolExecutor$Worker.run(ThreadPoolExecutor.java:624)
 at java.lang.Thread.run(Thread.java:748)
Caused by: org.eclipse.aether.resolution.DependencyResolutionException: Failed to collect dependencies at org.codehaus.groovy:groovy-ant:jar:2.1.6
 at org.eclipse.aether.internal.impl.DefaultRepositorySystem.resolveDependencies(DefaultRepositorySystem.java:401)
 at org.springframework.boot.cli.compiler.grape.AetherGrapeEngine.resolve(AetherGrapeEngine.java:215)
 ... 19 more
Caused by: org.eclipse.aether.collection.DependencyCollectionException: Failed to collect dependencies at org.codehaus.groovy:groovy-ant:jar:2.1.6
 at org.eclipse.aether.internal.impl.DefaultDependencyCollector.collectDependencies(DefaultDependencyCollector.java:303)
 at org.eclipse.aether.internal.impl.DefaultRepositorySystem.resolveDependencies(DefaultRepositorySystem.java:362)
 ... 20 more
Caused by: org.eclipse.aether.resolution.ArtifactDescriptorException: Failed to read artifact descriptor for org.codehaus.groovy:groovy-ant:jar:2.1.6
 at org.apache.maven.repository.internal.DefaultArtifactDescriptorReader.loadPom(DefaultArtifactDescriptorReader.java:335)
 at org.apache.maven.repository.internal.DefaultArtifactDescriptorReader.readArtifactDescriptor(DefaultArtifactDescriptorReader.java:217)
 at org.eclipse.aether.internal.impl.DefaultDependencyCollector.resolveCachedArtifactDescriptor(DefaultDependencyCollector.java:537)
 at org.eclipse.aether.internal.impl.DefaultDependencyCollector.getArtifactDescriptorResult(DefaultDependencyCollector.java:521)
 at org.eclipse.aether.internal.impl.DefaultDependencyCollector.processDependency(DefaultDependencyCollector.java:421)
 at org.eclipse.aether.internal.impl.DefaultDependencyCollector.processDependency(DefaultDependencyCollector.java:375)
 at org.eclipse.aether.internal.impl.DefaultDependencyCollector.process(DefaultDependencyCollector.java:363)
 at org.eclipse.aether.internal.impl.DefaultDependencyCollector.collectDependencies(DefaultDependencyCollector.java:266)
 ... 21 more
Caused by: org.eclipse.aether.resolution.ArtifactResolutionException: Could not transfer artifact org.codehaus.groovy:groovy-ant:pom:2.1.6 from/to central (http://repo1.maven.org/maven2/): HTTPS Required (501)
 at org.eclipse.aether.internal.impl.DefaultArtifactResolver.resolve(DefaultArtifactResolver.java:462)
 at org.eclipse.aether.internal.impl.DefaultArtifactResolver.resolveArtifacts(DefaultArtifactResolver.java:264)
 at org.eclipse.aether.internal.impl.DefaultArtifactResolver.resolveArtifact(DefaultArtifactResolver.java:241)
 at org.apache.maven.repository.internal.DefaultArtifactDescriptorReader.loadPom(DefaultArtifactDescriptorReader.java:320)
 ... 28 more
Caused by: org.eclipse.aether.transfer.ArtifactTransferException: Could not transfer artifact org.codehaus.groovy:groovy-ant:pom:2.1.6 from/to central (http://repo1.maven.org/maven2/): HTTPS Required (501)
 at org.eclipse.aether.connector.basic.ArtifactTransportListener.transferFailed(ArtifactTransportListener.java:43)
 at org.eclipse.aether.connector.basic.BasicRepositoryConnector$TaskRunner.run(BasicRepositoryConnector.java:355)
 at org.eclipse.aether.util.concurrency.RunnableErrorForwarder$1.run(RunnableErrorForwarder.java:67)
 at org.eclipse.aether.connector.basic.BasicRepositoryConnector$DirectExecutor.execute(BasicRepositoryConnector.java:581)
 at org.eclipse.aether.connector.basic.BasicRepositoryConnector.get(BasicRepositoryConnector.java:249)
 at org.eclipse.aether.internal.impl.DefaultArtifactResolver.performDownloads(DefaultArtifactResolver.java:538)
 at org.eclipse.aether.internal.impl.DefaultArtifactResolver.resolve(DefaultArtifactResolver.java:439)
 ... 31 more
Caused by: org.apache.http.client.HttpResponseException: HTTPS Required (501)
 at org.eclipse.aether.transport.http.HttpTransporter.handleStatus(HttpTransporter.java:458)
 at org.eclipse.aether.transport.http.HttpTransporter.execute(HttpTransporter.java:283)
 at org.eclipse.aether.transport.http.HttpTransporter.implGet(HttpTransporter.java:235)
 at org.eclipse.aether.spi.connector.transport.AbstractTransporter.get(AbstractTransporter.java:59)
 at org.eclipse.aether.connector.basic.BasicRepositoryConnector$GetTaskRunner.runTask(BasicRepositoryConnector.java:447)
 at org.eclipse.aether.connector.basic.BasicRepositoryConnector$TaskRunner.run(BasicRepositoryConnector.java:350)
 ... 36 more

1 error
"
spring-projects-spring-boot,org.springframework.boot.cli.ReproIntegrationTests#shellDependencies,matched (8 report(s) available),java.lang.IllegalStateException,Order Dependent,"low-confidence guess: found phrase 'illegalstateexception' which can indicate leftover state from another test, but this cannot be confirmed without cross-test execution context",java.lang.IllegalStateException: java.net.ConnectException: Connection refused (Connection refused)
spring-projects-spring-boot,org.springframework.boot.cli.SampleIntegrationTests#beansSample,matched (8 report(s) available),java.lang.IllegalStateException,Order Dependent,"low-confidence guess: found phrase 'illegalstateexception' which can indicate leftover state from another test, but this cannot be confirmed without cross-test execution context",java.lang.IllegalStateException: java.net.ConnectException: Connection refused (Connection refused)
spring-projects-spring-boot,org.springframework.boot.cli.SampleIntegrationTests#templateSample,matched (10 report(s) available),java.lang.AssertionError,Order Dependent,"low-confidence guess: found phrase 'illegalstateexception' which can indicate leftover state from another test, but this cannot be confirmed without cross-test execution context","Wrong output: 
  .   ____          _            __ _ _
 /\\ / ___'_ __ _ _(_)_ __  __ _ \ \ \ \
( ( )\___ | '_ | '_| | '_ \/ _` | \ \ \ \
 \\/  ___)| |_)| | | | | || (_| |  ) ) ) )
  '  |____| .__|_| |_|_| |_\__, | / / / /
 =========|_|==============|___/=/_/_/_/
 :: Spring Boot ::  (v1.2.0.BUILD-SNAPSHOT)

2019-08-28 00:00:04.321  INFO 3932 --- [      runner-11] o.s.boot.SpringApplication               : Starting application on ip-172-31-62-70 with PID 3932 (/root/.m2/repository/org/springframework/boot/spring-boot/1.2.0.BUILD-SNAPSHOT/spring-boot-1.2.0.BUILD-SNAPSHOT.jar started by root in /working/proj/spring-projects-spring-boot-616/spring-projects-spring-boot/spring-boot-cli)
2019-08-28 00:00:04.323 DEBUG 3932 --- [      runner-11] o.s.boot.SpringApplication               : Running with Spring Boot v1.2.0.BUILD-SNAPSHOT, Spring v4.1.1.RELEASE
2019-08-28 00:00:04.323 DEBUG 3932 --- [      runner-11] o.s.boot.SpringApplication               : Loading source class org.test.MyService,class org.test.Example
2019-08-28 00:00:04.345 DEBUG 3932 --- [      runner-11] o.s.b.c.c.ConfigFileApplicationListener  : Activated profiles integration
2019-08-28 00:00:04.345 DEBUG 3932 --- [      runner-11] o.s.b.c.c.ConfigFileApplicationListener  : Skipped config file 'file:./config/application.xml' resource not found
2019-08-28 00:00:04.345 DEBUG 3932 --- [      runner-11] o.s.b.c.c.ConfigFileApplicationListener  : Skipped config file 'file:./config/application.yml' resource not found
2019-08-28 00:00:04.345 DEBUG 3932 --- [      runner-11] o.s.b.c.c.ConfigFileApplicationListener  : Skipped config file 'file:./config/application.properties' resource not found
2019-08-28 00:00:04.345 DEBUG 3932 --- [      runner-11] o.s.b.c.c.ConfigFileApplicationListener  : Skipped config file 'file:./config/application.yaml' resource not found
2019-08-28 00:00:04.346 DEBUG 3932 --- [      runner-11] o.s.b.c.c.ConfigFileApplicationListener  : Skipped config file 'file:./application.xml' resource not found
2019-08-28 00:00:04.346 DEBUG 3932 --- [      runner-11] o.s.b.c.c.ConfigFileApplicationListener  : Skipped config file 'file:./application.yml' resource not found
2019-08-28 00:00:04.346 DEBUG 3932 --- [      runner-11] o.s.b.c.c.ConfigFileApplicationListener  : Skipped config file 'file:./application.properties' resource not found
2019-08-28 00:00:04.346 DEBUG 3932 --- [      runner-11] o.s.b.c.c.ConfigFileApplicationListener  : Skipped config file 'file:./application.yaml' resource not found
2019-08-28 00:00:04.346 DEBUG 3932 --- [      runner-11] o.s.b.c.c.ConfigFileApplicationListener  : Skipped config file 'classpath:/config/application.xml' resource not found
2019-08-28 00:00:04.346 DEBUG 3932 --- [      runner-11] o.s.b.c.c.ConfigFileApplicationListener  : Skipped config file 'classpath:/config/application.yml' resource not found
2019-08-28 00:00:04.346 DEBUG 3932 --- [      runner-11] o.s.b.c.c.ConfigFileApplicationListener  : Skipped config file 'classpath:/config/application.properties' resource not found
2019-08-28 00:00:04.346 DEBUG 3932 --- [      runner-11] o.s.b.c.c.ConfigFileApplicationListener  : Skipped config file 'classpath:/config/application.yaml' resource not found
2019-08-28 00:00:04.347 DEBUG 3932 --- [      runner-11] o.s.b.c.c.ConfigFileApplicationListener  : Skipped config file 'classpath:/application.xml' resource not found
2019-08-28 00:00:04.347 DEBUG 3932 --- [      runner-11] o.s.b.c.c.ConfigFileApplicationListener  : Skipped config file 'classpath:/application.yml' resource not found
2019-08-28 00:00:04.347 DEBUG 3932 --- [      runner-11] o.s.b.c.c.ConfigFileApplicationListener  : Skipped config file 'classpath:/application.properties' resource not found
2019-08-28 00:00:04.347 DEBUG 3932 --- [      runner-11] o.s.b.c.c.ConfigFileApplicationListener  : Skipped config file 'classpath:/application.yaml' resource not found
2019-08-28 00:00:04.347 DEBUG 3932 --- [      runner-11] o.s.b.c.c.ConfigFileApplicationListener  : Skipped config file 'file:./config/application-integration.xml' resource not found
2019-08-28 00:00:04.347 DEBUG 3932 --- [      runner-11] o.s.b.c.c.ConfigFileApplicationListener  : Skipped config file 'file:./config/application-integration.xml' for profile integrationresource not found
2019-08-28 00:00:04.347 DEBUG 3932 --- [      runner-11] o.s.b.c.c.ConfigFileApplicationListener  : Skipped config file 'file:./config/application.xml' for profile integrationresource not found
2019-08-28 00:00:04.348 DEBUG 3932 --- [      runner-11] o.s.b.c.c.ConfigFileApplicationListener  : Skipped config file 'file:./config/application-integration.yml' resource not found
2019-08-28 00:00:04.348 DEBUG 3932 --- [      runner-11] o.s.b.c.c.ConfigFileApplicationListener  : Skipped config file 'file:./config/application-integration.yml' for profile integrationresource not found
2019-08-28 00:00:04.348 DEBUG 3932 --- [      runner-11] o.s.b.c.c.ConfigFileApplicationListener  : Skipped config file 'file:./config/application.yml' for profile integrationresource not found
2019-08-28 00:00:04.348 DEBUG 3932 --- [      runner-11] o.s.b.c.c.ConfigFileApplicationListener  : Skipped config file 'file:./config/application-integration.properties' resource not found
2019-08-28 00:00:04.348 DEBUG 3932 --- [      runner-11] o.s.b.c.c.ConfigFileApplicationListener  : Skipped config file 'file:./config/application-integration.properties' for profile integrationresource not found
2019-08-28 00:00:04.348 DEBUG 3932 --- [      runner-11] o.s.b.c.c.ConfigFileApplicationListener  : Skipped config file 'file:./config/application.properties' for profile integrationresource not found
2019-08-28 00:00:04.348 DEBUG 3932 --- [      runner-11] o.s.b.c.c.ConfigFileApplicationListener  : Skipped config file 'file:./config/application-integration.yaml' resource not found
2019-08-28 00:00:04.349 DEBUG 3932 --- [      runner-11] o.s.b.c.c.ConfigFileApplicationListener  : Skipped config file 'file:./config/application-integration.yaml' for profile integrationresource not found
2019-08-28 00:00:04.349 DEBUG 3932 --- [      runner-11] o.s.b.c.c.ConfigFileApplicationListener  : Skipped config file 'file:./config/application.yaml' for profile integrationresource not found
2019-08-28 00:00:04.349 DEBUG 3932 --- [      runner-11] o.s.b.c.c.ConfigFileApplicationListener  : Skipped config file 'file:./application-integration.xml' resource not found
2019-08-28 00:00:04.349 DEBUG 3932 --- [      runner-11] o.s.b.c.c.ConfigFileApplicationListener  : Skipped config file 'file:./application-integration.xml' for profile integrationresource not found
2019-08-28 00:00:04.349 DEBUG 3932 --- [      runner-11] o.s.b.c.c.ConfigFileApplicationListener  : Skipped config file 'file:./application.xml' for profile integrationresource not found
2019-08-28 00:00:04.349 DEBUG 3932 --- [      runner-11] o.s.b.c.c.ConfigFileApplicationListener  : Skipped config file 'file:./application-integration.yml' resource not found
2019-08-28 00:00:04.349 DEBUG 3932 --- [      runner-11] o.s.b.c.c.ConfigFileApplicationListener  : Skipped config file 'file:./application-integration.yml' for profile integrationresource not found
2019-08-28 00:00:04.350 DEBUG 3932 --- [      runner-11] o.s.b.c.c.ConfigFileApplicationListener  : Skipped config file 'file:./application.yml' for profile integrationresource not found
2019-08-28 00:00:04.350 DEBUG 3932 --- [      runner-11] o.s.b.c.c.ConfigFileApplicationListener  : Skipped config file 'file:./application-integration.properties' resource not found
2019-08-28 00:00:04.350 DEBUG 3932 --- [      runner-11] o.s.b.c.c.ConfigFileApplicationListener  : Skipped config file 'file:./application-integration.properties' for profile integrationresource not found
2019-08-28 00:00:04.350 DEBUG 3932 --- [      runner-11] o.s.b.c.c.ConfigFileApplicationListener  : Skipped config file 'file:./application.properties' for profile integrationresource not found
2019-08-28 00:00:04.350 DEBUG 3932 --- [      runner-11] o.s.b.c.c.ConfigFileApplicationListener  : Skipped config file 'file:./application-integration.yaml' resource not found
2019-08-28 00:00:04.350 DEBUG 3932 --- [      runner-11] o.s.b.c.c.ConfigFileApplicationListener  : Skipped config file 'file:./application-integration.yaml' for profile integrationresource not found
2019-08-28 00:00:04.350 DEBUG 3932 --- [      runner-11] o.s.b.c.c.ConfigFileApplicationListener  : Skipped config file 'file:./application.yaml' for profile integrationresource not found
2019-08-28 00:00:04.350 DEBUG 3932 --- [      runner-11] o.s.b.c.c.ConfigFileApplicationListener  : Skipped config file 'classpath:/config/application-integration.xml' resource not found
2019-08-28 00:00:04.351 DEBUG 3932 --- [      runner-11] o.s.b.c.c.ConfigFileApplicationListener  : Skipped config file 'classpath:/config/application-integration.xml' for profile integrationresource not found
2019-08-28 00:00:04.351 DEBUG 3932 --- [      runner-11] o.s.b.c.c.ConfigFileApplicationListener  : Skipped config file 'classpath:/config/application.xml' for profile integrationresource not found
2019-08-28 00:00:04.351 DEBUG 3932 --- [      runner-11] o.s.b.c.c.ConfigFileApplicationListener  : Skipped config file 'classpath:/config/application-integration.yml' resource not found
2019-08-28 00:00:04.351 DEBUG 3932 --- [      runner-11] o.s.b.c.c.ConfigFileApplicationListener  : Skipped config file 'classpath:/config/application-integration.yml' for profile integrationresource not found
2019-08-28 00:00:04.351 DEBUG 3932 --- [      runner-11] o.s.b.c.c.ConfigFileApplicationListener  : Skipped config file 'classpath:/config/application.yml' for profile integrationresource not found
2019-08-28 00:00:04.351 DEBUG 3932 --- [      runner-11] o.s.b.c.c.ConfigFileApplicationListener  : Skipped config file 'classpath:/config/application-integration.properties' resource not found
2019-08-28 00:00:04.352 DEBUG 3932 --- [      runner-11] o.s.b.c.c.ConfigFileApplicationListener  : Skipped config file 'classpath:/config/application-integration.properties' for profile integrationresource not found
2019-08-28 00:00:04.352 DEBUG 3932 --- [      runner-11] o.s.b.c.c.ConfigFileApplicationListener  : Skipped config file 'classpath:/config/application.properties' for profile integrationresource not found
2019-08-28 00:00:04.352 DEBUG 3932 --- [      runner-11] o.s.b.c.c.ConfigFileApplicationListener  : Skipped config file 'classpath:/config/application-integration.yaml' resource not found
2019-08-28 00:00:04.352 DEBUG 3932 --- [      runner-11] o.s.b.c.c.ConfigFileApplicationListener  : Skipped config file 'classpath:/config/application-integration.yaml' for profile integrationresource not found
2019-08-28 00:00:04.352 DEBUG 3932 --- [      runner-11] o.s.b.c.c.ConfigFileApplicationListener  : Skipped config file 'classpath:/config/application.yaml' for profile integrationresource not found
2019-08-28 00:00:04.352 DEBUG 3932 --- [      runner-11] o.s.b.c.c.ConfigFileApplicationListener  : Skipped config file 'classpath:/application-integration.xml' resource not found
2019-08-28 00:00:04.352 DEBUG 3932 --- [      runner-11] o.s.b.c.c.ConfigFileApplicationListener  : Skipped config file 'classpath:/application-integration.xml' for profile integrationresource not found
2019-08-28 00:00:04.352 DEBUG 3932 --- [      runner-11] o.s.b.c.c.ConfigFileApplicationListener  : Skipped config file 'classpath:/application.xml' for profile integrationresource not found
2019-08-28 00:00:04.353 DEBUG 3932 --- [      runner-11] o.s.b.c.c.ConfigFileApplicationListener  : Skipped config file 'classpath:/application-integration.yml' resource not found
2019-08-28 00:00:04.353 DEBUG 3932 --- [      runner-11] o.s.b.c.c.ConfigFileApplicationListener  : Skipped config file 'classpath:/application-integration.yml' for profile integrationresource not found
2019-08-28 00:00:04.353 DEBUG 3932 --- [      runner-11] o.s.b.c.c.ConfigFileApplicationListener  : Skipped config file 'classpath:/application.yml' for profile integrationresource not found
2019-08-28 00:00:04.353 DEBUG 3932 --- [      runner-11] o.s.b.c.c.ConfigFileApplicationListener  : Skipped config file 'classpath:/application-integration.properties' resource not found
2019-08-28 00:00:04.353 DEBUG 3932 --- [      runner-11] o.s.b.c.c.ConfigFileApplicationListener  : Skipped config file 'classpath:/application-integration.properties' for profile integrationresource not found
2019-08-28 00:00:04.353 DEBUG 3932 --- [      runner-11] o.s.b.c.c.ConfigFileApplicationListener  : Skipped config file 'classpath:/application.properties' for profile integrationresource not found
2019-08-28 00:00:04.353 DEBUG 3932 --- [      runner-11] o.s.b.c.c.ConfigFileApplicationListener  : Skipped config file 'classpath:/application-integration.yaml' resource not found
2019-08-28 00:00:04.353 DEBUG 3932 --- [      runner-11] o.s.b.c.c.ConfigFileApplicationListener  : Skipped config file 'classpath:/application-integration.yaml' for profile integrationresource not found
2019-08-28 00:00:04.354 DEBUG 3932 --- [      runner-11] o.s.b.c.c.ConfigFileApplicationListener  : Skipped config file 'classpath:/application.yaml' for profile integrationresource not found
2019-08-28 00:00:04.354  INFO 3932 --- [      runner-11] s.c.a.AnnotationConfigApplicationContext : Refreshing org.springframework.context.annotation.AnnotationConfigApplicationContext@29614cd1: startup date [Wed Aug 28 00:00:04 UTC 2019]; root of context hierarchy
2019-08-28 00:00:04.392  WARN 3932 --- [      runner-11] s.c.a.AnnotationConfigApplicationContext : Exception encountered during context initialization - cancelling refresh attempt

org.springframework.beans.factory.BeanDefinitionStoreException: Failed to process import candidates for configuration class [org.test.Example]; nested exception is java.lang.IllegalStateException: java.io.FileNotFoundException: class path resource [org/springframework/boot/autoconfigure/aop/AopAutoConfiguration.class] cannot be opened because it does not exist
 at org.springframework.context.annotation.ConfigurationClassParser.processDeferredImportSelectors(ConfigurationClassParser.java:433)
 at org.springframework.context.annotation.ConfigurationClassParser.parse(ConfigurationClassParser.java:175)
 at org.springframework.context.annotation.ConfigurationClassPostProcessor.processConfigBeanDefinitions(ConfigurationClassPostProcessor.java:306)
 at org.springframework.context.annotation.ConfigurationClassPostProcessor.postProcessBeanDefinitionRegistry(ConfigurationClassPostProcessor.java:239)
 at org.springframework.context.support.PostProcessorRegistrationDelegate.invokeBeanDefinitionRegistryPostProcessors(PostProcessorRegistrationDelegate.java:254)
 at org.springframework.context.support.PostProcessorRegistrationDelegate.invokeBeanFactoryPostProcessors(PostProcessorRegistrationDelegate.java:94)
 at org.springframework.context.support.AbstractApplicationContext.invokeBeanFactoryPostProcessors(AbstractApplicationContext.java:606)
 at org.springframework.context.support.AbstractApplicationContext.refresh(AbstractApplicationContext.java:462)
 at org.springframework.boot.SpringApplication.refresh(SpringApplication.java:691)
 at org.springframework.boot.SpringApplication.run(SpringApplication.java:321)
 at org.springframework.boot.SpringApplication.run(SpringApplication.java:961)
 at sun.reflect.NativeMethodAccessorImpl.invoke0(Native Method)
 at sun.reflect.NativeMethodAccessorImpl.invoke(NativeMethodAccessorImpl.java:62)
 at sun.reflect.DelegatingMethodAccessorImpl.invoke(DelegatingMethodAccessorImpl.java:43)
 at java.lang.reflect.Method.invoke(Method.java:498)
 at org.springframework.boot.cli.command.run.SpringApplicationRunner$RunThread.run(SpringApplicationRunner.java:152)
Caused by: java.lang.IllegalStateException: java.io.FileNotFoundException: class path resource [org/springframework/boot/autoconfigure/aop/AopAutoConfiguration.class] cannot be opened because it does not exist
 at org.springframework.boot.autoconfigure.EnableAutoConfigurationImportSelector.selectImports(EnableAutoConfigurationImportSelector.java:78)
 at org.springframework.context.annotation.ConfigurationClassParser.processDeferredImportSelectors(ConfigurationClassParser.java:425)
 ... 15 common frames omitted
Caused by: java.io.FileNotFoundException: class path resource [org/springframework/boot/autoconfigure/aop/AopAutoConfiguration.class] cannot be opened because it does not exist
 at org.springframework.core.io.ClassPathResource.getInputStream(ClassPathResource.java:172)
 at org.springframework.core.type.classreading.SimpleMetadataReader.<init>(SimpleMetadataReader.java:50)
 at org.springframework.core.type.classreading.SimpleMetadataReaderFactory.getMetadataReader(SimpleMetadataReaderFactory.java:82)
 at org.springframework.core.type.classreading.CachingMetadataReaderFactory.getMetadataReader(CachingMetadataReaderFactory.java:102)
 at org.springframework.core.type.classreading.SimpleMetadataReaderFactory.getMetadataReader(SimpleMetadataReaderFactory.java:77)
 at org.springframework.boot.autoconfigure.AutoConfigurationSorter$AutoConfigurationClasses.<init>(AutoConfigurationSorter.java:121)
 at org.springframework.boot.autoconfigure.AutoConfigurationSorter.getInPriorityOrder(AutoConfigurationSorter.java:60)
 at org.springframework.boot.autoconfigure.EnableAutoConfigurationImportSelector.selectImports(EnableAutoConfigurationImportSelector.java:72)
 ... 16 common frames omitted

2019-08-28 00:00:04.393  INFO 3932 --- [      runner-11] .b.l.ClasspathLoggingApplicationListener : Application failed to start with classpath: []
2019-08-28 00:00:04.394 ERROR 3932 --- [      runner-11] o.s.boot.SpringApplication               : Application startup failed

org.springframework.beans.factory.BeanDefinitionStoreException: Failed to process import candidates for configuration class [org.test.Example]; nested exception is java.lang.IllegalStateException: java.io.FileNotFoundException: class path resource [org/springframework/boot/autoconfigure/aop/AopAutoConfiguration.class] cannot be opened because it does not exist
 at org.springframework.context.annotation.ConfigurationClassParser.processDeferredImportSelectors(ConfigurationClassParser.java:433)
 at org.springframework.context.annotation.ConfigurationClassParser.parse(ConfigurationClassParser.java:175)
 at org.springframework.context.annotation.ConfigurationClassPostProcessor.processConfigBeanDefinitions(ConfigurationClassPostProcessor.java:306)
 at org.springframework.context.annotation.ConfigurationClassPostProcessor.postProcessBeanDefinitionRegistry(ConfigurationClassPostProcessor.java:239)
 at org.springframework.context.support.PostProcessorRegistrationDelegate.invokeBeanDefinitionRegistryPostProcessors(PostProcessorRegistrationDelegate.java:254)
 at org.springframework.context.support.PostProcessorRegistrationDelegate.invokeBeanFactoryPostProcessors(PostProcessorRegistrationDelegate.java:94)
 at org.springframework.context.support.AbstractApplicationContext.invokeBeanFactoryPostProcessors(AbstractApplicationContext.java:606)
 at org.springframework.context.support.AbstractApplicationContext.refresh(AbstractApplicationContext.java:462)
 at org.springframework.boot.SpringApplication.refresh(SpringApplication.java:691)
 at org.springframework.boot.SpringApplication.run(SpringApplication.java:321)
 at org.springframework.boot.SpringApplication.run(SpringApplication.java:961)
 at sun.reflect.NativeMethodAccessorImpl.invoke0(Native Method)
 at sun.reflect.NativeMethodAccessorImpl.invoke(NativeMethodAccessorImpl.java:62)
 at sun.reflect.DelegatingMethodAccessorImpl.invoke(DelegatingMethodAccessorImpl.java:43)
 at java.lang.reflect.Method.invoke(Method.java:498)
 at org.springframework.boot.cli.command.run.SpringApplicationRunner$RunThread.run(SpringApplicationRunner.java:152)
Caused by: java.lang.IllegalStateException: java.io.FileNotFoundException: class path resource [org/springframework/boot/autoconfigure/aop/AopAutoConfiguration.class] cannot be opened because it does not exist
 at org.springframework.boot.autoconfigure.EnableAutoConfigurationImportSelector.selectImports(EnableAutoConfigurationImportSelector.java:78)
 at org.springframework.context.annotation.ConfigurationClassParser.processDeferredImportSelectors(ConfigurationClassParser.java:425)
 ... 15 common frames omitted
Caused by: java.io.FileNotFoundException: class path resource [org/springframework/boot/autoconfigure/aop/AopAutoConfiguration.class] cannot be opened because it does not exist
 at org.springframework.core.io.ClassPathResource.getInputStream(ClassPathResource.java:172)
 at org.springframework.core.type.classreading.SimpleMetadataReader.<init>(SimpleMetadataReader.java:50)
 at org.springframework.core.type.classreading.SimpleMetadataReaderFactory.getMetadataReader(SimpleMetadataReaderFactory.java:82)
 at org.springframework.core.type.classreading.CachingMetadataReaderFactory.getMetadataReader(CachingMetadataReaderFactory.java:102)
 at org.springframework.core.type.classreading.SimpleMetadataReaderFactory.getMetadataReader(SimpleMetadataReaderFactory.java:77)
 at org.springframework.boot.autoconfigure.AutoConfigurationSorter$AutoConfigurationClasses.<init>(AutoConfigurationSorter.java:121)
 at org.springframework.boot.autoconfigure.AutoConfigurationSorter.getInPriorityOrder(AutoConfigurationSorter.java:60)
 at org.springframework.boot.autoconfigure.EnableAutoConfigurationImportSelector.selectImports(EnableAutoConfigurationImportSelector.java:72)
 ... 16 common frames omitted

java.lang.reflect.InvocationTargetException
 at sun.reflect.NativeMethodAccessorImpl.invoke0(Native Method)
 at sun.reflect.NativeMethodAccessorImpl.invoke(NativeMethodAccessorImpl.java:62)
 at sun.reflect.DelegatingMethodAccessorImpl.invoke(DelegatingMethodAccessorImpl.java:43)
 at java.lang.reflect.Method.invoke(Method.java:498)
 at org.springframework.boot.cli.command.run.SpringApplicationRunner$RunThread.run(SpringApplicationRunner.java:152)
Caused by: org.springframework.beans.factory.BeanDefinitionStoreException: Failed to process import candidates for configuration class [org.test.Example]; nested exception is java.lang.IllegalStateException: java.io.FileNotFoundException: class path resource [org/springframework/boot/autoconfigure/aop/AopAutoConfiguration.class] cannot be opened because it does not exist
 at org.springframework.context.annotation.ConfigurationClassParser.processDeferredImportSelectors(ConfigurationClassParser.java:433)
 at org.springframework.context.annotation.ConfigurationClassParser.parse(ConfigurationClassParser.java:175)
 at org.springframework.context.annotation.ConfigurationClassPostProcessor.processConfigBeanDefinitions(ConfigurationClassPostProcessor.java:306)
 at org.springframework.context.annotation.ConfigurationClassPostProcessor.postProcessBeanDefinitionRegistry(ConfigurationClassPostProcessor.java:239)
 at org.springframework.context.support.PostProcessorRegistrationDelegate.invokeBeanDefinitionRegistryPostProcessors(PostProcessorRegistrationDelegate.java:254)
 at org.springframework.context.support.PostProcessorRegistrationDelegate.invokeBeanFactoryPostProcessors(PostProcessorRegistrationDelegate.java:94)
 at org.springframework.context.support.AbstractApplicationContext.invokeBeanFactoryPostProcessors(AbstractApplicationContext.java:606)
 at org.springframework.context.support.AbstractApplicationContext.refresh(AbstractApplicationContext.java:462)
 at org.springframework.boot.SpringApplication.refresh(SpringApplication.java:691)
 at org.springframework.boot.SpringApplication.run(SpringApplication.java:321)
 at org.springframework.boot.SpringApplication.run(SpringApplication.java:961)
 ... 5 more
Caused by: java.lang.IllegalStateException: java.io.FileNotFoundException: class path resource [org/springframework/boot/autoconfigure/aop/AopAutoConfiguration.class] cannot be opened because it does not exist
 at org.springframework.boot.autoconfigure.EnableAutoConfigurationImportSelector.selectImports(EnableAutoConfigurationImportSelector.java:78)
 at org.springframework.context.annotation.ConfigurationClassParser.processDeferredImportSelectors(ConfigurationClassParser.java:425)
 ... 15 more
Caused by: java.io.FileNotFoundException: class path resource [org/springframework/boot/autoconfigure/aop/AopAutoConfiguration.class] cannot be opened because it does not exist
 at org.springframework.core.io.ClassPathResource.getInputStream(ClassPathResource.java:172)
 at org.springframework.core.type.classreading.SimpleMetadataReader.<init>(SimpleMetadataReader.java:50)
 at org.springframework.core.type.classreading.SimpleMetadataReaderFactory.getMetadataReader(SimpleMetadataReaderFactory.java:82)
 at org.springframework.core.type.classreading.CachingMetadataReaderFactory.getMetadataReader(CachingMetadataReaderFactory.java:102)
 at org.springframework.core.type.classreading.SimpleMetadataReaderFactory.getMetadataReader(SimpleMetadataReaderFactory.java:77)
 at org.springframework.boot.autoconfigure.AutoConfigurationSorter$AutoConfigurationClasses.<init>(AutoConfigurationSorter.java:121)
 at org.springframework.boot.autoconfigure.AutoConfigurationSorter.getInPriorityOrder(AutoConfigurationSorter.java:60)
 at org.springframework.boot.autoconfigure.EnableAutoConfigurationImportSelector.selectImports(EnableAutoConfigurationImportSelector.java:72)
 ... 16 more
"
spring-projects-spring-boot,org.springframework.boot.cli.SampleIntegrationTests#xmlSample,matched (10 report(s) available),java.lang.AssertionError,Order Dependent,"low-confidence guess: found phrase 'illegalstateexception' which can indicate leftover state from another test, but this cannot be confirmed without cross-test execution context","Wrong output: 
  .   ____          _            __ _ _
 /\\ / ___'_ __ _ _(_)_ __  __ _ \ \ \ \
( ( )\___ | '_ | '_| | '_ \/ _` | \ \ \ \
 \\/  ___)| |_)| | | | | || (_| |  ) ) ) )
  '  |____| .__|_| |_|_| |_\__, | / / / /
 =========|_|==============|___/=/_/_/_/
 :: Spring Boot ::  (v1.2.0.BUILD-SNAPSHOT)

2019-08-28 00:00:04.859  INFO 3932 --- [      runner-12] o.s.boot.SpringApplication               : Starting application on ip-172-31-62-70 with PID 3932 (/root/.m2/repository/org/springframework/boot/spring-boot/1.2.0.BUILD-SNAPSHOT/spring-boot-1.2.0.BUILD-SNAPSHOT.jar started by root in /working/proj/spring-projects-spring-boot-616/spring-projects-spring-boot/spring-boot-cli)
2019-08-28 00:00:04.862 DEBUG 3932 --- [      runner-12] o.s.boot.SpringApplication               : Running with Spring Boot v1.2.0.BUILD-SNAPSHOT, Spring v4.1.1.RELEASE
2019-08-28 00:00:04.862 DEBUG 3932 --- [      runner-12] o.s.boot.SpringApplication               : Loading source class org.test.Runner
2019-08-28 00:00:04.884 DEBUG 3932 --- [      runner-12] o.s.b.c.c.ConfigFileApplicationListener  : Activated profiles integration
2019-08-28 00:00:04.885 DEBUG 3932 --- [      runner-12] o.s.b.c.c.ConfigFileApplicationListener  : Skipped config file 'file:./config/application.xml' resource not found
2019-08-28 00:00:04.885 DEBUG 3932 --- [      runner-12] o.s.b.c.c.ConfigFileApplicationListener  : Skipped config file 'file:./config/application.yml' resource not found
2019-08-28 00:00:04.885 DEBUG 3932 --- [      runner-12] o.s.b.c.c.ConfigFileApplicationListener  : Skipped config file 'file:./config/application.properties' resource not found
2019-08-28 00:00:04.885 DEBUG 3932 --- [      runner-12] o.s.b.c.c.ConfigFileApplicationListener  : Skipped config file 'file:./config/application.yaml' resource not found
2019-08-28 00:00:04.885 DEBUG 3932 --- [      runner-12] o.s.b.c.c.ConfigFileApplicationListener  : Skipped config file 'file:./application.xml' resource not found
2019-08-28 00:00:04.885 DEBUG 3932 --- [      runner-12] o.s.b.c.c.ConfigFileApplicationListener  : Skipped config file 'file:./application.yml' resource not found
2019-08-28 00:00:04.885 DEBUG 3932 --- [      runner-12] o.s.b.c.c.ConfigFileApplicationListener  : Skipped config file 'file:./application.properties' resource not found
2019-08-28 00:00:04.886 DEBUG 3932 --- [      runner-12] o.s.b.c.c.ConfigFileApplicationListener  : Skipped config file 'file:./application.yaml' resource not found
2019-08-28 00:00:04.886 DEBUG 3932 --- [      runner-12] o.s.b.c.c.ConfigFileApplicationListener  : Skipped config file 'classpath:/config/application.xml' resource not found
2019-08-28 00:00:04.886 DEBUG 3932 --- [      runner-12] o.s.b.c.c.ConfigFileApplicationListener  : Skipped config file 'classpath:/config/application.yml' resource not found
2019-08-28 00:00:04.886 DEBUG 3932 --- [      runner-12] o.s.b.c.c.ConfigFileApplicationListener  : Skipped config file 'classpath:/config/application.properties' resource not found
2019-08-28 00:00:04.886 DEBUG 3932 --- [      runner-12] o.s.b.c.c.ConfigFileApplicationListener  : Skipped config file 'classpath:/config/application.yaml' resource not found
2019-08-28 00:00:04.886 DEBUG 3932 --- [      runner-12] o.s.b.c.c.ConfigFileApplicationListener  : Skipped config file 'classpath:/application.xml' resource not found
2019-08-28 00:00:04.886 DEBUG 3932 --- [      runner-12] o.s.b.c.c.ConfigFileApplicationListener  : Skipped config file 'classpath:/application.yml' resource not found
2019-08-28 00:00:04.886 DEBUG 3932 --- [      runner-12] o.s.b.c.c.ConfigFileApplicationListener  : Skipped config file 'classpath:/application.properties' resource not found
2019-08-28 00:00:04.887 DEBUG 3932 --- [      runner-12] o.s.b.c.c.ConfigFileApplicationListener  : Skipped config file 'classpath:/application.yaml' resource not found
2019-08-28 00:00:04.887 DEBUG 3932 --- [      runner-12] o.s.b.c.c.ConfigFileApplicationListener  : Skipped config file 'file:./config/application-integration.xml' resource not found
2019-08-28 00:00:04.887 DEBUG 3932 --- [      runner-12] o.s.b.c.c.ConfigFileApplicationListener  : Skipped config file 'file:./config/application-integration.xml' for profile integrationresource not found
2019-08-28 00:00:04.887 DEBUG 3932 --- [      runner-12] o.s.b.c.c.ConfigFileApplicationListener  : Skipped config file 'file:./config/application.xml' for profile integrationresource not found
2019-08-28 00:00:04.887 DEBUG 3932 --- [      runner-12] o.s.b.c.c.ConfigFileApplicationListener  : Skipped config file 'file:./config/application-integration.yml' resource not found
2019-08-28 00:00:04.887 DEBUG 3932 --- [      runner-12] o.s.b.c.c.ConfigFileApplicationListener  : Skipped config file 'file:./config/application-integration.yml' for profile integrationresource not found
2019-08-28 00:00:04.887 DEBUG 3932 --- [      runner-12] o.s.b.c.c.ConfigFileApplicationListener  : Skipped config file 'file:./config/application.yml' for profile integrationresource not found
2019-08-28 00:00:04.888 DEBUG 3932 --- [      runner-12] o.s.b.c.c.ConfigFileApplicationListener  : Skipped config file 'file:./config/application-integration.properties' resource not found
2019-08-28 00:00:04.888 DEBUG 3932 --- [      runner-12] o.s.b.c.c.ConfigFileApplicationListener  : Skipped config file 'file:./config/application-integration.properties' for profile integrationresource not found
2019-08-28 00:00:04.888 DEBUG 3932 --- [      runner-12] o.s.b.c.c.ConfigFileApplicationListener  : Skipped config file 'file:./config/application.properties' for profile integrationresource not found
2019-08-28 00:00:04.888 DEBUG 3932 --- [      runner-12] o.s.b.c.c.ConfigFileApplicationListener  : Skipped config file 'file:./config/application-integration.yaml' resource not found
2019-08-28 00:00:04.888 DEBUG 3932 --- [      runner-12] o.s.b.c.c.ConfigFileApplicationListener  : Skipped config file 'file:./config/application-integration.yaml' for profile integrationresource not found
2019-08-28 00:00:04.888 DEBUG 3932 --- [      runner-12] o.s.b.c.c.ConfigFileApplicationListener  : Skipped config file 'file:./config/application.yaml' for profile integrationresource not found
2019-08-28 00:00:04.888 DEBUG 3932 --- [      runner-12] o.s.b.c.c.ConfigFileApplicationListener  : Skipped config file 'file:./application-integration.xml' resource not found
2019-08-28 00:00:04.888 DEBUG 3932 --- [      runner-12] o.s.b.c.c.ConfigFileApplicationListener  : Skipped config file 'file:./application-integration.xml' for profile integrationresource not found
2019-08-28 00:00:04.889 DEBUG 3932 --- [      runner-12] o.s.b.c.c.ConfigFileApplicationListener  : Skipped config file 'file:./application.xml' for profile integrationresource not found
2019-08-28 00:00:04.889 DEBUG 3932 --- [      runner-12] o.s.b.c.c.ConfigFileApplicationListener  : Skipped config file 'file:./application-integration.yml' resource not found
2019-08-28 00:00:04.889 DEBUG 3932 --- [      runner-12] o.s.b.c.c.ConfigFileApplicationListener  : Skipped config file 'file:./application-integration.yml' for profile integrationresource not found
2019-08-28 00:00:04.889 DEBUG 3932 --- [      runner-12] o.s.b.c.c.ConfigFileApplicationListener  : Skipped config file 'file:./application.yml' for profile integrationresource not found
2019-08-28 00:00:04.889 DEBUG 3932 --- [      runner-12] o.s.b.c.c.ConfigFileApplicationListener  : Skipped config file 'file:./application-integration.properties' resource not found
2019-08-28 00:00:04.889 DEBUG 3932 --- [      runner-12] o.s.b.c.c.ConfigFileApplicationListener  : Skipped config file 'file:./application-integration.properties' for profile integrationresource not found
2019-08-28 00:00:04.890 DEBUG 3932 --- [      runner-12] o.s.b.c.c.ConfigFileApplicationListener  : Skipped config file 'file:./application.properties' for profile integrationresource not found
2019-08-28 00:00:04.890 DEBUG 3932 --- [      runner-12] o.s.b.c.c.ConfigFileApplicationListener  : Skipped config file 'file:./application-integration.yaml' resource not found
2019-08-28 00:00:04.890 DEBUG 3932 --- [      runner-12] o.s.b.c.c.ConfigFileApplicationListener  : Skipped config file 'file:./application-integration.yaml' for profile integrationresource not found
2019-08-28 00:00:04.890 DEBUG 3932 --- [      runner-12] o.s.b.c.c.ConfigFileApplicationListener  : Skipped config file 'file:./application.yaml' for profile integrationresource not found
2019-08-28 00:00:04.890 DEBUG 3932 --- [      runner-12] o.s.b.c.c.ConfigFileApplicationListener  : Skipped config file 'classpath:/config/application-integration.xml' resource not found
2019-08-28 00:00:04.890 DEBUG 3932 --- [      runner-12] o.s.b.c.c.ConfigFileApplicationListener  : Skipped config file 'classpath:/config/application-integration.xml' for profile integrationresource not found
2019-08-28 00:00:04.890 DEBUG 3932 --- [      runner-12] o.s.b.c.c.ConfigFileApplicationListener  : Skipped config file 'classpath:/config/application.xml' for profile integrationresource not found
2019-08-28 00:00:04.890 DEBUG 3932 --- [      runner-12] o.s.b.c.c.ConfigFileApplicationListener  : Skipped config file 'classpath:/config/application-integration.yml' resource not found
2019-08-28 00:00:04.891 DEBUG 3932 --- [      runner-12] o.s.b.c.c.ConfigFileApplicationListener  : Skipped config file 'classpath:/config/application-integration.yml' for profile integrationresource not found
2019-08-28 00:00:04.891 DEBUG 3932 --- [      runner-12] o.s.b.c.c.ConfigFileApplicationListener  : Skipped config file 'classpath:/config/application.yml' for profile integrationresource not found
2019-08-28 00:00:04.891 DEBUG 3932 --- [      runner-12] o.s.b.c.c.ConfigFileApplicationListener  : Skipped config file 'classpath:/config/application-integration.properties' resource not found
2019-08-28 00:00:04.891 DEBUG 3932 --- [      runner-12] o.s.b.c.c.ConfigFileApplicationListener  : Skipped config file 'classpath:/config/application-integration.properties' for profile integrationresource not found
2019-08-28 00:00:04.891 DEBUG 3932 --- [      runner-12] o.s.b.c.c.ConfigFileApplicationListener  : Skipped config file 'classpath:/config/application.properties' for profile integrationresource not found
2019-08-28 00:00:04.891 DEBUG 3932 --- [      runner-12] o.s.b.c.c.ConfigFileApplicationListener  : Skipped config file 'classpath:/config/application-integration.yaml' resource not found
2019-08-28 00:00:04.891 DEBUG 3932 --- [      runner-12] o.s.b.c.c.ConfigFileApplicationListener  : Skipped config file 'classpath:/config/application-integration.yaml' for profile integrationresource not found
2019-08-28 00:00:04.892 DEBUG 3932 --- [      runner-12] o.s.b.c.c.ConfigFileApplicationListener  : Skipped config file 'classpath:/config/application.yaml' for profile integrationresource not found
2019-08-28 00:00:04.892 DEBUG 3932 --- [      runner-12] o.s.b.c.c.ConfigFileApplicationListener  : Skipped config file 'classpath:/application-integration.xml' resource not found
2019-08-28 00:00:04.892 DEBUG 3932 --- [      runner-12] o.s.b.c.c.ConfigFileApplicationListener  : Skipped config file 'classpath:/application-integration.xml' for profile integrationresource not found
2019-08-28 00:00:04.892 DEBUG 3932 --- [      runner-12] o.s.b.c.c.ConfigFileApplicationListener  : Skipped config file 'classpath:/application.xml' for profile integrationresource not found
2019-08-28 00:00:04.892 DEBUG 3932 --- [      runner-12] o.s.b.c.c.ConfigFileApplicationListener  : Skipped config file 'classpath:/application-integration.yml' resource not found
2019-08-28 00:00:04.892 DEBUG 3932 --- [      runner-12] o.s.b.c.c.ConfigFileApplicationListener  : Skipped config file 'classpath:/application-integration.yml' for profile integrationresource not found
2019-08-28 00:00:04.892 DEBUG 3932 --- [      runner-12] o.s.b.c.c.ConfigFileApplicationListener  : Skipped config file 'classpath:/application.yml' for profile integrationresource not found
2019-08-28 00:00:04.893 DEBUG 3932 --- [      runner-12] o.s.b.c.c.ConfigFileApplicationListener  : Skipped config file 'classpath:/application-integration.properties' resource not found
2019-08-28 00:00:04.893 DEBUG 3932 --- [      runner-12] o.s.b.c.c.ConfigFileApplicationListener  : Skipped config file 'classpath:/application-integration.properties' for profile integrationresource not found
2019-08-28 00:00:04.893 DEBUG 3932 --- [      runner-12] o.s.b.c.c.ConfigFileApplicationListener  : Skipped config file 'classpath:/application.properties' for profile integrationresource not found
2019-08-28 00:00:04.893 DEBUG 3932 --- [      runner-12] o.s.b.c.c.ConfigFileApplicationListener  : Skipped config file 'classpath:/application-integration.yaml' resource not found
2019-08-28 00:00:04.893 DEBUG 3932 --- [      runner-12] o.s.b.c.c.ConfigFileApplicationListener  : Skipped config file 'classpath:/application-integration.yaml' for profile integrationresource not found
2019-08-28 00:00:04.893 DEBUG 3932 --- [      runner-12] o.s.b.c.c.ConfigFileApplicationListener  : Skipped config file 'classpath:/application.yaml' for profile integrationresource not found
2019-08-28 00:00:04.894  INFO 3932 --- [      runner-12] s.c.a.AnnotationConfigApplicationContext : Refreshing org.springframework.context.annotation.AnnotationConfigApplicationContext@7131f39f: startup date [Wed Aug 28 00:00:04 UTC 2019]; root of context hierarchy
2019-08-28 00:00:04.925  WARN 3932 --- [      runner-12] s.c.a.AnnotationConfigApplicationContext : Exception encountered during context initialization - cancelling refresh attempt

org.springframework.beans.factory.BeanDefinitionStoreException: Failed to process import candidates for configuration class [org.test.Runner]; nested exception is java.lang.IllegalStateException: java.io.FileNotFoundException: class path resource [org/springframework/boot/autoconfigure/aop/AopAutoConfiguration.class] cannot be opened because it does not exist
 at org.springframework.context.annotation.ConfigurationClassParser.processDeferredImportSelectors(ConfigurationClassParser.java:433)
 at org.springframework.context.annotation.ConfigurationClassParser.parse(ConfigurationClassParser.java:175)
 at org.springframework.context.annotation.ConfigurationClassPostProcessor.processConfigBeanDefinitions(ConfigurationClassPostProcessor.java:306)
 at org.springframework.context.annotation.ConfigurationClassPostProcessor.postProcessBeanDefinitionRegistry(ConfigurationClassPostProcessor.java:239)
 at org.springframework.context.support.PostProcessorRegistrationDelegate.invokeBeanDefinitionRegistryPostProcessors(PostProcessorRegistrationDelegate.java:254)
 at org.springframework.context.support.PostProcessorRegistrationDelegate.invokeBeanFactoryPostProcessors(PostProcessorRegistrationDelegate.java:94)
 at org.springframework.context.support.AbstractApplicationContext.invokeBeanFactoryPostProcessors(AbstractApplicationContext.java:606)
 at org.springframework.context.support.AbstractApplicationContext.refresh(AbstractApplicationContext.java:462)
 at org.springframework.boot.SpringApplication.refresh(SpringApplication.java:691)
 at org.springframework.boot.SpringApplication.run(SpringApplication.java:321)
 at org.springframework.boot.SpringApplication.run(SpringApplication.java:961)
 at sun.reflect.NativeMethodAccessorImpl.invoke0(Native Method)
 at sun.reflect.NativeMethodAccessorImpl.invoke(NativeMethodAccessorImpl.java:62)
 at sun.reflect.DelegatingMethodAccessorImpl.invoke(DelegatingMethodAccessorImpl.java:43)
 at java.lang.reflect.Method.invoke(Method.java:498)
 at org.springframework.boot.cli.command.run.SpringApplicationRunner$RunThread.run(SpringApplicationRunner.java:152)
Caused by: java.lang.IllegalStateException: java.io.FileNotFoundException: class path resource [org/springframework/boot/autoconfigure/aop/AopAutoConfiguration.class] cannot be opened because it does not exist
 at org.springframework.boot.autoconfigure.EnableAutoConfigurationImportSelector.selectImports(EnableAutoConfigurationImportSelector.java:78)
 at org.springframework.context.annotation.ConfigurationClassParser.processDeferredImportSelectors(ConfigurationClassParser.java:425)
 ... 15 common frames omitted
Caused by: java.io.FileNotFoundException: class path resource [org/springframework/boot/autoconfigure/aop/AopAutoConfiguration.class] cannot be opened because it does not exist
 at org.springframework.core.io.ClassPathResource.getInputStream(ClassPathResource.java:172)
 at org.springframework.core.type.classreading.SimpleMetadataReader.<init>(SimpleMetadataReader.java:50)
 at org.springframework.core.type.classreading.SimpleMetadataReaderFactory.getMetadataReader(SimpleMetadataReaderFactory.java:82)
 at org.springframework.core.type.classreading.CachingMetadataReaderFactory.getMetadataReader(CachingMetadataReaderFactory.java:102)
 at org.springframework.core.type.classreading.SimpleMetadataReaderFactory.getMetadataReader(SimpleMetadataReaderFactory.java:77)
 at org.springframework.boot.autoconfigure.AutoConfigurationSorter$AutoConfigurationClasses.<init>(AutoConfigurationSorter.java:121)
 at org.springframework.boot.autoconfigure.AutoConfigurationSorter.getInPriorityOrder(AutoConfigurationSorter.java:60)
 at org.springframework.boot.autoconfigure.EnableAutoConfigurationImportSelector.selectImports(EnableAutoConfigurationImportSelector.java:72)
 ... 16 common frames omitted

2019-08-28 00:00:04.926  INFO 3932 --- [      runner-12] .b.l.ClasspathLoggingApplicationListener : Application failed to start with classpath: []
2019-08-28 00:00:04.926 ERROR 3932 --- [      runner-12] o.s.boot.SpringApplication               : Application startup failed

org.springframework.beans.factory.BeanDefinitionStoreException: Failed to process import candidates for configuration class [org.test.Runner]; nested exception is java.lang.IllegalStateException: java.io.FileNotFoundException: class path resource [org/springframework/boot/autoconfigure/aop/AopAutoConfiguration.class] cannot be opened because it does not exist
 at org.springframework.context.annotation.ConfigurationClassParser.processDeferredImportSelectors(ConfigurationClassParser.java:433)
 at org.springframework.context.annotation.ConfigurationClassParser.parse(ConfigurationClassParser.java:175)
 at org.springframework.context.annotation.ConfigurationClassPostProcessor.processConfigBeanDefinitions(ConfigurationClassPostProcessor.java:306)
 at org.springframework.context.annotation.ConfigurationClassPostProcessor.postProcessBeanDefinitionRegistry(ConfigurationClassPostProcessor.java:239)
 at org.springframework.context.support.PostProcessorRegistrationDelegate.invokeBeanDefinitionRegistryPostProcessors(PostProcessorRegistrationDelegate.java:254)
 at org.springframework.context.support.PostProcessorRegistrationDelegate.invokeBeanFactoryPostProcessors(PostProcessorRegistrationDelegate.java:94)
 at org.springframework.context.support.AbstractApplicationContext.invokeBeanFactoryPostProcessors(AbstractApplicationContext.java:606)
 at org.springframework.context.support.AbstractApplicationContext.refresh(AbstractApplicationContext.java:462)
 at org.springframework.boot.SpringApplication.refresh(SpringApplication.java:691)
 at org.springframework.boot.SpringApplication.run(SpringApplication.java:321)
 at org.springframework.boot.SpringApplication.run(SpringApplication.java:961)
 at sun.reflect.NativeMethodAccessorImpl.invoke0(Native Method)
 at sun.reflect.NativeMethodAccessorImpl.invoke(NativeMethodAccessorImpl.java:62)
 at sun.reflect.DelegatingMethodAccessorImpl.invoke(DelegatingMethodAccessorImpl.java:43)
 at java.lang.reflect.Method.invoke(Method.java:498)
 at org.springframework.boot.cli.command.run.SpringApplicationRunner$RunThread.run(SpringApplicationRunner.java:152)
Caused by: java.lang.IllegalStateException: java.io.FileNotFoundException: class path resource [org/springframework/boot/autoconfigure/aop/AopAutoConfiguration.class] cannot be opened because it does not exist
 at org.springframework.boot.autoconfigure.EnableAutoConfigurationImportSelector.selectImports(EnableAutoConfigurationImportSelector.java:78)
 at org.springframework.context.annotation.ConfigurationClassParser.processDeferredImportSelectors(ConfigurationClassParser.java:425)
 ... 15 common frames omitted
Caused by: java.io.FileNotFoundException: class path resource [org/springframework/boot/autoconfigure/aop/AopAutoConfiguration.class] cannot be opened because it does not exist
 at org.springframework.core.io.ClassPathResource.getInputStream(ClassPathResource.java:172)
 at org.springframework.core.type.classreading.SimpleMetadataReader.<init>(SimpleMetadataReader.java:50)
 at org.springframework.core.type.classreading.SimpleMetadataReaderFactory.getMetadataReader(SimpleMetadataReaderFactory.java:82)
 at org.springframework.core.type.classreading.CachingMetadataReaderFactory.getMetadataReader(CachingMetadataReaderFactory.java:102)
 at org.springframework.core.type.classreading.SimpleMetadataReaderFactory.getMetadataReader(SimpleMetadataReaderFactory.java:77)
 at org.springframework.boot.autoconfigure.AutoConfigurationSorter$AutoConfigurationClasses.<init>(AutoConfigurationSorter.java:121)
 at org.springframework.boot.autoconfigure.AutoConfigurationSorter.getInPriorityOrder(AutoConfigurationSorter.java:60)
 at org.springframework.boot.autoconfigure.EnableAutoConfigurationImportSelector.selectImports(EnableAutoConfigurationImportSelector.java:72)
 ... 16 common frames omitted

java.lang.reflect.InvocationTargetException
 at sun.reflect.NativeMethodAccessorImpl.invoke0(Native Method)
 at sun.reflect.NativeMethodAccessorImpl.invoke(NativeMethodAccessorImpl.java:62)
 at sun.reflect.DelegatingMethodAccessorImpl.invoke(DelegatingMethodAccessorImpl.java:43)
 at java.lang.reflect.Method.invoke(Method.java:498)
 at org.springframework.boot.cli.command.run.SpringApplicationRunner$RunThread.run(SpringApplicationRunner.java:152)
Caused by: org.springframework.beans.factory.BeanDefinitionStoreException: Failed to process import candidates for configuration class [org.test.Runner]; nested exception is java.lang.IllegalStateException: java.io.FileNotFoundException: class path resource [org/springframework/boot/autoconfigure/aop/AopAutoConfiguration.class] cannot be opened because it does not exist
 at org.springframework.context.annotation.ConfigurationClassParser.processDeferredImportSelectors(ConfigurationClassParser.java:433)
 at org.springframework.context.annotation.ConfigurationClassParser.parse(ConfigurationClassParser.java:175)
 at org.springframework.context.annotation.ConfigurationClassPostProcessor.processConfigBeanDefinitions(ConfigurationClassPostProcessor.java:306)
 at org.springframework.context.annotation.ConfigurationClassPostProcessor.postProcessBeanDefinitionRegistry(ConfigurationClassPostProcessor.java:239)
 at org.springframework.context.support.PostProcessorRegistrationDelegate.invokeBeanDefinitionRegistryPostProcessors(PostProcessorRegistrationDelegate.java:254)
 at org.springframework.context.support.PostProcessorRegistrationDelegate.invokeBeanFactoryPostProcessors(PostProcessorRegistrationDelegate.java:94)
 at org.springframework.context.support.AbstractApplicationContext.invokeBeanFactoryPostProcessors(AbstractApplicationContext.java:606)
 at org.springframework.context.support.AbstractApplicationContext.refresh(AbstractApplicationContext.java:462)
 at org.springframework.boot.SpringApplication.refresh(SpringApplication.java:691)
 at org.springframework.boot.SpringApplication.run(SpringApplication.java:321)
 at org.springframework.boot.SpringApplication.run(SpringApplication.java:961)
 ... 5 more
Caused by: java.lang.IllegalStateException: java.io.FileNotFoundException: class path resource [org/springframework/boot/autoconfigure/aop/AopAutoConfiguration.class] cannot be opened because it does not exist
 at org.springframework.boot.autoconfigure.EnableAutoConfigurationImportSelector.selectImports(EnableAutoConfigurationImportSelector.java:78)
 at org.springframework.context.annotation.ConfigurationClassParser.processDeferredImportSelectors(ConfigurationClassParser.java:425)
 ... 15 more
Caused by: java.io.FileNotFoundException: class path resource [org/springframework/boot/autoconfigure/aop/AopAutoConfiguration.class] cannot be opened because it does not exist
 at org.springframework.core.io.ClassPathResource.getInputStream(ClassPathResource.java:172)
 at org.springframework.core.type.classreading.SimpleMetadataReader.<init>(SimpleMetadataReader.java:50)
 at org.springframework.core.type.classreading.SimpleMetadataReaderFactory.getMetadataReader(SimpleMetadataReaderFactory.java:82)
 at org.springframework.core.type.classreading.CachingMetadataReaderFactory.getMetadataReader(CachingMetadataReaderFactory.java:102)
 at org.springframework.core.type.classreading.SimpleMetadataReaderFactory.getMetadataReader(SimpleMetadataReaderFactory.java:77)
 at org.springframework.boot.autoconfigure.AutoConfigurationSorter$AutoConfigurationClasses.<init>(AutoConfigurationSorter.java:121)
 at org.springframework.boot.autoconfigure.AutoConfigurationSorter.getInPriorityOrder(AutoConfigurationSorter.java:60)
 at org.springframework.boot.autoconfigure.EnableAutoConfigurationImportSelector.selectImports(EnableAutoConfigurationImportSelector.java:72)
 ... 16 more
"
spring-projects-spring-boot,org.springframework.boot.cli.SampleIntegrationTests#webSample,matched (10 report(s) available),java.lang.IllegalStateException,Order Dependent,"low-confidence guess: found phrase 'illegalstateexception' which can indicate leftover state from another test, but this cannot be confirmed without cross-test execution context",java.lang.IllegalStateException: java.net.ConnectException: Connection refused (Connection refused)
spring-projects-spring-boot,org.springframework.boot.cli.SampleIntegrationTests#uiSample,matched (10 report(s) available),java.lang.IllegalStateException,Order Dependent,"low-confidence guess: found phrase 'illegalstateexception' which can indicate leftover state from another test, but this cannot be confirmed without cross-test execution context",java.lang.IllegalStateException: java.net.ConnectException: Connection refused (Connection refused)
spring-projects-spring-boot,org.springframework.boot.cli.SampleIntegrationTests#deviceSample,matched (10 report(s) available),java.lang.IllegalStateException,Order Dependent,"low-confidence guess: found phrase 'illegalstateexception' which can indicate leftover state from another test, but this cannot be confirmed without cross-test execution context",java.lang.IllegalStateException: java.net.ConnectException: Connection refused (Connection refused)
spring-projects-spring-boot,org.springframework.boot.cli.SampleIntegrationTests#jmsSample,matched (10 report(s) available),java.lang.AssertionError,Order Dependent,"low-confidence guess: found phrase 'illegalstateexception' which can indicate leftover state from another test, but this cannot be confirmed without cross-test execution context","Wrong output: 
  .   ____          _            __ _ _
 /\\ / ___'_ __ _ _(_)_ __  __ _ \ \ \ \
( ( )\___ | '_ | '_| | '_ \/ _` | \ \ \ \
 \\/  ___)| |_)| | | | | || (_| |  ) ) ) )
  '  |____| .__|_| |_|_| |_\__, | / / / /
 =========|_|==============|___/=/_/_/_/
 :: Spring Boot ::  (v1.2.0.BUILD-SNAPSHOT)

2019-08-28 00:00:09.009  INFO 3932 --- [      runner-16] o.s.boot.SpringApplication               : Starting application on ip-172-31-62-70 with PID 3932 (/root/.m2/repository/org/springframework/boot/spring-boot/1.2.0.BUILD-SNAPSHOT/spring-boot-1.2.0.BUILD-SNAPSHOT.jar started by root in /working/proj/spring-projects-spring-boot-616/spring-projects-spring-boot/spring-boot-cli)
2019-08-28 00:00:09.011 DEBUG 3932 --- [      runner-16] o.s.boot.SpringApplication               : Running with Spring Boot v1.2.0.BUILD-SNAPSHOT, Spring v4.1.1.RELEASE
2019-08-28 00:00:09.012 DEBUG 3932 --- [      runner-16] o.s.boot.SpringApplication               : Loading source class org.test.JmsExample,class org.test.JmsExample$_run_closure1
2019-08-28 00:00:09.042 DEBUG 3932 --- [      runner-16] o.s.b.c.c.ConfigFileApplicationListener  : Activated profiles integration
2019-08-28 00:00:09.042 DEBUG 3932 --- [      runner-16] o.s.b.c.c.ConfigFileApplicationListener  : Skipped config file 'file:./config/application.xml' resource not found
2019-08-28 00:00:09.042 DEBUG 3932 --- [      runner-16] o.s.b.c.c.ConfigFileApplicationListener  : Skipped config file 'file:./config/application.yml' resource not found
2019-08-28 00:00:09.042 DEBUG 3932 --- [      runner-16] o.s.b.c.c.ConfigFileApplicationListener  : Skipped config file 'file:./config/application.properties' resource not found
2019-08-28 00:00:09.043 DEBUG 3932 --- [      runner-16] o.s.b.c.c.ConfigFileApplicationListener  : Skipped config file 'file:./config/application.yaml' resource not found
2019-08-28 00:00:09.043 DEBUG 3932 --- [      runner-16] o.s.b.c.c.ConfigFileApplicationListener  : Skipped config file 'file:./application.xml' resource not found
2019-08-28 00:00:09.043 DEBUG 3932 --- [      runner-16] o.s.b.c.c.ConfigFileApplicationListener  : Skipped config file 'file:./application.yml' resource not found
2019-08-28 00:00:09.043 DEBUG 3932 --- [      runner-16] o.s.b.c.c.ConfigFileApplicationListener  : Skipped config file 'file:./application.properties' resource not found
2019-08-28 00:00:09.043 DEBUG 3932 --- [      runner-16] o.s.b.c.c.ConfigFileApplicationListener  : Skipped config file 'file:./application.yaml' resource not found
2019-08-28 00:00:09.043 DEBUG 3932 --- [      runner-16] o.s.b.c.c.ConfigFileApplicationListener  : Skipped config file 'classpath:/config/application.xml' resource not found
2019-08-28 00:00:09.043 DEBUG 3932 --- [      runner-16] o.s.b.c.c.ConfigFileApplicationListener  : Skipped config file 'classpath:/config/application.yml' resource not found
2019-08-28 00:00:09.044 DEBUG 3932 --- [      runner-16] o.s.b.c.c.ConfigFileApplicationListener  : Skipped config file 'classpath:/config/application.properties' resource not found
2019-08-28 00:00:09.044 DEBUG 3932 --- [      runner-16] o.s.b.c.c.ConfigFileApplicationListener  : Skipped config file 'classpath:/config/application.yaml' resource not found
2019-08-28 00:00:09.044 DEBUG 3932 --- [      runner-16] o.s.b.c.c.ConfigFileApplicationListener  : Skipped config file 'classpath:/application.xml' resource not found
2019-08-28 00:00:09.044 DEBUG 3932 --- [      runner-16] o.s.b.c.c.ConfigFileApplicationListener  : Skipped config file 'classpath:/application.yml' resource not found
2019-08-28 00:00:09.044 DEBUG 3932 --- [      runner-16] o.s.b.c.c.ConfigFileApplicationListener  : Skipped config file 'classpath:/application.properties' resource not found
2019-08-28 00:00:09.044 DEBUG 3932 --- [      runner-16] o.s.b.c.c.ConfigFileApplicationListener  : Skipped config file 'classpath:/application.yaml' resource not found
2019-08-28 00:00:09.044 DEBUG 3932 --- [      runner-16] o.s.b.c.c.ConfigFileApplicationListener  : Skipped config file 'file:./config/application-integration.xml' resource not found
2019-08-28 00:00:09.045 DEBUG 3932 --- [      runner-16] o.s.b.c.c.ConfigFileApplicationListener  : Skipped config file 'file:./config/application-integration.xml' for profile integrationresource not found
2019-08-28 00:00:09.045 DEBUG 3932 --- [      runner-16] o.s.b.c.c.ConfigFileApplicationListener  : Skipped config file 'file:./config/application.xml' for profile integrationresource not found
2019-08-28 00:00:09.045 DEBUG 3932 --- [      runner-16] o.s.b.c.c.ConfigFileApplicationListener  : Skipped config file 'file:./config/application-integration.yml' resource not found
2019-08-28 00:00:09.045 DEBUG 3932 --- [      runner-16] o.s.b.c.c.ConfigFileApplicationListener  : Skipped config file 'file:./config/application-integration.yml' for profile integrationresource not found
2019-08-28 00:00:09.045 DEBUG 3932 --- [      runner-16] o.s.b.c.c.ConfigFileApplicationListener  : Skipped config file 'file:./config/application.yml' for profile integrationresource not found
2019-08-28 00:00:09.045 DEBUG 3932 --- [      runner-16] o.s.b.c.c.ConfigFileApplicationListener  : Skipped config file 'file:./config/application-integration.properties' resource not found
2019-08-28 00:00:09.045 DEBUG 3932 --- [      runner-16] o.s.b.c.c.ConfigFileApplicationListener  : Skipped config file 'file:./config/application-integration.properties' for profile integrationresource not found
2019-08-28 00:00:09.046 DEBUG 3932 --- [      runner-16] o.s.b.c.c.ConfigFileApplicationListener  : Skipped config file 'file:./config/application.properties' for profile integrationresource not found
2019-08-28 00:00:09.046 DEBUG 3932 --- [      runner-16] o.s.b.c.c.ConfigFileApplicationListener  : Skipped config file 'file:./config/application-integration.yaml' resource not found
2019-08-28 00:00:09.046 DEBUG 3932 --- [      runner-16] o.s.b.c.c.ConfigFileApplicationListener  : Skipped config file 'file:./config/application-integration.yaml' for profile integrationresource not found
2019-08-28 00:00:09.046 DEBUG 3932 --- [      runner-16] o.s.b.c.c.ConfigFileApplicationListener  : Skipped config file 'file:./config/application.yaml' for profile integrationresource not found
2019-08-28 00:00:09.046 DEBUG 3932 --- [      runner-16] o.s.b.c.c.ConfigFileApplicationListener  : Skipped config file 'file:./application-integration.xml' resource not found
2019-08-28 00:00:09.046 DEBUG 3932 --- [      runner-16] o.s.b.c.c.ConfigFileApplicationListener  : Skipped config file 'file:./application-integration.xml' for profile integrationresource not found
2019-08-28 00:00:09.046 DEBUG 3932 --- [      runner-16] o.s.b.c.c.ConfigFileApplicationListener  : Skipped config file 'file:./application.xml' for profile integrationresource not found
2019-08-28 00:00:09.047 DEBUG 3932 --- [      runner-16] o.s.b.c.c.ConfigFileApplicationListener  : Skipped config file 'file:./application-integration.yml' resource not found
2019-08-28 00:00:09.047 DEBUG 3932 --- [      runner-16] o.s.b.c.c.ConfigFileApplicationListener  : Skipped config file 'file:./application-integration.yml' for profile integrationresource not found
2019-08-28 00:00:09.047 DEBUG 3932 --- [      runner-16] o.s.b.c.c.ConfigFileApplicationListener  : Skipped config file 'file:./application.yml' for profile integrationresource not found
2019-08-28 00:00:09.047 DEBUG 3932 --- [      runner-16] o.s.b.c.c.ConfigFileApplicationListener  : Skipped config file 'file:./application-integration.properties' resource not found
2019-08-28 00:00:09.047 DEBUG 3932 --- [      runner-16] o.s.b.c.c.ConfigFileApplicationListener  : Skipped config file 'file:./application-integration.properties' for profile integrationresource not found
2019-08-28 00:00:09.047 DEBUG 3932 --- [      runner-16] o.s.b.c.c.ConfigFileApplicationListener  : Skipped config file 'file:./application.properties' for profile integrationresource not found
2019-08-28 00:00:09.048 DEBUG 3932 --- [      runner-16] o.s.b.c.c.ConfigFileApplicationListener  : Skipped config file 'file:./application-integration.yaml' resource not found
2019-08-28 00:00:09.048 DEBUG 3932 --- [      runner-16] o.s.b.c.c.ConfigFileApplicationListener  : Skipped config file 'file:./application-integration.yaml' for profile integrationresource not found
2019-08-28 00:00:09.048 DEBUG 3932 --- [      runner-16] o.s.b.c.c.ConfigFileApplicationListener  : Skipped config file 'file:./application.yaml' for profile integrationresource not found
2019-08-28 00:00:09.048 DEBUG 3932 --- [      runner-16] o.s.b.c.c.ConfigFileApplicationListener  : Skipped config file 'classpath:/config/application-integration.xml' resource not found
2019-08-28 00:00:09.048 DEBUG 3932 --- [      runner-16] o.s.b.c.c.ConfigFileApplicationListener  : Skipped config file 'classpath:/config/application-integration.xml' for profile integrationresource not found
2019-08-28 00:00:09.048 DEBUG 3932 --- [      runner-16] o.s.b.c.c.ConfigFileApplicationListener  : Skipped config file 'classpath:/config/application.xml' for profile integrationresource not found
2019-08-28 00:00:09.048 DEBUG 3932 --- [      runner-16] o.s.b.c.c.ConfigFileApplicationListener  : Skipped config file 'classpath:/config/application-integration.yml' resource not found
2019-08-28 00:00:09.049 DEBUG 3932 --- [      runner-16] o.s.b.c.c.ConfigFileApplicationListener  : Skipped config file 'classpath:/config/application-integration.yml' for profile integrationresource not found
2019-08-28 00:00:09.049 DEBUG 3932 --- [      runner-16] o.s.b.c.c.ConfigFileApplicationListener  : Skipped config file 'classpath:/config/application.yml' for profile integrationresource not found
2019-08-28 00:00:09.049 DEBUG 3932 --- [      runner-16] o.s.b.c.c.ConfigFileApplicationListener  : Skipped config file 'classpath:/config/application-integration.properties' resource not found
2019-08-28 00:00:09.049 DEBUG 3932 --- [      runner-16] o.s.b.c.c.ConfigFileApplicationListener  : Skipped config file 'classpath:/config/application-integration.properties' for profile integrationresource not found
2019-08-28 00:00:09.049 DEBUG 3932 --- [      runner-16] o.s.b.c.c.ConfigFileApplicationListener  : Skipped config file 'classpath:/config/application.properties' for profile integrationresource not found
2019-08-28 00:00:09.049 DEBUG 3932 --- [      runner-16] o.s.b.c.c.ConfigFileApplicationListener  : Skipped config file 'classpath:/config/application-integration.yaml' resource not found
2019-08-28 00:00:09.049 DEBUG 3932 --- [      runner-16] o.s.b.c.c.ConfigFileApplicationListener  : Skipped config file 'classpath:/config/application-integration.yaml' for profile integrationresource not found
2019-08-28 00:00:09.049 DEBUG 3932 --- [      runner-16] o.s.b.c.c.ConfigFileApplicationListener  : Skipped config file 'classpath:/config/application.yaml' for profile integrationresource not found
2019-08-28 00:00:09.050 DEBUG 3932 --- [      runner-16] o.s.b.c.c.ConfigFileApplicationListener  : Skipped config file 'classpath:/application-integration.xml' resource not found
2019-08-28 00:00:09.050 DEBUG 3932 --- [      runner-16] o.s.b.c.c.ConfigFileApplicationListener  : Skipped config file 'classpath:/application-integration.xml' for profile integrationresource not found
2019-08-28 00:00:09.050 DEBUG 3932 --- [      runner-16] o.s.b.c.c.ConfigFileApplicationListener  : Skipped config file 'classpath:/application.xml' for profile integrationresource not found
2019-08-28 00:00:09.050 DEBUG 3932 --- [      runner-16] o.s.b.c.c.ConfigFileApplicationListener  : Skipped config file 'classpath:/application-integration.yml' resource not found
2019-08-28 00:00:09.050 DEBUG 3932 --- [      runner-16] o.s.b.c.c.ConfigFileApplicationListener  : Skipped config file 'classpath:/application-integration.yml' for profile integrationresource not found
2019-08-28 00:00:09.050 DEBUG 3932 --- [      runner-16] o.s.b.c.c.ConfigFileApplicationListener  : Skipped config file 'classpath:/application.yml' for profile integrationresource not found
2019-08-28 00:00:09.051 DEBUG 3932 --- [      runner-16] o.s.b.c.c.ConfigFileApplicationListener  : Skipped config file 'classpath:/application-integration.properties' resource not found
2019-08-28 00:00:09.051 DEBUG 3932 --- [      runner-16] o.s.b.c.c.ConfigFileApplicationListener  : Skipped config file 'classpath:/application-integration.properties' for profile integrationresource not found
2019-08-28 00:00:09.051 DEBUG 3932 --- [      runner-16] o.s.b.c.c.ConfigFileApplicationListener  : Skipped config file 'classpath:/application.properties' for profile integrationresource not found
2019-08-28 00:00:09.051 DEBUG 3932 --- [      runner-16] o.s.b.c.c.ConfigFileApplicationListener  : Skipped config file 'classpath:/application-integration.yaml' resource not found
2019-08-28 00:00:09.051 DEBUG 3932 --- [      runner-16] o.s.b.c.c.ConfigFileApplicationListener  : Skipped config file 'classpath:/application-integration.yaml' for profile integrationresource not found
2019-08-28 00:00:09.051 DEBUG 3932 --- [      runner-16] o.s.b.c.c.ConfigFileApplicationListener  : Skipped config file 'classpath:/application.yaml' for profile integrationresource not found
2019-08-28 00:00:09.052  INFO 3932 --- [      runner-16] s.c.a.AnnotationConfigApplicationContext : Refreshing org.springframework.context.annotation.AnnotationConfigApplicationContext@2a4076c9: startup date [Wed Aug 28 00:00:09 UTC 2019]; root of context hierarchy
2019-08-28 00:00:09.188  WARN 3932 --- [      runner-16] s.c.a.AnnotationConfigApplicationContext : Exception encountered during context initialization - cancelling refresh attempt

org.springframework.beans.factory.BeanDefinitionStoreException: Failed to process import candidates for configuration class [org.test.JmsExample]; nested exception is java.lang.IllegalStateException: java.io.FileNotFoundException: class path resource [org/springframework/boot/autoconfigure/aop/AopAutoConfiguration.class] cannot be opened because it does not exist
 at org.springframework.context.annotation.ConfigurationClassParser.processDeferredImportSelectors(ConfigurationClassParser.java:433)
 at org.springframework.context.annotation.ConfigurationClassParser.parse(ConfigurationClassParser.java:175)
 at org.springframework.context.annotation.ConfigurationClassPostProcessor.processConfigBeanDefinitions(ConfigurationClassPostProcessor.java:306)
 at org.springframework.context.annotation.ConfigurationClassPostProcessor.postProcessBeanDefinitionRegistry(ConfigurationClassPostProcessor.java:239)
 at org.springframework.context.support.PostProcessorRegistrationDelegate.invokeBeanDefinitionRegistryPostProcessors(PostProcessorRegistrationDelegate.java:254)
 at org.springframework.context.support.PostProcessorRegistrationDelegate.invokeBeanFactoryPostProcessors(PostProcessorRegistrationDelegate.java:94)
 at org.springframework.context.support.AbstractApplicationContext.invokeBeanFactoryPostProcessors(AbstractApplicationContext.java:606)
 at org.springframework.context.support.AbstractApplicationContext.refresh(AbstractApplicationContext.java:462)
 at org.springframework.boot.SpringApplication.refresh(SpringApplication.java:691)
 at org.springframework.boot.SpringApplication.run(SpringApplication.java:321)
 at org.springframework.boot.SpringApplication.run(SpringApplication.java:961)
 at sun.reflect.NativeMethodAccessorImpl.invoke0(Native Method)
 at sun.reflect.NativeMethodAccessorImpl.invoke(NativeMethodAccessorImpl.java:62)
 at sun.reflect.DelegatingMethodAccessorImpl.invoke(DelegatingMethodAccessorImpl.java:43)
 at java.lang.reflect.Method.invoke(Method.java:498)
 at org.springframework.boot.cli.command.run.SpringApplicationRunner$RunThread.run(SpringApplicationRunner.java:152)
Caused by: java.lang.IllegalStateException: java.io.FileNotFoundException: class path resource [org/springframework/boot/autoconfigure/aop/AopAutoConfiguration.class] cannot be opened because it does not exist
 at org.springframework.boot.autoconfigure.EnableAutoConfigurationImportSelector.selectImports(EnableAutoConfigurationImportSelector.java:78)
 at org.springframework.context.annotation.ConfigurationClassParser.processDeferredImportSelectors(ConfigurationClassParser.java:425)
 ... 15 common frames omitted
Caused by: java.io.FileNotFoundException: class path resource [org/springframework/boot/autoconfigure/aop/AopAutoConfiguration.class] cannot be opened because it does not exist
 at org.springframework.core.io.ClassPathResource.getInputStream(ClassPathResource.java:172)
 at org.springframework.core.type.classreading.SimpleMetadataReader.<init>(SimpleMetadataReader.java:50)
 at org.springframework.core.type.classreading.SimpleMetadataReaderFactory.getMetadataReader(SimpleMetadataReaderFactory.java:82)
 at org.springframework.core.type.classreading.CachingMetadataReaderFactory.getMetadataReader(CachingMetadataReaderFactory.java:102)
 at org.springframework.core.type.classreading.SimpleMetadataReaderFactory.getMetadataReader(SimpleMetadataReaderFactory.java:77)
 at org.springframework.boot.autoconfigure.AutoConfigurationSorter$AutoConfigurationClasses.<init>(AutoConfigurationSorter.java:121)
 at org.springframework.boot.autoconfigure.AutoConfigurationSorter.getInPriorityOrder(AutoConfigurationSorter.java:60)
 at org.springframework.boot.autoconfigure.EnableAutoConfigurationImportSelector.selectImports(EnableAutoConfigurationImportSelector.java:72)
 ... 16 common frames omitted

2019-08-28 00:00:09.190  INFO 3932 --- [      runner-16] .b.l.ClasspathLoggingApplicationListener : Application failed to start with classpath: []
2019-08-28 00:00:09.190 ERROR 3932 --- [      runner-16] o.s.boot.SpringApplication               : Application startup failed

org.springframework.beans.factory.BeanDefinitionStoreException: Failed to process import candidates for configuration class [org.test.JmsExample]; nested exception is java.lang.IllegalStateException: java.io.FileNotFoundException: class path resource [org/springframework/boot/autoconfigure/aop/AopAutoConfiguration.class] cannot be opened because it does not exist
 at org.springframework.context.annotation.ConfigurationClassParser.processDeferredImportSelectors(ConfigurationClassParser.java:433)
 at org.springframework.context.annotation.ConfigurationClassParser.parse(ConfigurationClassParser.java:175)
 at org.springframework.context.annotation.ConfigurationClassPostProcessor.processConfigBeanDefinitions(ConfigurationClassPostProcessor.java:306)
 at org.springframework.context.annotation.ConfigurationClassPostProcessor.postProcessBeanDefinitionRegistry(ConfigurationClassPostProcessor.java:239)
 at org.springframework.context.support.PostProcessorRegistrationDelegate.invokeBeanDefinitionRegistryPostProcessors(PostProcessorRegistrationDelegate.java:254)
 at org.springframework.context.support.PostProcessorRegistrationDelegate.invokeBeanFactoryPostProcessors(PostProcessorRegistrationDelegate.java:94)
 at org.springframework.context.support.AbstractApplicationContext.invokeBeanFactoryPostProcessors(AbstractApplicationContext.java:606)
 at org.springframework.context.support.AbstractApplicationContext.refresh(AbstractApplicationContext.java:462)
 at org.springframework.boot.SpringApplication.refresh(SpringApplication.java:691)
 at org.springframework.boot.SpringApplication.run(SpringApplication.java:321)
 at org.springframework.boot.SpringApplication.run(SpringApplication.java:961)
 at sun.reflect.NativeMethodAccessorImpl.invoke0(Native Method)
 at sun.reflect.NativeMethodAccessorImpl.invoke(NativeMethodAccessorImpl.java:62)
 at sun.reflect.DelegatingMethodAccessorImpl.invoke(DelegatingMethodAccessorImpl.java:43)
 at java.lang.reflect.Method.invoke(Method.java:498)
 at org.springframework.boot.cli.command.run.SpringApplicationRunner$RunThread.run(SpringApplicationRunner.java:152)
Caused by: java.lang.IllegalStateException: java.io.FileNotFoundException: class path resource [org/springframework/boot/autoconfigure/aop/AopAutoConfiguration.class] cannot be opened because it does not exist
 at org.springframework.boot.autoconfigure.EnableAutoConfigurationImportSelector.selectImports(EnableAutoConfigurationImportSelector.java:78)
 at org.springframework.context.annotation.ConfigurationClassParser.processDeferredImportSelectors(ConfigurationClassParser.java:425)
 ... 15 common frames omitted
Caused by: java.io.FileNotFoundException: class path resource [org/springframework/boot/autoconfigure/aop/AopAutoConfiguration.class] cannot be opened because it does not exist
 at org.springframework.core.io.ClassPathResource.getInputStream(ClassPathResource.java:172)
 at org.springframework.core.type.classreading.SimpleMetadataReader.<init>(SimpleMetadataReader.java:50)
 at org.springframework.core.type.classreading.SimpleMetadataReaderFactory.getMetadataReader(SimpleMetadataReaderFactory.java:82)
 at org.springframework.core.type.classreading.CachingMetadataReaderFactory.getMetadataReader(CachingMetadataReaderFactory.java:102)
 at org.springframework.core.type.classreading.SimpleMetadataReaderFactory.getMetadataReader(SimpleMetadataReaderFactory.java:77)
 at org.springframework.boot.autoconfigure.AutoConfigurationSorter$AutoConfigurationClasses.<init>(AutoConfigurationSorter.java:121)
 at org.springframework.boot.autoconfigure.AutoConfigurationSorter.getInPriorityOrder(AutoConfigurationSorter.java:60)
 at org.springframework.boot.autoconfigure.EnableAutoConfigurationImportSelector.selectImports(EnableAutoConfigurationImportSelector.java:72)
 ... 16 common frames omitted

java.lang.reflect.InvocationTargetException
 at sun.reflect.NativeMethodAccessorImpl.invoke0(Native Method)
 at sun.reflect.NativeMethodAccessorImpl.invoke(NativeMethodAccessorImpl.java:62)
 at sun.reflect.DelegatingMethodAccessorImpl.invoke(DelegatingMethodAccessorImpl.java:43)
 at java.lang.reflect.Method.invoke(Method.java:498)
 at org.springframework.boot.cli.command.run.SpringApplicationRunner$RunThread.run(SpringApplicationRunner.java:152)
Caused by: org.springframework.beans.factory.BeanDefinitionStoreException: Failed to process import candidates for configuration class [org.test.JmsExample]; nested exception is java.lang.IllegalStateException: java.io.FileNotFoundException: class path resource [org/springframework/boot/autoconfigure/aop/AopAutoConfiguration.class] cannot be opened because it does not exist
 at org.springframework.context.annotation.ConfigurationClassParser.processDeferredImportSelectors(ConfigurationClassParser.java:433)
 at org.springframework.context.annotation.ConfigurationClassParser.parse(ConfigurationClassParser.java:175)
 at org.springframework.context.annotation.ConfigurationClassPostProcessor.processConfigBeanDefinitions(ConfigurationClassPostProcessor.java:306)
 at org.springframework.context.annotation.ConfigurationClassPostProcessor.postProcessBeanDefinitionRegistry(ConfigurationClassPostProcessor.java:239)
 at org.springframework.context.support.PostProcessorRegistrationDelegate.invokeBeanDefinitionRegistryPostProcessors(PostProcessorRegistrationDelegate.java:254)
 at org.springframework.context.support.PostProcessorRegistrationDelegate.invokeBeanFactoryPostProcessors(PostProcessorRegistrationDelegate.java:94)
 at org.springframework.context.support.AbstractApplicationContext.invokeBeanFactoryPostProcessors(AbstractApplicationContext.java:606)
 at org.springframework.context.support.AbstractApplicationContext.refresh(AbstractApplicationContext.java:462)
 at org.springframework.boot.SpringApplication.refresh(SpringApplication.java:691)
 at org.springframework.boot.SpringApplication.run(SpringApplication.java:321)
 at org.springframework.boot.SpringApplication.run(SpringApplication.java:961)
 ... 5 more
Caused by: java.lang.IllegalStateException: java.io.FileNotFoundException: class path resource [org/springframework/boot/autoconfigure/aop/AopAutoConfiguration.class] cannot be opened because it does not exist
 at org.springframework.boot.autoconfigure.EnableAutoConfigurationImportSelector.selectImports(EnableAutoConfigurationImportSelector.java:78)
 at org.springframework.context.annotation.ConfigurationClassParser.processDeferredImportSelectors(ConfigurationClassParser.java:425)
 ... 15 more
Caused by: java.io.FileNotFoundException: class path resource [org/springframework/boot/autoconfigure/aop/AopAutoConfiguration.class] cannot be opened because it does not exist
 at org.springframework.core.io.ClassPathResource.getInputStream(ClassPathResource.java:172)
 at org.springframework.core.type.classreading.SimpleMetadataReader.<init>(SimpleMetadataReader.java:50)
 at org.springframework.core.type.classreading.SimpleMetadataReaderFactory.getMetadataReader(SimpleMetadataReaderFactory.java:82)
 at org.springframework.core.type.classreading.CachingMetadataReaderFactory.getMetadataReader(CachingMetadataReaderFactory.java:102)
 at org.springframework.core.type.classreading.SimpleMetadataReaderFactory.getMetadataReader(SimpleMetadataReaderFactory.java:77)
 at org.springframework.boot.autoconfigure.AutoConfigurationSorter$AutoConfigurationClasses.<init>(AutoConfigurationSorter.java:121)
 at org.springframework.boot.autoconfigure.AutoConfigurationSorter.getInPriorityOrder(AutoConfigurationSorter.java:60)
 at org.springframework.boot.autoconfigure.EnableAutoConfigurationImportSelector.selectImports(EnableAutoConfigurationImportSelector.java:72)
 ... 16 more
"
spring-projects-spring-boot,org.springframework.boot.cli.SampleIntegrationTests#caching,matched (10 report(s) available),java.lang.AssertionError,Order Dependent,"low-confidence guess: found phrase 'illegalstateexception' which can indicate leftover state from another test, but this cannot be confirmed without cross-test execution context","
Expected: a string containing ""Hello World""
     but: was ""
  .   ____          _            __ _ _
 /\\ / ___'_ __ _ _(_)_ __  __ _ \ \ \ \
( ( )\___ | '_ | '_| | '_ \/ _` | \ \ \ \
 \\/  ___)| |_)| | | | | || (_| |  ) ) ) )
  '  |____| .__|_| |_|_| |_\__, | / / / /
 =========|_|==============|___/=/_/_/_/
 :: Spring Boot ::  (v1.2.0.BUILD-SNAPSHOT)

2019-08-28 00:00:09.696  INFO 3932 --- [      runner-17] o.s.boot.SpringApplication               : Starting application on ip-172-31-62-70 with PID 3932 (/root/.m2/repository/org/springframework/boot/spring-boot/1.2.0.BUILD-SNAPSHOT/spring-boot-1.2.0.BUILD-SNAPSHOT.jar started by root in /working/proj/spring-projects-spring-boot-616/spring-projects-spring-boot/spring-boot-cli)
2019-08-28 00:00:09.698 DEBUG 3932 --- [      runner-17] o.s.boot.SpringApplication               : Running with Spring Boot v1.2.0.BUILD-SNAPSHOT, Spring v4.1.1.RELEASE
2019-08-28 00:00:09.698 DEBUG 3932 --- [      runner-17] o.s.boot.SpringApplication               : Loading source class org.test.Sample,class org.test.Sample$MyClient,class org.test.Sample$MyService
2019-08-28 00:00:09.734 DEBUG 3932 --- [      runner-17] o.s.b.c.c.ConfigFileApplicationListener  : Activated profiles integration
2019-08-28 00:00:09.734 DEBUG 3932 --- [      runner-17] o.s.b.c.c.ConfigFileApplicationListener  : Skipped config file 'file:./config/application.xml' resource not found
2019-08-28 00:00:09.734 DEBUG 3932 --- [      runner-17] o.s.b.c.c.ConfigFileApplicationListener  : Skipped config file 'file:./config/application.yml' resource not found
2019-08-28 00:00:09.734 DEBUG 3932 --- [      runner-17] o.s.b.c.c.ConfigFileApplicationListener  : Skipped config file 'file:./config/application.properties' resource not found
2019-08-28 00:00:09.735 DEBUG 3932 --- [      runner-17] o.s.b.c.c.ConfigFileApplicationListener  : Skipped config file 'file:./config/application.yaml' resource not found
2019-08-28 00:00:09.735 DEBUG 3932 --- [      runner-17] o.s.b.c.c.ConfigFileApplicationListener  : Skipped config file 'file:./application.xml' resource not found
2019-08-28 00:00:09.735 DEBUG 3932 --- [      runner-17] o.s.b.c.c.ConfigFileApplicationListener  : Skipped config file 'file:./application.yml' resource not found
2019-08-28 00:00:09.735 DEBUG 3932 --- [      runner-17] o.s.b.c.c.ConfigFileApplicationListener  : Skipped config file 'file:./application.properties' resource not found
2019-08-28 00:00:09.735 DEBUG 3932 --- [      runner-17] o.s.b.c.c.ConfigFileApplicationListener  : Skipped config file 'file:./application.yaml' resource not found
2019-08-28 00:00:09.735 DEBUG 3932 --- [      runner-17] o.s.b.c.c.ConfigFileApplicationListener  : Skipped config file 'classpath:/config/application.xml' resource not found
2019-08-28 00:00:09.735 DEBUG 3932 --- [      runner-17] o.s.b.c.c.ConfigFileApplicationListener  : Skipped config file 'classpath:/config/application.yml' resource not found
2019-08-28 00:00:09.736 DEBUG 3932 --- [      runner-17] o.s.b.c.c.ConfigFileApplicationListener  : Skipped config file 'classpath:/config/application.properties' resource not found
2019-08-28 00:00:09.736 DEBUG 3932 --- [      runner-17] o.s.b.c.c.ConfigFileApplicationListener  : Skipped config file 'classpath:/config/application.yaml' resource not found
2019-08-28 00:00:09.736 DEBUG 3932 --- [      runner-17] o.s.b.c.c.ConfigFileApplicationListener  : Skipped config file 'classpath:/application.xml' resource not found
2019-08-28 00:00:09.736 DEBUG 3932 --- [      runner-17] o.s.b.c.c.ConfigFileApplicationListener  : Skipped config file 'classpath:/application.yml' resource not found
2019-08-28 00:00:09.736 DEBUG 3932 --- [      runner-17] o.s.b.c.c.ConfigFileApplicationListener  : Skipped config file 'classpath:/application.properties' resource not found
2019-08-28 00:00:09.738 DEBUG 3932 --- [      runner-17] o.s.b.c.c.ConfigFileApplicationListener  : Skipped config file 'classpath:/application.yaml' resource not found
2019-08-28 00:00:09.738 DEBUG 3932 --- [      runner-17] o.s.b.c.c.ConfigFileApplicationListener  : Skipped config file 'file:./config/application-integration.xml' resource not found
2019-08-28 00:00:09.738 DEBUG 3932 --- [      runner-17] o.s.b.c.c.ConfigFileApplicationListener  : Skipped config file 'file:./config/application-integration.xml' for profile integrationresource not found
2019-08-28 00:00:09.739 DEBUG 3932 --- [      runner-17] o.s.b.c.c.ConfigFileApplicationListener  : Skipped config file 'file:./config/application.xml' for profile integrationresource not found
2019-08-28 00:00:09.739 DEBUG 3932 --- [      runner-17] o.s.b.c.c.ConfigFileApplicationListener  : Skipped config file 'file:./config/application-integration.yml' resource not found
2019-08-28 00:00:09.740 DEBUG 3932 --- [      runner-17] o.s.b.c.c.ConfigFileApplicationListener  : Skipped config file 'file:./config/application-integration.yml' for profile integrationresource not found
2019-08-28 00:00:09.740 DEBUG 3932 --- [      runner-17] o.s.b.c.c.ConfigFileApplicationListener  : Skipped config file 'file:./config/application.yml' for profile integrationresource not found
2019-08-28 00:00:09.740 DEBUG 3932 --- [      runner-17] o.s.b.c.c.ConfigFileApplicationListener  : Skipped config file 'file:./config/application-integration.properties' resource not found
2019-08-28 00:00:09.740 DEBUG 3932 --- [      runner-17] o.s.b.c.c.ConfigFileApplicationListener  : Skipped config file 'file:./config/application-integration.properties' for profile integrationresource not found
2019-08-28 00:00:09.740 DEBUG 3932 --- [      runner-17] o.s.b.c.c.ConfigFileApplicationListener  : Skipped config file 'file:./config/application.properties' for profile integrationresource not found
2019-08-28 00:00:09.740 DEBUG 3932 --- [      runner-17] o.s.b.c.c.ConfigFileApplicationListener  : Skipped config file 'file:./config/application-integration.yaml' resource not found
2019-08-28 00:00:09.740 DEBUG 3932 --- [      runner-17] o.s.b.c.c.ConfigFileApplicationListener  : Skipped config file 'file:./config/application-integration.yaml' for profile integrationresource not found
2019-08-28 00:00:09.740 DEBUG 3932 --- [      runner-17] o.s.b.c.c.ConfigFileApplicationListener  : Skipped config file 'file:./config/application.yaml' for profile integrationresource not found
2019-08-28 00:00:09.741 DEBUG 3932 --- [      runner-17] o.s.b.c.c.ConfigFileApplicationListener  : Skipped config file 'file:./application-integration.xml' resource not found
2019-08-28 00:00:09.741 DEBUG 3932 --- [      runner-17] o.s.b.c.c.ConfigFileApplicationListener  : Skipped config file 'file:./application-integration.xml' for profile integrationresource not found
2019-08-28 00:00:09.741 DEBUG 3932 --- [      runner-17] o.s.b.c.c.ConfigFileApplicationListener  : Skipped config file 'file:./application.xml' for profile integrationresource not found
2019-08-28 00:00:09.741 DEBUG 3932 --- [      runner-17] o.s.b.c.c.ConfigFileApplicationListener  : Skipped config file 'file:./application-integration.yml' resource not found
2019-08-28 00:00:09.742 DEBUG 3932 --- [      runner-17] o.s.b.c.c.ConfigFileApplicationListener  : Skipped config file 'file:./application-integration.yml' for profile integrationresource not found
2019-08-28 00:00:09.744 DEBUG 3932 --- [      runner-17] o.s.b.c.c.ConfigFileApplicationListener  : Skipped config file 'file:./application.yml' for profile integrationresource not found
2019-08-28 00:00:09.745 DEBUG 3932 --- [      runner-17] o.s.b.c.c.ConfigFileApplicationListener  : Skipped config file 'file:./application-integration.properties' resource not found
2019-08-28 00:00:09.745 DEBUG 3932 --- [      runner-17] o.s.b.c.c.ConfigFileApplicationListener  : Skipped config file 'file:./application-integration.properties' for profile integrationresource not found
2019-08-28 00:00:09.745 DEBUG 3932 --- [      runner-17] o.s.b.c.c.ConfigFileApplicationListener  : Skipped config file 'file:./application.properties' for profile integrationresource not found
2019-08-28 00:00:09.745 DEBUG 3932 --- [      runner-17] o.s.b.c.c.ConfigFileApplicationListener  : Skipped config file 'file:./application-integration.yaml' resource not found
2019-08-28 00:00:09.745 DEBUG 3932 --- [      runner-17] o.s.b.c.c.ConfigFileApplicationListener  : Skipped config file 'file:./application-integration.yaml' for profile integrationresource not found
2019-08-28 00:00:09.745 DEBUG 3932 --- [      runner-17] o.s.b.c.c.ConfigFileApplicationListener  : Skipped config file 'file:./application.yaml' for profile integrationresource not found
2019-08-28 00:00:09.746 DEBUG 3932 --- [      runner-17] o.s.b.c.c.ConfigFileApplicationListener  : Skipped config file 'classpath:/config/application-integration.xml' resource not found
2019-08-28 00:00:09.746 DEBUG 3932 --- [      runner-17] o.s.b.c.c.ConfigFileApplicationListener  : Skipped config file 'classpath:/config/application-integration.xml' for profile integrationresource not found
2019-08-28 00:00:09.746 DEBUG 3932 --- [      runner-17] o.s.b.c.c.ConfigFileApplicationListener  : Skipped config file 'classpath:/config/application.xml' for profile integrationresource not found
2019-08-28 00:00:09.746 DEBUG 3932 --- [      runner-17] o.s.b.c.c.ConfigFileApplicationListener  : Skipped config file 'classpath:/config/application-integration.yml' resource not found
2019-08-28 00:00:09.746 DEBUG 3932 --- [      runner-17] o.s.b.c.c.ConfigFileApplicationListener  : Skipped config file 'classpath:/config/application-integration.yml' for profile integrationresource not found
2019-08-28 00:00:09.746 DEBUG 3932 --- [      runner-17] o.s.b.c.c.ConfigFileApplicationListener  : Skipped config file 'classpath:/config/application.yml' for profile integrationresource not found
2019-08-28 00:00:09.746 DEBUG 3932 --- [      runner-17] o.s.b.c.c.ConfigFileApplicationListener  : Skipped config file 'classpath:/config/application-integration.properties' resource not found
2019-08-28 00:00:09.746 DEBUG 3932 --- [      runner-17] o.s.b.c.c.ConfigFileApplicationListener  : Skipped config file 'classpath:/config/application-integration.properties' for profile integrationresource not found
2019-08-28 00:00:09.746 DEBUG 3932 --- [      runner-17] o.s.b.c.c.ConfigFileApplicationListener  : Skipped config file 'classpath:/config/application.properties' for profile integrationresource not found
2019-08-28 00:00:09.747 DEBUG 3932 --- [      runner-17] o.s.b.c.c.ConfigFileApplicationListener  : Skipped config file 'classpath:/config/application-integration.yaml' resource not found
2019-08-28 00:00:09.747 DEBUG 3932 --- [      runner-17] o.s.b.c.c.ConfigFileApplicationListener  : Skipped config file 'classpath:/config/application-integration.yaml' for profile integrationresource not found
2019-08-28 00:00:09.749 DEBUG 3932 --- [      runner-17] o.s.b.c.c.ConfigFileApplicationListener  : Skipped config file 'classpath:/config/application.yaml' for profile integrationresource not found
2019-08-28 00:00:09.749 DEBUG 3932 --- [      runner-17] o.s.b.c.c.ConfigFileApplicationListener  : Skipped config file 'classpath:/application-integration.xml' resource not found
2019-08-28 00:00:09.749 DEBUG 3932 --- [      runner-17] o.s.b.c.c.ConfigFileApplicationListener  : Skipped config file 'classpath:/application-integration.xml' for profile integrationresource not found
2019-08-28 00:00:09.749 DEBUG 3932 --- [      runner-17] o.s.b.c.c.ConfigFileApplicationListener  : Skipped config file 'classpath:/application.xml' for profile integrationresource not found
2019-08-28 00:00:09.749 DEBUG 3932 --- [      runner-17] o.s.b.c.c.ConfigFileApplicationListener  : Skipped config file 'classpath:/application-integration.yml' resource not found
2019-08-28 00:00:09.750 DEBUG 3932 --- [      runner-17] o.s.b.c.c.ConfigFileApplicationListener  : Skipped config file 'classpath:/application-integration.yml' for profile integrationresource not found
2019-08-28 00:00:09.750 DEBUG 3932 --- [      runner-17] o.s.b.c.c.ConfigFileApplicationListener  : Skipped config file 'classpath:/application.yml' for profile integrationresource not found
2019-08-28 00:00:09.750 DEBUG 3932 --- [      runner-17] o.s.b.c.c.ConfigFileApplicationListener  : Skipped config file 'classpath:/application-integration.properties' resource not found
2019-08-28 00:00:09.750 DEBUG 3932 --- [      runner-17] o.s.b.c.c.ConfigFileApplicationListener  : Skipped config file 'classpath:/application-integration.properties' for profile integrationresource not found
2019-08-28 00:00:09.750 DEBUG 3932 --- [      runner-17] o.s.b.c.c.ConfigFileApplicationListener  : Skipped config file 'classpath:/application.properties' for profile integrationresource not found
2019-08-28 00:00:09.750 DEBUG 3932 --- [      runner-17] o.s.b.c.c.ConfigFileApplicationListener  : Skipped config file 'classpath:/application-integration.yaml' resource not found
2019-08-28 00:00:09.750 DEBUG 3932 --- [      runner-17] o.s.b.c.c.ConfigFileApplicationListener  : Skipped config file 'classpath:/application-integration.yaml' for profile integrationresource not found
2019-08-28 00:00:09.750 DEBUG 3932 --- [      runner-17] o.s.b.c.c.ConfigFileApplicationListener  : Skipped config file 'classpath:/application.yaml' for profile integrationresource not found
2019-08-28 00:00:09.751  INFO 3932 --- [      runner-17] s.c.a.AnnotationConfigApplicationContext : Refreshing org.springframework.context.annotation.AnnotationConfigApplicationContext@7738d235: startup date [Wed Aug 28 00:00:09 UTC 2019]; root of context hierarchy
2019-08-28 00:00:09.832  WARN 3932 --- [      runner-17] s.c.a.AnnotationConfigApplicationContext : Exception encountered during context initialization - cancelling refresh attempt

org.springframework.beans.factory.BeanDefinitionStoreException: Failed to process import candidates for configuration class [org.test.Sample]; nested exception is java.lang.IllegalStateException: java.io.FileNotFoundException: class path resource [org/springframework/boot/autoconfigure/aop/AopAutoConfiguration.class] cannot be opened because it does not exist
 at org.springframework.context.annotation.ConfigurationClassParser.processDeferredImportSelectors(ConfigurationClassParser.java:433)
 at org.springframework.context.annotation.ConfigurationClassParser.parse(ConfigurationClassParser.java:175)
 at org.springframework.context.annotation.ConfigurationClassPostProcessor.processConfigBeanDefinitions(ConfigurationClassPostProcessor.java:306)
 at org.springframework.context.annotation.ConfigurationClassPostProcessor.postProcessBeanDefinitionRegistry(ConfigurationClassPostProcessor.java:239)
 at org.springframework.context.support.PostProcessorRegistrationDelegate.invokeBeanDefinitionRegistryPostProcessors(PostProcessorRegistrationDelegate.java:254)
 at org.springframework.context.support.PostProcessorRegistrationDelegate.invokeBeanFactoryPostProcessors(PostProcessorRegistrationDelegate.java:94)
 at org.springframework.context.support.AbstractApplicationContext.invokeBeanFactoryPostProcessors(AbstractApplicationContext.java:606)
 at org.springframework.context.support.AbstractApplicationContext.refresh(AbstractApplicationContext.java:462)
 at org.springframework.boot.SpringApplication.refresh(SpringApplication.java:691)
 at org.springframework.boot.SpringApplication.run(SpringApplication.java:321)
 at org.springframework.boot.SpringApplication.run(SpringApplication.java:961)
 at sun.reflect.NativeMethodAccessorImpl.invoke0(Native Method)
 at sun.reflect.NativeMethodAccessorImpl.invoke(NativeMethodAccessorImpl.java:62)
 at sun.reflect.DelegatingMethodAccessorImpl.invoke(DelegatingMethodAccessorImpl.java:43)
 at java.lang.reflect.Method.invoke(Method.java:498)
 at org.springframework.boot.cli.command.run.SpringApplicationRunner$RunThread.run(SpringApplicationRunner.java:152)
Caused by: java.lang.IllegalStateException: java.io.FileNotFoundException: class path resource [org/springframework/boot/autoconfigure/aop/AopAutoConfiguration.class] cannot be opened because it does not exist
 at org.springframework.boot.autoconfigure.EnableAutoConfigurationImportSelector.selectImports(EnableAutoConfigurationImportSelector.java:78)
 at org.springframework.context.annotation.ConfigurationClassParser.processDeferredImportSelectors(ConfigurationClassParser.java:425)
 ... 15 common frames omitted
Caused by: java.io.FileNotFoundException: class path resource [org/springframework/boot/autoconfigure/aop/AopAutoConfiguration.class] cannot be opened because it does not exist
 at org.springframework.core.io.ClassPathResource.getInputStream(ClassPathResource.java:172)
 at org.springframework.core.type.classreading.SimpleMetadataReader.<init>(SimpleMetadataReader.java:50)
 at org.springframework.core.type.classreading.SimpleMetadataReaderFactory.getMetadataReader(SimpleMetadataReaderFactory.java:82)
 at org.springframework.core.type.classreading.CachingMetadataReaderFactory.getMetadataReader(CachingMetadataReaderFactory.java:102)
 at org.springframework.core.type.classreading.SimpleMetadataReaderFactory.getMetadataReader(SimpleMetadataReaderFactory.java:77)
 at org.springframework.boot.autoconfigure.AutoConfigurationSorter$AutoConfigurationClasses.<init>(AutoConfigurationSorter.java:121)
 at org.springframework.boot.autoconfigure.AutoConfigurationSorter.getInPriorityOrder(AutoConfigurationSorter.java:60)
 at org.springframework.boot.autoconfigure.EnableAutoConfigurationImportSelector.selectImports(EnableAutoConfigurationImportSelector.java:72)
 ... 16 common frames omitted

2019-08-28 00:00:09.834  INFO 3932 --- [      runner-17] .b.l.ClasspathLoggingApplicationListener : Application failed to start with classpath: []
2019-08-28 00:00:09.835 ERROR 3932 --- [      runner-17] o.s.boot.SpringApplication               : Application startup failed

org.springframework.beans.factory.BeanDefinitionStoreException: Failed to process import candidates for configuration class [org.test.Sample]; nested exception is java.lang.IllegalStateException: java.io.FileNotFoundException: class path resource [org/springframework/boot/autoconfigure/aop/AopAutoConfiguration.class] cannot be opened because it does not exist
 at org.springframework.context.annotation.ConfigurationClassParser.processDeferredImportSelectors(ConfigurationClassParser.java:433)
 at org.springframework.context.annotation.ConfigurationClassParser.parse(ConfigurationClassParser.java:175)
 at org.springframework.context.annotation.ConfigurationClassPostProcessor.processConfigBeanDefinitions(ConfigurationClassPostProcessor.java:306)
 at org.springframework.context.annotation.ConfigurationClassPostProcessor.postProcessBeanDefinitionRegistry(ConfigurationClassPostProcessor.java:239)
 at org.springframework.context.support.PostProcessorRegistrationDelegate.invokeBeanDefinitionRegistryPostProcessors(PostProcessorRegistrationDelegate.java:254)
 at org.springframework.context.support.PostProcessorRegistrationDelegate.invokeBeanFactoryPostProcessors(PostProcessorRegistrationDelegate.java:94)
 at org.springframework.context.support.AbstractApplicationContext.invokeBeanFactoryPostProcessors(AbstractApplicationContext.java:606)
 at org.springframework.context.support.AbstractApplicationContext.refresh(AbstractApplicationContext.java:462)
 at org.springframework.boot.SpringApplication.refresh(SpringApplication.java:691)
 at org.springframework.boot.SpringApplication.run(SpringApplication.java:321)
 at org.springframework.boot.SpringApplication.run(SpringApplication.java:961)
 at sun.reflect.NativeMethodAccessorImpl.invoke0(Native Method)
 at sun.reflect.NativeMethodAccessorImpl.invoke(NativeMethodAccessorImpl.java:62)
 at sun.reflect.DelegatingMethodAccessorImpl.invoke(DelegatingMethodAccessorImpl.java:43)
 at java.lang.reflect.Method.invoke(Method.java:498)
 at org.springframework.boot.cli.command.run.SpringApplicationRunner$RunThread.run(SpringApplicationRunner.java:152)
Caused by: java.lang.IllegalStateException: java.io.FileNotFoundException: class path resource [org/springframework/boot/autoconfigure/aop/AopAutoConfiguration.class] cannot be opened because it does not exist
 at org.springframework.boot.autoconfigure.EnableAutoConfigurationImportSelector.selectImports(EnableAutoConfigurationImportSelector.java:78)
 at org.springframework.context.annotation.ConfigurationClassParser.processDeferredImportSelectors(ConfigurationClassParser.java:425)
 ... 15 common frames omitted
Caused by: java.io.FileNotFoundException: class path resource [org/springframework/boot/autoconfigure/aop/AopAutoConfiguration.class] cannot be opened because it does not exist
 at org.springframework.core.io.ClassPathResource.getInputStream(ClassPathResource.java:172)
 at org.springframework.core.type.classreading.SimpleMetadataReader.<init>(SimpleMetadataReader.java:50)
 at org.springframework.core.type.classreading.SimpleMetadataReaderFactory.getMetadataReader(SimpleMetadataReaderFactory.java:82)
 at org.springframework.core.type.classreading.CachingMetadataReaderFactory.getMetadataReader(CachingMetadataReaderFactory.java:102)
 at org.springframework.core.type.classreading.SimpleMetadataReaderFactory.getMetadataReader(SimpleMetadataReaderFactory.java:77)
 at org.springframework.boot.autoconfigure.AutoConfigurationSorter$AutoConfigurationClasses.<init>(AutoConfigurationSorter.java:121)
 at org.springframework.boot.autoconfigure.AutoConfigurationSorter.getInPriorityOrder(AutoConfigurationSorter.java:60)
 at org.springframework.boot.autoconfigure.EnableAutoConfigurationImportSelector.selectImports(EnableAutoConfigurationImportSelector.java:72)
 ... 16 common frames omitted

java.lang.reflect.InvocationTargetException
 at sun.reflect.NativeMethodAccessorImpl.invoke0(Native Method)
 at sun.reflect.NativeMethodAccessorImpl.invoke(NativeMethodAccessorImpl.java:62)
 at sun.reflect.DelegatingMethodAccessorImpl.invoke(DelegatingMethodAccessorImpl.java:43)
 at java.lang.reflect.Method.invoke(Method.java:498)
 at org.springframework.boot.cli.command.run.SpringApplicationRunner$RunThread.run(SpringApplicationRunner.java:152)
Caused by: org.springframework.beans.factory.BeanDefinitionStoreException: Failed to process import candidates for configuration class [org.test.Sample]; nested exception is java.lang.IllegalStateException: java.io.FileNotFoundException: class path resource [org/springframework/boot/autoconfigure/aop/AopAutoConfiguration.class] cannot be opened because it does not exist
 at org.springframework.context.annotation.ConfigurationClassParser.processDeferredImportSelectors(ConfigurationClassParser.java:433)
 at org.springframework.context.annotation.ConfigurationClassParser.parse(ConfigurationClassParser.java:175)
 at org.springframework.context.annotation.ConfigurationClassPostProcessor.processConfigBeanDefinitions(ConfigurationClassPostProcessor.java:306)
 at org.springframework.context.annotation.ConfigurationClassPostProcessor.postProcessBeanDefinitionRegistry(ConfigurationClassPostProcessor.java:239)
 at org.springframework.context.support.PostProcessorRegistrationDelegate.invokeBeanDefinitionRegistryPostProcessors(PostProcessorRegistrationDelegate.java:254)
 at org.springframework.context.support.PostProcessorRegistrationDelegate.invokeBeanFactoryPostProcessors(PostProcessorRegistrationDelegate.java:94)
 at org.springframework.context.support.AbstractApplicationContext.invokeBeanFactoryPostProcessors(AbstractApplicationContext.java:606)
 at org.springframework.context.support.AbstractApplicationContext.refresh(AbstractApplicationContext.java:462)
 at org.springframework.boot.SpringApplication.refresh(SpringApplication.java:691)
 at org.springframework.boot.SpringApplication.run(SpringApplication.java:321)
 at org.springframework.boot.SpringApplication.run(SpringApplication.java:961)
 ... 5 more
Caused by: java.lang.IllegalStateException: java.io.FileNotFoundException: class path resource [org/springframework/boot/autoconfigure/aop/AopAutoConfiguration.class] cannot be opened because it does not exist
 at org.springframework.boot.autoconfigure.EnableAutoConfigurationImportSelector.selectImports(EnableAutoConfigurationImportSelector.java:78)
 at org.springframework.context.annotation.ConfigurationClassParser.processDeferredImportSelectors(ConfigurationClassParser.java:425)
 ... 15 more
Caused by: java.io.FileNotFoundException: class path resource [org/springframework/boot/autoconfigure/aop/AopAutoConfiguration.class] cannot be opened because it does not exist
 at org.springframework.core.io.ClassPathResource.getInputStream(ClassPathResource.java:172)
 at org.springframework.core.type.classreading.SimpleMetadataReader.<init>(SimpleMetadataReader.java:50)
 at org.springframework.core.type.classreading.SimpleMetadataReaderFactory.getMetadataReader(SimpleMetadataReaderFactory.java:82)
 at org.springframework.core.type.classreading.CachingMetadataReaderFactory.getMetadataReader(CachingMetadataReaderFactory.java:102)
 at org.springframework.core.type.classreading.SimpleMetadataReaderFactory.getMetadataReader(SimpleMetadataReaderFactory.java:77)
 at org.springframework.boot.autoconfigure.AutoConfigurationSorter$AutoConfigurationClasses.<init>(AutoConfigurationSorter.java:121)
 at org.springframework.boot.autoconfigure.AutoConfigurationSorter.getInPriorityOrder(AutoConfigurationSorter.java:60)
 at org.springframework.boot.autoconfigure.EnableAutoConfigurationImportSelector.selectImports(EnableAutoConfigurationImportSelector.java:72)
 ... 16 more
"""
spring-projects-spring-boot,org.springframework.boot.cli.SampleIntegrationTests#httpSample,matched (5522 report(s) available),java.lang.IllegalStateException,Async Wait,guess: found async-related keyword 'executor' in exception/message/test name,"java.util.concurrent.ExecutionException: org.codehaus.groovy.control.MultipleCompilationErrorsException: startup failed:
General error during conversion: org.eclipse.aether.resolution.DependencyResolutionException: Failed to collect dependencies at org.codehaus.groovy.modules.http-builder:http-builder:jar:0.5.2

org.springframework.boot.cli.compiler.grape.DependencyResolutionFailedException: org.eclipse.aether.resolution.DependencyResolutionException: Failed to collect dependencies at org.codehaus.groovy.modules.http-builder:http-builder:jar:0.5.2
 at org.springframework.boot.cli.compiler.grape.AetherGrapeEngine.resolve(AetherGrapeEngine.java:223)
 at org.springframework.boot.cli.compiler.grape.AetherGrapeEngine.grab(AetherGrapeEngine.java:113)
 at groovy.grape.Grape.grab(Grape.java:163)
 at groovy.grape.GrabAnnotationTransformation.visit(GrabAnnotationTransformation.java:360)
 at org.codehaus.groovy.transform.ASTTransformationVisitor$3.call(ASTTransformationVisitor.java:319)
 at org.codehaus.groovy.control.CompilationUnit.applyToSourceUnits(CompilationUnit.java:923)
 at org.codehaus.groovy.control.CompilationUnit.doPhaseOperation(CompilationUnit.java:585)
 at org.codehaus.groovy.control.CompilationUnit.processPhaseOperations(CompilationUnit.java:561)
 at org.codehaus.groovy.control.CompilationUnit.compile(CompilationUnit.java:538)
 at org.springframework.boot.cli.compiler.GroovyCompiler.compile(GroovyCompiler.java:197)
 at org.springframework.boot.cli.command.run.SpringApplicationRunner.compileAndRun(SpringApplicationRunner.java:95)
 at org.springframework.boot.cli.command.run.RunCommand$RunOptionHandler.run(RunCommand.java:108)
 at org.springframework.boot.cli.command.options.OptionHandler.run(OptionHandler.java:92)
 at org.springframework.boot.cli.command.OptionParsingCommand.run(OptionParsingCommand.java:53)
 at org.springframework.boot.cli.CliTester$1.call(CliTester.java:104)
 at org.springframework.boot.cli.CliTester$1.call(CliTester.java:98)
 at java.util.concurrent.FutureTask.run(FutureTask.java:266)
 at java.util.concurrent.ThreadPoolExecutor.runWorker(ThreadPoolExecutor.java:1149)
 at java.util.concurrent.ThreadPoolExecutor$Worker.run(ThreadPoolExecutor.java:624)
 at java.lang.Thread.run(Thread.java:748)
Caused by: org.eclipse.aether.resolution.DependencyResolutionException: Failed to collect dependencies at org.codehaus.groovy.modules.http-builder:http-builder:jar:0.5.2
 at org.eclipse.aether.internal.impl.DefaultRepositorySystem.resolveDependencies(DefaultRepositorySystem.java:401)
 at org.springframework.boot.cli.compiler.grape.AetherGrapeEngine.resolve(AetherGrapeEngine.java:215)
 ... 19 more
Caused by: org.eclipse.aether.collection.DependencyCollectionException: Failed to collect dependencies at org.codehaus.groovy.modules.http-builder:http-builder:jar:0.5.2
 at org.eclipse.aether.internal.impl.DefaultDependencyCollector.collectDependencies(DefaultDependencyCollector.java:303)
 at org.eclipse.aether.internal.impl.DefaultRepositorySystem.resolveDependencies(DefaultRepositorySystem.java:362)
 ... 20 more
Caused by: org.eclipse.aether.resolution.ArtifactDescriptorException: Failed to read artifact descriptor for org.codehaus.groovy.modules.http-builder:http-builder:jar:0.5.2
 at org.apache.maven.repository.internal.DefaultArtifactDescriptorReader.loadPom(DefaultArtifactDescriptorReader.java:335)
 at org.apache.maven.repository.internal.DefaultArtifactDescriptorReader.readArtifactDescriptor(DefaultArtifactDescriptorReader.java:217)
 at org.eclipse.aether.internal.impl.DefaultDependencyCollector.resolveCachedArtifactDescriptor(DefaultDependencyCollector.java:537)
 at org.eclipse.aether.internal.impl.DefaultDependencyCollector.getArtifactDescriptorResult(DefaultDependencyCollector.java:521)
 at org.eclipse.aether.internal.impl.DefaultDependencyCollector.processDependency(DefaultDependencyCollector.java:421)
 at org.eclipse.aether.internal.impl.DefaultDependencyCollector.processDependency(DefaultDependencyCollector.java:375)
 at org.eclipse.aether.internal.impl.DefaultDependencyCollector.process(DefaultDependencyCollector.java:363)
 at org.eclipse.aether.internal.impl.DefaultDependencyCollector.collectDependencies(DefaultDependencyCollector.java:266)
 ... 21 more
Caused by: org.eclipse.aether.resolution.ArtifactResolutionException: Could not transfer artifact org.codehaus.groovy.modules.http-builder:http-builder:pom:0.5.2 from/to central (http://repo1.maven.org/maven2/): HTTPS Required (501)
 at org.eclipse.aether.internal.impl.DefaultArtifactResolver.resolve(DefaultArtifactResolver.java:462)
 at org.eclipse.aether.internal.impl.DefaultArtifactResolver.resolveArtifacts(DefaultArtifactResolver.java:264)
 at org.eclipse.aether.internal.impl.DefaultArtifactResolver.resolveArtifact(DefaultArtifactResolver.java:241)
 at org.apache.maven.repository.internal.DefaultArtifactDescriptorReader.loadPom(DefaultArtifactDescriptorReader.java:320)
 ... 28 more
Caused by: org.eclipse.aether.transfer.ArtifactTransferException: Could not transfer artifact org.codehaus.groovy.modules.http-builder:http-builder:pom:0.5.2 from/to central (http://repo1.maven.org/maven2/): HTTPS Required (501)
 at org.eclipse.aether.connector.basic.ArtifactTransportListener.transferFailed(ArtifactTransportListener.java:43)
 at org.eclipse.aether.connector.basic.BasicRepositoryConnector$TaskRunner.run(BasicRepositoryConnector.java:355)
 at org.eclipse.aether.util.concurrency.RunnableErrorForwarder$1.run(RunnableErrorForwarder.java:67)
 at org.eclipse.aether.connector.basic.BasicRepositoryConnector$DirectExecutor.execute(BasicRepositoryConnector.java:581)
 at org.eclipse.aether.connector.basic.BasicRepositoryConnector.get(BasicRepositoryConnector.java:249)
 at org.eclipse.aether.internal.impl.DefaultArtifactResolver.performDownloads(DefaultArtifactResolver.java:538)
 at org.eclipse.aether.internal.impl.DefaultArtifactResolver.resolve(DefaultArtifactResolver.java:439)
 ... 31 more
Caused by: org.apache.http.client.HttpResponseException: HTTPS Required (501)
 at org.eclipse.aether.transport.http.HttpTransporter.handleStatus(HttpTransporter.java:458)
 at org.eclipse.aether.transport.http.HttpTransporter.execute(HttpTransporter.java:283)
 at org.eclipse.aether.transport.http.HttpTransporter.implGet(HttpTransporter.java:235)
 at org.eclipse.aether.spi.connector.transport.AbstractTransporter.get(AbstractTransporter.java:59)
 at org.eclipse.aether.connector.basic.BasicRepositoryConnector$GetTaskRunner.runTask(BasicRepositoryConnector.java:447)
 at org.eclipse.aether.connector.basic.BasicRepositoryConnector$TaskRunner.run(BasicRepositoryConnector.java:350)
 ... 36 more

1 error
"
spring-projects-spring-boot,org.springframework.boot.cli.SampleIntegrationTests#jobSample,matched (10 report(s) available),java.lang.AssertionError,Order Dependent,"low-confidence guess: found phrase 'illegalstateexception' which can indicate leftover state from another test, but this cannot be confirmed without cross-test execution context","Wrong output: 
  .   ____          _            __ _ _
 /\\ / ___'_ __ _ _(_)_ __  __ _ \ \ \ \
( ( )\___ | '_ | '_| | '_ \/ _` | \ \ \ \
 \\/  ___)| |_)| | | | | || (_| |  ) ) ) )
  '  |____| .__|_| |_|_| |_\__, | / / / /
 =========|_|==============|___/=/_/_/_/
 :: Spring Boot ::  (v1.2.0.BUILD-SNAPSHOT)

2019-08-28 00:00:12.665  INFO 3932 --- [      runner-19] o.s.boot.SpringApplication               : Starting application on ip-172-31-62-70 with PID 3932 (/root/.m2/repository/org/springframework/boot/spring-boot/1.2.0.BUILD-SNAPSHOT/spring-boot-1.2.0.BUILD-SNAPSHOT.jar started by root in /working/proj/spring-projects-spring-boot-616/spring-projects-spring-boot/spring-boot-cli)
2019-08-28 00:00:12.668 DEBUG 3932 --- [      runner-19] o.s.boot.SpringApplication               : Running with Spring Boot v1.2.0.BUILD-SNAPSHOT, Spring v4.1.1.RELEASE
2019-08-28 00:00:12.668 DEBUG 3932 --- [      runner-19] o.s.boot.SpringApplication               : Loading source class org.test.JobConfig,class org.test.JobConfig$1
2019-08-28 00:00:12.703 DEBUG 3932 --- [      runner-19] o.s.b.c.c.ConfigFileApplicationListener  : Activated profiles integration
2019-08-28 00:00:12.704 DEBUG 3932 --- [      runner-19] o.s.b.c.c.ConfigFileApplicationListener  : Skipped config file 'file:./config/application.xml' resource not found
2019-08-28 00:00:12.704 DEBUG 3932 --- [      runner-19] o.s.b.c.c.ConfigFileApplicationListener  : Skipped config file 'file:./config/application.yml' resource not found
2019-08-28 00:00:12.704 DEBUG 3932 --- [      runner-19] o.s.b.c.c.ConfigFileApplicationListener  : Skipped config file 'file:./config/application.properties' resource not found
2019-08-28 00:00:12.704 DEBUG 3932 --- [      runner-19] o.s.b.c.c.ConfigFileApplicationListener  : Skipped config file 'file:./config/application.yaml' resource not found
2019-08-28 00:00:12.704 DEBUG 3932 --- [      runner-19] o.s.b.c.c.ConfigFileApplicationListener  : Skipped config file 'file:./application.xml' resource not found
2019-08-28 00:00:12.705 DEBUG 3932 --- [      runner-19] o.s.b.c.c.ConfigFileApplicationListener  : Skipped config file 'file:./application.yml' resource not found
2019-08-28 00:00:12.705 DEBUG 3932 --- [      runner-19] o.s.b.c.c.ConfigFileApplicationListener  : Skipped config file 'file:./application.properties' resource not found
2019-08-28 00:00:12.705 DEBUG 3932 --- [      runner-19] o.s.b.c.c.ConfigFileApplicationListener  : Skipped config file 'file:./application.yaml' resource not found
2019-08-28 00:00:12.705 DEBUG 3932 --- [      runner-19] o.s.b.c.c.ConfigFileApplicationListener  : Skipped config file 'classpath:/config/application.xml' resource not found
2019-08-28 00:00:12.705 DEBUG 3932 --- [      runner-19] o.s.b.c.c.ConfigFileApplicationListener  : Skipped config file 'classpath:/config/application.yml' resource not found
2019-08-28 00:00:12.705 DEBUG 3932 --- [      runner-19] o.s.b.c.c.ConfigFileApplicationListener  : Skipped config file 'classpath:/config/application.properties' resource not found
2019-08-28 00:00:12.705 DEBUG 3932 --- [      runner-19] o.s.b.c.c.ConfigFileApplicationListener  : Skipped config file 'classpath:/config/application.yaml' resource not found
2019-08-28 00:00:12.706 DEBUG 3932 --- [      runner-19] o.s.b.c.c.ConfigFileApplicationListener  : Skipped config file 'classpath:/application.xml' resource not found
2019-08-28 00:00:12.706 DEBUG 3932 --- [      runner-19] o.s.b.c.c.ConfigFileApplicationListener  : Skipped config file 'classpath:/application.yml' resource not found
2019-08-28 00:00:12.706 DEBUG 3932 --- [      runner-19] o.s.b.c.c.ConfigFileApplicationListener  : Skipped config file 'classpath:/application.properties' resource not found
2019-08-28 00:00:12.708 DEBUG 3932 --- [      runner-19] o.s.b.c.c.ConfigFileApplicationListener  : Skipped config file 'classpath:/application.yaml' resource not found
2019-08-28 00:00:12.709 DEBUG 3932 --- [      runner-19] o.s.b.c.c.ConfigFileApplicationListener  : Skipped config file 'file:./config/application-integration.xml' resource not found
2019-08-28 00:00:12.709 DEBUG 3932 --- [      runner-19] o.s.b.c.c.ConfigFileApplicationListener  : Skipped config file 'file:./config/application-integration.xml' for profile integrationresource not found
2019-08-28 00:00:12.709 DEBUG 3932 --- [      runner-19] o.s.b.c.c.ConfigFileApplicationListener  : Skipped config file 'file:./config/application.xml' for profile integrationresource not found
2019-08-28 00:00:12.710 DEBUG 3932 --- [      runner-19] o.s.b.c.c.ConfigFileApplicationListener  : Skipped config file 'file:./config/application-integration.yml' resource not found
2019-08-28 00:00:12.710 DEBUG 3932 --- [      runner-19] o.s.b.c.c.ConfigFileApplicationListener  : Skipped config file 'file:./config/application-integration.yml' for profile integrationresource not found
2019-08-28 00:00:12.710 DEBUG 3932 --- [      runner-19] o.s.b.c.c.ConfigFileApplicationListener  : Skipped config file 'file:./config/application.yml' for profile integrationresource not found
2019-08-28 00:00:12.710 DEBUG 3932 --- [      runner-19] o.s.b.c.c.ConfigFileApplicationListener  : Skipped config file 'file:./config/application-integration.properties' resource not found
2019-08-28 00:00:12.710 DEBUG 3932 --- [      runner-19] o.s.b.c.c.ConfigFileApplicationListener  : Skipped config file 'file:./config/application-integration.properties' for profile integrationresource not found
2019-08-28 00:00:12.710 DEBUG 3932 --- [      runner-19] o.s.b.c.c.ConfigFileApplicationListener  : Skipped config file 'file:./config/application.properties' for profile integrationresource not found
2019-08-28 00:00:12.711 DEBUG 3932 --- [      runner-19] o.s.b.c.c.ConfigFileApplicationListener  : Skipped config file 'file:./config/application-integration.yaml' resource not found
2019-08-28 00:00:12.711 DEBUG 3932 --- [      runner-19] o.s.b.c.c.ConfigFileApplicationListener  : Skipped config file 'file:./config/application-integration.yaml' for profile integrationresource not found
2019-08-28 00:00:12.711 DEBUG 3932 --- [      runner-19] o.s.b.c.c.ConfigFileApplicationListener  : Skipped config file 'file:./config/application.yaml' for profile integrationresource not found
2019-08-28 00:00:12.711 DEBUG 3932 --- [      runner-19] o.s.b.c.c.ConfigFileApplicationListener  : Skipped config file 'file:./application-integration.xml' resource not found
2019-08-28 00:00:12.711 DEBUG 3932 --- [      runner-19] o.s.b.c.c.ConfigFileApplicationListener  : Skipped config file 'file:./application-integration.xml' for profile integrationresource not found
2019-08-28 00:00:12.711 DEBUG 3932 --- [      runner-19] o.s.b.c.c.ConfigFileApplicationListener  : Skipped config file 'file:./application.xml' for profile integrationresource not found
2019-08-28 00:00:12.712 DEBUG 3932 --- [      runner-19] o.s.b.c.c.ConfigFileApplicationListener  : Skipped config file 'file:./application-integration.yml' resource not found
2019-08-28 00:00:12.712 DEBUG 3932 --- [      runner-19] o.s.b.c.c.ConfigFileApplicationListener  : Skipped config file 'file:./application-integration.yml' for profile integrationresource not found
2019-08-28 00:00:12.716 DEBUG 3932 --- [      runner-19] o.s.b.c.c.ConfigFileApplicationListener  : Skipped config file 'file:./application.yml' for profile integrationresource not found
2019-08-28 00:00:12.716 DEBUG 3932 --- [      runner-19] o.s.b.c.c.ConfigFileApplicationListener  : Skipped config file 'file:./application-integration.properties' resource not found
2019-08-28 00:00:12.716 DEBUG 3932 --- [      runner-19] o.s.b.c.c.ConfigFileApplicationListener  : Skipped config file 'file:./application-integration.properties' for profile integrationresource not found
2019-08-28 00:00:12.716 DEBUG 3932 --- [      runner-19] o.s.b.c.c.ConfigFileApplicationListener  : Skipped config file 'file:./application.properties' for profile integrationresource not found
2019-08-28 00:00:12.716 DEBUG 3932 --- [      runner-19] o.s.b.c.c.ConfigFileApplicationListener  : Skipped config file 'file:./application-integration.yaml' resource not found
2019-08-28 00:00:12.717 DEBUG 3932 --- [      runner-19] o.s.b.c.c.ConfigFileApplicationListener  : Skipped config file 'file:./application-integration.yaml' for profile integrationresource not found
2019-08-28 00:00:12.717 DEBUG 3932 --- [      runner-19] o.s.b.c.c.ConfigFileApplicationListener  : Skipped config file 'file:./application.yaml' for profile integrationresource not found
2019-08-28 00:00:12.717 DEBUG 3932 --- [      runner-19] o.s.b.c.c.ConfigFileApplicationListener  : Skipped config file 'classpath:/config/application-integration.xml' resource not found
2019-08-28 00:00:12.717 DEBUG 3932 --- [      runner-19] o.s.b.c.c.ConfigFileApplicationListener  : Skipped config file 'classpath:/config/application-integration.xml' for profile integrationresource not found
2019-08-28 00:00:12.717 DEBUG 3932 --- [      runner-19] o.s.b.c.c.ConfigFileApplicationListener  : Skipped config file 'classpath:/config/application.xml' for profile integrationresource not found
2019-08-28 00:00:12.717 DEBUG 3932 --- [      runner-19] o.s.b.c.c.ConfigFileApplicationListener  : Skipped config file 'classpath:/config/application-integration.yml' resource not found
2019-08-28 00:00:12.717 DEBUG 3932 --- [      runner-19] o.s.b.c.c.ConfigFileApplicationListener  : Skipped config file 'classpath:/config/application-integration.yml' for profile integrationresource not found
2019-08-28 00:00:12.717 DEBUG 3932 --- [      runner-19] o.s.b.c.c.ConfigFileApplicationListener  : Skipped config file 'classpath:/config/application.yml' for profile integrationresource not found
2019-08-28 00:00:12.718 DEBUG 3932 --- [      runner-19] o.s.b.c.c.ConfigFileApplicationListener  : Skipped config file 'classpath:/config/application-integration.properties' resource not found
2019-08-28 00:00:12.718 DEBUG 3932 --- [      runner-19] o.s.b.c.c.ConfigFileApplicationListener  : Skipped config file 'classpath:/config/application-integration.properties' for profile integrationresource not found
2019-08-28 00:00:12.718 DEBUG 3932 --- [      runner-19] o.s.b.c.c.ConfigFileApplicationListener  : Skipped config file 'classpath:/config/application.properties' for profile integrationresource not found
2019-08-28 00:00:12.718 DEBUG 3932 --- [      runner-19] o.s.b.c.c.ConfigFileApplicationListener  : Skipped config file 'classpath:/config/application-integration.yaml' resource not found
2019-08-28 00:00:12.718 DEBUG 3932 --- [      runner-19] o.s.b.c.c.ConfigFileApplicationListener  : Skipped config file 'classpath:/config/application-integration.yaml' for profile integrationresource not found
2019-08-28 00:00:12.721 DEBUG 3932 --- [      runner-19] o.s.b.c.c.ConfigFileApplicationListener  : Skipped config file 'classpath:/config/application.yaml' for profile integrationresource not found
2019-08-28 00:00:12.721 DEBUG 3932 --- [      runner-19] o.s.b.c.c.ConfigFileApplicationListener  : Skipped config file 'classpath:/application-integration.xml' resource not found
2019-08-28 00:00:12.721 DEBUG 3932 --- [      runner-19] o.s.b.c.c.ConfigFileApplicationListener  : Skipped config file 'classpath:/application-integration.xml' for profile integrationresource not found
2019-08-28 00:00:12.721 DEBUG 3932 --- [      runner-19] o.s.b.c.c.ConfigFileApplicationListener  : Skipped config file 'classpath:/application.xml' for profile integrationresource not found
2019-08-28 00:00:12.721 DEBUG 3932 --- [      runner-19] o.s.b.c.c.ConfigFileApplicationListener  : Skipped config file 'classpath:/application-integration.yml' resource not found
2019-08-28 00:00:12.721 DEBUG 3932 --- [      runner-19] o.s.b.c.c.ConfigFileApplicationListener  : Skipped config file 'classpath:/application-integration.yml' for profile integrationresource not found
2019-08-28 00:00:12.721 DEBUG 3932 --- [      runner-19] o.s.b.c.c.ConfigFileApplicationListener  : Skipped config file 'classpath:/application.yml' for profile integrationresource not found
2019-08-28 00:00:12.722 DEBUG 3932 --- [      runner-19] o.s.b.c.c.ConfigFileApplicationListener  : Skipped config file 'classpath:/application-integration.properties' resource not found
2019-08-28 00:00:12.722 DEBUG 3932 --- [      runner-19] o.s.b.c.c.ConfigFileApplicationListener  : Skipped config file 'classpath:/application-integration.properties' for profile integrationresource not found
2019-08-28 00:00:12.722 DEBUG 3932 --- [      runner-19] o.s.b.c.c.ConfigFileApplicationListener  : Skipped config file 'classpath:/application.properties' for profile integrationresource not found
2019-08-28 00:00:12.722 DEBUG 3932 --- [      runner-19] o.s.b.c.c.ConfigFileApplicationListener  : Skipped config file 'classpath:/application-integration.yaml' resource not found
2019-08-28 00:00:12.722 DEBUG 3932 --- [      runner-19] o.s.b.c.c.ConfigFileApplicationListener  : Skipped config file 'classpath:/application-integration.yaml' for profile integrationresource not found
2019-08-28 00:00:12.722 DEBUG 3932 --- [      runner-19] o.s.b.c.c.ConfigFileApplicationListener  : Skipped config file 'classpath:/application.yaml' for profile integrationresource not found
2019-08-28 00:00:12.723  INFO 3932 --- [      runner-19] s.c.a.AnnotationConfigApplicationContext : Refreshing org.springframework.context.annotation.AnnotationConfigApplicationContext@7f653ead: startup date [Wed Aug 28 00:00:12 UTC 2019]; root of context hierarchy
2019-08-28 00:00:12.809  WARN 3932 --- [      runner-19] s.c.a.AnnotationConfigApplicationContext : Exception encountered during context initialization - cancelling refresh attempt

org.springframework.beans.factory.BeanDefinitionStoreException: Failed to process import candidates for configuration class [org.test.JobConfig]; nested exception is java.lang.IllegalStateException: java.io.FileNotFoundException: class path resource [org/springframework/boot/autoconfigure/aop/AopAutoConfiguration.class] cannot be opened because it does not exist
 at org.springframework.context.annotation.ConfigurationClassParser.processDeferredImportSelectors(ConfigurationClassParser.java:433)
 at org.springframework.context.annotation.ConfigurationClassParser.parse(ConfigurationClassParser.java:175)
 at org.springframework.context.annotation.ConfigurationClassPostProcessor.processConfigBeanDefinitions(ConfigurationClassPostProcessor.java:306)
 at org.springframework.context.annotation.ConfigurationClassPostProcessor.postProcessBeanDefinitionRegistry(ConfigurationClassPostProcessor.java:239)
 at org.springframework.context.support.PostProcessorRegistrationDelegate.invokeBeanDefinitionRegistryPostProcessors(PostProcessorRegistrationDelegate.java:254)
 at org.springframework.context.support.PostProcessorRegistrationDelegate.invokeBeanFactoryPostProcessors(PostProcessorRegistrationDelegate.java:94)
 at org.springframework.context.support.AbstractApplicationContext.invokeBeanFactoryPostProcessors(AbstractApplicationContext.java:606)
 at org.springframework.context.support.AbstractApplicationContext.refresh(AbstractApplicationContext.java:462)
 at org.springframework.boot.SpringApplication.refresh(SpringApplication.java:691)
 at org.springframework.boot.SpringApplication.run(SpringApplication.java:321)
 at org.springframework.boot.SpringApplication.run(SpringApplication.java:961)
 at sun.reflect.NativeMethodAccessorImpl.invoke0(Native Method)
 at sun.reflect.NativeMethodAccessorImpl.invoke(NativeMethodAccessorImpl.java:62)
 at sun.reflect.DelegatingMethodAccessorImpl.invoke(DelegatingMethodAccessorImpl.java:43)
 at java.lang.reflect.Method.invoke(Method.java:498)
 at org.springframework.boot.cli.command.run.SpringApplicationRunner$RunThread.run(SpringApplicationRunner.java:152)
Caused by: java.lang.IllegalStateException: java.io.FileNotFoundException: class path resource [org/springframework/boot/autoconfigure/aop/AopAutoConfiguration.class] cannot be opened because it does not exist
 at org.springframework.boot.autoconfigure.EnableAutoConfigurationImportSelector.selectImports(EnableAutoConfigurationImportSelector.java:78)
 at org.springframework.context.annotation.ConfigurationClassParser.processDeferredImportSelectors(ConfigurationClassParser.java:425)
 ... 15 common frames omitted
Caused by: java.io.FileNotFoundException: class path resource [org/springframework/boot/autoconfigure/aop/AopAutoConfiguration.class] cannot be opened because it does not exist
 at org.springframework.core.io.ClassPathResource.getInputStream(ClassPathResource.java:172)
 at org.springframework.core.type.classreading.SimpleMetadataReader.<init>(SimpleMetadataReader.java:50)
 at org.springframework.core.type.classreading.SimpleMetadataReaderFactory.getMetadataReader(SimpleMetadataReaderFactory.java:82)
 at org.springframework.core.type.classreading.CachingMetadataReaderFactory.getMetadataReader(CachingMetadataReaderFactory.java:102)
 at org.springframework.core.type.classreading.SimpleMetadataReaderFactory.getMetadataReader(SimpleMetadataReaderFactory.java:77)
 at org.springframework.boot.autoconfigure.AutoConfigurationSorter$AutoConfigurationClasses.<init>(AutoConfigurationSorter.java:121)
 at org.springframework.boot.autoconfigure.AutoConfigurationSorter.getInPriorityOrder(AutoConfigurationSorter.java:60)
 at org.springframework.boot.autoconfigure.EnableAutoConfigurationImportSelector.selectImports(EnableAutoConfigurationImportSelector.java:72)
 ... 16 common frames omitted

2019-08-28 00:00:12.811  INFO 3932 --- [      runner-19] .b.l.ClasspathLoggingApplicationListener : Application failed to start with classpath: []
2019-08-28 00:00:12.812 ERROR 3932 --- [      runner-19] o.s.boot.SpringApplication               : Application startup failed

org.springframework.beans.factory.BeanDefinitionStoreException: Failed to process import candidates for configuration class [org.test.JobConfig]; nested exception is java.lang.IllegalStateException: java.io.FileNotFoundException: class path resource [org/springframework/boot/autoconfigure/aop/AopAutoConfiguration.class] cannot be opened because it does not exist
 at org.springframework.context.annotation.ConfigurationClassParser.processDeferredImportSelectors(ConfigurationClassParser.java:433)
 at org.springframework.context.annotation.ConfigurationClassParser.parse(ConfigurationClassParser.java:175)
 at org.springframework.context.annotation.ConfigurationClassPostProcessor.processConfigBeanDefinitions(ConfigurationClassPostProcessor.java:306)
 at org.springframework.context.annotation.ConfigurationClassPostProcessor.postProcessBeanDefinitionRegistry(ConfigurationClassPostProcessor.java:239)
 at org.springframework.context.support.PostProcessorRegistrationDelegate.invokeBeanDefinitionRegistryPostProcessors(PostProcessorRegistrationDelegate.java:254)
 at org.springframework.context.support.PostProcessorRegistrationDelegate.invokeBeanFactoryPostProcessors(PostProcessorRegistrationDelegate.java:94)
 at org.springframework.context.support.AbstractApplicationContext.invokeBeanFactoryPostProcessors(AbstractApplicationContext.java:606)
 at org.springframework.context.support.AbstractApplicationContext.refresh(AbstractApplicationContext.java:462)
 at org.springframework.boot.SpringApplication.refresh(SpringApplication.java:691)
 at org.springframework.boot.SpringApplication.run(SpringApplication.java:321)
 at org.springframework.boot.SpringApplication.run(SpringApplication.java:961)
 at sun.reflect.NativeMethodAccessorImpl.invoke0(Native Method)
 at sun.reflect.NativeMethodAccessorImpl.invoke(NativeMethodAccessorImpl.java:62)
 at sun.reflect.DelegatingMethodAccessorImpl.invoke(DelegatingMethodAccessorImpl.java:43)
 at java.lang.reflect.Method.invoke(Method.java:498)
 at org.springframework.boot.cli.command.run.SpringApplicationRunner$RunThread.run(SpringApplicationRunner.java:152)
Caused by: java.lang.IllegalStateException: java.io.FileNotFoundException: class path resource [org/springframework/boot/autoconfigure/aop/AopAutoConfiguration.class] cannot be opened because it does not exist
 at org.springframework.boot.autoconfigure.EnableAutoConfigurationImportSelector.selectImports(EnableAutoConfigurationImportSelector.java:78)
 at org.springframework.context.annotation.ConfigurationClassParser.processDeferredImportSelectors(ConfigurationClassParser.java:425)
 ... 15 common frames omitted
Caused by: java.io.FileNotFoundException: class path resource [org/springframework/boot/autoconfigure/aop/AopAutoConfiguration.class] cannot be opened because it does not exist
 at org.springframework.core.io.ClassPathResource.getInputStream(ClassPathResource.java:172)
 at org.springframework.core.type.classreading.SimpleMetadataReader.<init>(SimpleMetadataReader.java:50)
 at org.springframework.core.type.classreading.SimpleMetadataReaderFactory.getMetadataReader(SimpleMetadataReaderFactory.java:82)
 at org.springframework.core.type.classreading.CachingMetadataReaderFactory.getMetadataReader(CachingMetadataReaderFactory.java:102)
 at org.springframework.core.type.classreading.SimpleMetadataReaderFactory.getMetadataReader(SimpleMetadataReaderFactory.java:77)
 at org.springframework.boot.autoconfigure.AutoConfigurationSorter$AutoConfigurationClasses.<init>(AutoConfigurationSorter.java:121)
 at org.springframework.boot.autoconfigure.AutoConfigurationSorter.getInPriorityOrder(AutoConfigurationSorter.java:60)
 at org.springframework.boot.autoconfigure.EnableAutoConfigurationImportSelector.selectImports(EnableAutoConfigurationImportSelector.java:72)
 ... 16 common frames omitted

java.lang.reflect.InvocationTargetException
 at sun.reflect.NativeMethodAccessorImpl.invoke0(Native Method)
 at sun.reflect.NativeMethodAccessorImpl.invoke(NativeMethodAccessorImpl.java:62)
 at sun.reflect.DelegatingMethodAccessorImpl.invoke(DelegatingMethodAccessorImpl.java:43)
 at java.lang.reflect.Method.invoke(Method.java:498)
 at org.springframework.boot.cli.command.run.SpringApplicationRunner$RunThread.run(SpringApplicationRunner.java:152)
Caused by: org.springframework.beans.factory.BeanDefinitionStoreException: Failed to process import candidates for configuration class [org.test.JobConfig]; nested exception is java.lang.IllegalStateException: java.io.FileNotFoundException: class path resource [org/springframework/boot/autoconfigure/aop/AopAutoConfiguration.class] cannot be opened because it does not exist
 at org.springframework.context.annotation.ConfigurationClassParser.processDeferredImportSelectors(ConfigurationClassParser.java:433)
 at org.springframework.context.annotation.ConfigurationClassParser.parse(ConfigurationClassParser.java:175)
 at org.springframework.context.annotation.ConfigurationClassPostProcessor.processConfigBeanDefinitions(ConfigurationClassPostProcessor.java:306)
 at org.springframework.context.annotation.ConfigurationClassPostProcessor.postProcessBeanDefinitionRegistry(ConfigurationClassPostProcessor.java:239)
 at org.springframework.context.support.PostProcessorRegistrationDelegate.invokeBeanDefinitionRegistryPostProcessors(PostProcessorRegistrationDelegate.java:254)
 at org.springframework.context.support.PostProcessorRegistrationDelegate.invokeBeanFactoryPostProcessors(PostProcessorRegistrationDelegate.java:94)
 at org.springframework.context.support.AbstractApplicationContext.invokeBeanFactoryPostProcessors(AbstractApplicationContext.java:606)
 at org.springframework.context.support.AbstractApplicationContext.refresh(AbstractApplicationContext.java:462)
 at org.springframework.boot.SpringApplication.refresh(SpringApplication.java:691)
 at org.springframework.boot.SpringApplication.run(SpringApplication.java:321)
 at org.springframework.boot.SpringApplication.run(SpringApplication.java:961)
 ... 5 more
Caused by: java.lang.IllegalStateException: java.io.FileNotFoundException: class path resource [org/springframework/boot/autoconfigure/aop/AopAutoConfiguration.class] cannot be opened because it does not exist
 at org.springframework.boot.autoconfigure.EnableAutoConfigurationImportSelector.selectImports(EnableAutoConfigurationImportSelector.java:78)
 at org.springframework.context.annotation.ConfigurationClassParser.processDeferredImportSelectors(ConfigurationClassParser.java:425)
 ... 15 more
Caused by: java.io.FileNotFoundException: class path resource [org/springframework/boot/autoconfigure/aop/AopAutoConfiguration.class] cannot be opened because it does not exist
 at org.springframework.core.io.ClassPathResource.getInputStream(ClassPathResource.java:172)
 at org.springframework.core.type.classreading.SimpleMetadataReader.<init>(SimpleMetadataReader.java:50)
 at org.springframework.core.type.classreading.SimpleMetadataReaderFactory.getMetadataReader(SimpleMetadataReaderFactory.java:82)
 at org.springframework.core.type.classreading.CachingMetadataReaderFactory.getMetadataReader(CachingMetadataReaderFactory.java:102)
 at org.springframework.core.type.classreading.SimpleMetadataReaderFactory.getMetadataReader(SimpleMetadataReaderFactory.java:77)
 at org.springframework.boot.autoconfigure.AutoConfigurationSorter$AutoConfigurationClasses.<init>(AutoConfigurationSorter.java:121)
 at org.springframework.boot.autoconfigure.AutoConfigurationSorter.getInPriorityOrder(AutoConfigurationSorter.java:60)
 at org.springframework.boot.autoconfigure.EnableAutoConfigurationImportSelector.selectImports(EnableAutoConfigurationImportSelector.java:72)
 ... 16 more
"
spring-projects-spring-boot,org.springframework.boot.cli.SampleIntegrationTests#actuatorSample,matched (10 report(s) available),java.lang.IllegalStateException,Order Dependent,"low-confidence guess: found phrase 'illegalstateexception' which can indicate leftover state from another test, but this cannot be confirmed without cross-test execution context",java.lang.IllegalStateException: java.net.ConnectException: Connection refused (Connection refused)
spring-projects-spring-boot,org.springframework.boot.cli.SampleIntegrationTests#appSample,matched (11 report(s) available),java.lang.AssertionError,Order Dependent,"low-confidence guess: found phrase 'illegalstateexception' which can indicate leftover state from another test, but this cannot be confirmed without cross-test execution context","Wrong output: 
  .   ____          _            __ _ _
 /\\ / ___'_ __ _ _(_)_ __  __ _ \ \ \ \
( ( )\___ | '_ | '_| | '_ \/ _` | \ \ \ \
 \\/  ___)| |_)| | | | | || (_| |  ) ) ) )
  '  |____| .__|_| |_|_| |_\__, | / / / /
 =========|_|==============|___/=/_/_/_/
 :: Spring Boot ::  (v1.2.0.BUILD-SNAPSHOT)

2019-09-06 00:00:07.335  INFO 3859 --- [      runner-21] o.s.boot.SpringApplication               : Starting application on ip-172-31-62-234 with PID 3859 (/root/.m2/repository/org/springframework/boot/spring-boot/1.2.0.BUILD-SNAPSHOT/spring-boot-1.2.0.BUILD-SNAPSHOT.jar started by root in /working/proj/spring-projects-spring-boot-2914/spring-projects-spring-boot/spring-boot-cli)
2019-09-06 00:00:07.337 DEBUG 3859 --- [      runner-21] o.s.boot.SpringApplication               : Running with Spring Boot v1.2.0.BUILD-SNAPSHOT, Spring v4.1.1.RELEASE
2019-09-06 00:00:07.338 DEBUG 3859 --- [      runner-21] o.s.boot.SpringApplication               : Loading source class org.test.MyService,class org.test.Example
2019-09-06 00:00:07.368 DEBUG 3859 --- [      runner-21] o.s.b.c.c.ConfigFileApplicationListener  : Activated profiles integration
2019-09-06 00:00:07.368 DEBUG 3859 --- [      runner-21] o.s.b.c.c.ConfigFileApplicationListener  : Skipped config file 'file:./config/application.xml' resource not found
2019-09-06 00:00:07.369 DEBUG 3859 --- [      runner-21] o.s.b.c.c.ConfigFileApplicationListener  : Skipped config file 'file:./config/application.yml' resource not found
2019-09-06 00:00:07.369 DEBUG 3859 --- [      runner-21] o.s.b.c.c.ConfigFileApplicationListener  : Skipped config file 'file:./config/application.properties' resource not found
2019-09-06 00:00:07.369 DEBUG 3859 --- [      runner-21] o.s.b.c.c.ConfigFileApplicationListener  : Skipped config file 'file:./config/application.yaml' resource not found
2019-09-06 00:00:07.369 DEBUG 3859 --- [      runner-21] o.s.b.c.c.ConfigFileApplicationListener  : Skipped config file 'file:./application.xml' resource not found
2019-09-06 00:00:07.369 DEBUG 3859 --- [      runner-21] o.s.b.c.c.ConfigFileApplicationListener  : Skipped config file 'file:./application.yml' resource not found
2019-09-06 00:00:07.369 DEBUG 3859 --- [      runner-21] o.s.b.c.c.ConfigFileApplicationListener  : Skipped config file 'file:./application.properties' resource not found
2019-09-06 00:00:07.369 DEBUG 3859 --- [      runner-21] o.s.b.c.c.ConfigFileApplicationListener  : Skipped config file 'file:./application.yaml' resource not found
2019-09-06 00:00:07.369 DEBUG 3859 --- [      runner-21] o.s.b.c.c.ConfigFileApplicationListener  : Skipped config file 'classpath:/config/application.xml' resource not found
2019-09-06 00:00:07.370 DEBUG 3859 --- [      runner-21] o.s.b.c.c.ConfigFileApplicationListener  : Skipped config file 'classpath:/config/application.yml' resource not found
2019-09-06 00:00:07.370 DEBUG 3859 --- [      runner-21] o.s.b.c.c.ConfigFileApplicationListener  : Skipped config file 'classpath:/config/application.properties' resource not found
2019-09-06 00:00:07.370 DEBUG 3859 --- [      runner-21] o.s.b.c.c.ConfigFileApplicationListener  : Skipped config file 'classpath:/config/application.yaml' resource not found
2019-09-06 00:00:07.370 DEBUG 3859 --- [      runner-21] o.s.b.c.c.ConfigFileApplicationListener  : Skipped config file 'classpath:/application.xml' resource not found
2019-09-06 00:00:07.370 DEBUG 3859 --- [      runner-21] o.s.b.c.c.ConfigFileApplicationListener  : Skipped config file 'classpath:/application.yml' resource not found
2019-09-06 00:00:07.370 DEBUG 3859 --- [      runner-21] o.s.b.c.c.ConfigFileApplicationListener  : Skipped config file 'classpath:/application.properties' resource not found
2019-09-06 00:00:07.370 DEBUG 3859 --- [      runner-21] o.s.b.c.c.ConfigFileApplicationListener  : Skipped config file 'classpath:/application.yaml' resource not found
2019-09-06 00:00:07.370 DEBUG 3859 --- [      runner-21] o.s.b.c.c.ConfigFileApplicationListener  : Skipped config file 'file:./config/application-integration.xml' resource not found
2019-09-06 00:00:07.370 DEBUG 3859 --- [      runner-21] o.s.b.c.c.ConfigFileApplicationListener  : Skipped config file 'file:./config/application-integration.xml' for profile integrationresource not found
2019-09-06 00:00:07.371 DEBUG 3859 --- [      runner-21] o.s.b.c.c.ConfigFileApplicationListener  : Skipped config file 'file:./config/application.xml' for profile integrationresource not found
2019-09-06 00:00:07.371 DEBUG 3859 --- [      runner-21] o.s.b.c.c.ConfigFileApplicationListener  : Skipped config file 'file:./config/application-integration.yml' resource not found
2019-09-06 00:00:07.371 DEBUG 3859 --- [      runner-21] o.s.b.c.c.ConfigFileApplicationListener  : Skipped config file 'file:./config/application-integration.yml' for profile integrationresource not found
2019-09-06 00:00:07.371 DEBUG 3859 --- [      runner-21] o.s.b.c.c.ConfigFileApplicationListener  : Skipped config file 'file:./config/application.yml' for profile integrationresource not found
2019-09-06 00:00:07.371 DEBUG 3859 --- [      runner-21] o.s.b.c.c.ConfigFileApplicationListener  : Skipped config file 'file:./config/application-integration.properties' resource not found
2019-09-06 00:00:07.371 DEBUG 3859 --- [      runner-21] o.s.b.c.c.ConfigFileApplicationListener  : Skipped config file 'file:./config/application-integration.properties' for profile integrationresource not found
2019-09-06 00:00:07.372 DEBUG 3859 --- [      runner-21] o.s.b.c.c.ConfigFileApplicationListener  : Skipped config file 'file:./config/application.properties' for profile integrationresource not found
2019-09-06 00:00:07.372 DEBUG 3859 --- [      runner-21] o.s.b.c.c.ConfigFileApplicationListener  : Skipped config file 'file:./config/application-integration.yaml' resource not found
2019-09-06 00:00:07.372 DEBUG 3859 --- [      runner-21] o.s.b.c.c.ConfigFileApplicationListener  : Skipped config file 'file:./config/application-integration.yaml' for profile integrationresource not found
2019-09-06 00:00:07.372 DEBUG 3859 --- [      runner-21] o.s.b.c.c.ConfigFileApplicationListener  : Skipped config file 'file:./config/application.yaml' for profile integrationresource not found
2019-09-06 00:00:07.372 DEBUG 3859 --- [      runner-21] o.s.b.c.c.ConfigFileApplicationListener  : Skipped config file 'file:./application-integration.xml' resource not found
2019-09-06 00:00:07.372 DEBUG 3859 --- [      runner-21] o.s.b.c.c.ConfigFileApplicationListener  : Skipped config file 'file:./application-integration.xml' for profile integrationresource not found
2019-09-06 00:00:07.372 DEBUG 3859 --- [      runner-21] o.s.b.c.c.ConfigFileApplicationListener  : Skipped config file 'file:./application.xml' for profile integrationresource not found
2019-09-06 00:00:07.372 DEBUG 3859 --- [      runner-21] o.s.b.c.c.ConfigFileApplicationListener  : Skipped config file 'file:./application-integration.yml' resource not found
2019-09-06 00:00:07.373 DEBUG 3859 --- [      runner-21] o.s.b.c.c.ConfigFileApplicationListener  : Skipped config file 'file:./application-integration.yml' for profile integrationresource not found
2019-09-06 00:00:07.373 DEBUG 3859 --- [      runner-21] o.s.b.c.c.ConfigFileApplicationListener  : Skipped config file 'file:./application.yml' for profile integrationresource not found
2019-09-06 00:00:07.373 DEBUG 3859 --- [      runner-21] o.s.b.c.c.ConfigFileApplicationListener  : Skipped config file 'file:./application-integration.properties' resource not found
2019-09-06 00:00:07.373 DEBUG 3859 --- [      runner-21] o.s.b.c.c.ConfigFileApplicationListener  : Skipped config file 'file:./application-integration.properties' for profile integrationresource not found
2019-09-06 00:00:07.373 DEBUG 3859 --- [      runner-21] o.s.b.c.c.ConfigFileApplicationListener  : Skipped config file 'file:./application.properties' for profile integrationresource not found
2019-09-06 00:00:07.373 DEBUG 3859 --- [      runner-21] o.s.b.c.c.ConfigFileApplicationListener  : Skipped config file 'file:./application-integration.yaml' resource not found
2019-09-06 00:00:07.373 DEBUG 3859 --- [      runner-21] o.s.b.c.c.ConfigFileApplicationListener  : Skipped config file 'file:./application-integration.yaml' for profile integrationresource not found
2019-09-06 00:00:07.373 DEBUG 3859 --- [      runner-21] o.s.b.c.c.ConfigFileApplicationListener  : Skipped config file 'file:./application.yaml' for profile integrationresource not found
2019-09-06 00:00:07.373 DEBUG 3859 --- [      runner-21] o.s.b.c.c.ConfigFileApplicationListener  : Skipped config file 'classpath:/config/application-integration.xml' resource not found
2019-09-06 00:00:07.374 DEBUG 3859 --- [      runner-21] o.s.b.c.c.ConfigFileApplicationListener  : Skipped config file 'classpath:/config/application-integration.xml' for profile integrationresource not found
2019-09-06 00:00:07.374 DEBUG 3859 --- [      runner-21] o.s.b.c.c.ConfigFileApplicationListener  : Skipped config file 'classpath:/config/application.xml' for profile integrationresource not found
2019-09-06 00:00:07.374 DEBUG 3859 --- [      runner-21] o.s.b.c.c.ConfigFileApplicationListener  : Skipped config file 'classpath:/config/application-integration.yml' resource not found
2019-09-06 00:00:07.374 DEBUG 3859 --- [      runner-21] o.s.b.c.c.ConfigFileApplicationListener  : Skipped config file 'classpath:/config/application-integration.yml' for profile integrationresource not found
2019-09-06 00:00:07.374 DEBUG 3859 --- [      runner-21] o.s.b.c.c.ConfigFileApplicationListener  : Skipped config file 'classpath:/config/application.yml' for profile integrationresource not found
2019-09-06 00:00:07.374 DEBUG 3859 --- [      runner-21] o.s.b.c.c.ConfigFileApplicationListener  : Skipped config file 'classpath:/config/application-integration.properties' resource not found
2019-09-06 00:00:07.374 DEBUG 3859 --- [      runner-21] o.s.b.c.c.ConfigFileApplicationListener  : Skipped config file 'classpath:/config/application-integration.properties' for profile integrationresource not found
2019-09-06 00:00:07.375 DEBUG 3859 --- [      runner-21] o.s.b.c.c.ConfigFileApplicationListener  : Skipped config file 'classpath:/config/application.properties' for profile integrationresource not found
2019-09-06 00:00:07.375 DEBUG 3859 --- [      runner-21] o.s.b.c.c.ConfigFileApplicationListener  : Skipped config file 'classpath:/config/application-integration.yaml' resource not found
2019-09-06 00:00:07.375 DEBUG 3859 --- [      runner-21] o.s.b.c.c.ConfigFileApplicationListener  : Skipped config file 'classpath:/config/application-integration.yaml' for profile integrationresource not found
2019-09-06 00:00:07.375 DEBUG 3859 --- [      runner-21] o.s.b.c.c.ConfigFileApplicationListener  : Skipped config file 'classpath:/config/application.yaml' for profile integrationresource not found
2019-09-06 00:00:07.375 DEBUG 3859 --- [      runner-21] o.s.b.c.c.ConfigFileApplicationListener  : Skipped config file 'classpath:/application-integration.xml' resource not found
2019-09-06 00:00:07.375 DEBUG 3859 --- [      runner-21] o.s.b.c.c.ConfigFileApplicationListener  : Skipped config file 'classpath:/application-integration.xml' for profile integrationresource not found
2019-09-06 00:00:07.375 DEBUG 3859 --- [      runner-21] o.s.b.c.c.ConfigFileApplicationListener  : Skipped config file 'classpath:/application.xml' for profile integrationresource not found
2019-09-06 00:00:07.375 DEBUG 3859 --- [      runner-21] o.s.b.c.c.ConfigFileApplicationListener  : Skipped config file 'classpath:/application-integration.yml' resource not found
2019-09-06 00:00:07.376 DEBUG 3859 --- [      runner-21] o.s.b.c.c.ConfigFileApplicationListener  : Skipped config file 'classpath:/application-integration.yml' for profile integrationresource not found
2019-09-06 00:00:07.376 DEBUG 3859 --- [      runner-21] o.s.b.c.c.ConfigFileApplicationListener  : Skipped config file 'classpath:/application.yml' for profile integrationresource not found
2019-09-06 00:00:07.376 DEBUG 3859 --- [      runner-21] o.s.b.c.c.ConfigFileApplicationListener  : Skipped config file 'classpath:/application-integration.properties' resource not found
2019-09-06 00:00:07.376 DEBUG 3859 --- [      runner-21] o.s.b.c.c.ConfigFileApplicationListener  : Skipped config file 'classpath:/application-integration.properties' for profile integrationresource not found
2019-09-06 00:00:07.376 DEBUG 3859 --- [      runner-21] o.s.b.c.c.ConfigFileApplicationListener  : Skipped config file 'classpath:/application.properties' for profile integrationresource not found
2019-09-06 00:00:07.377 DEBUG 3859 --- [      runner-21] o.s.b.c.c.ConfigFileApplicationListener  : Skipped config file 'classpath:/application-integration.yaml' resource not found
2019-09-06 00:00:07.377 DEBUG 3859 --- [      runner-21] o.s.b.c.c.ConfigFileApplicationListener  : Skipped config file 'classpath:/application-integration.yaml' for profile integrationresource not found
2019-09-06 00:00:07.377 DEBUG 3859 --- [      runner-21] o.s.b.c.c.ConfigFileApplicationListener  : Skipped config file 'classpath:/application.yaml' for profile integrationresource not found
2019-09-06 00:00:07.378  INFO 3859 --- [      runner-21] s.c.a.AnnotationConfigApplicationContext : Refreshing org.springframework.context.annotation.AnnotationConfigApplicationContext@3a27c049: startup date [Fri Sep 06 00:00:07 UTC 2019]; root of context hierarchy
2019-09-06 00:00:07.421  WARN 3859 --- [      runner-21] s.c.a.AnnotationConfigApplicationContext : Exception encountered during context initialization - cancelling refresh attempt

org.springframework.beans.factory.BeanDefinitionStoreException: Failed to process import candidates for configuration class [org.test.Example]; nested exception is java.lang.IllegalStateException: java.io.FileNotFoundException: class path resource [org/springframework/boot/autoconfigure/aop/AopAutoConfiguration.class] cannot be opened because it does not exist
 at org.springframework.context.annotation.ConfigurationClassParser.processDeferredImportSelectors(ConfigurationClassParser.java:433)
 at org.springframework.context.annotation.ConfigurationClassParser.parse(ConfigurationClassParser.java:175)
 at org.springframework.context.annotation.ConfigurationClassPostProcessor.processConfigBeanDefinitions(ConfigurationClassPostProcessor.java:306)
 at org.springframework.context.annotation.ConfigurationClassPostProcessor.postProcessBeanDefinitionRegistry(ConfigurationClassPostProcessor.java:239)
 at org.springframework.context.support.PostProcessorRegistrationDelegate.invokeBeanDefinitionRegistryPostProcessors(PostProcessorRegistrationDelegate.java:254)
 at org.springframework.context.support.PostProcessorRegistrationDelegate.invokeBeanFactoryPostProcessors(PostProcessorRegistrationDelegate.java:94)
 at org.springframework.context.support.AbstractApplicationContext.invokeBeanFactoryPostProcessors(AbstractApplicationContext.java:606)
 at org.springframework.context.support.AbstractApplicationContext.refresh(AbstractApplicationContext.java:462)
 at org.springframework.boot.SpringApplication.refresh(SpringApplication.java:691)
 at org.springframework.boot.SpringApplication.run(SpringApplication.java:321)
 at org.springframework.boot.SpringApplication.run(SpringApplication.java:961)
 at sun.reflect.NativeMethodAccessorImpl.invoke0(Native Method)
 at sun.reflect.NativeMethodAccessorImpl.invoke(NativeMethodAccessorImpl.java:62)
 at sun.reflect.DelegatingMethodAccessorImpl.invoke(DelegatingMethodAccessorImpl.java:43)
 at java.lang.reflect.Method.invoke(Method.java:498)
 at org.springframework.boot.cli.command.run.SpringApplicationRunner$RunThread.run(SpringApplicationRunner.java:152)
Caused by: java.lang.IllegalStateException: java.io.FileNotFoundException: class path resource [org/springframework/boot/autoconfigure/aop/AopAutoConfiguration.class] cannot be opened because it does not exist
 at org.springframework.boot.autoconfigure.EnableAutoConfigurationImportSelector.selectImports(EnableAutoConfigurationImportSelector.java:78)
 at org.springframework.context.annotation.ConfigurationClassParser.processDeferredImportSelectors(ConfigurationClassParser.java:425)
 ... 15 common frames omitted
Caused by: java.io.FileNotFoundException: class path resource [org/springframework/boot/autoconfigure/aop/AopAutoConfiguration.class] cannot be opened because it does not exist
 at org.springframework.core.io.ClassPathResource.getInputStream(ClassPathResource.java:172)
 at org.springframework.core.type.classreading.SimpleMetadataReader.<init>(SimpleMetadataReader.java:50)
 at org.springframework.core.type.classreading.SimpleMetadataReaderFactory.getMetadataReader(SimpleMetadataReaderFactory.java:82)
 at org.springframework.core.type.classreading.CachingMetadataReaderFactory.getMetadataReader(CachingMetadataReaderFactory.java:102)
 at org.springframework.core.type.classreading.SimpleMetadataReaderFactory.getMetadataReader(SimpleMetadataReaderFactory.java:77)
 at org.springframework.boot.autoconfigure.AutoConfigurationSorter$AutoConfigurationClasses.<init>(AutoConfigurationSorter.java:121)
 at org.springframework.boot.autoconfigure.AutoConfigurationSorter.getInPriorityOrder(AutoConfigurationSorter.java:60)
 at org.springframework.boot.autoconfigure.EnableAutoConfigurationImportSelector.selectImports(EnableAutoConfigurationImportSelector.java:72)
 ... 16 common frames omitted

2019-09-06 00:00:07.422  INFO 3859 --- [      runner-21] .b.l.ClasspathLoggingApplicationListener : Application failed to start with classpath: []
2019-09-06 00:00:07.423 ERROR 3859 --- [      runner-21] o.s.boot.SpringApplication               : Application startup failed

org.springframework.beans.factory.BeanDefinitionStoreException: Failed to process import candidates for configuration class [org.test.Example]; nested exception is java.lang.IllegalStateException: java.io.FileNotFoundException: class path resource [org/springframework/boot/autoconfigure/aop/AopAutoConfiguration.class] cannot be opened because it does not exist
 at org.springframework.context.annotation.ConfigurationClassParser.processDeferredImportSelectors(ConfigurationClassParser.java:433)
 at org.springframework.context.annotation.ConfigurationClassParser.parse(ConfigurationClassParser.java:175)
 at org.springframework.context.annotation.ConfigurationClassPostProcessor.processConfigBeanDefinitions(ConfigurationClassPostProcessor.java:306)
 at org.springframework.context.annotation.ConfigurationClassPostProcessor.postProcessBeanDefinitionRegistry(ConfigurationClassPostProcessor.java:239)
 at org.springframework.context.support.PostProcessorRegistrationDelegate.invokeBeanDefinitionRegistryPostProcessors(PostProcessorRegistrationDelegate.java:254)
 at org.springframework.context.support.PostProcessorRegistrationDelegate.invokeBeanFactoryPostProcessors(PostProcessorRegistrationDelegate.java:94)
 at org.springframework.context.support.AbstractApplicationContext.invokeBeanFactoryPostProcessors(AbstractApplicationContext.java:606)
 at org.springframework.context.support.AbstractApplicationContext.refresh(AbstractApplicationContext.java:462)
 at org.springframework.boot.SpringApplication.refresh(SpringApplication.java:691)
 at org.springframework.boot.SpringApplication.run(SpringApplication.java:321)
 at org.springframework.boot.SpringApplication.run(SpringApplication.java:961)
 at sun.reflect.NativeMethodAccessorImpl.invoke0(Native Method)
 at sun.reflect.NativeMethodAccessorImpl.invoke(NativeMethodAccessorImpl.java:62)
 at sun.reflect.DelegatingMethodAccessorImpl.invoke(DelegatingMethodAccessorImpl.java:43)
 at java.lang.reflect.Method.invoke(Method.java:498)
 at org.springframework.boot.cli.command.run.SpringApplicationRunner$RunThread.run(SpringApplicationRunner.java:152)
Caused by: java.lang.IllegalStateException: java.io.FileNotFoundException: class path resource [org/springframework/boot/autoconfigure/aop/AopAutoConfiguration.class] cannot be opened because it does not exist
 at org.springframework.boot.autoconfigure.EnableAutoConfigurationImportSelector.selectImports(EnableAutoConfigurationImportSelector.java:78)
 at org.springframework.context.annotation.ConfigurationClassParser.processDeferredImportSelectors(ConfigurationClassParser.java:425)
 ... 15 common frames omitted
Caused by: java.io.FileNotFoundException: class path resource [org/springframework/boot/autoconfigure/aop/AopAutoConfiguration.class] cannot be opened because it does not exist
 at org.springframework.core.io.ClassPathResource.getInputStream(ClassPathResource.java:172)
 at org.springframework.core.type.classreading.SimpleMetadataReader.<init>(SimpleMetadataReader.java:50)
 at org.springframework.core.type.classreading.SimpleMetadataReaderFactory.getMetadataReader(SimpleMetadataReaderFactory.java:82)
 at org.springframework.core.type.classreading.CachingMetadataReaderFactory.getMetadataReader(CachingMetadataReaderFactory.java:102)
 at org.springframework.core.type.classreading.SimpleMetadataReaderFactory.getMetadataReader(SimpleMetadataReaderFactory.java:77)
 at org.springframework.boot.autoconfigure.AutoConfigurationSorter$AutoConfigurationClasses.<init>(AutoConfigurationSorter.java:121)
 at org.springframework.boot.autoconfigure.AutoConfigurationSorter.getInPriorityOrder(AutoConfigurationSorter.java:60)
 at org.springframework.boot.autoconfigure.EnableAutoConfigurationImportSelector.selectImports(EnableAutoConfigurationImportSelector.java:72)
 ... 16 common frames omitted

java.lang.reflect.InvocationTargetException
 at sun.reflect.NativeMethodAccessorImpl.invoke0(Native Method)
 at sun.reflect.NativeMethodAccessorImpl.invoke(NativeMethodAccessorImpl.java:62)
 at sun.reflect.DelegatingMethodAccessorImpl.invoke(DelegatingMethodAccessorImpl.java:43)
 at java.lang.reflect.Method.invoke(Method.java:498)
 at org.springframework.boot.cli.command.run.SpringApplicationRunner$RunThread.run(SpringApplicationRunner.java:152)
Caused by: org.springframework.beans.factory.BeanDefinitionStoreException: Failed to process import candidates for configuration class [org.test.Example]; nested exception is java.lang.IllegalStateException: java.io.FileNotFoundException: class path resource [org/springframework/boot/autoconfigure/aop/AopAutoConfiguration.class] cannot be opened because it does not exist
 at org.springframework.context.annotation.ConfigurationClassParser.processDeferredImportSelectors(ConfigurationClassParser.java:433)
 at org.springframework.context.annotation.ConfigurationClassParser.parse(ConfigurationClassParser.java:175)
 at org.springframework.context.annotation.ConfigurationClassPostProcessor.processConfigBeanDefinitions(ConfigurationClassPostProcessor.java:306)
 at org.springframework.context.annotation.ConfigurationClassPostProcessor.postProcessBeanDefinitionRegistry(ConfigurationClassPostProcessor.java:239)
 at org.springframework.context.support.PostProcessorRegistrationDelegate.invokeBeanDefinitionRegistryPostProcessors(PostProcessorRegistrationDelegate.java:254)
 at org.springframework.context.support.PostProcessorRegistrationDelegate.invokeBeanFactoryPostProcessors(PostProcessorRegistrationDelegate.java:94)
 at org.springframework.context.support.AbstractApplicationContext.invokeBeanFactoryPostProcessors(AbstractApplicationContext.java:606)
 at org.springframework.context.support.AbstractApplicationContext.refresh(AbstractApplicationContext.java:462)
 at org.springframework.boot.SpringApplication.refresh(SpringApplication.java:691)
 at org.springframework.boot.SpringApplication.run(SpringApplication.java:321)
 at org.springframework.boot.SpringApplication.run(SpringApplication.java:961)
 ... 5 more
Caused by: java.lang.IllegalStateException: java.io.FileNotFoundException: class path resource [org/springframework/boot/autoconfigure/aop/AopAutoConfiguration.class] cannot be opened because it does not exist
 at org.springframework.boot.autoconfigure.EnableAutoConfigurationImportSelector.selectImports(EnableAutoConfigurationImportSelector.java:78)
 at org.springframework.context.annotation.ConfigurationClassParser.processDeferredImportSelectors(ConfigurationClassParser.java:425)
 ... 15 more
Caused by: java.io.FileNotFoundException: class path resource [org/springframework/boot/autoconfigure/aop/AopAutoConfiguration.class] cannot be opened because it does not exist
 at org.springframework.core.io.ClassPathResource.getInputStream(ClassPathResource.java:172)
 at org.springframework.core.type.classreading.SimpleMetadataReader.<init>(SimpleMetadataReader.java:50)
 at org.springframework.core.type.classreading.SimpleMetadataReaderFactory.getMetadataReader(SimpleMetadataReaderFactory.java:82)
 at org.springframework.core.type.classreading.CachingMetadataReaderFactory.getMetadataReader(CachingMetadataReaderFactory.java:102)
 at org.springframework.core.type.classreading.SimpleMetadataReaderFactory.getMetadataReader(SimpleMetadataReaderFactory.java:77)
 at org.springframework.boot.autoconfigure.AutoConfigurationSorter$AutoConfigurationClasses.<init>(AutoConfigurationSorter.java:121)
 at org.springframework.boot.autoconfigure.AutoConfigurationSorter.getInPriorityOrder(AutoConfigurationSorter.java:60)
 at org.springframework.boot.autoconfigure.EnableAutoConfigurationImportSelector.selectImports(EnableAutoConfigurationImportSelector.java:72)
 ... 16 more
"
spring-projects-spring-boot,org.springframework.boot.cli.SampleIntegrationTests#txSample,matched (11 report(s) available),java.lang.AssertionError,Order Dependent,"low-confidence guess: found phrase 'illegalstateexception' which can indicate leftover state from another test, but this cannot be confirmed without cross-test execution context","Wrong output: 
  .   ____          _            __ _ _
 /\\ / ___'_ __ _ _(_)_ __  __ _ \ \ \ \
( ( )\___ | '_ | '_| | '_ \/ _` | \ \ \ \
 \\/  ___)| |_)| | | | | || (_| |  ) ) ) )
  '  |____| .__|_| |_|_| |_\__, | / / / /
 =========|_|==============|___/=/_/_/_/
 :: Spring Boot ::  (v1.2.0.BUILD-SNAPSHOT)

2019-09-06 00:00:08.697  INFO 3859 --- [      runner-22] o.s.boot.SpringApplication               : Starting application on ip-172-31-62-234 with PID 3859 (/root/.m2/repository/org/springframework/boot/spring-boot/1.2.0.BUILD-SNAPSHOT/spring-boot-1.2.0.BUILD-SNAPSHOT.jar started by root in /working/proj/spring-projects-spring-boot-2914/spring-projects-spring-boot/spring-boot-cli)
2019-09-06 00:00:08.700 DEBUG 3859 --- [      runner-22] o.s.boot.SpringApplication               : Running with Spring Boot v1.2.0.BUILD-SNAPSHOT, Spring v4.1.1.RELEASE
2019-09-06 00:00:08.700 DEBUG 3859 --- [      runner-22] o.s.boot.SpringApplication               : Loading source class org.test.Example
2019-09-06 00:00:08.728 DEBUG 3859 --- [      runner-22] o.s.b.c.c.ConfigFileApplicationListener  : Activated profiles integration
2019-09-06 00:00:08.728 DEBUG 3859 --- [      runner-22] o.s.b.c.c.ConfigFileApplicationListener  : Skipped config file 'file:./config/application.xml' resource not found
2019-09-06 00:00:08.728 DEBUG 3859 --- [      runner-22] o.s.b.c.c.ConfigFileApplicationListener  : Skipped config file 'file:./config/application.yml' resource not found
2019-09-06 00:00:08.728 DEBUG 3859 --- [      runner-22] o.s.b.c.c.ConfigFileApplicationListener  : Skipped config file 'file:./config/application.properties' resource not found
2019-09-06 00:00:08.729 DEBUG 3859 --- [      runner-22] o.s.b.c.c.ConfigFileApplicationListener  : Skipped config file 'file:./config/application.yaml' resource not found
2019-09-06 00:00:08.729 DEBUG 3859 --- [      runner-22] o.s.b.c.c.ConfigFileApplicationListener  : Skipped config file 'file:./application.xml' resource not found
2019-09-06 00:00:08.729 DEBUG 3859 --- [      runner-22] o.s.b.c.c.ConfigFileApplicationListener  : Skipped config file 'file:./application.yml' resource not found
2019-09-06 00:00:08.729 DEBUG 3859 --- [      runner-22] o.s.b.c.c.ConfigFileApplicationListener  : Skipped config file 'file:./application.properties' resource not found
2019-09-06 00:00:08.729 DEBUG 3859 --- [      runner-22] o.s.b.c.c.ConfigFileApplicationListener  : Skipped config file 'file:./application.yaml' resource not found
2019-09-06 00:00:08.729 DEBUG 3859 --- [      runner-22] o.s.b.c.c.ConfigFileApplicationListener  : Skipped config file 'classpath:/config/application.xml' resource not found
2019-09-06 00:00:08.729 DEBUG 3859 --- [      runner-22] o.s.b.c.c.ConfigFileApplicationListener  : Skipped config file 'classpath:/config/application.yml' resource not found
2019-09-06 00:00:08.729 DEBUG 3859 --- [      runner-22] o.s.b.c.c.ConfigFileApplicationListener  : Skipped config file 'classpath:/config/application.properties' resource not found
2019-09-06 00:00:08.730 DEBUG 3859 --- [      runner-22] o.s.b.c.c.ConfigFileApplicationListener  : Skipped config file 'classpath:/config/application.yaml' resource not found
2019-09-06 00:00:08.730 DEBUG 3859 --- [      runner-22] o.s.b.c.c.ConfigFileApplicationListener  : Skipped config file 'classpath:/application.xml' resource not found
2019-09-06 00:00:08.730 DEBUG 3859 --- [      runner-22] o.s.b.c.c.ConfigFileApplicationListener  : Skipped config file 'classpath:/application.yml' resource not found
2019-09-06 00:00:08.730 DEBUG 3859 --- [      runner-22] o.s.b.c.c.ConfigFileApplicationListener  : Skipped config file 'classpath:/application.properties' resource not found
2019-09-06 00:00:08.730 DEBUG 3859 --- [      runner-22] o.s.b.c.c.ConfigFileApplicationListener  : Skipped config file 'classpath:/application.yaml' resource not found
2019-09-06 00:00:08.730 DEBUG 3859 --- [      runner-22] o.s.b.c.c.ConfigFileApplicationListener  : Skipped config file 'file:./config/application-integration.xml' resource not found
2019-09-06 00:00:08.730 DEBUG 3859 --- [      runner-22] o.s.b.c.c.ConfigFileApplicationListener  : Skipped config file 'file:./config/application-integration.xml' for profile integrationresource not found
2019-09-06 00:00:08.730 DEBUG 3859 --- [      runner-22] o.s.b.c.c.ConfigFileApplicationListener  : Skipped config file 'file:./config/application.xml' for profile integrationresource not found
2019-09-06 00:00:08.731 DEBUG 3859 --- [      runner-22] o.s.b.c.c.ConfigFileApplicationListener  : Skipped config file 'file:./config/application-integration.yml' resource not found
2019-09-06 00:00:08.731 DEBUG 3859 --- [      runner-22] o.s.b.c.c.ConfigFileApplicationListener  : Skipped config file 'file:./config/application-integration.yml' for profile integrationresource not found
2019-09-06 00:00:08.731 DEBUG 3859 --- [      runner-22] o.s.b.c.c.ConfigFileApplicationListener  : Skipped config file 'file:./config/application.yml' for profile integrationresource not found
2019-09-06 00:00:08.731 DEBUG 3859 --- [      runner-22] o.s.b.c.c.ConfigFileApplicationListener  : Skipped config file 'file:./config/application-integration.properties' resource not found
2019-09-06 00:00:08.731 DEBUG 3859 --- [      runner-22] o.s.b.c.c.ConfigFileApplicationListener  : Skipped config file 'file:./config/application-integration.properties' for profile integrationresource not found
2019-09-06 00:00:08.731 DEBUG 3859 --- [      runner-22] o.s.b.c.c.ConfigFileApplicationListener  : Skipped config file 'file:./config/application.properties' for profile integrationresource not found
2019-09-06 00:00:08.731 DEBUG 3859 --- [      runner-22] o.s.b.c.c.ConfigFileApplicationListener  : Skipped config file 'file:./config/application-integration.yaml' resource not found
2019-09-06 00:00:08.732 DEBUG 3859 --- [      runner-22] o.s.b.c.c.ConfigFileApplicationListener  : Skipped config file 'file:./config/application-integration.yaml' for profile integrationresource not found
2019-09-06 00:00:08.732 DEBUG 3859 --- [      runner-22] o.s.b.c.c.ConfigFileApplicationListener  : Skipped config file 'file:./config/application.yaml' for profile integrationresource not found
2019-09-06 00:00:08.732 DEBUG 3859 --- [      runner-22] o.s.b.c.c.ConfigFileApplicationListener  : Skipped config file 'file:./application-integration.xml' resource not found
2019-09-06 00:00:08.732 DEBUG 3859 --- [      runner-22] o.s.b.c.c.ConfigFileApplicationListener  : Skipped config file 'file:./application-integration.xml' for profile integrationresource not found
2019-09-06 00:00:08.732 DEBUG 3859 --- [      runner-22] o.s.b.c.c.ConfigFileApplicationListener  : Skipped config file 'file:./application.xml' for profile integrationresource not found
2019-09-06 00:00:08.732 DEBUG 3859 --- [      runner-22] o.s.b.c.c.ConfigFileApplicationListener  : Skipped config file 'file:./application-integration.yml' resource not found
2019-09-06 00:00:08.733 DEBUG 3859 --- [      runner-22] o.s.b.c.c.ConfigFileApplicationListener  : Skipped config file 'file:./application-integration.yml' for profile integrationresource not found
2019-09-06 00:00:08.733 DEBUG 3859 --- [      runner-22] o.s.b.c.c.ConfigFileApplicationListener  : Skipped config file 'file:./application.yml' for profile integrationresource not found
2019-09-06 00:00:08.733 DEBUG 3859 --- [      runner-22] o.s.b.c.c.ConfigFileApplicationListener  : Skipped config file 'file:./application-integration.properties' resource not found
2019-09-06 00:00:08.733 DEBUG 3859 --- [      runner-22] o.s.b.c.c.ConfigFileApplicationListener  : Skipped config file 'file:./application-integration.properties' for profile integrationresource not found
2019-09-06 00:00:08.733 DEBUG 3859 --- [      runner-22] o.s.b.c.c.ConfigFileApplicationListener  : Skipped config file 'file:./application.properties' for profile integrationresource not found
2019-09-06 00:00:08.733 DEBUG 3859 --- [      runner-22] o.s.b.c.c.ConfigFileApplicationListener  : Skipped config file 'file:./application-integration.yaml' resource not found
2019-09-06 00:00:08.733 DEBUG 3859 --- [      runner-22] o.s.b.c.c.ConfigFileApplicationListener  : Skipped config file 'file:./application-integration.yaml' for profile integrationresource not found
2019-09-06 00:00:08.734 DEBUG 3859 --- [      runner-22] o.s.b.c.c.ConfigFileApplicationListener  : Skipped config file 'file:./application.yaml' for profile integrationresource not found
2019-09-06 00:00:08.734 DEBUG 3859 --- [      runner-22] o.s.b.c.c.ConfigFileApplicationListener  : Skipped config file 'classpath:/config/application-integration.xml' resource not found
2019-09-06 00:00:08.734 DEBUG 3859 --- [      runner-22] o.s.b.c.c.ConfigFileApplicationListener  : Skipped config file 'classpath:/config/application-integration.xml' for profile integrationresource not found
2019-09-06 00:00:08.734 DEBUG 3859 --- [      runner-22] o.s.b.c.c.ConfigFileApplicationListener  : Skipped config file 'classpath:/config/application.xml' for profile integrationresource not found
2019-09-06 00:00:08.734 DEBUG 3859 --- [      runner-22] o.s.b.c.c.ConfigFileApplicationListener  : Skipped config file 'classpath:/config/application-integration.yml' resource not found
2019-09-06 00:00:08.734 DEBUG 3859 --- [      runner-22] o.s.b.c.c.ConfigFileApplicationListener  : Skipped config file 'classpath:/config/application-integration.yml' for profile integrationresource not found
2019-09-06 00:00:08.734 DEBUG 3859 --- [      runner-22] o.s.b.c.c.ConfigFileApplicationListener  : Skipped config file 'classpath:/config/application.yml' for profile integrationresource not found
2019-09-06 00:00:08.735 DEBUG 3859 --- [      runner-22] o.s.b.c.c.ConfigFileApplicationListener  : Skipped config file 'classpath:/config/application-integration.properties' resource not found
2019-09-06 00:00:08.735 DEBUG 3859 --- [      runner-22] o.s.b.c.c.ConfigFileApplicationListener  : Skipped config file 'classpath:/config/application-integration.properties' for profile integrationresource not found
2019-09-06 00:00:08.735 DEBUG 3859 --- [      runner-22] o.s.b.c.c.ConfigFileApplicationListener  : Skipped config file 'classpath:/config/application.properties' for profile integrationresource not found
2019-09-06 00:00:08.735 DEBUG 3859 --- [      runner-22] o.s.b.c.c.ConfigFileApplicationListener  : Skipped config file 'classpath:/config/application-integration.yaml' resource not found
2019-09-06 00:00:08.735 DEBUG 3859 --- [      runner-22] o.s.b.c.c.ConfigFileApplicationListener  : Skipped config file 'classpath:/config/application-integration.yaml' for profile integrationresource not found
2019-09-06 00:00:08.735 DEBUG 3859 --- [      runner-22] o.s.b.c.c.ConfigFileApplicationListener  : Skipped config file 'classpath:/config/application.yaml' for profile integrationresource not found
2019-09-06 00:00:08.735 DEBUG 3859 --- [      runner-22] o.s.b.c.c.ConfigFileApplicationListener  : Skipped config file 'classpath:/application-integration.xml' resource not found
2019-09-06 00:00:08.735 DEBUG 3859 --- [      runner-22] o.s.b.c.c.ConfigFileApplicationListener  : Skipped config file 'classpath:/application-integration.xml' for profile integrationresource not found
2019-09-06 00:00:08.735 DEBUG 3859 --- [      runner-22] o.s.b.c.c.ConfigFileApplicationListener  : Skipped config file 'classpath:/application.xml' for profile integrationresource not found
2019-09-06 00:00:08.736 DEBUG 3859 --- [      runner-22] o.s.b.c.c.ConfigFileApplicationListener  : Skipped config file 'classpath:/application-integration.yml' resource not found
2019-09-06 00:00:08.736 DEBUG 3859 --- [      runner-22] o.s.b.c.c.ConfigFileApplicationListener  : Skipped config file 'classpath:/application-integration.yml' for profile integrationresource not found
2019-09-06 00:00:08.736 DEBUG 3859 --- [      runner-22] o.s.b.c.c.ConfigFileApplicationListener  : Skipped config file 'classpath:/application.yml' for profile integrationresource not found
2019-09-06 00:00:08.736 DEBUG 3859 --- [      runner-22] o.s.b.c.c.ConfigFileApplicationListener  : Skipped config file 'classpath:/application-integration.properties' resource not found
2019-09-06 00:00:08.736 DEBUG 3859 --- [      runner-22] o.s.b.c.c.ConfigFileApplicationListener  : Skipped config file 'classpath:/application-integration.properties' for profile integrationresource not found
2019-09-06 00:00:08.736 DEBUG 3859 --- [      runner-22] o.s.b.c.c.ConfigFileApplicationListener  : Skipped config file 'classpath:/application.properties' for profile integrationresource not found
2019-09-06 00:00:08.737 DEBUG 3859 --- [      runner-22] o.s.b.c.c.ConfigFileApplicationListener  : Skipped config file 'classpath:/application-integration.yaml' resource not found
2019-09-06 00:00:08.737 DEBUG 3859 --- [      runner-22] o.s.b.c.c.ConfigFileApplicationListener  : Skipped config file 'classpath:/application-integration.yaml' for profile integrationresource not found
2019-09-06 00:00:08.737 DEBUG 3859 --- [      runner-22] o.s.b.c.c.ConfigFileApplicationListener  : Skipped config file 'classpath:/application.yaml' for profile integrationresource not found
2019-09-06 00:00:08.738  INFO 3859 --- [      runner-22] s.c.a.AnnotationConfigApplicationContext : Refreshing org.springframework.context.annotation.AnnotationConfigApplicationContext@64e59582: startup date [Fri Sep 06 00:00:08 UTC 2019]; root of context hierarchy
2019-09-06 00:00:08.804  WARN 3859 --- [      runner-22] s.c.a.AnnotationConfigApplicationContext : Exception encountered during context initialization - cancelling refresh attempt

org.springframework.beans.factory.BeanDefinitionStoreException: Failed to process import candidates for configuration class [org.test.Example]; nested exception is java.lang.IllegalStateException: java.io.FileNotFoundException: class path resource [org/springframework/boot/autoconfigure/aop/AopAutoConfiguration.class] cannot be opened because it does not exist
 at org.springframework.context.annotation.ConfigurationClassParser.processDeferredImportSelectors(ConfigurationClassParser.java:433)
 at org.springframework.context.annotation.ConfigurationClassParser.parse(ConfigurationClassParser.java:175)
 at org.springframework.context.annotation.ConfigurationClassPostProcessor.processConfigBeanDefinitions(ConfigurationClassPostProcessor.java:306)
 at org.springframework.context.annotation.ConfigurationClassPostProcessor.postProcessBeanDefinitionRegistry(ConfigurationClassPostProcessor.java:239)
 at org.springframework.context.support.PostProcessorRegistrationDelegate.invokeBeanDefinitionRegistryPostProcessors(PostProcessorRegistrationDelegate.java:254)
 at org.springframework.context.support.PostProcessorRegistrationDelegate.invokeBeanFactoryPostProcessors(PostProcessorRegistrationDelegate.java:94)
 at org.springframework.context.support.AbstractApplicationContext.invokeBeanFactoryPostProcessors(AbstractApplicationContext.java:606)
 at org.springframework.context.support.AbstractApplicationContext.refresh(AbstractApplicationContext.java:462)
 at org.springframework.boot.SpringApplication.refresh(SpringApplication.java:691)
 at org.springframework.boot.SpringApplication.run(SpringApplication.java:321)
 at org.springframework.boot.SpringApplication.run(SpringApplication.java:961)
 at sun.reflect.NativeMethodAccessorImpl.invoke0(Native Method)
 at sun.reflect.NativeMethodAccessorImpl.invoke(NativeMethodAccessorImpl.java:62)
 at sun.reflect.DelegatingMethodAccessorImpl.invoke(DelegatingMethodAccessorImpl.java:43)
 at java.lang.reflect.Method.invoke(Method.java:498)
 at org.springframework.boot.cli.command.run.SpringApplicationRunner$RunThread.run(SpringApplicationRunner.java:152)
Caused by: java.lang.IllegalStateException: java.io.FileNotFoundException: class path resource [org/springframework/boot/autoconfigure/aop/AopAutoConfiguration.class] cannot be opened because it does not exist
 at org.springframework.boot.autoconfigure.EnableAutoConfigurationImportSelector.selectImports(EnableAutoConfigurationImportSelector.java:78)
 at org.springframework.context.annotation.ConfigurationClassParser.processDeferredImportSelectors(ConfigurationClassParser.java:425)
 ... 15 common frames omitted
Caused by: java.io.FileNotFoundException: class path resource [org/springframework/boot/autoconfigure/aop/AopAutoConfiguration.class] cannot be opened because it does not exist
 at org.springframework.core.io.ClassPathResource.getInputStream(ClassPathResource.java:172)
 at org.springframework.core.type.classreading.SimpleMetadataReader.<init>(SimpleMetadataReader.java:50)
 at org.springframework.core.type.classreading.SimpleMetadataReaderFactory.getMetadataReader(SimpleMetadataReaderFactory.java:82)
 at org.springframework.core.type.classreading.CachingMetadataReaderFactory.getMetadataReader(CachingMetadataReaderFactory.java:102)
 at org.springframework.core.type.classreading.SimpleMetadataReaderFactory.getMetadataReader(SimpleMetadataReaderFactory.java:77)
 at org.springframework.boot.autoconfigure.AutoConfigurationSorter$AutoConfigurationClasses.<init>(AutoConfigurationSorter.java:121)
 at org.springframework.boot.autoconfigure.AutoConfigurationSorter.getInPriorityOrder(AutoConfigurationSorter.java:60)
 at org.springframework.boot.autoconfigure.EnableAutoConfigurationImportSelector.selectImports(EnableAutoConfigurationImportSelector.java:72)
 ... 16 common frames omitted

2019-09-06 00:00:08.805  INFO 3859 --- [      runner-22] .b.l.ClasspathLoggingApplicationListener : Application failed to start with classpath: []
2019-09-06 00:00:08.806 ERROR 3859 --- [      runner-22] o.s.boot.SpringApplication               : Application startup failed

org.springframework.beans.factory.BeanDefinitionStoreException: Failed to process import candidates for configuration class [org.test.Example]; nested exception is java.lang.IllegalStateException: java.io.FileNotFoundException: class path resource [org/springframework/boot/autoconfigure/aop/AopAutoConfiguration.class] cannot be opened because it does not exist
 at org.springframework.context.annotation.ConfigurationClassParser.processDeferredImportSelectors(ConfigurationClassParser.java:433)
 at org.springframework.context.annotation.ConfigurationClassParser.parse(ConfigurationClassParser.java:175)
 at org.springframework.context.annotation.ConfigurationClassPostProcessor.processConfigBeanDefinitions(ConfigurationClassPostProcessor.java:306)
 at org.springframework.context.annotation.ConfigurationClassPostProcessor.postProcessBeanDefinitionRegistry(ConfigurationClassPostProcessor.java:239)
 at org.springframework.context.support.PostProcessorRegistrationDelegate.invokeBeanDefinitionRegistryPostProcessors(PostProcessorRegistrationDelegate.java:254)
 at org.springframework.context.support.PostProcessorRegistrationDelegate.invokeBeanFactoryPostProcessors(PostProcessorRegistrationDelegate.java:94)
 at org.springframework.context.support.AbstractApplicationContext.invokeBeanFactoryPostProcessors(AbstractApplicationContext.java:606)
 at org.springframework.context.support.AbstractApplicationContext.refresh(AbstractApplicationContext.java:462)
 at org.springframework.boot.SpringApplication.refresh(SpringApplication.java:691)
 at org.springframework.boot.SpringApplication.run(SpringApplication.java:321)
 at org.springframework.boot.SpringApplication.run(SpringApplication.java:961)
 at sun.reflect.NativeMethodAccessorImpl.invoke0(Native Method)
 at sun.reflect.NativeMethodAccessorImpl.invoke(NativeMethodAccessorImpl.java:62)
 at sun.reflect.DelegatingMethodAccessorImpl.invoke(DelegatingMethodAccessorImpl.java:43)
 at java.lang.reflect.Method.invoke(Method.java:498)
 at org.springframework.boot.cli.command.run.SpringApplicationRunner$RunThread.run(SpringApplicationRunner.java:152)
Caused by: java.lang.IllegalStateException: java.io.FileNotFoundException: class path resource [org/springframework/boot/autoconfigure/aop/AopAutoConfiguration.class] cannot be opened because it does not exist
 at org.springframework.boot.autoconfigure.EnableAutoConfigurationImportSelector.selectImports(EnableAutoConfigurationImportSelector.java:78)
 at org.springframework.context.annotation.ConfigurationClassParser.processDeferredImportSelectors(ConfigurationClassParser.java:425)
 ... 15 common frames omitted
Caused by: java.io.FileNotFoundException: class path resource [org/springframework/boot/autoconfigure/aop/AopAutoConfiguration.class] cannot be opened because it does not exist
 at org.springframework.core.io.ClassPathResource.getInputStream(ClassPathResource.java:172)
 at org.springframework.core.type.classreading.SimpleMetadataReader.<init>(SimpleMetadataReader.java:50)
 at org.springframework.core.type.classreading.SimpleMetadataReaderFactory.getMetadataReader(SimpleMetadataReaderFactory.java:82)
 at org.springframework.core.type.classreading.CachingMetadataReaderFactory.getMetadataReader(CachingMetadataReaderFactory.java:102)
 at org.springframework.core.type.classreading.SimpleMetadataReaderFactory.getMetadataReader(SimpleMetadataReaderFactory.java:77)
 at org.springframework.boot.autoconfigure.AutoConfigurationSorter$AutoConfigurationClasses.<init>(AutoConfigurationSorter.java:121)
 at org.springframework.boot.autoconfigure.AutoConfigurationSorter.getInPriorityOrder(AutoConfigurationSorter.java:60)
 at org.springframework.boot.autoconfigure.EnableAutoConfigurationImportSelector.selectImports(EnableAutoConfigurationImportSelector.java:72)
 ... 16 common frames omitted

java.lang.reflect.InvocationTargetException
 at sun.reflect.NativeMethodAccessorImpl.invoke0(Native Method)
 at sun.reflect.NativeMethodAccessorImpl.invoke(NativeMethodAccessorImpl.java:62)
 at sun.reflect.DelegatingMethodAccessorImpl.invoke(DelegatingMethodAccessorImpl.java:43)
 at java.lang.reflect.Method.invoke(Method.java:498)
 at org.springframework.boot.cli.command.run.SpringApplicationRunner$RunThread.run(SpringApplicationRunner.java:152)
Caused by: org.springframework.beans.factory.BeanDefinitionStoreException: Failed to process import candidates for configuration class [org.test.Example]; nested exception is java.lang.IllegalStateException: java.io.FileNotFoundException: class path resource [org/springframework/boot/autoconfigure/aop/AopAutoConfiguration.class] cannot be opened because it does not exist
 at org.springframework.context.annotation.ConfigurationClassParser.processDeferredImportSelectors(ConfigurationClassParser.java:433)
 at org.springframework.context.annotation.ConfigurationClassParser.parse(ConfigurationClassParser.java:175)
 at org.springframework.context.annotation.ConfigurationClassPostProcessor.processConfigBeanDefinitions(ConfigurationClassPostProcessor.java:306)
 at org.springframework.context.annotation.ConfigurationClassPostProcessor.postProcessBeanDefinitionRegistry(ConfigurationClassPostProcessor.java:239)
 at org.springframework.context.support.PostProcessorRegistrationDelegate.invokeBeanDefinitionRegistryPostProcessors(PostProcessorRegistrationDelegate.java:254)
 at org.springframework.context.support.PostProcessorRegistrationDelegate.invokeBeanFactoryPostProcessors(PostProcessorRegistrationDelegate.java:94)
 at org.springframework.context.support.AbstractApplicationContext.invokeBeanFactoryPostProcessors(AbstractApplicationContext.java:606)
 at org.springframework.context.support.AbstractApplicationContext.refresh(AbstractApplicationContext.java:462)
 at org.springframework.boot.SpringApplication.refresh(SpringApplication.java:691)
 at org.springframework.boot.SpringApplication.run(SpringApplication.java:321)
 at org.springframework.boot.SpringApplication.run(SpringApplication.java:961)
 ... 5 more
Caused by: java.lang.IllegalStateException: java.io.FileNotFoundException: class path resource [org/springframework/boot/autoconfigure/aop/AopAutoConfiguration.class] cannot be opened because it does not exist
 at org.springframework.boot.autoconfigure.EnableAutoConfigurationImportSelector.selectImports(EnableAutoConfigurationImportSelector.java:78)
 at org.springframework.context.annotation.ConfigurationClassParser.processDeferredImportSelectors(ConfigurationClassParser.java:425)
 ... 15 more
Caused by: java.io.FileNotFoundException: class path resource [org/springframework/boot/autoconfigure/aop/AopAutoConfiguration.class] cannot be opened because it does not exist
 at org.springframework.core.io.ClassPathResource.getInputStream(ClassPathResource.java:172)
 at org.springframework.core.type.classreading.SimpleMetadataReader.<init>(SimpleMetadataReader.java:50)
 at org.springframework.core.type.classreading.SimpleMetadataReaderFactory.getMetadataReader(SimpleMetadataReaderFactory.java:82)
 at org.springframework.core.type.classreading.CachingMetadataReaderFactory.getMetadataReader(CachingMetadataReaderFactory.java:102)
 at org.springframework.core.type.classreading.SimpleMetadataReaderFactory.getMetadataReader(SimpleMetadataReaderFactory.java:77)
 at org.springframework.boot.autoconfigure.AutoConfigurationSorter$AutoConfigurationClasses.<init>(AutoConfigurationSorter.java:121)
 at org.springframework.boot.autoconfigure.AutoConfigurationSorter.getInPriorityOrder(AutoConfigurationSorter.java:60)
 at org.springframework.boot.autoconfigure.EnableAutoConfigurationImportSelector.selectImports(EnableAutoConfigurationImportSelector.java:72)
 ... 16 more
"
spring-projects-spring-boot,org.springframework.boot.cli.SampleIntegrationTests#jobWebSample,matched (11 report(s) available),java.lang.AssertionError,Order Dependent,"low-confidence guess: found phrase 'illegalstateexception' which can indicate leftover state from another test, but this cannot be confirmed without cross-test execution context","Wrong output: 
  .   ____          _            __ _ _
 /\\ / ___'_ __ _ _(_)_ __  __ _ \ \ \ \
( ( )\___ | '_ | '_| | '_ \/ _` | \ \ \ \
 \\/  ___)| |_)| | | | | || (_| |  ) ) ) )
  '  |____| .__|_| |_|_| |_\__, | / / / /
 =========|_|==============|___/=/_/_/_/
 :: Spring Boot ::  (v1.2.0.BUILD-SNAPSHOT)

2019-09-06 00:00:10.835  INFO 3859 --- [      runner-23] o.s.boot.SpringApplication               : Starting application on ip-172-31-62-234 with PID 3859 (/root/.m2/repository/org/springframework/boot/spring-boot/1.2.0.BUILD-SNAPSHOT/spring-boot-1.2.0.BUILD-SNAPSHOT.jar started by root in /working/proj/spring-projects-spring-boot-2914/spring-projects-spring-boot/spring-boot-cli)
2019-09-06 00:00:10.838 DEBUG 3859 --- [      runner-23] o.s.boot.SpringApplication               : Running with Spring Boot v1.2.0.BUILD-SNAPSHOT, Spring v4.1.1.RELEASE
2019-09-06 00:00:10.838 DEBUG 3859 --- [      runner-23] o.s.boot.SpringApplication               : Loading source class Example,class org.test.JobConfig,class org.test.JobConfig$1,class MyService
2019-09-06 00:00:10.874 DEBUG 3859 --- [      runner-23] o.s.b.c.c.ConfigFileApplicationListener  : Activated profiles integration
2019-09-06 00:00:10.874 DEBUG 3859 --- [      runner-23] o.s.b.c.c.ConfigFileApplicationListener  : Skipped config file 'file:./config/application.xml' resource not found
2019-09-06 00:00:10.874 DEBUG 3859 --- [      runner-23] o.s.b.c.c.ConfigFileApplicationListener  : Skipped config file 'file:./config/application.yml' resource not found
2019-09-06 00:00:10.874 DEBUG 3859 --- [      runner-23] o.s.b.c.c.ConfigFileApplicationListener  : Skipped config file 'file:./config/application.properties' resource not found
2019-09-06 00:00:10.874 DEBUG 3859 --- [      runner-23] o.s.b.c.c.ConfigFileApplicationListener  : Skipped config file 'file:./config/application.yaml' resource not found
2019-09-06 00:00:10.874 DEBUG 3859 --- [      runner-23] o.s.b.c.c.ConfigFileApplicationListener  : Skipped config file 'file:./application.xml' resource not found
2019-09-06 00:00:10.874 DEBUG 3859 --- [      runner-23] o.s.b.c.c.ConfigFileApplicationListener  : Skipped config file 'file:./application.yml' resource not found
2019-09-06 00:00:10.874 DEBUG 3859 --- [      runner-23] o.s.b.c.c.ConfigFileApplicationListener  : Skipped config file 'file:./application.properties' resource not found
2019-09-06 00:00:10.875 DEBUG 3859 --- [      runner-23] o.s.b.c.c.ConfigFileApplicationListener  : Skipped config file 'file:./application.yaml' resource not found
2019-09-06 00:00:10.875 DEBUG 3859 --- [      runner-23] o.s.b.c.c.ConfigFileApplicationListener  : Skipped config file 'classpath:/config/application.xml' resource not found
2019-09-06 00:00:10.875 DEBUG 3859 --- [      runner-23] o.s.b.c.c.ConfigFileApplicationListener  : Skipped config file 'classpath:/config/application.yml' resource not found
2019-09-06 00:00:10.875 DEBUG 3859 --- [      runner-23] o.s.b.c.c.ConfigFileApplicationListener  : Skipped config file 'classpath:/config/application.properties' resource not found
2019-09-06 00:00:10.875 DEBUG 3859 --- [      runner-23] o.s.b.c.c.ConfigFileApplicationListener  : Skipped config file 'classpath:/config/application.yaml' resource not found
2019-09-06 00:00:10.875 DEBUG 3859 --- [      runner-23] o.s.b.c.c.ConfigFileApplicationListener  : Skipped config file 'classpath:/application.xml' resource not found
2019-09-06 00:00:10.875 DEBUG 3859 --- [      runner-23] o.s.b.c.c.ConfigFileApplicationListener  : Skipped config file 'classpath:/application.yml' resource not found
2019-09-06 00:00:10.876 DEBUG 3859 --- [      runner-23] o.s.b.c.c.ConfigFileApplicationListener  : Skipped config file 'classpath:/application.properties' resource not found
2019-09-06 00:00:10.876 DEBUG 3859 --- [      runner-23] o.s.b.c.c.ConfigFileApplicationListener  : Skipped config file 'classpath:/application.yaml' resource not found
2019-09-06 00:00:10.876 DEBUG 3859 --- [      runner-23] o.s.b.c.c.ConfigFileApplicationListener  : Skipped config file 'file:./config/application-integration.xml' resource not found
2019-09-06 00:00:10.876 DEBUG 3859 --- [      runner-23] o.s.b.c.c.ConfigFileApplicationListener  : Skipped config file 'file:./config/application-integration.xml' for profile integrationresource not found
2019-09-06 00:00:10.876 DEBUG 3859 --- [      runner-23] o.s.b.c.c.ConfigFileApplicationListener  : Skipped config file 'file:./config/application.xml' for profile integrationresource not found
2019-09-06 00:00:10.876 DEBUG 3859 --- [      runner-23] o.s.b.c.c.ConfigFileApplicationListener  : Skipped config file 'file:./config/application-integration.yml' resource not found
2019-09-06 00:00:10.876 DEBUG 3859 --- [      runner-23] o.s.b.c.c.ConfigFileApplicationListener  : Skipped config file 'file:./config/application-integration.yml' for profile integrationresource not found
2019-09-06 00:00:10.877 DEBUG 3859 --- [      runner-23] o.s.b.c.c.ConfigFileApplicationListener  : Skipped config file 'file:./config/application.yml' for profile integrationresource not found
2019-09-06 00:00:10.877 DEBUG 3859 --- [      runner-23] o.s.b.c.c.ConfigFileApplicationListener  : Skipped config file 'file:./config/application-integration.properties' resource not found
2019-09-06 00:00:10.877 DEBUG 3859 --- [      runner-23] o.s.b.c.c.ConfigFileApplicationListener  : Skipped config file 'file:./config/application-integration.properties' for profile integrationresource not found
2019-09-06 00:00:10.877 DEBUG 3859 --- [      runner-23] o.s.b.c.c.ConfigFileApplicationListener  : Skipped config file 'file:./config/application.properties' for profile integrationresource not found
2019-09-06 00:00:10.877 DEBUG 3859 --- [      runner-23] o.s.b.c.c.ConfigFileApplicationListener  : Skipped config file 'file:./config/application-integration.yaml' resource not found
2019-09-06 00:00:10.877 DEBUG 3859 --- [      runner-23] o.s.b.c.c.ConfigFileApplicationListener  : Skipped config file 'file:./config/application-integration.yaml' for profile integrationresource not found
2019-09-06 00:00:10.877 DEBUG 3859 --- [      runner-23] o.s.b.c.c.ConfigFileApplicationListener  : Skipped config file 'file:./config/application.yaml' for profile integrationresource not found
2019-09-06 00:00:10.878 DEBUG 3859 --- [      runner-23] o.s.b.c.c.ConfigFileApplicationListener  : Skipped config file 'file:./application-integration.xml' resource not found
2019-09-06 00:00:10.878 DEBUG 3859 --- [      runner-23] o.s.b.c.c.ConfigFileApplicationListener  : Skipped config file 'file:./application-integration.xml' for profile integrationresource not found
2019-09-06 00:00:10.878 DEBUG 3859 --- [      runner-23] o.s.b.c.c.ConfigFileApplicationListener  : Skipped config file 'file:./application.xml' for profile integrationresource not found
2019-09-06 00:00:10.878 DEBUG 3859 --- [      runner-23] o.s.b.c.c.ConfigFileApplicationListener  : Skipped config file 'file:./application-integration.yml' resource not found
2019-09-06 00:00:10.878 DEBUG 3859 --- [      runner-23] o.s.b.c.c.ConfigFileApplicationListener  : Skipped config file 'file:./application-integration.yml' for profile integrationresource not found
2019-09-06 00:00:10.878 DEBUG 3859 --- [      runner-23] o.s.b.c.c.ConfigFileApplicationListener  : Skipped config file 'file:./application.yml' for profile integrationresource not found
2019-09-06 00:00:10.878 DEBUG 3859 --- [      runner-23] o.s.b.c.c.ConfigFileApplicationListener  : Skipped config file 'file:./application-integration.properties' resource not found
2019-09-06 00:00:10.878 DEBUG 3859 --- [      runner-23] o.s.b.c.c.ConfigFileApplicationListener  : Skipped config file 'file:./application-integration.properties' for profile integrationresource not found
2019-09-06 00:00:10.878 DEBUG 3859 --- [      runner-23] o.s.b.c.c.ConfigFileApplicationListener  : Skipped config file 'file:./application.properties' for profile integrationresource not found
2019-09-06 00:00:10.879 DEBUG 3859 --- [      runner-23] o.s.b.c.c.ConfigFileApplicationListener  : Skipped config file 'file:./application-integration.yaml' resource not found
2019-09-06 00:00:10.879 DEBUG 3859 --- [      runner-23] o.s.b.c.c.ConfigFileApplicationListener  : Skipped config file 'file:./application-integration.yaml' for profile integrationresource not found
2019-09-06 00:00:10.879 DEBUG 3859 --- [      runner-23] o.s.b.c.c.ConfigFileApplicationListener  : Skipped config file 'file:./application.yaml' for profile integrationresource not found
2019-09-06 00:00:10.879 DEBUG 3859 --- [      runner-23] o.s.b.c.c.ConfigFileApplicationListener  : Skipped config file 'classpath:/config/application-integration.xml' resource not found
2019-09-06 00:00:10.879 DEBUG 3859 --- [      runner-23] o.s.b.c.c.ConfigFileApplicationListener  : Skipped config file 'classpath:/config/application-integration.xml' for profile integrationresource not found
2019-09-06 00:00:10.879 DEBUG 3859 --- [      runner-23] o.s.b.c.c.ConfigFileApplicationListener  : Skipped config file 'classpath:/config/application.xml' for profile integrationresource not found
2019-09-06 00:00:10.880 DEBUG 3859 --- [      runner-23] o.s.b.c.c.ConfigFileApplicationListener  : Skipped config file 'classpath:/config/application-integration.yml' resource not found
2019-09-06 00:00:10.880 DEBUG 3859 --- [      runner-23] o.s.b.c.c.ConfigFileApplicationListener  : Skipped config file 'classpath:/config/application-integration.yml' for profile integrationresource not found
2019-09-06 00:00:10.880 DEBUG 3859 --- [      runner-23] o.s.b.c.c.ConfigFileApplicationListener  : Skipped config file 'classpath:/config/application.yml' for profile integrationresource not found
2019-09-06 00:00:10.880 DEBUG 3859 --- [      runner-23] o.s.b.c.c.ConfigFileApplicationListener  : Skipped config file 'classpath:/config/application-integration.properties' resource not found
2019-09-06 00:00:10.880 DEBUG 3859 --- [      runner-23] o.s.b.c.c.ConfigFileApplicationListener  : Skipped config file 'classpath:/config/application-integration.properties' for profile integrationresource not found
2019-09-06 00:00:10.880 DEBUG 3859 --- [      runner-23] o.s.b.c.c.ConfigFileApplicationListener  : Skipped config file 'classpath:/config/application.properties' for profile integrationresource not found
2019-09-06 00:00:10.880 DEBUG 3859 --- [      runner-23] o.s.b.c.c.ConfigFileApplicationListener  : Skipped config file 'classpath:/config/application-integration.yaml' resource not found
2019-09-06 00:00:10.880 DEBUG 3859 --- [      runner-23] o.s.b.c.c.ConfigFileApplicationListener  : Skipped config file 'classpath:/config/application-integration.yaml' for profile integrationresource not found
2019-09-06 00:00:10.881 DEBUG 3859 --- [      runner-23] o.s.b.c.c.ConfigFileApplicationListener  : Skipped config file 'classpath:/config/application.yaml' for profile integrationresource not found
2019-09-06 00:00:10.881 DEBUG 3859 --- [      runner-23] o.s.b.c.c.ConfigFileApplicationListener  : Skipped config file 'classpath:/application-integration.xml' resource not found
2019-09-06 00:00:10.881 DEBUG 3859 --- [      runner-23] o.s.b.c.c.ConfigFileApplicationListener  : Skipped config file 'classpath:/application-integration.xml' for profile integrationresource not found
2019-09-06 00:00:10.881 DEBUG 3859 --- [      runner-23] o.s.b.c.c.ConfigFileApplicationListener  : Skipped config file 'classpath:/application.xml' for profile integrationresource not found
2019-09-06 00:00:10.881 DEBUG 3859 --- [      runner-23] o.s.b.c.c.ConfigFileApplicationListener  : Skipped config file 'classpath:/application-integration.yml' resource not found
2019-09-06 00:00:10.881 DEBUG 3859 --- [      runner-23] o.s.b.c.c.ConfigFileApplicationListener  : Skipped config file 'classpath:/application-integration.yml' for profile integrationresource not found
2019-09-06 00:00:10.881 DEBUG 3859 --- [      runner-23] o.s.b.c.c.ConfigFileApplicationListener  : Skipped config file 'classpath:/application.yml' for profile integrationresource not found
2019-09-06 00:00:10.882 DEBUG 3859 --- [      runner-23] o.s.b.c.c.ConfigFileApplicationListener  : Skipped config file 'classpath:/application-integration.properties' resource not found
2019-09-06 00:00:10.882 DEBUG 3859 --- [      runner-23] o.s.b.c.c.ConfigFileApplicationListener  : Skipped config file 'classpath:/application-integration.properties' for profile integrationresource not found
2019-09-06 00:00:10.882 DEBUG 3859 --- [      runner-23] o.s.b.c.c.ConfigFileApplicationListener  : Skipped config file 'classpath:/application.properties' for profile integrationresource not found
2019-09-06 00:00:10.882 DEBUG 3859 --- [      runner-23] o.s.b.c.c.ConfigFileApplicationListener  : Skipped config file 'classpath:/application-integration.yaml' resource not found
2019-09-06 00:00:10.882 DEBUG 3859 --- [      runner-23] o.s.b.c.c.ConfigFileApplicationListener  : Skipped config file 'classpath:/application-integration.yaml' for profile integrationresource not found
2019-09-06 00:00:10.882 DEBUG 3859 --- [      runner-23] o.s.b.c.c.ConfigFileApplicationListener  : Skipped config file 'classpath:/application.yaml' for profile integrationresource not found
2019-09-06 00:00:10.883  INFO 3859 --- [      runner-23] ationConfigEmbeddedWebApplicationContext : Refreshing org.springframework.boot.context.embedded.AnnotationConfigEmbeddedWebApplicationContext@468f24fa: startup date [Fri Sep 06 00:00:10 UTC 2019]; root of context hierarchy
2019-09-06 00:00:10.893 DEBUG 3859 --- [      runner-23] ationConfigEmbeddedWebApplicationContext : Bean factory for org.springframework.boot.context.embedded.AnnotationConfigEmbeddedWebApplicationContext@468f24fa: org.springframework.beans.factory.support.DefaultListableBeanFactory@63be24ac: defining beans [org.springframework.context.annotation.internalConfigurationAnnotationProcessor,org.springframework.context.annotation.internalAutowiredAnnotationProcessor,org.springframework.context.annotation.internalRequiredAnnotationProcessor,org.springframework.context.annotation.internalCommonAnnotationProcessor,example,jobConfig,myService]; root of factory hierarchy
2019-09-06 00:00:10.967  WARN 3859 --- [      runner-23] ationConfigEmbeddedWebApplicationContext : Exception encountered during context initialization - cancelling refresh attempt

org.springframework.beans.factory.BeanDefinitionStoreException: Failed to process import candidates for configuration class [Example]; nested exception is java.lang.IllegalStateException: java.io.FileNotFoundException: class path resource [org/springframework/boot/autoconfigure/aop/AopAutoConfiguration.class] cannot be opened because it does not exist
 at org.springframework.context.annotation.ConfigurationClassParser.processDeferredImportSelectors(ConfigurationClassParser.java:433)
 at org.springframework.context.annotation.ConfigurationClassParser.parse(ConfigurationClassParser.java:175)
 at org.springframework.context.annotation.ConfigurationClassPostProcessor.processConfigBeanDefinitions(ConfigurationClassPostProcessor.java:306)
 at org.springframework.context.annotation.ConfigurationClassPostProcessor.postProcessBeanDefinitionRegistry(ConfigurationClassPostProcessor.java:239)
 at org.springframework.context.support.PostProcessorRegistrationDelegate.invokeBeanDefinitionRegistryPostProcessors(PostProcessorRegistrationDelegate.java:254)
 at org.springframework.context.support.PostProcessorRegistrationDelegate.invokeBeanFactoryPostProcessors(PostProcessorRegistrationDelegate.java:94)
 at org.springframework.context.support.AbstractApplicationContext.invokeBeanFactoryPostProcessors(AbstractApplicationContext.java:606)
 at org.springframework.context.support.AbstractApplicationContext.refresh(AbstractApplicationContext.java:462)
 at org.springframework.boot.context.embedded.EmbeddedWebApplicationContext.refresh(EmbeddedWebApplicationContext.java:109)
 at org.springframework.boot.SpringApplication.refresh(SpringApplication.java:691)
 at org.springframework.boot.SpringApplication.run(SpringApplication.java:321)
 at org.springframework.boot.SpringApplication.run(SpringApplication.java:961)
 at sun.reflect.NativeMethodAccessorImpl.invoke0(Native Method)
 at sun.reflect.NativeMethodAccessorImpl.invoke(NativeMethodAccessorImpl.java:62)
 at sun.reflect.DelegatingMethodAccessorImpl.invoke(DelegatingMethodAccessorImpl.java:43)
 at java.lang.reflect.Method.invoke(Method.java:498)
 at org.springframework.boot.cli.command.run.SpringApplicationRunner$RunThread.run(SpringApplicationRunner.java:152)
Caused by: java.lang.IllegalStateException: java.io.FileNotFoundException: class path resource [org/springframework/boot/autoconfigure/aop/AopAutoConfiguration.class] cannot be opened because it does not exist
 at org.springframework.boot.autoconfigure.EnableAutoConfigurationImportSelector.selectImports(EnableAutoConfigurationImportSelector.java:78)
 at org.springframework.context.annotation.ConfigurationClassParser.processDeferredImportSelectors(ConfigurationClassParser.java:425)
 ... 16 common frames omitted
Caused by: java.io.FileNotFoundException: class path resource [org/springframework/boot/autoconfigure/aop/AopAutoConfiguration.class] cannot be opened because it does not exist
 at org.springframework.core.io.ClassPathResource.getInputStream(ClassPathResource.java:172)
 at org.springframework.core.type.classreading.SimpleMetadataReader.<init>(SimpleMetadataReader.java:50)
 at org.springframework.core.type.classreading.SimpleMetadataReaderFactory.getMetadataReader(SimpleMetadataReaderFactory.java:82)
 at org.springframework.core.type.classreading.CachingMetadataReaderFactory.getMetadataReader(CachingMetadataReaderFactory.java:102)
 at org.springframework.core.type.classreading.SimpleMetadataReaderFactory.getMetadataReader(SimpleMetadataReaderFactory.java:77)
 at org.springframework.boot.autoconfigure.AutoConfigurationSorter$AutoConfigurationClasses.<init>(AutoConfigurationSorter.java:121)
 at org.springframework.boot.autoconfigure.AutoConfigurationSorter.getInPriorityOrder(AutoConfigurationSorter.java:60)
 at org.springframework.boot.autoconfigure.EnableAutoConfigurationImportSelector.selectImports(EnableAutoConfigurationImportSelector.java:72)
 ... 17 common frames omitted

2019-09-06 00:00:10.968  INFO 3859 --- [      runner-23] .b.l.ClasspathLoggingApplicationListener : Application failed to start with classpath: []
2019-09-06 00:00:10.969 ERROR 3859 --- [      runner-23] o.s.boot.SpringApplication               : Application startup failed

org.springframework.beans.factory.BeanDefinitionStoreException: Failed to process import candidates for configuration class [Example]; nested exception is java.lang.IllegalStateException: java.io.FileNotFoundException: class path resource [org/springframework/boot/autoconfigure/aop/AopAutoConfiguration.class] cannot be opened because it does not exist
 at org.springframework.context.annotation.ConfigurationClassParser.processDeferredImportSelectors(ConfigurationClassParser.java:433)
 at org.springframework.context.annotation.ConfigurationClassParser.parse(ConfigurationClassParser.java:175)
 at org.springframework.context.annotation.ConfigurationClassPostProcessor.processConfigBeanDefinitions(ConfigurationClassPostProcessor.java:306)
 at org.springframework.context.annotation.ConfigurationClassPostProcessor.postProcessBeanDefinitionRegistry(ConfigurationClassPostProcessor.java:239)
 at org.springframework.context.support.PostProcessorRegistrationDelegate.invokeBeanDefinitionRegistryPostProcessors(PostProcessorRegistrationDelegate.java:254)
 at org.springframework.context.support.PostProcessorRegistrationDelegate.invokeBeanFactoryPostProcessors(PostProcessorRegistrationDelegate.java:94)
 at org.springframework.context.support.AbstractApplicationContext.invokeBeanFactoryPostProcessors(AbstractApplicationContext.java:606)
 at org.springframework.context.support.AbstractApplicationContext.refresh(AbstractApplicationContext.java:462)
 at org.springframework.boot.context.embedded.EmbeddedWebApplicationContext.refresh(EmbeddedWebApplicationContext.java:109)
 at org.springframework.boot.SpringApplication.refresh(SpringApplication.java:691)
 at org.springframework.boot.SpringApplication.run(SpringApplication.java:321)
 at org.springframework.boot.SpringApplication.run(SpringApplication.java:961)
 at sun.reflect.NativeMethodAccessorImpl.invoke0(Native Method)
 at sun.reflect.NativeMethodAccessorImpl.invoke(NativeMethodAccessorImpl.java:62)
 at sun.reflect.DelegatingMethodAccessorImpl.invoke(DelegatingMethodAccessorImpl.java:43)
 at java.lang.reflect.Method.invoke(Method.java:498)
 at org.springframework.boot.cli.command.run.SpringApplicationRunner$RunThread.run(SpringApplicationRunner.java:152)
Caused by: java.lang.IllegalStateException: java.io.FileNotFoundException: class path resource [org/springframework/boot/autoconfigure/aop/AopAutoConfiguration.class] cannot be opened because it does not exist
 at org.springframework.boot.autoconfigure.EnableAutoConfigurationImportSelector.selectImports(EnableAutoConfigurationImportSelector.java:78)
 at org.springframework.context.annotation.ConfigurationClassParser.processDeferredImportSelectors(ConfigurationClassParser.java:425)
 ... 16 common frames omitted
Caused by: java.io.FileNotFoundException: class path resource [org/springframework/boot/autoconfigure/aop/AopAutoConfiguration.class] cannot be opened because it does not exist
 at org.springframework.core.io.ClassPathResource.getInputStream(ClassPathResource.java:172)
 at org.springframework.core.type.classreading.SimpleMetadataReader.<init>(SimpleMetadataReader.java:50)
 at org.springframework.core.type.classreading.SimpleMetadataReaderFactory.getMetadataReader(SimpleMetadataReaderFactory.java:82)
 at org.springframework.core.type.classreading.CachingMetadataReaderFactory.getMetadataReader(CachingMetadataReaderFactory.java:102)
 at org.springframework.core.type.classreading.SimpleMetadataReaderFactory.getMetadataReader(SimpleMetadataReaderFactory.java:77)
 at org.springframework.boot.autoconfigure.AutoConfigurationSorter$AutoConfigurationClasses.<init>(AutoConfigurationSorter.java:121)
 at org.springframework.boot.autoconfigure.AutoConfigurationSorter.getInPriorityOrder(AutoConfigurationSorter.java:60)
 at org.springframework.boot.autoconfigure.EnableAutoConfigurationImportSelector.selectImports(EnableAutoConfigurationImportSelector.java:72)
 ... 17 common frames omitted

java.lang.reflect.InvocationTargetException
 at sun.reflect.NativeMethodAccessorImpl.invoke0(Native Method)
 at sun.reflect.NativeMethodAccessorImpl.invoke(NativeMethodAccessorImpl.java:62)
 at sun.reflect.DelegatingMethodAccessorImpl.invoke(DelegatingMethodAccessorImpl.java:43)
 at java.lang.reflect.Method.invoke(Method.java:498)
 at org.springframework.boot.cli.command.run.SpringApplicationRunner$RunThread.run(SpringApplicationRunner.java:152)
Caused by: org.springframework.beans.factory.BeanDefinitionStoreException: Failed to process import candidates for configuration class [Example]; nested exception is java.lang.IllegalStateException: java.io.FileNotFoundException: class path resource [org/springframework/boot/autoconfigure/aop/AopAutoConfiguration.class] cannot be opened because it does not exist
 at org.springframework.context.annotation.ConfigurationClassParser.processDeferredImportSelectors(ConfigurationClassParser.java:433)
 at org.springframework.context.annotation.ConfigurationClassParser.parse(ConfigurationClassParser.java:175)
 at org.springframework.context.annotation.ConfigurationClassPostProcessor.processConfigBeanDefinitions(ConfigurationClassPostProcessor.java:306)
 at org.springframework.context.annotation.ConfigurationClassPostProcessor.postProcessBeanDefinitionRegistry(ConfigurationClassPostProcessor.java:239)
 at org.springframework.context.support.PostProcessorRegistrationDelegate.invokeBeanDefinitionRegistryPostProcessors(PostProcessorRegistrationDelegate.java:254)
 at org.springframework.context.support.PostProcessorRegistrationDelegate.invokeBeanFactoryPostProcessors(PostProcessorRegistrationDelegate.java:94)
 at org.springframework.context.support.AbstractApplicationContext.invokeBeanFactoryPostProcessors(AbstractApplicationContext.java:606)
 at org.springframework.context.support.AbstractApplicationContext.refresh(AbstractApplicationContext.java:462)
 at org.springframework.boot.context.embedded.EmbeddedWebApplicationContext.refresh(EmbeddedWebApplicationContext.java:109)
 at org.springframework.boot.SpringApplication.refresh(SpringApplication.java:691)
 at org.springframework.boot.SpringApplication.run(SpringApplication.java:321)
 at org.springframework.boot.SpringApplication.run(SpringApplication.java:961)
 ... 5 more
Caused by: java.lang.IllegalStateException: java.io.FileNotFoundException: class path resource [org/springframework/boot/autoconfigure/aop/AopAutoConfiguration.class] cannot be opened because it does not exist
 at org.springframework.boot.autoconfigure.EnableAutoConfigurationImportSelector.selectImports(EnableAutoConfigurationImportSelector.java:78)
 at org.springframework.context.annotation.ConfigurationClassParser.processDeferredImportSelectors(ConfigurationClassParser.java:425)
 ... 16 more
Caused by: java.io.FileNotFoundException: class path resource [org/springframework/boot/autoconfigure/aop/AopAutoConfiguration.class] cannot be opened because it does not exist
 at org.springframework.core.io.ClassPathResource.getInputStream(ClassPathResource.java:172)
 at org.springframework.core.type.classreading.SimpleMetadataReader.<init>(SimpleMetadataReader.java:50)
 at org.springframework.core.type.classreading.SimpleMetadataReaderFactory.getMetadataReader(SimpleMetadataReaderFactory.java:82)
 at org.springframework.core.type.classreading.CachingMetadataReaderFactory.getMetadataReader(CachingMetadataReaderFactory.java:102)
 at org.springframework.core.type.classreading.SimpleMetadataReaderFactory.getMetadataReader(SimpleMetadataReaderFactory.java:77)
 at org.springframework.boot.autoconfigure.AutoConfigurationSorter$AutoConfigurationClasses.<init>(AutoConfigurationSorter.java:121)
 at org.springframework.boot.autoconfigure.AutoConfigurationSorter.getInPriorityOrder(AutoConfigurationSorter.java:60)
 at org.springframework.boot.autoconfigure.EnableAutoConfigurationImportSelector.selectImports(EnableAutoConfigurationImportSelector.java:72)
 ... 17 more
"
spring-projects-spring-boot,org.springframework.boot.cli.SampleIntegrationTests#reactorSample,matched (11 report(s) available),java.lang.AssertionError,Order Dependent,"low-confidence guess: found phrase 'illegalstateexception' which can indicate leftover state from another test, but this cannot be confirmed without cross-test execution context","Wrong output: 
  .   ____          _            __ _ _
 /\\ / ___'_ __ _ _(_)_ __  __ _ \ \ \ \
( ( )\___ | '_ | '_| | '_ \/ _` | \ \ \ \
 \\/  ___)| |_)| | | | | || (_| |  ) ) ) )
  '  |____| .__|_| |_|_| |_\__, | / / / /
 =========|_|==============|___/=/_/_/_/
 :: Spring Boot ::  (v1.2.0.BUILD-SNAPSHOT)

2019-09-06 00:00:11.474  INFO 3859 --- [      runner-24] o.s.boot.SpringApplication               : Starting application on ip-172-31-62-234 with PID 3859 (/root/.m2/repository/org/springframework/boot/spring-boot/1.2.0.BUILD-SNAPSHOT/spring-boot-1.2.0.BUILD-SNAPSHOT.jar started by root in /working/proj/spring-projects-spring-boot-2914/spring-projects-spring-boot/spring-boot-cli)
2019-09-06 00:00:11.477 DEBUG 3859 --- [      runner-24] o.s.boot.SpringApplication               : Running with Spring Boot v1.2.0.BUILD-SNAPSHOT, Spring v4.1.1.RELEASE
2019-09-06 00:00:11.478 DEBUG 3859 --- [      runner-24] o.s.boot.SpringApplication               : Loading source class org.test.Runner,class org.test.Greeter
2019-09-06 00:00:11.509 DEBUG 3859 --- [      runner-24] o.s.b.c.c.ConfigFileApplicationListener  : Activated profiles integration
2019-09-06 00:00:11.510 DEBUG 3859 --- [      runner-24] o.s.b.c.c.ConfigFileApplicationListener  : Skipped config file 'file:./config/application.xml' resource not found
2019-09-06 00:00:11.510 DEBUG 3859 --- [      runner-24] o.s.b.c.c.ConfigFileApplicationListener  : Skipped config file 'file:./config/application.yml' resource not found
2019-09-06 00:00:11.510 DEBUG 3859 --- [      runner-24] o.s.b.c.c.ConfigFileApplicationListener  : Skipped config file 'file:./config/application.properties' resource not found
2019-09-06 00:00:11.510 DEBUG 3859 --- [      runner-24] o.s.b.c.c.ConfigFileApplicationListener  : Skipped config file 'file:./config/application.yaml' resource not found
2019-09-06 00:00:11.510 DEBUG 3859 --- [      runner-24] o.s.b.c.c.ConfigFileApplicationListener  : Skipped config file 'file:./application.xml' resource not found
2019-09-06 00:00:11.510 DEBUG 3859 --- [      runner-24] o.s.b.c.c.ConfigFileApplicationListener  : Skipped config file 'file:./application.yml' resource not found
2019-09-06 00:00:11.510 DEBUG 3859 --- [      runner-24] o.s.b.c.c.ConfigFileApplicationListener  : Skipped config file 'file:./application.properties' resource not found
2019-09-06 00:00:11.511 DEBUG 3859 --- [      runner-24] o.s.b.c.c.ConfigFileApplicationListener  : Skipped config file 'file:./application.yaml' resource not found
2019-09-06 00:00:11.511 DEBUG 3859 --- [      runner-24] o.s.b.c.c.ConfigFileApplicationListener  : Skipped config file 'classpath:/config/application.xml' resource not found
2019-09-06 00:00:11.511 DEBUG 3859 --- [      runner-24] o.s.b.c.c.ConfigFileApplicationListener  : Skipped config file 'classpath:/config/application.yml' resource not found
2019-09-06 00:00:11.511 DEBUG 3859 --- [      runner-24] o.s.b.c.c.ConfigFileApplicationListener  : Skipped config file 'classpath:/config/application.properties' resource not found
2019-09-06 00:00:11.511 DEBUG 3859 --- [      runner-24] o.s.b.c.c.ConfigFileApplicationListener  : Skipped config file 'classpath:/config/application.yaml' resource not found
2019-09-06 00:00:11.511 DEBUG 3859 --- [      runner-24] o.s.b.c.c.ConfigFileApplicationListener  : Skipped config file 'classpath:/application.xml' resource not found
2019-09-06 00:00:11.511 DEBUG 3859 --- [      runner-24] o.s.b.c.c.ConfigFileApplicationListener  : Skipped config file 'classpath:/application.yml' resource not found
2019-09-06 00:00:11.512 DEBUG 3859 --- [      runner-24] o.s.b.c.c.ConfigFileApplicationListener  : Skipped config file 'classpath:/application.properties' resource not found
2019-09-06 00:00:11.512 DEBUG 3859 --- [      runner-24] o.s.b.c.c.ConfigFileApplicationListener  : Skipped config file 'classpath:/application.yaml' resource not found
2019-09-06 00:00:11.512 DEBUG 3859 --- [      runner-24] o.s.b.c.c.ConfigFileApplicationListener  : Skipped config file 'file:./config/application-integration.xml' resource not found
2019-09-06 00:00:11.512 DEBUG 3859 --- [      runner-24] o.s.b.c.c.ConfigFileApplicationListener  : Skipped config file 'file:./config/application-integration.xml' for profile integrationresource not found
2019-09-06 00:00:11.512 DEBUG 3859 --- [      runner-24] o.s.b.c.c.ConfigFileApplicationListener  : Skipped config file 'file:./config/application.xml' for profile integrationresource not found
2019-09-06 00:00:11.512 DEBUG 3859 --- [      runner-24] o.s.b.c.c.ConfigFileApplicationListener  : Skipped config file 'file:./config/application-integration.yml' resource not found
2019-09-06 00:00:11.513 DEBUG 3859 --- [      runner-24] o.s.b.c.c.ConfigFileApplicationListener  : Skipped config file 'file:./config/application-integration.yml' for profile integrationresource not found
2019-09-06 00:00:11.513 DEBUG 3859 --- [      runner-24] o.s.b.c.c.ConfigFileApplicationListener  : Skipped config file 'file:./config/application.yml' for profile integrationresource not found
2019-09-06 00:00:11.513 DEBUG 3859 --- [      runner-24] o.s.b.c.c.ConfigFileApplicationListener  : Skipped config file 'file:./config/application-integration.properties' resource not found
2019-09-06 00:00:11.513 DEBUG 3859 --- [      runner-24] o.s.b.c.c.ConfigFileApplicationListener  : Skipped config file 'file:./config/application-integration.properties' for profile integrationresource not found
2019-09-06 00:00:11.513 DEBUG 3859 --- [      runner-24] o.s.b.c.c.ConfigFileApplicationListener  : Skipped config file 'file:./config/application.properties' for profile integrationresource not found
2019-09-06 00:00:11.513 DEBUG 3859 --- [      runner-24] o.s.b.c.c.ConfigFileApplicationListener  : Skipped config file 'file:./config/application-integration.yaml' resource not found
2019-09-06 00:00:11.513 DEBUG 3859 --- [      runner-24] o.s.b.c.c.ConfigFileApplicationListener  : Skipped config file 'file:./config/application-integration.yaml' for profile integrationresource not found
2019-09-06 00:00:11.514 DEBUG 3859 --- [      runner-24] o.s.b.c.c.ConfigFileApplicationListener  : Skipped config file 'file:./config/application.yaml' for profile integrationresource not found
2019-09-06 00:00:11.514 DEBUG 3859 --- [      runner-24] o.s.b.c.c.ConfigFileApplicationListener  : Skipped config file 'file:./application-integration.xml' resource not found
2019-09-06 00:00:11.514 DEBUG 3859 --- [      runner-24] o.s.b.c.c.ConfigFileApplicationListener  : Skipped config file 'file:./application-integration.xml' for profile integrationresource not found
2019-09-06 00:00:11.514 DEBUG 3859 --- [      runner-24] o.s.b.c.c.ConfigFileApplicationListener  : Skipped config file 'file:./application.xml' for profile integrationresource not found
2019-09-06 00:00:11.514 DEBUG 3859 --- [      runner-24] o.s.b.c.c.ConfigFileApplicationListener  : Skipped config file 'file:./application-integration.yml' resource not found
2019-09-06 00:00:11.514 DEBUG 3859 --- [      runner-24] o.s.b.c.c.ConfigFileApplicationListener  : Skipped config file 'file:./application-integration.yml' for profile integrationresource not found
2019-09-06 00:00:11.515 DEBUG 3859 --- [      runner-24] o.s.b.c.c.ConfigFileApplicationListener  : Skipped config file 'file:./application.yml' for profile integrationresource not found
2019-09-06 00:00:11.515 DEBUG 3859 --- [      runner-24] o.s.b.c.c.ConfigFileApplicationListener  : Skipped config file 'file:./application-integration.properties' resource not found
2019-09-06 00:00:11.515 DEBUG 3859 --- [      runner-24] o.s.b.c.c.ConfigFileApplicationListener  : Skipped config file 'file:./application-integration.properties' for profile integrationresource not found
2019-09-06 00:00:11.515 DEBUG 3859 --- [      runner-24] o.s.b.c.c.ConfigFileApplicationListener  : Skipped config file 'file:./application.properties' for profile integrationresource not found
2019-09-06 00:00:11.515 DEBUG 3859 --- [      runner-24] o.s.b.c.c.ConfigFileApplicationListener  : Skipped config file 'file:./application-integration.yaml' resource not found
2019-09-06 00:00:11.516 DEBUG 3859 --- [      runner-24] o.s.b.c.c.ConfigFileApplicationListener  : Skipped config file 'file:./application-integration.yaml' for profile integrationresource not found
2019-09-06 00:00:11.516 DEBUG 3859 --- [      runner-24] o.s.b.c.c.ConfigFileApplicationListener  : Skipped config file 'file:./application.yaml' for profile integrationresource not found
2019-09-06 00:00:11.516 DEBUG 3859 --- [      runner-24] o.s.b.c.c.ConfigFileApplicationListener  : Skipped config file 'classpath:/config/application-integration.xml' resource not found
2019-09-06 00:00:11.516 DEBUG 3859 --- [      runner-24] o.s.b.c.c.ConfigFileApplicationListener  : Skipped config file 'classpath:/config/application-integration.xml' for profile integrationresource not found
2019-09-06 00:00:11.516 DEBUG 3859 --- [      runner-24] o.s.b.c.c.ConfigFileApplicationListener  : Skipped config file 'classpath:/config/application.xml' for profile integrationresource not found
2019-09-06 00:00:11.516 DEBUG 3859 --- [      runner-24] o.s.b.c.c.ConfigFileApplicationListener  : Skipped config file 'classpath:/config/application-integration.yml' resource not found
2019-09-06 00:00:11.516 DEBUG 3859 --- [      runner-24] o.s.b.c.c.ConfigFileApplicationListener  : Skipped config file 'classpath:/config/application-integration.yml' for profile integrationresource not found
2019-09-06 00:00:11.516 DEBUG 3859 --- [      runner-24] o.s.b.c.c.ConfigFileApplicationListener  : Skipped config file 'classpath:/config/application.yml' for profile integrationresource not found
2019-09-06 00:00:11.516 DEBUG 3859 --- [      runner-24] o.s.b.c.c.ConfigFileApplicationListener  : Skipped config file 'classpath:/config/application-integration.properties' resource not found
2019-09-06 00:00:11.516 DEBUG 3859 --- [      runner-24] o.s.b.c.c.ConfigFileApplicationListener  : Skipped config file 'classpath:/config/application-integration.properties' for profile integrationresource not found
2019-09-06 00:00:11.516 DEBUG 3859 --- [      runner-24] o.s.b.c.c.ConfigFileApplicationListener  : Skipped config file 'classpath:/config/application.properties' for profile integrationresource not found
2019-09-06 00:00:11.517 DEBUG 3859 --- [      runner-24] o.s.b.c.c.ConfigFileApplicationListener  : Skipped config file 'classpath:/config/application-integration.yaml' resource not found
2019-09-06 00:00:11.517 DEBUG 3859 --- [      runner-24] o.s.b.c.c.ConfigFileApplicationListener  : Skipped config file 'classpath:/config/application-integration.yaml' for profile integrationresource not found
2019-09-06 00:00:11.517 DEBUG 3859 --- [      runner-24] o.s.b.c.c.ConfigFileApplicationListener  : Skipped config file 'classpath:/config/application.yaml' for profile integrationresource not found
2019-09-06 00:00:11.517 DEBUG 3859 --- [      runner-24] o.s.b.c.c.ConfigFileApplicationListener  : Skipped config file 'classpath:/application-integration.xml' resource not found
2019-09-06 00:00:11.517 DEBUG 3859 --- [      runner-24] o.s.b.c.c.ConfigFileApplicationListener  : Skipped config file 'classpath:/application-integration.xml' for profile integrationresource not found
2019-09-06 00:00:11.517 DEBUG 3859 --- [      runner-24] o.s.b.c.c.ConfigFileApplicationListener  : Skipped config file 'classpath:/application.xml' for profile integrationresource not found
2019-09-06 00:00:11.518 DEBUG 3859 --- [      runner-24] o.s.b.c.c.ConfigFileApplicationListener  : Skipped config file 'classpath:/application-integration.yml' resource not found
2019-09-06 00:00:11.518 DEBUG 3859 --- [      runner-24] o.s.b.c.c.ConfigFileApplicationListener  : Skipped config file 'classpath:/application-integration.yml' for profile integrationresource not found
2019-09-06 00:00:11.518 DEBUG 3859 --- [      runner-24] o.s.b.c.c.ConfigFileApplicationListener  : Skipped config file 'classpath:/application.yml' for profile integrationresource not found
2019-09-06 00:00:11.518 DEBUG 3859 --- [      runner-24] o.s.b.c.c.ConfigFileApplicationListener  : Skipped config file 'classpath:/application-integration.properties' resource not found
2019-09-06 00:00:11.518 DEBUG 3859 --- [      runner-24] o.s.b.c.c.ConfigFileApplicationListener  : Skipped config file 'classpath:/application-integration.properties' for profile integrationresource not found
2019-09-06 00:00:11.518 DEBUG 3859 --- [      runner-24] o.s.b.c.c.ConfigFileApplicationListener  : Skipped config file 'classpath:/application.properties' for profile integrationresource not found
2019-09-06 00:00:11.519 DEBUG 3859 --- [      runner-24] o.s.b.c.c.ConfigFileApplicationListener  : Skipped config file 'classpath:/application-integration.yaml' resource not found
2019-09-06 00:00:11.519 DEBUG 3859 --- [      runner-24] o.s.b.c.c.ConfigFileApplicationListener  : Skipped config file 'classpath:/application-integration.yaml' for profile integrationresource not found
2019-09-06 00:00:11.519 DEBUG 3859 --- [      runner-24] o.s.b.c.c.ConfigFileApplicationListener  : Skipped config file 'classpath:/application.yaml' for profile integrationresource not found
2019-09-06 00:00:11.520  INFO 3859 --- [      runner-24] s.c.a.AnnotationConfigApplicationContext : Refreshing org.springframework.context.annotation.AnnotationConfigApplicationContext@55233d90: startup date [Fri Sep 06 00:00:11 UTC 2019]; root of context hierarchy
2019-09-06 00:00:11.570  WARN 3859 --- [      runner-24] s.c.a.AnnotationConfigApplicationContext : Exception encountered during context initialization - cancelling refresh attempt

org.springframework.beans.factory.BeanDefinitionStoreException: Failed to process import candidates for configuration class [org.test.Runner]; nested exception is java.lang.IllegalStateException: java.io.FileNotFoundException: class path resource [org/springframework/boot/autoconfigure/aop/AopAutoConfiguration.class] cannot be opened because it does not exist
 at org.springframework.context.annotation.ConfigurationClassParser.processDeferredImportSelectors(ConfigurationClassParser.java:433)
 at org.springframework.context.annotation.ConfigurationClassParser.parse(ConfigurationClassParser.java:175)
 at org.springframework.context.annotation.ConfigurationClassPostProcessor.processConfigBeanDefinitions(ConfigurationClassPostProcessor.java:306)
 at org.springframework.context.annotation.ConfigurationClassPostProcessor.postProcessBeanDefinitionRegistry(ConfigurationClassPostProcessor.java:239)
 at org.springframework.context.support.PostProcessorRegistrationDelegate.invokeBeanDefinitionRegistryPostProcessors(PostProcessorRegistrationDelegate.java:254)
 at org.springframework.context.support.PostProcessorRegistrationDelegate.invokeBeanFactoryPostProcessors(PostProcessorRegistrationDelegate.java:94)
 at org.springframework.context.support.AbstractApplicationContext.invokeBeanFactoryPostProcessors(AbstractApplicationContext.java:606)
 at org.springframework.context.support.AbstractApplicationContext.refresh(AbstractApplicationContext.java:462)
 at org.springframework.boot.SpringApplication.refresh(SpringApplication.java:691)
 at org.springframework.boot.SpringApplication.run(SpringApplication.java:321)
 at org.springframework.boot.SpringApplication.run(SpringApplication.java:961)
 at sun.reflect.NativeMethodAccessorImpl.invoke0(Native Method)
 at sun.reflect.NativeMethodAccessorImpl.invoke(NativeMethodAccessorImpl.java:62)
 at sun.reflect.DelegatingMethodAccessorImpl.invoke(DelegatingMethodAccessorImpl.java:43)
 at java.lang.reflect.Method.invoke(Method.java:498)
 at org.springframework.boot.cli.command.run.SpringApplicationRunner$RunThread.run(SpringApplicationRunner.java:152)
Caused by: java.lang.IllegalStateException: java.io.FileNotFoundException: class path resource [org/springframework/boot/autoconfigure/aop/AopAutoConfiguration.class] cannot be opened because it does not exist
 at org.springframework.boot.autoconfigure.EnableAutoConfigurationImportSelector.selectImports(EnableAutoConfigurationImportSelector.java:78)
 at org.springframework.context.annotation.ConfigurationClassParser.processDeferredImportSelectors(ConfigurationClassParser.java:425)
 ... 15 common frames omitted
Caused by: java.io.FileNotFoundException: class path resource [org/springframework/boot/autoconfigure/aop/AopAutoConfiguration.class] cannot be opened because it does not exist
 at org.springframework.core.io.ClassPathResource.getInputStream(ClassPathResource.java:172)
 at org.springframework.core.type.classreading.SimpleMetadataReader.<init>(SimpleMetadataReader.java:50)
 at org.springframework.core.type.classreading.SimpleMetadataReaderFactory.getMetadataReader(SimpleMetadataReaderFactory.java:82)
 at org.springframework.core.type.classreading.CachingMetadataReaderFactory.getMetadataReader(CachingMetadataReaderFactory.java:102)
 at org.springframework.core.type.classreading.SimpleMetadataReaderFactory.getMetadataReader(SimpleMetadataReaderFactory.java:77)
 at org.springframework.boot.autoconfigure.AutoConfigurationSorter$AutoConfigurationClasses.<init>(AutoConfigurationSorter.java:121)
 at org.springframework.boot.autoconfigure.AutoConfigurationSorter.getInPriorityOrder(AutoConfigurationSorter.java:60)
 at org.springframework.boot.autoconfigure.EnableAutoConfigurationImportSelector.selectImports(EnableAutoConfigurationImportSelector.java:72)
 ... 16 common frames omitted

2019-09-06 00:00:11.571  INFO 3859 --- [      runner-24] .b.l.ClasspathLoggingApplicationListener : Application failed to start with classpath: []
2019-09-06 00:00:11.572 ERROR 3859 --- [      runner-24] o.s.boot.SpringApplication               : Application startup failed

org.springframework.beans.factory.BeanDefinitionStoreException: Failed to process import candidates for configuration class [org.test.Runner]; nested exception is java.lang.IllegalStateException: java.io.FileNotFoundException: class path resource [org/springframework/boot/autoconfigure/aop/AopAutoConfiguration.class] cannot be opened because it does not exist
 at org.springframework.context.annotation.ConfigurationClassParser.processDeferredImportSelectors(ConfigurationClassParser.java:433)
 at org.springframework.context.annotation.ConfigurationClassParser.parse(ConfigurationClassParser.java:175)
 at org.springframework.context.annotation.ConfigurationClassPostProcessor.processConfigBeanDefinitions(ConfigurationClassPostProcessor.java:306)
 at org.springframework.context.annotation.ConfigurationClassPostProcessor.postProcessBeanDefinitionRegistry(ConfigurationClassPostProcessor.java:239)
 at org.springframework.context.support.PostProcessorRegistrationDelegate.invokeBeanDefinitionRegistryPostProcessors(PostProcessorRegistrationDelegate.java:254)
 at org.springframework.context.support.PostProcessorRegistrationDelegate.invokeBeanFactoryPostProcessors(PostProcessorRegistrationDelegate.java:94)
 at org.springframework.context.support.AbstractApplicationContext.invokeBeanFactoryPostProcessors(AbstractApplicationContext.java:606)
 at org.springframework.context.support.AbstractApplicationContext.refresh(AbstractApplicationContext.java:462)
 at org.springframework.boot.SpringApplication.refresh(SpringApplication.java:691)
 at org.springframework.boot.SpringApplication.run(SpringApplication.java:321)
 at org.springframework.boot.SpringApplication.run(SpringApplication.java:961)
 at sun.reflect.NativeMethodAccessorImpl.invoke0(Native Method)
 at sun.reflect.NativeMethodAccessorImpl.invoke(NativeMethodAccessorImpl.java:62)
 at sun.reflect.DelegatingMethodAccessorImpl.invoke(DelegatingMethodAccessorImpl.java:43)
 at java.lang.reflect.Method.invoke(Method.java:498)
 at org.springframework.boot.cli.command.run.SpringApplicationRunner$RunThread.run(SpringApplicationRunner.java:152)
Caused by: java.lang.IllegalStateException: java.io.FileNotFoundException: class path resource [org/springframework/boot/autoconfigure/aop/AopAutoConfiguration.class] cannot be opened because it does not exist
 at org.springframework.boot.autoconfigure.EnableAutoConfigurationImportSelector.selectImports(EnableAutoConfigurationImportSelector.java:78)
 at org.springframework.context.annotation.ConfigurationClassParser.processDeferredImportSelectors(ConfigurationClassParser.java:425)
 ... 15 common frames omitted
Caused by: java.io.FileNotFoundException: class path resource [org/springframework/boot/autoconfigure/aop/AopAutoConfiguration.class] cannot be opened because it does not exist
 at org.springframework.core.io.ClassPathResource.getInputStream(ClassPathResource.java:172)
 at org.springframework.core.type.classreading.SimpleMetadataReader.<init>(SimpleMetadataReader.java:50)
 at org.springframework.core.type.classreading.SimpleMetadataReaderFactory.getMetadataReader(SimpleMetadataReaderFactory.java:82)
 at org.springframework.core.type.classreading.CachingMetadataReaderFactory.getMetadataReader(CachingMetadataReaderFactory.java:102)
 at org.springframework.core.type.classreading.SimpleMetadataReaderFactory.getMetadataReader(SimpleMetadataReaderFactory.java:77)
 at org.springframework.boot.autoconfigure.AutoConfigurationSorter$AutoConfigurationClasses.<init>(AutoConfigurationSorter.java:121)
 at org.springframework.boot.autoconfigure.AutoConfigurationSorter.getInPriorityOrder(AutoConfigurationSorter.java:60)
 at org.springframework.boot.autoconfigure.EnableAutoConfigurationImportSelector.selectImports(EnableAutoConfigurationImportSelector.java:72)
 ... 16 common frames omitted

java.lang.reflect.InvocationTargetException
 at sun.reflect.NativeMethodAccessorImpl.invoke0(Native Method)
 at sun.reflect.NativeMethodAccessorImpl.invoke(NativeMethodAccessorImpl.java:62)
 at sun.reflect.DelegatingMethodAccessorImpl.invoke(DelegatingMethodAccessorImpl.java:43)
 at java.lang.reflect.Method.invoke(Method.java:498)
 at org.springframework.boot.cli.command.run.SpringApplicationRunner$RunThread.run(SpringApplicationRunner.java:152)
Caused by: org.springframework.beans.factory.BeanDefinitionStoreException: Failed to process import candidates for configuration class [org.test.Runner]; nested exception is java.lang.IllegalStateException: java.io.FileNotFoundException: class path resource [org/springframework/boot/autoconfigure/aop/AopAutoConfiguration.class] cannot be opened because it does not exist
 at org.springframework.context.annotation.ConfigurationClassParser.processDeferredImportSelectors(ConfigurationClassParser.java:433)
 at org.springframework.context.annotation.ConfigurationClassParser.parse(ConfigurationClassParser.java:175)
 at org.springframework.context.annotation.ConfigurationClassPostProcessor.processConfigBeanDefinitions(ConfigurationClassPostProcessor.java:306)
 at org.springframework.context.annotation.ConfigurationClassPostProcessor.postProcessBeanDefinitionRegistry(ConfigurationClassPostProcessor.java:239)
 at org.springframework.context.support.PostProcessorRegistrationDelegate.invokeBeanDefinitionRegistryPostProcessors(PostProcessorRegistrationDelegate.java:254)
 at org.springframework.context.support.PostProcessorRegistrationDelegate.invokeBeanFactoryPostProcessors(PostProcessorRegistrationDelegate.java:94)
 at org.springframework.context.support.AbstractApplicationContext.invokeBeanFactoryPostProcessors(AbstractApplicationContext.java:606)
 at org.springframework.context.support.AbstractApplicationContext.refresh(AbstractApplicationContext.java:462)
 at org.springframework.boot.SpringApplication.refresh(SpringApplication.java:691)
 at org.springframework.boot.SpringApplication.run(SpringApplication.java:321)
 at org.springframework.boot.SpringApplication.run(SpringApplication.java:961)
 ... 5 more
Caused by: java.lang.IllegalStateException: java.io.FileNotFoundException: class path resource [org/springframework/boot/autoconfigure/aop/AopAutoConfiguration.class] cannot be opened because it does not exist
 at org.springframework.boot.autoconfigure.EnableAutoConfigurationImportSelector.selectImports(EnableAutoConfigurationImportSelector.java:78)
 at org.springframework.context.annotation.ConfigurationClassParser.processDeferredImportSelectors(ConfigurationClassParser.java:425)
 ... 15 more
Caused by: java.io.FileNotFoundException: class path resource [org/springframework/boot/autoconfigure/aop/AopAutoConfiguration.class] cannot be opened because it does not exist
 at org.springframework.core.io.ClassPathResource.getInputStream(ClassPathResource.java:172)
 at org.springframework.core.type.classreading.SimpleMetadataReader.<init>(SimpleMetadataReader.java:50)
 at org.springframework.core.type.classreading.SimpleMetadataReaderFactory.getMetadataReader(SimpleMetadataReaderFactory.java:82)
 at org.springframework.core.type.classreading.CachingMetadataReaderFactory.getMetadataReader(CachingMetadataReaderFactory.java:102)
 at org.springframework.core.type.classreading.SimpleMetadataReaderFactory.getMetadataReader(SimpleMetadataReaderFactory.java:77)
 at org.springframework.boot.autoconfigure.AutoConfigurationSorter$AutoConfigurationClasses.<init>(AutoConfigurationSorter.java:121)
 at org.springframework.boot.autoconfigure.AutoConfigurationSorter.getInPriorityOrder(AutoConfigurationSorter.java:60)
 at org.springframework.boot.autoconfigure.EnableAutoConfigurationImportSelector.selectImports(EnableAutoConfigurationImportSelector.java:72)
 ... 16 more
"
spring-projects-spring-boot,org.springframework.boot.cli.SampleIntegrationTests#integrationSample,matched (11 report(s) available),java.lang.AssertionError,Order Dependent,"low-confidence guess: found phrase 'illegalstateexception' which can indicate leftover state from another test, but this cannot be confirmed without cross-test execution context","Wrong output: 
  .   ____          _            __ _ _
 /\\ / ___'_ __ _ _(_)_ __  __ _ \ \ \ \
( ( )\___ | '_ | '_| | '_ \/ _` | \ \ \ \
 \\/  ___)| |_)| | | | | || (_| |  ) ) ) )
  '  |____| .__|_| |_|_| |_\__, | / / / /
 =========|_|==============|___/=/_/_/_/
 :: Spring Boot ::  (v1.2.0.BUILD-SNAPSHOT)

2019-09-06 00:00:14.437  INFO 3859 --- [      runner-25] o.s.boot.SpringApplication               : Starting application on ip-172-31-62-234 with PID 3859 (/root/.m2/repository/org/springframework/boot/spring-boot/1.2.0.BUILD-SNAPSHOT/spring-boot-1.2.0.BUILD-SNAPSHOT.jar started by root in /working/proj/spring-projects-spring-boot-2914/spring-projects-spring-boot/spring-boot-cli)
2019-09-06 00:00:14.439 DEBUG 3859 --- [      runner-25] o.s.boot.SpringApplication               : Running with Spring Boot v1.2.0.BUILD-SNAPSHOT, Spring v4.1.1.RELEASE
2019-09-06 00:00:14.439 DEBUG 3859 --- [      runner-25] o.s.boot.SpringApplication               : Loading source class org.test.SpringIntegrationExample,class org.test.HelloTransformer
2019-09-06 00:00:14.471 DEBUG 3859 --- [      runner-25] o.s.b.c.c.ConfigFileApplicationListener  : Activated profiles integration
2019-09-06 00:00:14.472 DEBUG 3859 --- [      runner-25] o.s.b.c.c.ConfigFileApplicationListener  : Skipped config file 'file:./config/application.xml' resource not found
2019-09-06 00:00:14.472 DEBUG 3859 --- [      runner-25] o.s.b.c.c.ConfigFileApplicationListener  : Skipped config file 'file:./config/application.yml' resource not found
2019-09-06 00:00:14.472 DEBUG 3859 --- [      runner-25] o.s.b.c.c.ConfigFileApplicationListener  : Skipped config file 'file:./config/application.properties' resource not found
2019-09-06 00:00:14.472 DEBUG 3859 --- [      runner-25] o.s.b.c.c.ConfigFileApplicationListener  : Skipped config file 'file:./config/application.yaml' resource not found
2019-09-06 00:00:14.472 DEBUG 3859 --- [      runner-25] o.s.b.c.c.ConfigFileApplicationListener  : Skipped config file 'file:./application.xml' resource not found
2019-09-06 00:00:14.472 DEBUG 3859 --- [      runner-25] o.s.b.c.c.ConfigFileApplicationListener  : Skipped config file 'file:./application.yml' resource not found
2019-09-06 00:00:14.472 DEBUG 3859 --- [      runner-25] o.s.b.c.c.ConfigFileApplicationListener  : Skipped config file 'file:./application.properties' resource not found
2019-09-06 00:00:14.473 DEBUG 3859 --- [      runner-25] o.s.b.c.c.ConfigFileApplicationListener  : Skipped config file 'file:./application.yaml' resource not found
2019-09-06 00:00:14.473 DEBUG 3859 --- [      runner-25] o.s.b.c.c.ConfigFileApplicationListener  : Skipped config file 'classpath:/config/application.xml' resource not found
2019-09-06 00:00:14.473 DEBUG 3859 --- [      runner-25] o.s.b.c.c.ConfigFileApplicationListener  : Skipped config file 'classpath:/config/application.yml' resource not found
2019-09-06 00:00:14.473 DEBUG 3859 --- [      runner-25] o.s.b.c.c.ConfigFileApplicationListener  : Skipped config file 'classpath:/config/application.properties' resource not found
2019-09-06 00:00:14.473 DEBUG 3859 --- [      runner-25] o.s.b.c.c.ConfigFileApplicationListener  : Skipped config file 'classpath:/config/application.yaml' resource not found
2019-09-06 00:00:14.473 DEBUG 3859 --- [      runner-25] o.s.b.c.c.ConfigFileApplicationListener  : Skipped config file 'classpath:/application.xml' resource not found
2019-09-06 00:00:14.473 DEBUG 3859 --- [      runner-25] o.s.b.c.c.ConfigFileApplicationListener  : Skipped config file 'classpath:/application.yml' resource not found
2019-09-06 00:00:14.473 DEBUG 3859 --- [      runner-25] o.s.b.c.c.ConfigFileApplicationListener  : Skipped config file 'classpath:/application.properties' resource not found
2019-09-06 00:00:14.474 DEBUG 3859 --- [      runner-25] o.s.b.c.c.ConfigFileApplicationListener  : Skipped config file 'classpath:/application.yaml' resource not found
2019-09-06 00:00:14.474 DEBUG 3859 --- [      runner-25] o.s.b.c.c.ConfigFileApplicationListener  : Skipped config file 'file:./config/application-integration.xml' resource not found
2019-09-06 00:00:14.474 DEBUG 3859 --- [      runner-25] o.s.b.c.c.ConfigFileApplicationListener  : Skipped config file 'file:./config/application-integration.xml' for profile integrationresource not found
2019-09-06 00:00:14.474 DEBUG 3859 --- [      runner-25] o.s.b.c.c.ConfigFileApplicationListener  : Skipped config file 'file:./config/application.xml' for profile integrationresource not found
2019-09-06 00:00:14.474 DEBUG 3859 --- [      runner-25] o.s.b.c.c.ConfigFileApplicationListener  : Skipped config file 'file:./config/application-integration.yml' resource not found
2019-09-06 00:00:14.474 DEBUG 3859 --- [      runner-25] o.s.b.c.c.ConfigFileApplicationListener  : Skipped config file 'file:./config/application-integration.yml' for profile integrationresource not found
2019-09-06 00:00:14.474 DEBUG 3859 --- [      runner-25] o.s.b.c.c.ConfigFileApplicationListener  : Skipped config file 'file:./config/application.yml' for profile integrationresource not found
2019-09-06 00:00:14.474 DEBUG 3859 --- [      runner-25] o.s.b.c.c.ConfigFileApplicationListener  : Skipped config file 'file:./config/application-integration.properties' resource not found
2019-09-06 00:00:14.475 DEBUG 3859 --- [      runner-25] o.s.b.c.c.ConfigFileApplicationListener  : Skipped config file 'file:./config/application-integration.properties' for profile integrationresource not found
2019-09-06 00:00:14.475 DEBUG 3859 --- [      runner-25] o.s.b.c.c.ConfigFileApplicationListener  : Skipped config file 'file:./config/application.properties' for profile integrationresource not found
2019-09-06 00:00:14.475 DEBUG 3859 --- [      runner-25] o.s.b.c.c.ConfigFileApplicationListener  : Skipped config file 'file:./config/application-integration.yaml' resource not found
2019-09-06 00:00:14.475 DEBUG 3859 --- [      runner-25] o.s.b.c.c.ConfigFileApplicationListener  : Skipped config file 'file:./config/application-integration.yaml' for profile integrationresource not found
2019-09-06 00:00:14.475 DEBUG 3859 --- [      runner-25] o.s.b.c.c.ConfigFileApplicationListener  : Skipped config file 'file:./config/application.yaml' for profile integrationresource not found
2019-09-06 00:00:14.475 DEBUG 3859 --- [      runner-25] o.s.b.c.c.ConfigFileApplicationListener  : Skipped config file 'file:./application-integration.xml' resource not found
2019-09-06 00:00:14.475 DEBUG 3859 --- [      runner-25] o.s.b.c.c.ConfigFileApplicationListener  : Skipped config file 'file:./application-integration.xml' for profile integrationresource not found
2019-09-06 00:00:14.476 DEBUG 3859 --- [      runner-25] o.s.b.c.c.ConfigFileApplicationListener  : Skipped config file 'file:./application.xml' for profile integrationresource not found
2019-09-06 00:00:14.476 DEBUG 3859 --- [      runner-25] o.s.b.c.c.ConfigFileApplicationListener  : Skipped config file 'file:./application-integration.yml' resource not found
2019-09-06 00:00:14.476 DEBUG 3859 --- [      runner-25] o.s.b.c.c.ConfigFileApplicationListener  : Skipped config file 'file:./application-integration.yml' for profile integrationresource not found
2019-09-06 00:00:14.476 DEBUG 3859 --- [      runner-25] o.s.b.c.c.ConfigFileApplicationListener  : Skipped config file 'file:./application.yml' for profile integrationresource not found
2019-09-06 00:00:14.476 DEBUG 3859 --- [      runner-25] o.s.b.c.c.ConfigFileApplicationListener  : Skipped config file 'file:./application-integration.properties' resource not found
2019-09-06 00:00:14.476 DEBUG 3859 --- [      runner-25] o.s.b.c.c.ConfigFileApplicationListener  : Skipped config file 'file:./application-integration.properties' for profile integrationresource not found
2019-09-06 00:00:14.476 DEBUG 3859 --- [      runner-25] o.s.b.c.c.ConfigFileApplicationListener  : Skipped config file 'file:./application.properties' for profile integrationresource not found
2019-09-06 00:00:14.476 DEBUG 3859 --- [      runner-25] o.s.b.c.c.ConfigFileApplicationListener  : Skipped config file 'file:./application-integration.yaml' resource not found
2019-09-06 00:00:14.476 DEBUG 3859 --- [      runner-25] o.s.b.c.c.ConfigFileApplicationListener  : Skipped config file 'file:./application-integration.yaml' for profile integrationresource not found
2019-09-06 00:00:14.477 DEBUG 3859 --- [      runner-25] o.s.b.c.c.ConfigFileApplicationListener  : Skipped config file 'file:./application.yaml' for profile integrationresource not found
2019-09-06 00:00:14.477 DEBUG 3859 --- [      runner-25] o.s.b.c.c.ConfigFileApplicationListener  : Skipped config file 'classpath:/config/application-integration.xml' resource not found
2019-09-06 00:00:14.477 DEBUG 3859 --- [      runner-25] o.s.b.c.c.ConfigFileApplicationListener  : Skipped config file 'classpath:/config/application-integration.xml' for profile integrationresource not found
2019-09-06 00:00:14.477 DEBUG 3859 --- [      runner-25] o.s.b.c.c.ConfigFileApplicationListener  : Skipped config file 'classpath:/config/application.xml' for profile integrationresource not found
2019-09-06 00:00:14.477 DEBUG 3859 --- [      runner-25] o.s.b.c.c.ConfigFileApplicationListener  : Skipped config file 'classpath:/config/application-integration.yml' resource not found
2019-09-06 00:00:14.477 DEBUG 3859 --- [      runner-25] o.s.b.c.c.ConfigFileApplicationListener  : Skipped config file 'classpath:/config/application-integration.yml' for profile integrationresource not found
2019-09-06 00:00:14.477 DEBUG 3859 --- [      runner-25] o.s.b.c.c.ConfigFileApplicationListener  : Skipped config file 'classpath:/config/application.yml' for profile integrationresource not found
2019-09-06 00:00:14.477 DEBUG 3859 --- [      runner-25] o.s.b.c.c.ConfigFileApplicationListener  : Skipped config file 'classpath:/config/application-integration.properties' resource not found
2019-09-06 00:00:14.477 DEBUG 3859 --- [      runner-25] o.s.b.c.c.ConfigFileApplicationListener  : Skipped config file 'classpath:/config/application-integration.properties' for profile integrationresource not found
2019-09-06 00:00:14.478 DEBUG 3859 --- [      runner-25] o.s.b.c.c.ConfigFileApplicationListener  : Skipped config file 'classpath:/config/application.properties' for profile integrationresource not found
2019-09-06 00:00:14.478 DEBUG 3859 --- [      runner-25] o.s.b.c.c.ConfigFileApplicationListener  : Skipped config file 'classpath:/config/application-integration.yaml' resource not found
2019-09-06 00:00:14.478 DEBUG 3859 --- [      runner-25] o.s.b.c.c.ConfigFileApplicationListener  : Skipped config file 'classpath:/config/application-integration.yaml' for profile integrationresource not found
2019-09-06 00:00:14.478 DEBUG 3859 --- [      runner-25] o.s.b.c.c.ConfigFileApplicationListener  : Skipped config file 'classpath:/config/application.yaml' for profile integrationresource not found
2019-09-06 00:00:14.478 DEBUG 3859 --- [      runner-25] o.s.b.c.c.ConfigFileApplicationListener  : Skipped config file 'classpath:/application-integration.xml' resource not found
2019-09-06 00:00:14.478 DEBUG 3859 --- [      runner-25] o.s.b.c.c.ConfigFileApplicationListener  : Skipped config file 'classpath:/application-integration.xml' for profile integrationresource not found
2019-09-06 00:00:14.478 DEBUG 3859 --- [      runner-25] o.s.b.c.c.ConfigFileApplicationListener  : Skipped config file 'classpath:/application.xml' for profile integrationresource not found
2019-09-06 00:00:14.478 DEBUG 3859 --- [      runner-25] o.s.b.c.c.ConfigFileApplicationListener  : Skipped config file 'classpath:/application-integration.yml' resource not found
2019-09-06 00:00:14.479 DEBUG 3859 --- [      runner-25] o.s.b.c.c.ConfigFileApplicationListener  : Skipped config file 'classpath:/application-integration.yml' for profile integrationresource not found
2019-09-06 00:00:14.479 DEBUG 3859 --- [      runner-25] o.s.b.c.c.ConfigFileApplicationListener  : Skipped config file 'classpath:/application.yml' for profile integrationresource not found
2019-09-06 00:00:14.479 DEBUG 3859 --- [      runner-25] o.s.b.c.c.ConfigFileApplicationListener  : Skipped config file 'classpath:/application-integration.properties' resource not found
2019-09-06 00:00:14.479 DEBUG 3859 --- [      runner-25] o.s.b.c.c.ConfigFileApplicationListener  : Skipped config file 'classpath:/application-integration.properties' for profile integrationresource not found
2019-09-06 00:00:14.479 DEBUG 3859 --- [      runner-25] o.s.b.c.c.ConfigFileApplicationListener  : Skipped config file 'classpath:/application.properties' for profile integrationresource not found
2019-09-06 00:00:14.479 DEBUG 3859 --- [      runner-25] o.s.b.c.c.ConfigFileApplicationListener  : Skipped config file 'classpath:/application-integration.yaml' resource not found
2019-09-06 00:00:14.480 DEBUG 3859 --- [      runner-25] o.s.b.c.c.ConfigFileApplicationListener  : Skipped config file 'classpath:/application-integration.yaml' for profile integrationresource not found
2019-09-06 00:00:14.480 DEBUG 3859 --- [      runner-25] o.s.b.c.c.ConfigFileApplicationListener  : Skipped config file 'classpath:/application.yaml' for profile integrationresource not found
2019-09-06 00:00:14.481  INFO 3859 --- [      runner-25] s.c.a.AnnotationConfigApplicationContext : Refreshing org.springframework.context.annotation.AnnotationConfigApplicationContext@587dedb5: startup date [Fri Sep 06 00:00:14 UTC 2019]; root of context hierarchy
2019-09-06 00:00:14.531  WARN 3859 --- [      runner-25] s.c.a.AnnotationConfigApplicationContext : Exception encountered during context initialization - cancelling refresh attempt

org.springframework.beans.factory.BeanDefinitionStoreException: Failed to process import candidates for configuration class [org.test.SpringIntegrationExample]; nested exception is java.lang.IllegalStateException: java.io.FileNotFoundException: class path resource [org/springframework/boot/autoconfigure/aop/AopAutoConfiguration.class] cannot be opened because it does not exist
 at org.springframework.context.annotation.ConfigurationClassParser.processDeferredImportSelectors(ConfigurationClassParser.java:433)
 at org.springframework.context.annotation.ConfigurationClassParser.parse(ConfigurationClassParser.java:175)
 at org.springframework.context.annotation.ConfigurationClassPostProcessor.processConfigBeanDefinitions(ConfigurationClassPostProcessor.java:306)
 at org.springframework.context.annotation.ConfigurationClassPostProcessor.postProcessBeanDefinitionRegistry(ConfigurationClassPostProcessor.java:239)
 at org.springframework.context.support.PostProcessorRegistrationDelegate.invokeBeanDefinitionRegistryPostProcessors(PostProcessorRegistrationDelegate.java:254)
 at org.springframework.context.support.PostProcessorRegistrationDelegate.invokeBeanFactoryPostProcessors(PostProcessorRegistrationDelegate.java:94)
 at org.springframework.context.support.AbstractApplicationContext.invokeBeanFactoryPostProcessors(AbstractApplicationContext.java:606)
 at org.springframework.context.support.AbstractApplicationContext.refresh(AbstractApplicationContext.java:462)
 at org.springframework.boot.SpringApplication.refresh(SpringApplication.java:691)
 at org.springframework.boot.SpringApplication.run(SpringApplication.java:321)
 at org.springframework.boot.SpringApplication.run(SpringApplication.java:961)
 at sun.reflect.NativeMethodAccessorImpl.invoke0(Native Method)
 at sun.reflect.NativeMethodAccessorImpl.invoke(NativeMethodAccessorImpl.java:62)
 at sun.reflect.DelegatingMethodAccessorImpl.invoke(DelegatingMethodAccessorImpl.java:43)
 at java.lang.reflect.Method.invoke(Method.java:498)
 at org.springframework.boot.cli.command.run.SpringApplicationRunner$RunThread.run(SpringApplicationRunner.java:152)
Caused by: java.lang.IllegalStateException: java.io.FileNotFoundException: class path resource [org/springframework/boot/autoconfigure/aop/AopAutoConfiguration.class] cannot be opened because it does not exist
 at org.springframework.boot.autoconfigure.EnableAutoConfigurationImportSelector.selectImports(EnableAutoConfigurationImportSelector.java:78)
 at org.springframework.context.annotation.ConfigurationClassParser.processDeferredImportSelectors(ConfigurationClassParser.java:425)
 ... 15 common frames omitted
Caused by: java.io.FileNotFoundException: class path resource [org/springframework/boot/autoconfigure/aop/AopAutoConfiguration.class] cannot be opened because it does not exist
 at org.springframework.core.io.ClassPathResource.getInputStream(ClassPathResource.java:172)
 at org.springframework.core.type.classreading.SimpleMetadataReader.<init>(SimpleMetadataReader.java:50)
 at org.springframework.core.type.classreading.SimpleMetadataReaderFactory.getMetadataReader(SimpleMetadataReaderFactory.java:82)
 at org.springframework.core.type.classreading.CachingMetadataReaderFactory.getMetadataReader(CachingMetadataReaderFactory.java:102)
 at org.springframework.core.type.classreading.SimpleMetadataReaderFactory.getMetadataReader(SimpleMetadataReaderFactory.java:77)
 at org.springframework.boot.autoconfigure.AutoConfigurationSorter$AutoConfigurationClasses.<init>(AutoConfigurationSorter.java:121)
 at org.springframework.boot.autoconfigure.AutoConfigurationSorter.getInPriorityOrder(AutoConfigurationSorter.java:60)
 at org.springframework.boot.autoconfigure.EnableAutoConfigurationImportSelector.selectImports(EnableAutoConfigurationImportSelector.java:72)
 ... 16 common frames omitted

2019-09-06 00:00:14.533  INFO 3859 --- [      runner-25] .b.l.ClasspathLoggingApplicationListener : Application failed to start with classpath: []
2019-09-06 00:00:14.533 ERROR 3859 --- [      runner-25] o.s.boot.SpringApplication               : Application startup failed

org.springframework.beans.factory.BeanDefinitionStoreException: Failed to process import candidates for configuration class [org.test.SpringIntegrationExample]; nested exception is java.lang.IllegalStateException: java.io.FileNotFoundException: class path resource [org/springframework/boot/autoconfigure/aop/AopAutoConfiguration.class] cannot be opened because it does not exist
 at org.springframework.context.annotation.ConfigurationClassParser.processDeferredImportSelectors(ConfigurationClassParser.java:433)
 at org.springframework.context.annotation.ConfigurationClassParser.parse(ConfigurationClassParser.java:175)
 at org.springframework.context.annotation.ConfigurationClassPostProcessor.processConfigBeanDefinitions(ConfigurationClassPostProcessor.java:306)
 at org.springframework.context.annotation.ConfigurationClassPostProcessor.postProcessBeanDefinitionRegistry(ConfigurationClassPostProcessor.java:239)
 at org.springframework.context.support.PostProcessorRegistrationDelegate.invokeBeanDefinitionRegistryPostProcessors(PostProcessorRegistrationDelegate.java:254)
 at org.springframework.context.support.PostProcessorRegistrationDelegate.invokeBeanFactoryPostProcessors(PostProcessorRegistrationDelegate.java:94)
 at org.springframework.context.support.AbstractApplicationContext.invokeBeanFactoryPostProcessors(AbstractApplicationContext.java:606)
 at org.springframework.context.support.AbstractApplicationContext.refresh(AbstractApplicationContext.java:462)
 at org.springframework.boot.SpringApplication.refresh(SpringApplication.java:691)
 at org.springframework.boot.SpringApplication.run(SpringApplication.java:321)
 at org.springframework.boot.SpringApplication.run(SpringApplication.java:961)
 at sun.reflect.NativeMethodAccessorImpl.invoke0(Native Method)
 at sun.reflect.NativeMethodAccessorImpl.invoke(NativeMethodAccessorImpl.java:62)
 at sun.reflect.DelegatingMethodAccessorImpl.invoke(DelegatingMethodAccessorImpl.java:43)
 at java.lang.reflect.Method.invoke(Method.java:498)
 at org.springframework.boot.cli.command.run.SpringApplicationRunner$RunThread.run(SpringApplicationRunner.java:152)
Caused by: java.lang.IllegalStateException: java.io.FileNotFoundException: class path resource [org/springframework/boot/autoconfigure/aop/AopAutoConfiguration.class] cannot be opened because it does not exist
 at org.springframework.boot.autoconfigure.EnableAutoConfigurationImportSelector.selectImports(EnableAutoConfigurationImportSelector.java:78)
 at org.springframework.context.annotation.ConfigurationClassParser.processDeferredImportSelectors(ConfigurationClassParser.java:425)
 ... 15 common frames omitted
Caused by: java.io.FileNotFoundException: class path resource [org/springframework/boot/autoconfigure/aop/AopAutoConfiguration.class] cannot be opened because it does not exist
 at org.springframework.core.io.ClassPathResource.getInputStream(ClassPathResource.java:172)
 at org.springframework.core.type.classreading.SimpleMetadataReader.<init>(SimpleMetadataReader.java:50)
 at org.springframework.core.type.classreading.SimpleMetadataReaderFactory.getMetadataReader(SimpleMetadataReaderFactory.java:82)
 at org.springframework.core.type.classreading.CachingMetadataReaderFactory.getMetadataReader(CachingMetadataReaderFactory.java:102)
 at org.springframework.core.type.classreading.SimpleMetadataReaderFactory.getMetadataReader(SimpleMetadataReaderFactory.java:77)
 at org.springframework.boot.autoconfigure.AutoConfigurationSorter$AutoConfigurationClasses.<init>(AutoConfigurationSorter.java:121)
 at org.springframework.boot.autoconfigure.AutoConfigurationSorter.getInPriorityOrder(AutoConfigurationSorter.java:60)
 at org.springframework.boot.autoconfigure.EnableAutoConfigurationImportSelector.selectImports(EnableAutoConfigurationImportSelector.java:72)
 ... 16 common frames omitted

java.lang.reflect.InvocationTargetException
 at sun.reflect.NativeMethodAccessorImpl.invoke0(Native Method)
 at sun.reflect.NativeMethodAccessorImpl.invoke(NativeMethodAccessorImpl.java:62)
 at sun.reflect.DelegatingMethodAccessorImpl.invoke(DelegatingMethodAccessorImpl.java:43)
 at java.lang.reflect.Method.invoke(Method.java:498)
 at org.springframework.boot.cli.command.run.SpringApplicationRunner$RunThread.run(SpringApplicationRunner.java:152)
Caused by: org.springframework.beans.factory.BeanDefinitionStoreException: Failed to process import candidates for configuration class [org.test.SpringIntegrationExample]; nested exception is java.lang.IllegalStateException: java.io.FileNotFoundException: class path resource [org/springframework/boot/autoconfigure/aop/AopAutoConfiguration.class] cannot be opened because it does not exist
 at org.springframework.context.annotation.ConfigurationClassParser.processDeferredImportSelectors(ConfigurationClassParser.java:433)
 at org.springframework.context.annotation.ConfigurationClassParser.parse(ConfigurationClassParser.java:175)
 at org.springframework.context.annotation.ConfigurationClassPostProcessor.processConfigBeanDefinitions(ConfigurationClassPostProcessor.java:306)
 at org.springframework.context.annotation.ConfigurationClassPostProcessor.postProcessBeanDefinitionRegistry(ConfigurationClassPostProcessor.java:239)
 at org.springframework.context.support.PostProcessorRegistrationDelegate.invokeBeanDefinitionRegistryPostProcessors(PostProcessorRegistrationDelegate.java:254)
 at org.springframework.context.support.PostProcessorRegistrationDelegate.invokeBeanFactoryPostProcessors(PostProcessorRegistrationDelegate.java:94)
 at org.springframework.context.support.AbstractApplicationContext.invokeBeanFactoryPostProcessors(AbstractApplicationContext.java:606)
 at org.springframework.context.support.AbstractApplicationContext.refresh(AbstractApplicationContext.java:462)
 at org.springframework.boot.SpringApplication.refresh(SpringApplication.java:691)
 at org.springframework.boot.SpringApplication.run(SpringApplication.java:321)
 at org.springframework.boot.SpringApplication.run(SpringApplication.java:961)
 ... 5 more
Caused by: java.lang.IllegalStateException: java.io.FileNotFoundException: class path resource [org/springframework/boot/autoconfigure/aop/AopAutoConfiguration.class] cannot be opened because it does not exist
 at org.springframework.boot.autoconfigure.EnableAutoConfigurationImportSelector.selectImports(EnableAutoConfigurationImportSelector.java:78)
 at org.springframework.context.annotation.ConfigurationClassParser.processDeferredImportSelectors(ConfigurationClassParser.java:425)
 ... 15 more
Caused by: java.io.FileNotFoundException: class path resource [org/springframework/boot/autoconfigure/aop/AopAutoConfiguration.class] cannot be opened because it does not exist
 at org.springframework.core.io.ClassPathResource.getInputStream(ClassPathResource.java:172)
 at org.springframework.core.type.classreading.SimpleMetadataReader.<init>(SimpleMetadataReader.java:50)
 at org.springframework.core.type.classreading.SimpleMetadataReaderFactory.getMetadataReader(SimpleMetadataReaderFactory.java:82)
 at org.springframework.core.type.classreading.CachingMetadataReaderFactory.getMetadataReader(CachingMetadataReaderFactory.java:102)
 at org.springframework.core.type.classreading.SimpleMetadataReaderFactory.getMetadataReader(SimpleMetadataReaderFactory.java:77)
 at org.springframework.boot.autoconfigure.AutoConfigurationSorter$AutoConfigurationClasses.<init>(AutoConfigurationSorter.java:121)
 at org.springframework.boot.autoconfigure.AutoConfigurationSorter.getInPriorityOrder(AutoConfigurationSorter.java:60)
 at org.springframework.boot.autoconfigure.EnableAutoConfigurationImportSelector.selectImports(EnableAutoConfigurationImportSelector.java:72)
 ... 16 more
"
spring-projects-spring-boot,org.springframework.boot.cli.compiler.grape.AetherGrapeEngineTests#dependencyResolution,matched (5512 report(s) available),org.springframework.boot.cli.compiler.grape.DependencyResolutionFailedException,Async Wait,guess: found async-related keyword 'executor' in exception/message/test name,org.eclipse.aether.resolution.DependencyResolutionException: Failed to collect dependencies at org.springframework:spring-jdbc:jar:3.2.4.RELEASE
spring-projects-spring-boot,org.springframework.boot.cli.compiler.grape.AetherGrapeEngineTests#resolutionWithClassifier,matched (5512 report(s) available),org.springframework.boot.cli.compiler.grape.DependencyResolutionFailedException,Async Wait,guess: found async-related keyword 'executor' in exception/message/test name,org.eclipse.aether.resolution.DependencyResolutionException: Failed to collect dependencies at org.springframework:spring-jdbc:jar:sources:3.2.4.RELEASE
spring-projects-spring-boot,org.springframework.boot.cli.compiler.grape.AetherGrapeEngineTests#dependencyResolutionWithCustomClassLoader,matched (5512 report(s) available),org.springframework.boot.cli.compiler.grape.DependencyResolutionFailedException,Async Wait,guess: found async-related keyword 'executor' in exception/message/test name,org.eclipse.aether.resolution.DependencyResolutionException: Failed to collect dependencies at org.springframework:spring-jdbc:jar:3.2.4.RELEASE
spring-projects-spring-boot,org.springframework.boot.cli.compiler.grape.AetherGrapeEngineTests#pomDependencyResolutionViaType,matched (5512 report(s) available),org.springframework.boot.cli.compiler.grape.DependencyResolutionFailedException,Async Wait,guess: found async-related keyword 'executor' in exception/message/test name,org.eclipse.aether.resolution.DependencyResolutionException: Failed to collect dependencies at org.springframework:spring-framework-bom:pom:4.0.5.RELEASE
spring-projects-spring-boot,org.springframework.boot.cli.compiler.grape.AetherGrapeEngineTests#nonTransitiveDependencyResolution,matched (5512 report(s) available),org.springframework.boot.cli.compiler.grape.DependencyResolutionFailedException,Async Wait,guess: found async-related keyword 'executor' in exception/message/test name,org.eclipse.aether.resolution.DependencyResolutionException: Failed to collect dependencies at org.springframework:spring-jdbc:jar:3.2.4.RELEASE
spring-projects-spring-boot,org.springframework.boot.cli.compiler.grape.AetherGrapeEngineTests#dependencyResolutionWithExclusions,matched (5512 report(s) available),org.springframework.boot.cli.compiler.grape.DependencyResolutionFailedException,Async Wait,guess: found async-related keyword 'executor' in exception/message/test name,org.eclipse.aether.resolution.DependencyResolutionException: Failed to collect dependencies at org.springframework:spring-jdbc:jar:3.2.4.RELEASE
spring-projects-spring-boot,org.springframework.boot.cli.compiler.grape.AetherGrapeEngineTests#pomDependencyResolutionViaExt,matched (5512 report(s) available),org.springframework.boot.cli.compiler.grape.DependencyResolutionFailedException,Async Wait,guess: found async-related keyword 'executor' in exception/message/test name,org.eclipse.aether.resolution.DependencyResolutionException: Failed to collect dependencies at org.springframework:spring-framework-bom:pom:4.0.5.RELEASE
spring-projects-spring-boot,sample.liquibase.SampleLiquibaseApplicationTests#testDefaultSettings,matched (1 report(s) available),org.springframework.beans.factory.BeanCreationException,Async Wait,guess: found async-related keyword 'callback' in exception/message/test name,Error creating bean with name 'liquibase' defined in class path resource [org/springframework/boot/autoconfigure/liquibase/LiquibaseAutoConfiguration$LiquibaseConfiguration.class]: Invocation of init method failed; nested exception is java.lang.ExceptionInInitializerError
square-okhttp,com.squareup.okhttp.internal.http.ResponseCacheTest#cacheCanUseCriteriaBesidesVariantObeyed,matched (3 report(s) available),java.lang.AssertionError,Unclear,no rule matched -- raw exception type was 'java.lang.AssertionError',java.net.UnknownHostException: ip-172-31-60-164: ip-172-31-60-164: Temporary failure in name resolution
square-okhttp,com.squareup.okhttp.internal.http.ResponseCacheTest#requestOnlyIfCachedWithNoResponseCached,matched (3 report(s) available),java.lang.AssertionError,Unclear,no rule matched -- raw exception type was 'java.lang.AssertionError',java.net.UnknownHostException: ip-172-31-60-164: ip-172-31-60-164: Temporary failure in name resolution
square-okhttp,com.squareup.okhttp.internal.http.ResponseCacheTest#maxAgePreferredWithMaxAgeAndExpires,matched (2 report(s) available),java.lang.AssertionError,Unclear,no rule matched -- raw exception type was 'java.lang.AssertionError',java.net.UnknownHostException: ip-172-31-63-122: ip-172-31-63-122: Temporary failure in name resolution
square-okhttp,com.squareup.okhttp.internal.http.ResponseCacheTest#contentLocationDoesNotPopulateCache,matched (1 report(s) available),java.lang.AssertionError,Unclear,no rule matched -- raw exception type was 'java.lang.AssertionError',java.net.UnknownHostException: ip-172-31-63-122: ip-172-31-63-122: Temporary failure in name resolution
square-okhttp,com.squareup.okhttp.internal.http.ResponseCacheTest#clientPrematureDisconnectWithNoLengthHeaders,matched (1 report(s) available),java.lang.AssertionError,Unclear,no rule matched -- raw exception type was 'java.lang.AssertionError',java.net.UnknownHostException: ip-172-31-63-122: ip-172-31-63-122: Temporary failure in name resolution
square-okhttp,com.squareup.okhttp.internal.http.ResponseCacheTest#setIfModifiedSince,matched (1 report(s) available),java.lang.AssertionError,Unclear,no rule matched -- raw exception type was 'java.lang.AssertionError',java.net.UnknownHostException: ip-172-31-63-122: ip-172-31-63-122: Temporary failure in name resolution
square-okhttp,com.squareup.okhttp.internal.http.ResponseCacheTest#noDefaultExpirationForUrlsWithQueryString,matched (1 report(s) available),java.lang.AssertionError,Unclear,no rule matched -- raw exception type was 'java.lang.AssertionError',java.net.UnknownHostException: ip-172-31-63-122: ip-172-31-63-122: Temporary failure in name resolution
square-okhttp,com.squareup.okhttp.internal.http.ResponseCacheTest#maxAgeInTheFutureWithDateHeader,matched (1 report(s) available),java.lang.AssertionError,Unclear,no rule matched -- raw exception type was 'java.lang.AssertionError',java.net.UnknownHostException: ip-172-31-63-122: ip-172-31-63-122: Temporary failure in name resolution
square-okhttp,com.squareup.okhttp.internal.http.ResponseCacheTest#serverReturnsDocumentOlderThanCache,matched (1 report(s) available),java.lang.AssertionError,Unclear,no rule matched -- raw exception type was 'java.lang.AssertionError',java.net.UnknownHostException: ip-172-31-63-122: ip-172-31-63-122: Temporary failure in name resolution
square-okhttp,com.squareup.okhttp.internal.http.ResponseCacheTest#responseCachingAndInputStreamSkipWithChunkedEncoding,matched (2 report(s) available),java.net.SocketException,Unclear,no rule matched -- raw exception type was 'java.net.SocketException',Network is unreachable (connect failed)
square-okhttp,com.squareup.okhttp.internal.http.ResponseCacheTest#clientSuppliedConditionWithoutCachedResult,matched (1 report(s) available),java.lang.AssertionError,Unclear,no rule matched -- raw exception type was 'java.lang.AssertionError',java.net.UnknownHostException: ip-172-31-63-122: ip-172-31-63-122: Temporary failure in name resolution
square-okhttp,com.squareup.okhttp.internal.http.ResponseCacheTest#requestPragmaNoCache,matched (1 report(s) available),java.lang.AssertionError,Unclear,no rule matched -- raw exception type was 'java.lang.AssertionError',java.net.UnknownHostException: ip-172-31-63-122: ip-172-31-63-122: Temporary failure in name resolution
square-okhttp,com.squareup.okhttp.internal.http.ResponseCacheTest#cacheControlNoStoreAndExpirationDateInTheFuture,matched (1 report(s) available),java.net.SocketException,Unclear,no rule matched -- raw exception type was 'java.net.SocketException',Network is unreachable (connect failed)
square-okhttp,com.squareup.okhttp.internal.http.ResponseCacheTest#getHeadersDeletesCached100LevelWarnings,matched (1 report(s) available),java.net.SocketException,Unclear,no rule matched -- raw exception type was 'java.net.SocketException',Network is unreachable (connect failed)
square-okhttp,com.squareup.okhttp.internal.http.ResponseCacheTest#clientPrematureDisconnectWithContentLengthHeader,matched (1 report(s) available),java.net.SocketException,Unclear,no rule matched -- raw exception type was 'java.net.SocketException',Network is unreachable (connect failed)
square-okhttp,com.squareup.okhttp.internal.http.ResponseCacheTest#etag,matched (1 report(s) available),java.net.SocketException,Unclear,no rule matched -- raw exception type was 'java.net.SocketException',Network is unreachable (connect failed)
square-okhttp,com.squareup.okhttp.internal.http.ResponseCacheTest#authorizationResponseCachedWithMustRevalidate,matched (1 report(s) available),java.net.SocketException,Unclear,no rule matched -- raw exception type was 'java.net.SocketException',Network is unreachable (connect failed)
square-okhttp,com.squareup.okhttp.internal.http.ResponseCacheTest#maxAgePreferredOverLowerSharedMaxAge,matched (1 report(s) available),java.net.SocketException,Unclear,no rule matched -- raw exception type was 'java.net.SocketException',Network is unreachable (connect failed)
square-okhttp,com.squareup.okhttp.internal.http.ResponseCacheTest#responseCachingAndRedirects,matched (1 report(s) available),java.net.SocketException,Unclear,no rule matched -- raw exception type was 'java.net.SocketException',Network is unreachable (connect failed)
square-okhttp,com.squareup.okhttp.AsyncApiTest#redirect,matched (1 report(s) available),java.lang.AssertionError,Async Wait,guess: found async-related keyword 'async' in exception/message/test name,Timed out waiting for response to http://ip-172-31-53-199:43209/c
square-okhttp,com.squareup.okhttp.internal.spdy.SpdyConnectionTest#receiveGoAwayHttp2,matched (26 report(s) available),java.lang.AssertionError,Unclear,no rule matched -- raw exception type was 'java.lang.AssertionError',expected:<1> but was:<0>
square-okhttp,com.squareup.okhttp.internal.spdy.SpdyConnectionTest#pushPromiseStream,matched (1361 report(s) available),java.lang.AssertionError,Unclear,no rule matched -- raw exception type was 'java.lang.AssertionError',expected:<2> but was:<1>
square-okhttp,com.squareup.okhttp.internal.spdy.SpdyConnectionTest#serverClosesClientInputStream,matched (2483 report(s) available),java.lang.AssertionError,Unclear,no rule matched -- raw exception type was 'java.lang.AssertionError',expected:<0> but was:<1>
square-okhttp,com.squareup.okhttp.internal.spdy.SpdyConnectionTest#replyWithNoData,matched (3 report(s) available),java.lang.AssertionError,Unclear,no rule matched -- raw exception type was 'java.lang.AssertionError',expected:<1> but was:<0>
square-okhttp,com.squareup.okhttp.internal.spdy.SpdyConnectionTest#headersOnlyStreamIsClosedAfterReplyHeaders,matched (3196 report(s) available),java.lang.AssertionError,Unclear,no rule matched -- raw exception type was 'java.lang.AssertionError',expected:<0> but was:<1>
square-okhttp,com.squareup.okhttp.internal.spdy.SpdyConnectionTest#readSendsWindowUpdateHttp2,matched (1778 report(s) available),java.lang.AssertionError,Unclear,no rule matched -- raw exception type was 'java.lang.AssertionError',expected:<1> but was:<0>
square-okhttp,com.squareup.okhttp.internal.spdy.SpdyConnectionTest#remoteSendsDataAfterInFinished,matched (57 report(s) available),java.io.IOException,Unclear,no rule matched -- raw exception type was 'java.io.IOException',stream was reset: CANCEL
square-okhttp,com.squareup.okhttp.internal.spdy.SpdyConnectionTest#initialSettingsWithWindowSizeAdjustsConnection,matched (5 report(s) available),java.lang.NullPointerException:,Unclear,no rule matched -- raw exception type was 'java.lang.NullPointerException:',
square-okhttp,com.squareup.okhttp.internal.spdy.SpdyConnectionTest#maxFrameSizeHonored,matched (3 report(s) available),java.net.SocketException,Unclear,no rule matched -- raw exception type was 'java.net.SocketException',Broken pipe (Write failed)
square-okhttp,com.squareup.okhttp.internal.spdy.SpdyConnectionTest#peerHttp2ServerZerosCompressionTable,matched (456 report(s) available),java.lang.AssertionError,Unclear,no rule matched -- raw exception type was 'java.lang.AssertionError',expected:<0> but was:<4096>
square-okhttp,com.squareup.okhttp.internal.http.HttpResponseCacheTest#responseSourceHeaderConditionalCacheNotFetched,matched (1 report(s) available),java.net.SocketException,Unclear,no rule matched -- raw exception type was 'java.net.SocketException',Network is unreachable (connect failed)
square-okhttp,com.squareup.okhttp.internal.http.HttpResponseCacheTest#responseCaching_410,matched (1 report(s) available),java.net.SocketException,Unclear,no rule matched -- raw exception type was 'java.net.SocketException',Network is unreachable (connect failed)
square-okhttp,com.squareup.okhttp.internal.http.HttpResponseCacheTest#clientPrematureDisconnectWithChunkedEncoding,matched (1 report(s) available),java.net.SocketException,Unclear,no rule matched -- raw exception type was 'java.net.SocketException',Network is unreachable (connect failed)
square-okhttp,com.squareup.okhttp.internal.http.HttpResponseCacheTest#statisticsConditionalCacheMiss,matched (1 report(s) available),java.net.SocketException,Unclear,no rule matched -- raw exception type was 'java.net.SocketException',Network is unreachable (connect failed)
square-okhttp,com.squareup.okhttp.internal.http.HttpResponseCacheTest#expirationDateInThePastWithLastModifiedHeader,matched (1 report(s) available),java.net.SocketException,Unclear,no rule matched -- raw exception type was 'java.net.SocketException',Network is unreachable (connect failed)
square-okhttp,com.squareup.okhttp.internal.http.HttpResponseCacheTest#responseSourceHeaderFetched,matched (1 report(s) available),java.net.SocketException,Unclear,no rule matched -- raw exception type was 'java.net.SocketException',Network is unreachable (connect failed)
square-okhttp,com.squareup.okhttp.internal.http.HttpResponseCacheTest#responseCachingByResponseCode,matched (3 report(s) available),java.lang.AssertionError,Unclear,no rule matched -- raw exception type was 'java.lang.AssertionError',expected:<416> but was:<301>
square-okhttp,com.squareup.okhttp.internal.http.URLConnectionTest#postFailsWithFixedLengthRequestForLargeRequest,matched (698 report(s) available),java.net.SocketException,Unclear,no rule matched -- raw exception type was 'java.net.SocketException',Connection reset
square-okhttp,com.squareup.okhttp.internal.http.URLConnectionTest#response300MultipleChoiceWithPost,matched (1 report(s) available),java.net.SocketException,Unclear,no rule matched -- raw exception type was 'java.net.SocketException',Network is unreachable (connect failed)
square-okhttp,com.squareup.okhttp.internal.http.URLConnectionTest#digestAuthentication,matched (1 report(s) available),java.net.SocketException,Unclear,no rule matched -- raw exception type was 'java.net.SocketException',Network is unreachable (connect failed)
square-okhttp,com.squareup.okhttp.internal.http.URLConnectionTest#requestBodySurvivesRetriesWithFixedLength,matched (30 report(s) available),java.net.SocketException,Unclear,no rule matched -- raw exception type was 'java.net.SocketException',Connection reset
square-okhttp,com.squareup.okhttp.internal.http.URLConnectionTest#connectRetriesUntilConnectedOrFailed,matched (5 report(s) available),java.lang.AssertionError:,Unclear,no rule matched -- raw exception type was 'java.lang.AssertionError:',
square-okhttp,com.squareup.okhttp.internal.http.URLConnectionTest#connectViaHttpProxyToHttpsUsingBadProxyAndHttpResponseCache,matched (8540 report(s) available),java.lang.NoSuchMethodError,Unclear,no rule matched -- raw exception type was 'java.lang.NoSuchMethodError',sun.security.ssl.Handshaker.setSNIServerNames(Ljava/util/List;)V
square-okhttp,com.squareup.okhttp.internal.http.URLConnectionTest#canSetNegativeChunkedStreamingMode,matched (1 report(s) available),java.lang.AssertionError,Unclear,no rule matched -- raw exception type was 'java.lang.AssertionError',java.net.UnknownHostException: ip-172-31-63-175: ip-172-31-63-175: Temporary failure in name resolution
square-okhttp,com.squareup.okhttp.internal.http.URLConnectionTest#requestBodySurvivesRetriesWithBufferedBody,matched (1 report(s) available),java.lang.AssertionError,Unclear,no rule matched -- raw exception type was 'java.lang.AssertionError',java.net.UnknownHostException: ip-172-31-63-175: ip-172-31-63-175: Temporary failure in name resolution
square-okhttp,com.squareup.okhttp.internal.http.URLConnectionTest#emptyResponseHeaderNameIsLenient,matched (1 report(s) available),java.lang.AssertionError,Unclear,no rule matched -- raw exception type was 'java.lang.AssertionError',java.net.UnknownHostException: ip-172-31-63-175: ip-172-31-63-175: Temporary failure in name resolution
square-okhttp,com.squareup.okhttp.internal.http.URLConnectionTest#gzipWithRedirectAndConnectionReuse,matched (1 report(s) available),java.lang.AssertionError,Unclear,no rule matched -- raw exception type was 'java.lang.AssertionError',java.net.UnknownHostException: ip-172-31-63-175: ip-172-31-63-175: Temporary failure in name resolution
square-okhttp,com.squareup.okhttp.internal.http.URLConnectionTest#redirectedWithNoLengthHeaders,matched (1 report(s) available),java.lang.AssertionError,Unclear,no rule matched -- raw exception type was 'java.lang.AssertionError',java.net.UnknownHostException: ip-172-31-63-175: ip-172-31-63-175: Temporary failure in name resolution
square-okhttp,com.squareup.okhttp.internal.http.URLConnectionTest#fullyBufferedPostIsTooShort,matched (1 report(s) available),java.lang.AssertionError,Unclear,no rule matched -- raw exception type was 'java.lang.AssertionError',java.net.UnknownHostException: ip-172-31-63-175: ip-172-31-63-175: Temporary failure in name resolution
square-okhttp,com.squareup.okhttp.internal.http.URLConnectionTest#fixedLengthUpload_smallBuffers,matched (1 report(s) available),java.lang.AssertionError,Unclear,no rule matched -- raw exception type was 'java.lang.AssertionError',java.net.UnknownHostException: ip-172-31-63-175: ip-172-31-63-175: Temporary failure in name resolution
square-okhttp,com.squareup.okhttp.internal.http.URLConnectionTest#postFailsWithChunkedRequestForSmallRequest,matched (2385 report(s) available),java.net.SocketException,Unclear,no rule matched -- raw exception type was 'java.net.SocketException',Connection reset
square-okhttp,com.squareup.okhttp.internal.http.URLConnectionTest#chunkedUpload_byteByByte,matched (4 report(s) available),java.lang.AssertionError,Unclear,no rule matched -- raw exception type was 'java.lang.AssertionError',java.net.UnknownHostException: ip-172-31-58-70: ip-172-31-58-70: Temporary failure in name resolution
square-okhttp,com.squareup.okhttp.internal.http.URLConnectionTest#redirectedWithChunkedEncoding,matched (4 report(s) available),java.lang.AssertionError,Unclear,no rule matched -- raw exception type was 'java.lang.AssertionError',java.net.UnknownHostException: ip-172-31-58-70: ip-172-31-58-70: Temporary failure in name resolution
square-okhttp,com.squareup.okhttp.internal.http.URLConnectionTest#setInvalidRequestMethodLowercase,matched (4 report(s) available),java.lang.AssertionError,Unclear,no rule matched -- raw exception type was 'java.lang.AssertionError',java.net.UnknownHostException: ip-172-31-58-70: ip-172-31-58-70: Temporary failure in name resolution
square-okhttp,com.squareup.okhttp.internal.http.URLConnectionTest#fullyBufferedPostIsTooLong,matched (4 report(s) available),java.lang.AssertionError,Unclear,no rule matched -- raw exception type was 'java.lang.AssertionError',java.net.UnknownHostException: ip-172-31-58-70: ip-172-31-58-70: Temporary failure in name resolution
square-okhttp,com.squareup.okhttp.internal.http.URLConnectionTest#authenticateRealmUppercase,matched (4 report(s) available),java.lang.AssertionError,Unclear,no rule matched -- raw exception type was 'java.lang.AssertionError',java.net.UnknownHostException: ip-172-31-58-70: ip-172-31-58-70: Temporary failure in name resolution
square-okhttp,com.squareup.okhttp.internal.http.URLConnectionTest#postFailsWithBufferedRequestForSmallRequest,matched (4 report(s) available),java.lang.AssertionError,Unclear,no rule matched -- raw exception type was 'java.lang.AssertionError',java.net.UnknownHostException: ip-172-31-58-70: ip-172-31-58-70: Temporary failure in name resolution
square-okhttp,com.squareup.okhttp.internal.http.URLConnectionTest#inputStreamAvailableWithContentLengthHeader,matched (4 report(s) available),java.lang.AssertionError,Unclear,no rule matched -- raw exception type was 'java.lang.AssertionError',java.net.UnknownHostException: ip-172-31-58-70: ip-172-31-58-70: Temporary failure in name resolution
square-okhttp,com.squareup.okhttp.internal.http.URLConnectionTest#setProtocols,matched (4 report(s) available),java.lang.AssertionError,Unclear,no rule matched -- raw exception type was 'java.lang.AssertionError',java.net.UnknownHostException: ip-172-31-58-70: ip-172-31-58-70: Temporary failure in name resolution
square-okhttp,com.squareup.okhttp.internal.http.URLConnectionTest#connectionCloseInRequest,matched (4 report(s) available),java.lang.AssertionError,Unclear,no rule matched -- raw exception type was 'java.lang.AssertionError',java.net.UnknownHostException: ip-172-31-58-70: ip-172-31-58-70: Temporary failure in name resolution
square-okhttp,com.squareup.okhttp.internal.http.URLConnectionTest#response307WithOptions,matched (4 report(s) available),java.lang.AssertionError,Unclear,no rule matched -- raw exception type was 'java.lang.AssertionError',java.net.UnknownHostException: ip-172-31-58-70: ip-172-31-58-70: Temporary failure in name resolution
square-okhttp,com.squareup.okhttp.internal.http.URLConnectionTest#getOutputStreamOnGetFails,matched (4 report(s) available),java.lang.AssertionError,Unclear,no rule matched -- raw exception type was 'java.lang.AssertionError',java.net.UnknownHostException: ip-172-31-58-70: ip-172-31-58-70: Temporary failure in name resolution
square-okhttp,com.squareup.okhttp.internal.http.URLConnectionTest#earlyDisconnectDoesntHarmPoolingWithFixedLengthEncoding,matched (4 report(s) available),java.lang.AssertionError,Unclear,no rule matched -- raw exception type was 'java.lang.AssertionError',java.net.UnknownHostException: ip-172-31-58-70: ip-172-31-58-70: Temporary failure in name resolution
square-okhttp,com.squareup.okhttp.internal.http.URLConnectionTest#unauthorizedResponseHandling,matched (4 report(s) available),java.lang.AssertionError,Unclear,no rule matched -- raw exception type was 'java.lang.AssertionError',java.net.UnknownHostException: ip-172-31-58-70: ip-172-31-58-70: Temporary failure in name resolution
square-okhttp,com.squareup.okhttp.internal.http.URLConnectionTest#clientConfiguredCustomContentEncoding,matched (4 report(s) available),java.lang.AssertionError,Unclear,no rule matched -- raw exception type was 'java.lang.AssertionError',java.net.UnknownHostException: ip-172-31-58-70: ip-172-31-58-70: Temporary failure in name resolution
square-okhttp,com.squareup.okhttp.internal.http.URLConnectionTest#cannotSetNegativeFixedLengthStreamingMode,matched (4 report(s) available),java.lang.AssertionError,Unclear,no rule matched -- raw exception type was 'java.lang.AssertionError',java.net.UnknownHostException: ip-172-31-58-70: ip-172-31-58-70: Temporary failure in name resolution
square-okhttp,com.squareup.okhttp.internal.http.URLConnectionTest#response303SeeOtherWithPost,matched (4 report(s) available),java.lang.AssertionError,Unclear,no rule matched -- raw exception type was 'java.lang.AssertionError',java.net.UnknownHostException: ip-172-31-58-70: ip-172-31-58-70: Temporary failure in name resolution
square-okhttp,com.squareup.okhttp.internal.http.URLConnectionTest#chunkedUpload_smallBuffers,matched (4 report(s) available),java.lang.AssertionError,Unclear,no rule matched -- raw exception type was 'java.lang.AssertionError',java.net.UnknownHostException: ip-172-31-58-70: ip-172-31-58-70: Temporary failure in name resolution
square-okhttp,com.squareup.okhttp.internal.http.URLConnectionTest#setInvalidRequestMethodConnect,matched (4 report(s) available),java.lang.AssertionError,Unclear,no rule matched -- raw exception type was 'java.lang.AssertionError',java.net.UnknownHostException: ip-172-31-58-70: ip-172-31-58-70: Temporary failure in name resolution
square-okhttp,com.squareup.okhttp.internal.http.URLConnectionTest#serverShutdownOutput,matched (264 report(s) available),java.lang.AssertionError,Unclear,no rule matched -- raw exception type was 'java.lang.AssertionError',java.net.UnknownHostException: ip-172-31-58-70: ip-172-31-58-70: Temporary failure in name resolution
square-okhttp,com.squareup.okhttp.internal.http.URLConnectionTest#responseHeaders,matched (4 report(s) available),java.lang.AssertionError,Unclear,no rule matched -- raw exception type was 'java.lang.AssertionError',java.net.UnknownHostException: ip-172-31-58-70: ip-172-31-58-70: Temporary failure in name resolution
square-okhttp,com.squareup.okhttp.internal.http.URLConnectionTest#fixedLengthUpload_largeBuffers,matched (4 report(s) available),java.lang.AssertionError,Unclear,no rule matched -- raw exception type was 'java.lang.AssertionError',java.net.UnknownHostException: ip-172-31-58-70: ip-172-31-58-70: Temporary failure in name resolution
square-okhttp,com.squareup.okhttp.internal.http.URLConnectionTest#singleByteReadIsSigned,matched (4 report(s) available),java.lang.AssertionError,Unclear,no rule matched -- raw exception type was 'java.lang.AssertionError',java.net.UnknownHostException: ip-172-31-58-70: ip-172-31-58-70: Temporary failure in name resolution
square-okhttp,com.squareup.okhttp.internal.http.URLConnectionTest#postFailsWithFixedLengthRequestForSmallRequest,matched (422 report(s) available),java.lang.AssertionError,Unclear,no rule matched -- raw exception type was 'java.lang.AssertionError',java.net.UnknownHostException: ip-172-31-58-70: ip-172-31-58-70: Temporary failure in name resolution
square-okhttp,com.squareup.okhttp.internal.http.URLConnectionTest#serverSendsInvalidCodeTooLarge,matched (4 report(s) available),java.lang.AssertionError,Unclear,no rule matched -- raw exception type was 'java.lang.AssertionError',java.net.UnknownHostException: ip-172-31-58-70: ip-172-31-58-70: Temporary failure in name resolution
square-okhttp,com.squareup.okhttp.internal.http.URLConnectionTest#response305UseProxy,matched (4 report(s) available),java.lang.AssertionError,Unclear,no rule matched -- raw exception type was 'java.lang.AssertionError',java.net.UnknownHostException: ip-172-31-58-70: ip-172-31-58-70: Temporary failure in name resolution
square-okhttp,com.squareup.okhttp.internal.http.URLConnectionTest#readAfterLastByte,matched (5 report(s) available),java.lang.AssertionError,Unclear,no rule matched -- raw exception type was 'java.lang.AssertionError',java.net.UnknownHostException: ip-172-31-58-70: ip-172-31-58-70: Temporary failure in name resolution
square-okhttp,com.squareup.okhttp.internal.http.URLConnectionTest#serverShutdownInput,matched (5 report(s) available),java.lang.AssertionError,Unclear,no rule matched -- raw exception type was 'java.lang.AssertionError',java.net.UnknownHostException: ip-172-31-58-70: ip-172-31-58-70: Temporary failure in name resolution
square-okhttp,com.squareup.okhttp.internal.http.URLConnectionTest#inputStreamAvailableWithNoLengthHeaders,matched (5 report(s) available),java.lang.AssertionError,Unclear,no rule matched -- raw exception type was 'java.lang.AssertionError',java.net.UnknownHostException: ip-172-31-58-70: ip-172-31-58-70: Temporary failure in name resolution
square-okhttp,com.squareup.okhttp.internal.http.URLConnectionTest#zeroLengthPut,matched (4 report(s) available),java.lang.AssertionError,Unclear,no rule matched -- raw exception type was 'java.lang.AssertionError',java.net.UnknownHostException: ip-172-31-58-70: ip-172-31-58-70: Temporary failure in name resolution
square-okhttp,com.squareup.okhttp.internal.http.URLConnectionTest#response307WithHead,matched (4 report(s) available),java.lang.AssertionError,Unclear,no rule matched -- raw exception type was 'java.lang.AssertionError',java.net.UnknownHostException: ip-172-31-58-70: ip-172-31-58-70: Temporary failure in name resolution
square-okhttp,com.squareup.okhttp.internal.http.URLConnectionTest#response307WithPost,matched (4 report(s) available),java.lang.AssertionError,Unclear,no rule matched -- raw exception type was 'java.lang.AssertionError',java.net.UnknownHostException: ip-172-31-58-70: ip-172-31-58-70: Temporary failure in name resolution
square-okhttp,com.squareup.okhttp.internal.http.URLConnectionTest#response302MovedTemporarilyWithPost,matched (4 report(s) available),java.lang.AssertionError,Unclear,no rule matched -- raw exception type was 'java.lang.AssertionError',java.net.UnknownHostException: ip-172-31-58-70: ip-172-31-58-70: Temporary failure in name resolution
square-okhttp,com.squareup.okhttp.internal.http.URLConnectionTest#authenticateWithChunkedStreaming,matched (3 report(s) available),java.lang.AssertionError,Unclear,no rule matched -- raw exception type was 'java.lang.AssertionError',java.net.UnknownHostException: ip-172-31-60-164: ip-172-31-60-164: Temporary failure in name resolution
square-okhttp,com.squareup.okhttp.internal.http.URLConnectionTest#nonHexChunkSize,matched (3 report(s) available),java.lang.AssertionError,Unclear,no rule matched -- raw exception type was 'java.lang.AssertionError',java.net.UnknownHostException: ip-172-31-60-164: ip-172-31-60-164: Temporary failure in name resolution
square-okhttp,com.squareup.okhttp.internal.http.URLConnectionTest#requestBodySurvivesRetriesWithChunkedStreaming,matched (3 report(s) available),java.lang.AssertionError,Unclear,no rule matched -- raw exception type was 'java.lang.AssertionError',java.net.UnknownHostException: ip-172-31-60-164: ip-172-31-60-164: Temporary failure in name resolution
square-okhttp,com.squareup.okhttp.internal.http.URLConnectionTest#getContentLengthConnects,matched (3 report(s) available),java.lang.AssertionError,Unclear,no rule matched -- raw exception type was 'java.lang.AssertionError',java.net.UnknownHostException: ip-172-31-60-164: ip-172-31-60-164: Temporary failure in name resolution
square-okhttp,com.squareup.okhttp.internal.http.URLConnectionTest#contentDisagreesWithChunkedHeader,matched (3 report(s) available),java.lang.AssertionError,Unclear,no rule matched -- raw exception type was 'java.lang.AssertionError',java.net.UnknownHostException: ip-172-31-60-164: ip-172-31-60-164: Temporary failure in name resolution
square-okhttp,com.squareup.okhttp.internal.http.URLConnectionTest#connectViaProxyUsingProxySystemProperty,matched (3 report(s) available),java.lang.AssertionError,Unclear,no rule matched -- raw exception type was 'java.lang.AssertionError',java.net.UnknownHostException: ip-172-31-60-164: ip-172-31-60-164: Temporary failure in name resolution
square-okhttp,com.squareup.okhttp.internal.http.URLConnectionTest#postFailsWithChunkedRequestForLargeRequest,matched (1054 report(s) available),java.net.SocketException,Unclear,no rule matched -- raw exception type was 'java.net.SocketException',Connection reset
square-okhttp,com.squareup.okhttp.internal.http.URLConnectionTest#veryLargeFixedLengthRequest,matched (3 report(s) available),java.lang.AssertionError,Unclear,no rule matched -- raw exception type was 'java.lang.AssertionError',java.net.UnknownHostException: ip-172-31-60-164: ip-172-31-60-164: Temporary failure in name resolution
square-okhttp,com.squareup.okhttp.internal.http.URLConnectionTest#zeroLengthPost,matched (3 report(s) available),java.lang.AssertionError,Unclear,no rule matched -- raw exception type was 'java.lang.AssertionError',java.net.UnknownHostException: ip-172-31-60-164: ip-172-31-60-164: Temporary failure in name resolution
square-okhttp,com.squareup.okhttp.internal.http.URLConnectionTest#getContent,matched (3 report(s) available),java.lang.AssertionError,Unclear,no rule matched -- raw exception type was 'java.lang.AssertionError',java.net.UnknownHostException: ip-172-31-60-164: ip-172-31-60-164: Temporary failure in name resolution
square-okhttp,com.squareup.okhttp.internal.http.URLConnectionTest#setProtocolsWithoutHttp11,matched (3 report(s) available),java.lang.AssertionError,Unclear,no rule matched -- raw exception type was 'java.lang.AssertionError',java.net.UnknownHostException: ip-172-31-60-164: ip-172-31-60-164: Temporary failure in name resolution
square-okhttp,com.squareup.okhttp.internal.http.URLConnectionTest#disconnectedConnection,matched (3 report(s) available),java.lang.AssertionError,Unclear,no rule matched -- raw exception type was 'java.lang.AssertionError',java.net.UnknownHostException: ip-172-31-60-164: ip-172-31-60-164: Temporary failure in name resolution
square-okhttp,com.squareup.okhttp.internal.http.URLConnectionTest#getRequestPropertyReturnsLastValue,matched (3 report(s) available),java.lang.AssertionError,Unclear,no rule matched -- raw exception type was 'java.lang.AssertionError',java.net.UnknownHostException: ip-172-31-60-164: ip-172-31-60-164: Temporary failure in name resolution
square-okhttp,com.squareup.okhttp.internal.http.URLConnectionTest#responseCacheReturnsNullOutputStream,matched (3 report(s) available),java.lang.AssertionError,Unclear,no rule matched -- raw exception type was 'java.lang.AssertionError',java.net.UnknownHostException: ip-172-31-60-164: ip-172-31-60-164: Temporary failure in name resolution
tootallnate-java-websocket,org.java_websocket.issues.Issue580Test#runNoCloseBlockingTestScenario7,matched (1 report(s) available),java.lang.AssertionError,Unclear,no rule matched -- raw exception type was 'java.lang.AssertionError',Found 3 zombie thread(s) 
tootallnate-java-websocket,org.java_websocket.issues.Issue256Test#runReconnectScenario0,matched (321 report(s) available),java.lang.Exception,Async Wait,guess: found async-related keyword 'countdownlatch' in exception/message/test name,test timed out after 5000 milliseconds
tootallnate-java-websocket,org.java_websocket.issues.Issue256Test#runReconnectScenario1,matched (186 report(s) available),java.lang.AssertionError,Unclear,no rule matched -- raw exception type was 'java.lang.AssertionError',Found 1 zombie thread(s) 
tootallnate-java-websocket,org.java_websocket.issues.Issue256Test#runReconnectScenario2,matched (184 report(s) available),java.lang.Exception,Async Wait,guess: found async-related keyword 'countdownlatch' in exception/message/test name,test timed out after 5000 milliseconds
tootallnate-java-websocket,org.java_websocket.issues.Issue256Test#runReconnectScenario3,matched (312 report(s) available),java.lang.Exception,Async Wait,guess: found async-related keyword 'countdownlatch' in exception/message/test name,test timed out after 5000 milliseconds
tootallnate-java-websocket,org.java_websocket.issues.Issue256Test#runReconnectScenario4,matched (21 report(s) available),java.lang.AssertionError,Unclear,no rule matched -- raw exception type was 'java.lang.AssertionError',Found 1 zombie thread(s) 
tootallnate-java-websocket,org.java_websocket.issues.Issue256Test#runReconnectScenario5,matched (81 report(s) available),java.lang.Exception,Async Wait,guess: found async-related keyword 'countdownlatch' in exception/message/test name,test timed out after 5000 milliseconds
tootallnate-java-websocket,org.java_websocket.issues.Issue256Test#runReconnectScenario6,matched (59 report(s) available),java.lang.AssertionError,Unclear,no rule matched -- raw exception type was 'java.lang.AssertionError',Found 1 zombie thread(s) 
tootallnate-java-websocket,org.java_websocket.issues.Issue256Test#runReconnectScenario7,matched (65 report(s) available),java.lang.AssertionError,Unclear,no rule matched -- raw exception type was 'java.lang.AssertionError',Found 1 zombie thread(s) 
tootallnate-java-websocket,org.java_websocket.issues.Issue256Test#runReconnectScenario8,matched (71 report(s) available),java.lang.AssertionError,Unclear,no rule matched -- raw exception type was 'java.lang.AssertionError',Found 2 zombie thread(s) 
tootallnate-java-websocket,org.java_websocket.issues.Issue256Test#runReconnectScenario9,matched (125 report(s) available),java.lang.AssertionError,Unclear,no rule matched -- raw exception type was 'java.lang.AssertionError',Found 1 zombie thread(s) 
tootallnate-java-websocket,org.java_websocket.issues.Issue256Test#runReconnectBlockingScenario0,matched (71 report(s) available),java.lang.AssertionError,Unclear,no rule matched -- raw exception type was 'java.lang.AssertionError',Found 2 zombie thread(s) 
tootallnate-java-websocket,org.java_websocket.issues.Issue256Test#runReconnectBlockingScenario1,matched (51 report(s) available),java.lang.AssertionError,Unclear,no rule matched -- raw exception type was 'java.lang.AssertionError',Found 2 zombie thread(s) 
tootallnate-java-websocket,org.java_websocket.issues.Issue256Test#runReconnectBlockingScenario2,matched (63 report(s) available),java.lang.AssertionError,Unclear,no rule matched -- raw exception type was 'java.lang.AssertionError',Found 1 zombie thread(s) 
tootallnate-java-websocket,org.java_websocket.issues.Issue256Test#runReconnectBlockingScenario3,matched (55 report(s) available),java.lang.AssertionError,Unclear,no rule matched -- raw exception type was 'java.lang.AssertionError',Found 1 zombie thread(s) 
tootallnate-java-websocket,org.java_websocket.issues.Issue256Test#runReconnectBlockingScenario4,matched (40 report(s) available),java.lang.Exception,Async Wait,guess: found async-related keyword 'countdownlatch' in exception/message/test name,test timed out after 5000 milliseconds
tootallnate-java-websocket,org.java_websocket.issues.Issue256Test#runReconnectBlockingScenario5,matched (48 report(s) available),java.lang.AssertionError,Unclear,no rule matched -- raw exception type was 'java.lang.AssertionError',Found 1 zombie thread(s) 
tootallnate-java-websocket,org.java_websocket.issues.Issue256Test#runReconnectBlockingScenario6,matched (87 report(s) available),java.lang.AssertionError,Unclear,no rule matched -- raw exception type was 'java.lang.AssertionError',Found 1 zombie thread(s) 
tootallnate-java-websocket,org.java_websocket.issues.Issue256Test#runReconnectBlockingScenario7,matched (123 report(s) available),java.lang.AssertionError,Unclear,no rule matched -- raw exception type was 'java.lang.AssertionError',Found 1 zombie thread(s) 
tootallnate-java-websocket,org.java_websocket.issues.Issue256Test#runReconnectBlockingScenario8,matched (90 report(s) available),java.lang.AssertionError,Unclear,no rule matched -- raw exception type was 'java.lang.AssertionError',Found 1 zombie thread(s) 
tootallnate-java-websocket,org.java_websocket.issues.Issue256Test#runReconnectBlockingScenario9,matched (76 report(s) available),java.lang.AssertionError,Unclear,no rule matched -- raw exception type was 'java.lang.AssertionError',Found 2 zombie thread(s) 
tootallnate-java-websocket,org.java_websocket.issues.Issue677Test#testIssue,matched (3 report(s) available),java.lang.AssertionError,Unclear,no rule matched -- raw exception type was 'java.lang.AssertionError',webSocket.isClosing()
tootallnate-java-websocket,org.java_websocket.protocols.ProtoclHandshakeRejectionTest#testHandshakeRejectionTestCase10,matched (10 report(s) available),java.lang.AssertionError,Unclear,no rule matched -- raw exception type was 'java.lang.AssertionError',Error
undertow-io-undertow,io.undertow.server.handlers.DateHandlerTestCase#testDateHandler,matched (5 report(s) available),java.lang.AssertionError,Unclear,no rule matched -- raw exception type was 'java.lang.AssertionError',
undertow-io-undertow,io.undertow.server.security.DigestAuthenticationAuthTestCase#testDigestSuccess,matched (8 report(s) available),java.lang.AssertionError,Unclear,no rule matched -- raw exception type was 'java.lang.AssertionError',expected:<200> but was:<401>
undertow-io-undertow,io.undertow.server.security.SpnegoAuthenticationTestCase#testSpnegoSuccess,matched (5 report(s) available),java.security.PrivilegedActionException:,Unclear,no rule matched -- raw exception type was 'java.security.PrivilegedActionException:',
undertow-io-undertow,io.undertow.server.security.DigestAuthentication2069TestCase#testDigestSuccess,matched (4 report(s) available),java.lang.AssertionError,Unclear,no rule matched -- raw exception type was 'java.lang.AssertionError',expected:<200> but was:<401>
undertow-io-undertow,io.undertow.server.security.DigestAuthentication2069TestCase#testNonceReUse,matched (2 report(s) available),java.lang.AssertionError,Unclear,no rule matched -- raw exception type was 'java.lang.AssertionError',expected:<200> but was:<401>
undertow-io-undertow,io.undertow.server.handlers.proxy.LoadBalancingProxyTestCase#testLoadSharedWithServerShutdown,matched (14 report(s) available),java.lang.AssertionError,Unclear,no rule matched -- raw exception type was 'java.lang.AssertionError',expected:<200> but was:<500>
wildfly-wildfly,org.wildfly.iiop.openjdk.IIOPSubsystemTransformersTestCase#testRejectTransformersEAP_7_0_0,matched (1 report(s) available),java.lang.RuntimeException,Async Wait,guess: found async-related keyword 'executor' in exception/message/test name,org.eclipse.aether.resolution.ArtifactResolutionException: Could not transfer artifact org.jboss.eap:wildfly-iiop-openjdk:jar:7.0.0.GA-redhat-2 from/to product-repository (https://maven.repository.redhat.com/ga/): Internal Server Error (500)
wildfly-wildfly,org.wildfly.iiop.openjdk.IIOPSubsystemTransformersTestCase#testTransformersEAP_7_0_0,matched (1 report(s) available),java.lang.RuntimeException,Async Wait,guess: found async-related keyword 'executor' in exception/message/test name,org.eclipse.aether.resolution.ArtifactResolutionException: Could not transfer artifact org.jboss.eap:wildfly-iiop-openjdk:jar:7.0.0.GA-redhat-2 from/to product-repository (https://maven.repository.redhat.com/ga/): Internal Server Error (500)
wildfly-wildfly,org.jboss.as.naming.subsystem.NamingSubsystemTestCase#testRejectionsEAP6,matched (1 report(s) available),java.lang.RuntimeException,Async Wait,guess: found async-related keyword 'executor' in exception/message/test name,org.eclipse.aether.resolution.ArtifactResolutionException: Could not transfer artifact org.jboss.as:jboss-as-naming:jar:7.5.0.Final-redhat-21 from/to product-repository (https://maven.repository.redhat.com/ga/): Internal Server Error (500)
wildfly-wildfly,org.jboss.as.naming.subsystem.NamingSubsystemTestCase#testRejectionsEAP7,matched (1 report(s) available),java.lang.RuntimeException,Async Wait,guess: found async-related keyword 'executor' in exception/message/test name,org.eclipse.aether.resolution.ArtifactResolutionException: Could not transfer artifact org.jboss.eap:wildfly-naming:jar:7.0.0.GA-redhat-2 from/to product-repository (https://maven.repository.redhat.com/ga/): Internal Server Error (500)
wildfly-wildfly,org.jboss.as.txn.subsystem.TransactionSubsystemTestCase#testRejectTransformersEAP640,matched (7 report(s) available),java.lang.RuntimeException,Async Wait,guess: found async-related keyword 'executor' in exception/message/test name,org.eclipse.aether.resolution.ArtifactResolutionException: Could not transfer artifact org.jboss.as:jboss-as-transactions:jar:7.5.0.Final-redhat-21 from/to product-repository (https://maven.repository.redhat.com/ga/): Internal Server Error (500)
wildfly-wildfly,org.jboss.as.txn.subsystem.TransactionSubsystemTestCase#testRejectTransformersEAP700,matched (5 report(s) available),java.lang.RuntimeException,Async Wait,guess: found async-related keyword 'executor' in exception/message/test name,org.eclipse.aether.resolution.ArtifactResolutionException: Could not transfer artifact org.jboss.eap:wildfly-transactions:jar:7.0.0.GA-redhat-2 from/to product-repository (https://maven.repository.redhat.com/ga/): Internal Server Error (500)
wildfly-wildfly,org.jboss.as.txn.subsystem.TransactionSubsystemTestCase#testRejectTransformersEAP710,matched (7 report(s) available),java.lang.RuntimeException,Async Wait,guess: found async-related keyword 'executor' in exception/message/test name,org.eclipse.aether.resolution.ArtifactResolutionException: Could not transfer artifact org.jboss.eap:wildfly-transactions:jar:7.1.0.GA-redhat-11 from/to product-repository (https://maven.repository.redhat.com/ga/): Internal Server Error (500)
wildfly-wildfly,org.jboss.as.txn.subsystem.TransactionSubsystemTestCase#testTransformersFullEAP640,matched (7 report(s) available),java.lang.RuntimeException,Async Wait,guess: found async-related keyword 'executor' in exception/message/test name,org.eclipse.aether.resolution.ArtifactResolutionException: Could not transfer artifact org.jboss.as:jboss-as-transactions:jar:7.5.0.Final-redhat-21 from/to product-repository (https://maven.repository.redhat.com/ga/): Internal Server Error (500)
wildfly-wildfly,org.jboss.as.txn.subsystem.TransactionSubsystemTestCase#testTransformersFullEAP700,matched (5 report(s) available),java.lang.RuntimeException,Async Wait,guess: found async-related keyword 'executor' in exception/message/test name,org.eclipse.aether.resolution.ArtifactResolutionException: Could not transfer artifact org.jboss.eap:wildfly-transactions:jar:7.0.0.GA-redhat-2 from/to product-repository (https://maven.repository.redhat.com/ga/): Internal Server Error (500)
wildfly-wildfly,org.jboss.as.txn.subsystem.TransactionSubsystemTestCase#testTransformersFullEAP710,matched (7 report(s) available),java.lang.RuntimeException,Async Wait,guess: found async-related keyword 'executor' in exception/message/test name,org.eclipse.aether.resolution.ArtifactResolutionException: Could not transfer artifact org.jboss.eap:wildfly-transactions:jar:7.1.0.GA-redhat-11 from/to product-repository (https://maven.repository.redhat.com/ga/): Internal Server Error (500)
wildfly-wildfly,org.jboss.as.clustering.infinispan.subsystem.InfinispanTransformersTestCase#testTransformerEAP640,matched (1 report(s) available),java.lang.RuntimeException,Async Wait,guess: found async-related keyword 'executor' in exception/message/test name,org.eclipse.aether.resolution.ArtifactResolutionException: Could not transfer artifact org.jboss.as:jboss-as-clustering-infinispan:jar:7.5.0.Final-redhat-21 from/to product-repository (https://maven.repository.redhat.com/ga/): Internal Server Error (500)
wildfly-wildfly,org.jboss.as.clustering.infinispan.subsystem.InfinispanTransformersTestCase#testTransformerEAP700,matched (1 report(s) available),java.lang.RuntimeException,Async Wait,guess: found async-related keyword 'executor' in exception/message/test name,org.eclipse.aether.resolution.ArtifactResolutionException: Could not transfer artifact org.jboss.eap:wildfly-clustering-infinispan-extension:jar:7.0.0.GA-redhat-2 from/to product-repository (https://maven.repository.redhat.com/ga/): Internal Server Error (500)
wildfly-wildfly,org.jboss.as.clustering.infinispan.subsystem.InfinispanTransformersTestCase#testTransformerEAP710,matched (1 report(s) available),java.lang.RuntimeException,Async Wait,guess: found async-related keyword 'executor' in exception/message/test name,org.eclipse.aether.resolution.ArtifactResolutionException: Could not transfer artifact org.jboss.eap:wildfly-clustering-infinispan-extension:jar:7.1.0.GA-redhat-11 from/to product-repository (https://maven.repository.redhat.com/ga/): Internal Server Error (500)
wildfly-wildfly,org.jboss.as.messaging.test.MessagingSubsystem30TestCase#testRejectExpressionsEAP_6_4_0,matched (1 report(s) available),java.lang.RuntimeException,Async Wait,guess: found async-related keyword 'executor' in exception/message/test name,org.eclipse.aether.resolution.ArtifactResolutionException: Could not transfer artifact org.hornetq:hornetq-commons:jar:2.3.25.Final-redhat-1 from/to product-repository (https://maven.repository.redhat.com/ga/): Internal Server Error (500)
wildfly-wildfly,org.jboss.as.messaging.test.MessagingSubsystem30TestCase#testTransformersEAP_6_4_0,matched (1 report(s) available),java.lang.RuntimeException,Async Wait,guess: found async-related keyword 'executor' in exception/message/test name,org.eclipse.aether.resolution.ArtifactResolutionException: Could not transfer artifact org.hornetq:hornetq-commons:jar:2.3.25.Final-redhat-1 from/to product-repository (https://maven.repository.redhat.com/ga/): Internal Server Error (500)
wildfly-wildfly,org.jboss.as.test.smoke.jms.JMSBridgeTest#sendAndReceiveMessage,matched (41 report(s) available),java.lang.AssertionError,Async Wait,guess: found async-related keyword 'executor' in exception/message/test name,did not receive expected message
wildfly-wildfly,org.jboss.as.test.smoke.jms.SendToQueueIgnoreJTATest#sendIgnoreJTA,matched (4 report(s) available),javax.ejb.EJBException,Async Wait,guess: found async-related keyword 'executor' in exception/message/test name,"javax.jms.JMSRuntimeException: AMQ119014: Timed out after waiting 30,000 ms for response when sending packet 71"
wildfly-wildfly,org.jboss.as.test.smoke.jms.SendToQueueIgnoreJTATest#sendAndRollbackInJTA,matched (4 report(s) available),java.lang.AssertionError,Async Wait,guess: found async-related keyword 'executor' in exception/message/test name,expected:<1> but was:<0>
wildfly-wildfly,org.jboss.as.test.smoke.jms.SendToJMSQueueTest#sendAndReceiveMessage,matched (1 report(s) available),java.lang.AssertionError,Async Wait,guess: found async-related keyword 'executor' in exception/message/test name,
wildfly-wildfly,org.jboss.as.test.integration.jsp.JspTagTestCase#test,matched (4 report(s) available),java.util.concurrent.TimeoutException,Async Wait,guess: found async-related keyword 'timeoutexception' in exception/message/test name,
wro4j-wro4j,ro.isdc.wro.extensions.processor.TestRubySassCssProcessor#shouldFailWhenInvalidSassCssIsProcessed,matched (78 report(s) available),java.lang.RuntimeException,Unclear,no rule matched -- raw exception type was 'java.lang.RuntimeException',Problem while applying function on file: /working/proj/wro4j-wro4j-6019/wro4j-wro4j/wro4j-extensions/target/test-classes/ro/isdc/wro/extensions/processor/rubysasscss/invalid/badCss.scss
wro4j-wro4j,ro.isdc.wro.extensions.processor.TestRubySassCssProcessor#shouldTestFromFolder,matched (1674 report(s) available),ro.isdc.wro.WroRuntimeException,Unclear,no rule matched -- raw exception type was 'ro.isdc.wro.WroRuntimeException',"org.jruby.embed.EvalFailedException: java.lang.RuntimeException: com.headius.invokebinder.InvalidTransformException: java.lang.IllegalAccessException: no such method: rubyjit.Sass::Script::Literal$$_perform_168CE349E469F5EE95BDCC7C3B1678073A260AD9693962547.__file__(Sass::Script::Literal$$_perform_168CE349E469F5EE95BDCC7C3B1678073A260AD9693962547,ThreadContext,IRubyObject,IRubyObject,Block)IRubyObject/invokeStatic"
wro4j-wro4j,ro.isdc.wro.extensions.processor.TestRubySassCssProcessor#shouldBeThreadSafe,matched (1662 report(s) available),java.util.concurrent.ExecutionException,Async Wait,guess: found async-related keyword 'executor' in exception/message/test name,"java.lang.RuntimeException: ro.isdc.wro.WroRuntimeException: org.jruby.embed.EvalFailedException: java.lang.RuntimeException: com.headius.invokebinder.InvalidTransformException: java.lang.IllegalAccessException: no such method: rubyjit.Sass::Script::Literal$$_perform_168CE349E469F5EE95BDCC7C3B1678073A260AD9693962547.__file__(Sass::Script::Literal$$_perform_168CE349E469F5EE95BDCC7C3B1678073A260AD9693962547,ThreadContext,IRubyObject,IRubyObject,Block)IRubyObject/invokeStatic"
wro4j-wro4j,ro.isdc.wro.extensions.processor.TestRubySassCssProcessor#shouldSucceedAfterAFailure,matched (1635 report(s) available),ro.isdc.wro.WroRuntimeException,Unclear,no rule matched -- raw exception type was 'ro.isdc.wro.WroRuntimeException',"org.jruby.embed.EvalFailedException: java.lang.RuntimeException: com.headius.invokebinder.InvalidTransformException: java.lang.IllegalAccessException: no such method: rubyjit.Sass::Script::Literal$$_perform_168CE349E469F5EE95BDCC7C3B1678073A260AD9693962547.__file__(Sass::Script::Literal$$_perform_168CE349E469F5EE95BDCC7C3B1678073A260AD9693962547,ThreadContext,IRubyObject,IRubyObject,Block)IRubyObject/invokeStatic"
wro4j-wro4j,ro.isdc.wro.extensions.processor.TestRubySassCssProcessor#executeMultipleTimesDoesntThrowOutOfMemoryException,matched (1164 report(s) available),ro.isdc.wro.WroRuntimeException,Unclear,no rule matched -- raw exception type was 'ro.isdc.wro.WroRuntimeException',"org.jruby.embed.EvalFailedException: java.lang.RuntimeException: com.headius.invokebinder.InvalidTransformException: java.lang.IllegalAccessException: no such method: rubyjit.Sass::Script::Literal$$_perform_168CE349E469F5EE95BDCC7C3B1678073A260AD9693962547.__file__(Sass::Script::Literal$$_perform_168CE349E469F5EE95BDCC7C3B1678073A260AD9693962547,ThreadContext,IRubyObject,IRubyObject,Block)IRubyObject/invokeStatic"
wro4j-wro4j,ro.isdc.wro.extensions.processor.support.sass.TestRubySassEngine#shouldProcessValidCss,matched (1165 report(s) available),ro.isdc.wro.WroRuntimeException,Unclear,no rule matched -- raw exception type was 'ro.isdc.wro.WroRuntimeException',"org.jruby.embed.EvalFailedException: java.lang.RuntimeException: com.headius.invokebinder.InvalidTransformException: java.lang.IllegalAccessException: no such method: rubyjit.Sass::Script::Literal$$_perform_168CE349E469F5EE95BDCC7C3B1678073A260AD9693962547.__file__(Sass::Script::Literal$$_perform_168CE349E469F5EE95BDCC7C3B1678073A260AD9693962547,ThreadContext,IRubyObject,IRubyObject,Block)IRubyObject/invokeStatic"
wro4j-wro4j,ro.isdc.wro.extensions.processor.support.sass.TestRubySassEngine#shouldProcessValidSass,matched (1161 report(s) available),ro.isdc.wro.WroRuntimeException,Unclear,no rule matched -- raw exception type was 'ro.isdc.wro.WroRuntimeException',"org.jruby.embed.EvalFailedException: java.lang.RuntimeException: com.headius.invokebinder.InvalidTransformException: java.lang.IllegalAccessException: no such method: rubyjit.Sass::Script::Literal$$_perform_168CE349E469F5EE95BDCC7C3B1678073A260AD9693962547.__file__(Sass::Script::Literal$$_perform_168CE349E469F5EE95BDCC7C3B1678073A260AD9693962547,ThreadContext,IRubyObject,IRubyObject,Block)IRubyObject/invokeStatic"
wro4j-wro4j,ro.isdc.wro.extensions.processor.support.sass.TestRubySassEngine#cannotProcessInvalidCss,matched (78 report(s) available),java.lang.Exception,Unclear,no rule matched -- raw exception type was 'java.lang.Exception',"Unexpected exception, expected<ro.isdc.wro.WroRuntimeException> but was<java.lang.NullPointerException>"
wro4j-wro4j,ro.isdc.wro.extensions.processor.TestBourbonCssProcessor#shouldBeThreadSafe,matched (1803 report(s) available),java.util.concurrent.ExecutionException,Async Wait,guess: found async-related keyword 'executor' in exception/message/test name,"java.lang.RuntimeException: ro.isdc.wro.WroRuntimeException: org.jruby.embed.EvalFailedException: java.lang.RuntimeException: com.headius.invokebinder.InvalidTransformException: java.lang.IllegalAccessException: no such method: rubyjit.Sass::Script::Literal$$_perform_168CE349E469F5EE95BDCC7C3B1678073A260AD9693962547.__file__(Sass::Script::Literal$$_perform_168CE349E469F5EE95BDCC7C3B1678073A260AD9693962547,ThreadContext,IRubyObject,IRubyObject,Block)IRubyObject/invokeStatic"
wro4j-wro4j,ro.isdc.wro.maven.plugin.TestWro4jMojo#shouldBeFasterWhenRunningProcessingInParallel,matched (227 report(s) available),java.lang.AssertionError,Unclear,no rule matched -- raw exception type was 'java.lang.AssertionError',
wro4j-wro4j,ro.isdc.wro.util.concurrent.TestTaskExecutor#shouldBeFasterWhenRunningMultipleSlowTasks,matched (3 report(s) available),java.lang.AssertionError,Async Wait,guess: found async-related keyword 'executor' in exception/message/test name,
wro4j-wro4j,ro.isdc.wro.util.concurrent.TestTaskExecutor#shouldHaveMinimalOverheadWhenRunningASingleTask,matched (1 report(s) available),java.lang.AssertionError,Async Wait,guess: found async-related keyword 'executor' in exception/message/test name,
wro4j-wro4j,ro.isdc.wro.model.group.processor.TestPreProcessorExecutor#preProcessingInParallelIsFaster,matched (58 report(s) available),java.lang.AssertionError,Async Wait,guess: found async-related keyword 'executor' in exception/message/test name,603  > 861 + 688.8000000000001
wro4j-wro4j,ro.isdc.wro.cache.support.TestDefaultSynchronizedCacheStrategyDecorator#shouldCheckOnlyAfterTimeout,matched (5 report(s) available),org.mockito.exceptions.verification.TooManyActualInvocations,Concurrency,guess: found concurrency-related pattern 'wanted \d+ time' in exception/message, resourceWatcher.check(     ro.isdc.wro.cache.CacheKey@698122b2[   type=JS   groupName=g1   minimize=true   map={} ] ); Wanted 1 time: -> at ro.isdc.wro.cache.support.TestDefaultSynchronizedCacheStrategyDecorator.shouldCheckOnlyAfterTimeout(TestDefaultSynchronizedCacheStrategyDecorator.java:112) But was 50 times. Undesired invocation: -> at ro.isdc.wro.cache.support.DefaultSynchronizedCacheStrategyDecorator.onBeforeGet(DefaultSynchronizedCacheStrategyDecorator.java:136) 
wro4j-wro4j,ro.isdc.wro.model.resource.locator.support.TestDispatcherStreamLocator#canLocateValidResource,matched (91 report(s) available),java.net.UnknownHostException,Unclear,no rule matched -- raw exception type was 'java.net.UnknownHostException',www.google.com
wro4j-wro4j,ro.isdc.wro.model.resource.locator.TestUrlUriLocator#testValidUrl,matched (91 report(s) available),java.net.UnknownHostException,Unclear,no rule matched -- raw exception type was 'java.net.UnknownHostException',www.google.com
zxing-zxing,com.google.zxing.aztec.encoder.EncoderTest#testAztecWriter,matched (382 report(s) available),com.google.zxing.FormatException:,Unclear,no rule matched -- raw exception type was 'com.google.zxing.FormatException:',
zxing-zxing,com.google.zxing.pdf417.decoder.ec.ErrorCorrectionTestCase#testTooManyErrors,matched (322 report(s) available),java.lang.AssertionError,Unclear,no rule matched -- raw exception type was 'java.lang.AssertionError',Should not have decoded
