project,test,match_status,exception_type,flakylens_category,category_reasoning,message
spring-projects-spring-boot,org.springframework.boot.cli.SampleIntegrationTests#reactorSample,matched (11 report(s) available),java.lang.AssertionError,Order Dependent,"low-confidence guess: found phrase 'illegalstateexception' which can indicate leftover state from another test, but this cannot be confirmed without cross-test execution context","Wrong output: 
  .   ____          _            __ _ _
 /\\ / ___'_ __ _ _(_)_ __  __ _ \ \ \ \
( ( )\___ | '_ | '_| | '_ \/ _` | \ \ \ \
 \\/  ___)| |_)| | | | | || (_| |  ) ) ) )
  '  |____| .__|_| |_|_| |_\__, | / / / /
 =========|_|==============|___/=/_/_/_/
 :: Spring Boot ::  (v1.2.0.BUILD-SNAPSHOT)

2019-09-06 00:00:11.474  INFO 3859 --- [      runner-24] o.s.boot.SpringApplication               : Starting application on ip-172-31-62-234 with PID 3859 (/root/.m2/repository/org/springframework/boot/spring-boot/1.2.0.BUILD-SNAPSHOT/spring-boot-1.2.0.BUILD-SNAPSHOT.jar started by root in /working/proj/spring-projects-spring-boot-2914/spring-projects-spring-boot/spring-boot-cli)
2019-09-06 00:00:11.477 DEBUG 3859 --- [      runner-24] o.s.boot.SpringApplication               : Running with Spring Boot v1.2.0.BUILD-SNAPSHOT, Spring v4.1.1.RELEASE
2019-09-06 00:00:11.478 DEBUG 3859 --- [      runner-24] o.s.boot.SpringApplication               : Loading source class org.test.Runner,class org.test.Greeter
2019-09-06 00:00:11.509 DEBUG 3859 --- [      runner-24] o.s.b.c.c.ConfigFileApplicationListener  : Activated profiles integration
2019-09-06 00:00:11.510 DEBUG 3859 --- [      runner-24] o.s.b.c.c.ConfigFileApplicationListener  : Skipped config file 'file:./config/application.xml' resource not found
2019-09-06 00:00:11.510 DEBUG 3859 --- [      runner-24] o.s.b.c.c.ConfigFileApplicationListener  : Skipped config file 'file:./config/application.yml' resource not found
2019-09-06 00:00:11.510 DEBUG 3859 --- [      runner-24] o.s.b.c.c.ConfigFileApplicationListener  : Skipped config file 'file:./config/application.properties' resource not found
2019-09-06 00:00:11.510 DEBUG 3859 --- [      runner-24] o.s.b.c.c.ConfigFileApplicationListener  : Skipped config file 'file:./config/application.yaml' resource not found
2019-09-06 00:00:11.510 DEBUG 3859 --- [      runner-24] o.s.b.c.c.ConfigFileApplicationListener  : Skipped config file 'file:./application.xml' resource not found
2019-09-06 00:00:11.510 DEBUG 3859 --- [      runner-24] o.s.b.c.c.ConfigFileApplicationListener  : Skipped config file 'file:./application.yml' resource not found
2019-09-06 00:00:11.510 DEBUG 3859 --- [      runner-24] o.s.b.c.c.ConfigFileApplicationListener  : Skipped config file 'file:./application.properties' resource not found
2019-09-06 00:00:11.511 DEBUG 3859 --- [      runner-24] o.s.b.c.c.ConfigFileApplicationListener  : Skipped config file 'file:./application.yaml' resource not found
2019-09-06 00:00:11.511 DEBUG 3859 --- [      runner-24] o.s.b.c.c.ConfigFileApplicationListener  : Skipped config file 'classpath:/config/application.xml' resource not found
2019-09-06 00:00:11.511 DEBUG 3859 --- [      runner-24] o.s.b.c.c.ConfigFileApplicationListener  : Skipped config file 'classpath:/config/application.yml' resource not found
2019-09-06 00:00:11.511 DEBUG 3859 --- [      runner-24] o.s.b.c.c.ConfigFileApplicationListener  : Skipped config file 'classpath:/config/application.properties' resource not found
2019-09-06 00:00:11.511 DEBUG 3859 --- [      runner-24] o.s.b.c.c.ConfigFileApplicationListener  : Skipped config file 'classpath:/config/application.yaml' resource not found
2019-09-06 00:00:11.511 DEBUG 3859 --- [      runner-24] o.s.b.c.c.ConfigFileApplicationListener  : Skipped config file 'classpath:/application.xml' resource not found
2019-09-06 00:00:11.511 DEBUG 3859 --- [      runner-24] o.s.b.c.c.ConfigFileApplicationListener  : Skipped config file 'classpath:/application.yml' resource not found
2019-09-06 00:00:11.512 DEBUG 3859 --- [      runner-24] o.s.b.c.c.ConfigFileApplicationListener  : Skipped config file 'classpath:/application.properties' resource not found
2019-09-06 00:00:11.512 DEBUG 3859 --- [      runner-24] o.s.b.c.c.ConfigFileApplicationListener  : Skipped config file 'classpath:/application.yaml' resource not found
2019-09-06 00:00:11.512 DEBUG 3859 --- [      runner-24] o.s.b.c.c.ConfigFileApplicationListener  : Skipped config file 'file:./config/application-integration.xml' resource not found
2019-09-06 00:00:11.512 DEBUG 3859 --- [      runner-24] o.s.b.c.c.ConfigFileApplicationListener  : Skipped config file 'file:./config/application-integration.xml' for profile integrationresource not found
2019-09-06 00:00:11.512 DEBUG 3859 --- [      runner-24] o.s.b.c.c.ConfigFileApplicationListener  : Skipped config file 'file:./config/application.xml' for profile integrationresource not found
2019-09-06 00:00:11.512 DEBUG 3859 --- [      runner-24] o.s.b.c.c.ConfigFileApplicationListener  : Skipped config file 'file:./config/application-integration.yml' resource not found
2019-09-06 00:00:11.513 DEBUG 3859 --- [      runner-24] o.s.b.c.c.ConfigFileApplicationListener  : Skipped config file 'file:./config/application-integration.yml' for profile integrationresource not found
2019-09-06 00:00:11.513 DEBUG 3859 --- [      runner-24] o.s.b.c.c.ConfigFileApplicationListener  : Skipped config file 'file:./config/application.yml' for profile integrationresource not found
2019-09-06 00:00:11.513 DEBUG 3859 --- [      runner-24] o.s.b.c.c.ConfigFileApplicationListener  : Skipped config file 'file:./config/application-integration.properties' resource not found
2019-09-06 00:00:11.513 DEBUG 3859 --- [      runner-24] o.s.b.c.c.ConfigFileApplicationListener  : Skipped config file 'file:./config/application-integration.properties' for profile integrationresource not found
2019-09-06 00:00:11.513 DEBUG 3859 --- [      runner-24] o.s.b.c.c.ConfigFileApplicationListener  : Skipped config file 'file:./config/application.properties' for profile integrationresource not found
2019-09-06 00:00:11.513 DEBUG 3859 --- [      runner-24] o.s.b.c.c.ConfigFileApplicationListener  : Skipped config file 'file:./config/application-integration.yaml' resource not found
2019-09-06 00:00:11.513 DEBUG 3859 --- [      runner-24] o.s.b.c.c.ConfigFileApplicationListener  : Skipped config file 'file:./config/application-integration.yaml' for profile integrationresource not found
2019-09-06 00:00:11.514 DEBUG 3859 --- [      runner-24] o.s.b.c.c.ConfigFileApplicationListener  : Skipped config file 'file:./config/application.yaml' for profile integrationresource not found
2019-09-06 00:00:11.514 DEBUG 3859 --- [      runner-24] o.s.b.c.c.ConfigFileApplicationListener  : Skipped config file 'file:./application-integration.xml' resource not found
2019-09-06 00:00:11.514 DEBUG 3859 --- [      runner-24] o.s.b.c.c.ConfigFileApplicationListener  : Skipped config file 'file:./application-integration.xml' for profile integrationresource not found
2019-09-06 00:00:11.514 DEBUG 3859 --- [      runner-24] o.s.b.c.c.ConfigFileApplicationListener  : Skipped config file 'file:./application.xml' for profile integrationresource not found
2019-09-06 00:00:11.514 DEBUG 3859 --- [      runner-24] o.s.b.c.c.ConfigFileApplicationListener  : Skipped config file 'file:./application-integration.yml' resource not found
2019-09-06 00:00:11.514 DEBUG 3859 --- [      runner-24] o.s.b.c.c.ConfigFileApplicationListener  : Skipped config file 'file:./application-integration.yml' for profile integrationresource not found
2019-09-06 00:00:11.515 DEBUG 3859 --- [      runner-24] o.s.b.c.c.ConfigFileApplicationListener  : Skipped config file 'file:./application.yml' for profile integrationresource not found
2019-09-06 00:00:11.515 DEBUG 3859 --- [      runner-24] o.s.b.c.c.ConfigFileApplicationListener  : Skipped config file 'file:./application-integration.properties' resource not found
2019-09-06 00:00:11.515 DEBUG 3859 --- [      runner-24] o.s.b.c.c.ConfigFileApplicationListener  : Skipped config file 'file:./application-integration.properties' for profile integrationresource not found
2019-09-06 00:00:11.515 DEBUG 3859 --- [      runner-24] o.s.b.c.c.ConfigFileApplicationListener  : Skipped config file 'file:./application.properties' for profile integrationresource not found
2019-09-06 00:00:11.515 DEBUG 3859 --- [      runner-24] o.s.b.c.c.ConfigFileApplicationListener  : Skipped config file 'file:./application-integration.yaml' resource not found
2019-09-06 00:00:11.516 DEBUG 3859 --- [      runner-24] o.s.b.c.c.ConfigFileApplicationListener  : Skipped config file 'file:./application-integration.yaml' for profile integrationresource not found
2019-09-06 00:00:11.516 DEBUG 3859 --- [      runner-24] o.s.b.c.c.ConfigFileApplicationListener  : Skipped config file 'file:./application.yaml' for profile integrationresource not found
2019-09-06 00:00:11.516 DEBUG 3859 --- [      runner-24] o.s.b.c.c.ConfigFileApplicationListener  : Skipped config file 'classpath:/config/application-integration.xml' resource not found
2019-09-06 00:00:11.516 DEBUG 3859 --- [      runner-24] o.s.b.c.c.ConfigFileApplicationListener  : Skipped config file 'classpath:/config/application-integration.xml' for profile integrationresource not found
2019-09-06 00:00:11.516 DEBUG 3859 --- [      runner-24] o.s.b.c.c.ConfigFileApplicationListener  : Skipped config file 'classpath:/config/application.xml' for profile integrationresource not found
2019-09-06 00:00:11.516 DEBUG 3859 --- [      runner-24] o.s.b.c.c.ConfigFileApplicationListener  : Skipped config file 'classpath:/config/application-integration.yml' resource not found
2019-09-06 00:00:11.516 DEBUG 3859 --- [      runner-24] o.s.b.c.c.ConfigFileApplicationListener  : Skipped config file 'classpath:/config/application-integration.yml' for profile integrationresource not found
2019-09-06 00:00:11.516 DEBUG 3859 --- [      runner-24] o.s.b.c.c.ConfigFileApplicationListener  : Skipped config file 'classpath:/config/application.yml' for profile integrationresource not found
2019-09-06 00:00:11.516 DEBUG 3859 --- [      runner-24] o.s.b.c.c.ConfigFileApplicationListener  : Skipped config file 'classpath:/config/application-integration.properties' resource not found
2019-09-06 00:00:11.516 DEBUG 3859 --- [      runner-24] o.s.b.c.c.ConfigFileApplicationListener  : Skipped config file 'classpath:/config/application-integration.properties' for profile integrationresource not found
2019-09-06 00:00:11.516 DEBUG 3859 --- [      runner-24] o.s.b.c.c.ConfigFileApplicationListener  : Skipped config file 'classpath:/config/application.properties' for profile integrationresource not found
2019-09-06 00:00:11.517 DEBUG 3859 --- [      runner-24] o.s.b.c.c.ConfigFileApplicationListener  : Skipped config file 'classpath:/config/application-integration.yaml' resource not found
2019-09-06 00:00:11.517 DEBUG 3859 --- [      runner-24] o.s.b.c.c.ConfigFileApplicationListener  : Skipped config file 'classpath:/config/application-integration.yaml' for profile integrationresource not found
2019-09-06 00:00:11.517 DEBUG 3859 --- [      runner-24] o.s.b.c.c.ConfigFileApplicationListener  : Skipped config file 'classpath:/config/application.yaml' for profile integrationresource not found
2019-09-06 00:00:11.517 DEBUG 3859 --- [      runner-24] o.s.b.c.c.ConfigFileApplicationListener  : Skipped config file 'classpath:/application-integration.xml' resource not found
2019-09-06 00:00:11.517 DEBUG 3859 --- [      runner-24] o.s.b.c.c.ConfigFileApplicationListener  : Skipped config file 'classpath:/application-integration.xml' for profile integrationresource not found
2019-09-06 00:00:11.517 DEBUG 3859 --- [      runner-24] o.s.b.c.c.ConfigFileApplicationListener  : Skipped config file 'classpath:/application.xml' for profile integrationresource not found
2019-09-06 00:00:11.518 DEBUG 3859 --- [      runner-24] o.s.b.c.c.ConfigFileApplicationListener  : Skipped config file 'classpath:/application-integration.yml' resource not found
2019-09-06 00:00:11.518 DEBUG 3859 --- [      runner-24] o.s.b.c.c.ConfigFileApplicationListener  : Skipped config file 'classpath:/application-integration.yml' for profile integrationresource not found
2019-09-06 00:00:11.518 DEBUG 3859 --- [      runner-24] o.s.b.c.c.ConfigFileApplicationListener  : Skipped config file 'classpath:/application.yml' for profile integrationresource not found
2019-09-06 00:00:11.518 DEBUG 3859 --- [      runner-24] o.s.b.c.c.ConfigFileApplicationListener  : Skipped config file 'classpath:/application-integration.properties' resource not found
2019-09-06 00:00:11.518 DEBUG 3859 --- [      runner-24] o.s.b.c.c.ConfigFileApplicationListener  : Skipped config file 'classpath:/application-integration.properties' for profile integrationresource not found
2019-09-06 00:00:11.518 DEBUG 3859 --- [      runner-24] o.s.b.c.c.ConfigFileApplicationListener  : Skipped config file 'classpath:/application.properties' for profile integrationresource not found
2019-09-06 00:00:11.519 DEBUG 3859 --- [      runner-24] o.s.b.c.c.ConfigFileApplicationListener  : Skipped config file 'classpath:/application-integration.yaml' resource not found
2019-09-06 00:00:11.519 DEBUG 3859 --- [      runner-24] o.s.b.c.c.ConfigFileApplicationListener  : Skipped config file 'classpath:/application-integration.yaml' for profile integrationresource not found
2019-09-06 00:00:11.519 DEBUG 3859 --- [      runner-24] o.s.b.c.c.ConfigFileApplicationListener  : Skipped config file 'classpath:/application.yaml' for profile integrationresource not found
2019-09-06 00:00:11.520  INFO 3859 --- [      runner-24] s.c.a.AnnotationConfigApplicationContext : Refreshing org.springframework.context.annotation.AnnotationConfigApplicationContext@55233d90: startup date [Fri Sep 06 00:00:11 UTC 2019]; root of context hierarchy
2019-09-06 00:00:11.570  WARN 3859 --- [      runner-24] s.c.a.AnnotationConfigApplicationContext : Exception encountered during context initialization - cancelling refresh attempt

org.springframework.beans.factory.BeanDefinitionStoreException: Failed to process import candidates for configuration class [org.test.Runner]; nested exception is java.lang.IllegalStateException: java.io.FileNotFoundException: class path resource [org/springframework/boot/autoconfigure/aop/AopAutoConfiguration.class] cannot be opened because it does not exist
 at org.springframework.context.annotation.ConfigurationClassParser.processDeferredImportSelectors(ConfigurationClassParser.java:433)
 at org.springframework.context.annotation.ConfigurationClassParser.parse(ConfigurationClassParser.java:175)
 at org.springframework.context.annotation.ConfigurationClassPostProcessor.processConfigBeanDefinitions(ConfigurationClassPostProcessor.java:306)
 at org.springframework.context.annotation.ConfigurationClassPostProcessor.postProcessBeanDefinitionRegistry(ConfigurationClassPostProcessor.java:239)
 at org.springframework.context.support.PostProcessorRegistrationDelegate.invokeBeanDefinitionRegistryPostProcessors(PostProcessorRegistrationDelegate.java:254)
 at org.springframework.context.support.PostProcessorRegistrationDelegate.invokeBeanFactoryPostProcessors(PostProcessorRegistrationDelegate.java:94)
 at org.springframework.context.support.AbstractApplicationContext.invokeBeanFactoryPostProcessors(AbstractApplicationContext.java:606)
 at org.springframework.context.support.AbstractApplicationContext.refresh(AbstractApplicationContext.java:462)
 at org.springframework.boot.SpringApplication.refresh(SpringApplication.java:691)
 at org.springframework.boot.SpringApplication.run(SpringApplication.java:321)
 at org.springframework.boot.SpringApplication.run(SpringApplication.java:961)
 at sun.reflect.NativeMethodAccessorImpl.invoke0(Native Method)
 at sun.reflect.NativeMethodAccessorImpl.invoke(NativeMethodAccessorImpl.java:62)
 at sun.reflect.DelegatingMethodAccessorImpl.invoke(DelegatingMethodAccessorImpl.java:43)
 at java.lang.reflect.Method.invoke(Method.java:498)
 at org.springframework.boot.cli.command.run.SpringApplicationRunner$RunThread.run(SpringApplicationRunner.java:152)
Caused by: java.lang.IllegalStateException: java.io.FileNotFoundException: class path resource [org/springframework/boot/autoconfigure/aop/AopAutoConfiguration.class] cannot be opened because it does not exist
 at org.springframework.boot.autoconfigure.EnableAutoConfigurationImportSelector.selectImports(EnableAutoConfigurationImportSelector.java:78)
 at org.springframework.context.annotation.ConfigurationClassParser.processDeferredImportSelectors(ConfigurationClassParser.java:425)
 ... 15 common frames omitted
Caused by: java.io.FileNotFoundException: class path resource [org/springframework/boot/autoconfigure/aop/AopAutoConfiguration.class] cannot be opened because it does not exist
 at org.springframework.core.io.ClassPathResource.getInputStream(ClassPathResource.java:172)
 at org.springframework.core.type.classreading.SimpleMetadataReader.<init>(SimpleMetadataReader.java:50)
 at org.springframework.core.type.classreading.SimpleMetadataReaderFactory.getMetadataReader(SimpleMetadataReaderFactory.java:82)
 at org.springframework.core.type.classreading.CachingMetadataReaderFactory.getMetadataReader(CachingMetadataReaderFactory.java:102)
 at org.springframework.core.type.classreading.SimpleMetadataReaderFactory.getMetadataReader(SimpleMetadataReaderFactory.java:77)
 at org.springframework.boot.autoconfigure.AutoConfigurationSorter$AutoConfigurationClasses.<init>(AutoConfigurationSorter.java:121)
 at org.springframework.boot.autoconfigure.AutoConfigurationSorter.getInPriorityOrder(AutoConfigurationSorter.java:60)
 at org.springframework.boot.autoconfigure.EnableAutoConfigurationImportSelector.selectImports(EnableAutoConfigurationImportSelector.java:72)
 ... 16 common frames omitted

2019-09-06 00:00:11.571  INFO 3859 --- [      runner-24] .b.l.ClasspathLoggingApplicationListener : Application failed to start with classpath: []
2019-09-06 00:00:11.572 ERROR 3859 --- [      runner-24] o.s.boot.SpringApplication               : Application startup failed

org.springframework.beans.factory.BeanDefinitionStoreException: Failed to process import candidates for configuration class [org.test.Runner]; nested exception is java.lang.IllegalStateException: java.io.FileNotFoundException: class path resource [org/springframework/boot/autoconfigure/aop/AopAutoConfiguration.class] cannot be opened because it does not exist
 at org.springframework.context.annotation.ConfigurationClassParser.processDeferredImportSelectors(ConfigurationClassParser.java:433)
 at org.springframework.context.annotation.ConfigurationClassParser.parse(ConfigurationClassParser.java:175)
 at org.springframework.context.annotation.ConfigurationClassPostProcessor.processConfigBeanDefinitions(ConfigurationClassPostProcessor.java:306)
 at org.springframework.context.annotation.ConfigurationClassPostProcessor.postProcessBeanDefinitionRegistry(ConfigurationClassPostProcessor.java:239)
 at org.springframework.context.support.PostProcessorRegistrationDelegate.invokeBeanDefinitionRegistryPostProcessors(PostProcessorRegistrationDelegate.java:254)
 at org.springframework.context.support.PostProcessorRegistrationDelegate.invokeBeanFactoryPostProcessors(PostProcessorRegistrationDelegate.java:94)
 at org.springframework.context.support.AbstractApplicationContext.invokeBeanFactoryPostProcessors(AbstractApplicationContext.java:606)
 at org.springframework.context.support.AbstractApplicationContext.refresh(AbstractApplicationContext.java:462)
 at org.springframework.boot.SpringApplication.refresh(SpringApplication.java:691)
 at org.springframework.boot.SpringApplication.run(SpringApplication.java:321)
 at org.springframework.boot.SpringApplication.run(SpringApplication.java:961)
 at sun.reflect.NativeMethodAccessorImpl.invoke0(Native Method)
 at sun.reflect.NativeMethodAccessorImpl.invoke(NativeMethodAccessorImpl.java:62)
 at sun.reflect.DelegatingMethodAccessorImpl.invoke(DelegatingMethodAccessorImpl.java:43)
 at java.lang.reflect.Method.invoke(Method.java:498)
 at org.springframework.boot.cli.command.run.SpringApplicationRunner$RunThread.run(SpringApplicationRunner.java:152)
Caused by: java.lang.IllegalStateException: java.io.FileNotFoundException: class path resource [org/springframework/boot/autoconfigure/aop/AopAutoConfiguration.class] cannot be opened because it does not exist
 at org.springframework.boot.autoconfigure.EnableAutoConfigurationImportSelector.selectImports(EnableAutoConfigurationImportSelector.java:78)
 at org.springframework.context.annotation.ConfigurationClassParser.processDeferredImportSelectors(ConfigurationClassParser.java:425)
 ... 15 common frames omitted
Caused by: java.io.FileNotFoundException: class path resource [org/springframework/boot/autoconfigure/aop/AopAutoConfiguration.class] cannot be opened because it does not exist
 at org.springframework.core.io.ClassPathResource.getInputStream(ClassPathResource.java:172)
 at org.springframework.core.type.classreading.SimpleMetadataReader.<init>(SimpleMetadataReader.java:50)
 at org.springframework.core.type.classreading.SimpleMetadataReaderFactory.getMetadataReader(SimpleMetadataReaderFactory.java:82)
 at org.springframework.core.type.classreading.CachingMetadataReaderFactory.getMetadataReader(CachingMetadataReaderFactory.java:102)
 at org.springframework.core.type.classreading.SimpleMetadataReaderFactory.getMetadataReader(SimpleMetadataReaderFactory.java:77)
 at org.springframework.boot.autoconfigure.AutoConfigurationSorter$AutoConfigurationClasses.<init>(AutoConfigurationSorter.java:121)
 at org.springframework.boot.autoconfigure.AutoConfigurationSorter.getInPriorityOrder(AutoConfigurationSorter.java:60)
 at org.springframework.boot.autoconfigure.EnableAutoConfigurationImportSelector.selectImports(EnableAutoConfigurationImportSelector.java:72)
 ... 16 common frames omitted

java.lang.reflect.InvocationTargetException
 at sun.reflect.NativeMethodAccessorImpl.invoke0(Native Method)
 at sun.reflect.NativeMethodAccessorImpl.invoke(NativeMethodAccessorImpl.java:62)
 at sun.reflect.DelegatingMethodAccessorImpl.invoke(DelegatingMethodAccessorImpl.java:43)
 at java.lang.reflect.Method.invoke(Method.java:498)
 at org.springframework.boot.cli.command.run.SpringApplicationRunner$RunThread.run(SpringApplicationRunner.java:152)
Caused by: org.springframework.beans.factory.BeanDefinitionStoreException: Failed to process import candidates for configuration class [org.test.Runner]; nested exception is java.lang.IllegalStateException: java.io.FileNotFoundException: class path resource [org/springframework/boot/autoconfigure/aop/AopAutoConfiguration.class] cannot be opened because it does not exist
 at org.springframework.context.annotation.ConfigurationClassParser.processDeferredImportSelectors(ConfigurationClassParser.java:433)
 at org.springframework.context.annotation.ConfigurationClassParser.parse(ConfigurationClassParser.java:175)
 at org.springframework.context.annotation.ConfigurationClassPostProcessor.processConfigBeanDefinitions(ConfigurationClassPostProcessor.java:306)
 at org.springframework.context.annotation.ConfigurationClassPostProcessor.postProcessBeanDefinitionRegistry(ConfigurationClassPostProcessor.java:239)
 at org.springframework.context.support.PostProcessorRegistrationDelegate.invokeBeanDefinitionRegistryPostProcessors(PostProcessorRegistrationDelegate.java:254)
 at org.springframework.context.support.PostProcessorRegistrationDelegate.invokeBeanFactoryPostProcessors(PostProcessorRegistrationDelegate.java:94)
 at org.springframework.context.support.AbstractApplicationContext.invokeBeanFactoryPostProcessors(AbstractApplicationContext.java:606)
 at org.springframework.context.support.AbstractApplicationContext.refresh(AbstractApplicationContext.java:462)
 at org.springframework.boot.SpringApplication.refresh(SpringApplication.java:691)
 at org.springframework.boot.SpringApplication.run(SpringApplication.java:321)
 at org.springframework.boot.SpringApplication.run(SpringApplication.java:961)
 ... 5 more
Caused by: java.lang.IllegalStateException: java.io.FileNotFoundException: class path resource [org/springframework/boot/autoconfigure/aop/AopAutoConfiguration.class] cannot be opened because it does not exist
 at org.springframework.boot.autoconfigure.EnableAutoConfigurationImportSelector.selectImports(EnableAutoConfigurationImportSelector.java:78)
 at org.springframework.context.annotation.ConfigurationClassParser.processDeferredImportSelectors(ConfigurationClassParser.java:425)
 ... 15 more
Caused by: java.io.FileNotFoundException: class path resource [org/springframework/boot/autoconfigure/aop/AopAutoConfiguration.class] cannot be opened because it does not exist
 at org.springframework.core.io.ClassPathResource.getInputStream(ClassPathResource.java:172)
 at org.springframework.core.type.classreading.SimpleMetadataReader.<init>(SimpleMetadataReader.java:50)
 at org.springframework.core.type.classreading.SimpleMetadataReaderFactory.getMetadataReader(SimpleMetadataReaderFactory.java:82)
 at org.springframework.core.type.classreading.CachingMetadataReaderFactory.getMetadataReader(CachingMetadataReaderFactory.java:102)
 at org.springframework.core.type.classreading.SimpleMetadataReaderFactory.getMetadataReader(SimpleMetadataReaderFactory.java:77)
 at org.springframework.boot.autoconfigure.AutoConfigurationSorter$AutoConfigurationClasses.<init>(AutoConfigurationSorter.java:121)
 at org.springframework.boot.autoconfigure.AutoConfigurationSorter.getInPriorityOrder(AutoConfigurationSorter.java:60)
 at org.springframework.boot.autoconfigure.EnableAutoConfigurationImportSelector.selectImports(EnableAutoConfigurationImportSelector.java:72)
 ... 16 more
"
spring-projects-spring-boot,org.springframework.boot.cli.SampleIntegrationTests#integrationSample,matched (11 report(s) available),java.lang.AssertionError,Order Dependent,"low-confidence guess: found phrase 'illegalstateexception' which can indicate leftover state from another test, but this cannot be confirmed without cross-test execution context","Wrong output: 
  .   ____          _            __ _ _
 /\\ / ___'_ __ _ _(_)_ __  __ _ \ \ \ \
( ( )\___ | '_ | '_| | '_ \/ _` | \ \ \ \
 \\/  ___)| |_)| | | | | || (_| |  ) ) ) )
  '  |____| .__|_| |_|_| |_\__, | / / / /
 =========|_|==============|___/=/_/_/_/
 :: Spring Boot ::  (v1.2.0.BUILD-SNAPSHOT)

2019-09-06 00:00:14.437  INFO 3859 --- [      runner-25] o.s.boot.SpringApplication               : Starting application on ip-172-31-62-234 with PID 3859 (/root/.m2/repository/org/springframework/boot/spring-boot/1.2.0.BUILD-SNAPSHOT/spring-boot-1.2.0.BUILD-SNAPSHOT.jar started by root in /working/proj/spring-projects-spring-boot-2914/spring-projects-spring-boot/spring-boot-cli)
2019-09-06 00:00:14.439 DEBUG 3859 --- [      runner-25] o.s.boot.SpringApplication               : Running with Spring Boot v1.2.0.BUILD-SNAPSHOT, Spring v4.1.1.RELEASE
2019-09-06 00:00:14.439 DEBUG 3859 --- [      runner-25] o.s.boot.SpringApplication               : Loading source class org.test.SpringIntegrationExample,class org.test.HelloTransformer
2019-09-06 00:00:14.471 DEBUG 3859 --- [      runner-25] o.s.b.c.c.ConfigFileApplicationListener  : Activated profiles integration
2019-09-06 00:00:14.472 DEBUG 3859 --- [      runner-25] o.s.b.c.c.ConfigFileApplicationListener  : Skipped config file 'file:./config/application.xml' resource not found
2019-09-06 00:00:14.472 DEBUG 3859 --- [      runner-25] o.s.b.c.c.ConfigFileApplicationListener  : Skipped config file 'file:./config/application.yml' resource not found
2019-09-06 00:00:14.472 DEBUG 3859 --- [      runner-25] o.s.b.c.c.ConfigFileApplicationListener  : Skipped config file 'file:./config/application.properties' resource not found
2019-09-06 00:00:14.472 DEBUG 3859 --- [      runner-25] o.s.b.c.c.ConfigFileApplicationListener  : Skipped config file 'file:./config/application.yaml' resource not found
2019-09-06 00:00:14.472 DEBUG 3859 --- [      runner-25] o.s.b.c.c.ConfigFileApplicationListener  : Skipped config file 'file:./application.xml' resource not found
2019-09-06 00:00:14.472 DEBUG 3859 --- [      runner-25] o.s.b.c.c.ConfigFileApplicationListener  : Skipped config file 'file:./application.yml' resource not found
2019-09-06 00:00:14.472 DEBUG 3859 --- [      runner-25] o.s.b.c.c.ConfigFileApplicationListener  : Skipped config file 'file:./application.properties' resource not found
2019-09-06 00:00:14.473 DEBUG 3859 --- [      runner-25] o.s.b.c.c.ConfigFileApplicationListener  : Skipped config file 'file:./application.yaml' resource not found
2019-09-06 00:00:14.473 DEBUG 3859 --- [      runner-25] o.s.b.c.c.ConfigFileApplicationListener  : Skipped config file 'classpath:/config/application.xml' resource not found
2019-09-06 00:00:14.473 DEBUG 3859 --- [      runner-25] o.s.b.c.c.ConfigFileApplicationListener  : Skipped config file 'classpath:/config/application.yml' resource not found
2019-09-06 00:00:14.473 DEBUG 3859 --- [      runner-25] o.s.b.c.c.ConfigFileApplicationListener  : Skipped config file 'classpath:/config/application.properties' resource not found
2019-09-06 00:00:14.473 DEBUG 3859 --- [      runner-25] o.s.b.c.c.ConfigFileApplicationListener  : Skipped config file 'classpath:/config/application.yaml' resource not found
2019-09-06 00:00:14.473 DEBUG 3859 --- [      runner-25] o.s.b.c.c.ConfigFileApplicationListener  : Skipped config file 'classpath:/application.xml' resource not found
2019-09-06 00:00:14.473 DEBUG 3859 --- [      runner-25] o.s.b.c.c.ConfigFileApplicationListener  : Skipped config file 'classpath:/application.yml' resource not found
2019-09-06 00:00:14.473 DEBUG 3859 --- [      runner-25] o.s.b.c.c.ConfigFileApplicationListener  : Skipped config file 'classpath:/application.properties' resource not found
2019-09-06 00:00:14.474 DEBUG 3859 --- [      runner-25] o.s.b.c.c.ConfigFileApplicationListener  : Skipped config file 'classpath:/application.yaml' resource not found
2019-09-06 00:00:14.474 DEBUG 3859 --- [      runner-25] o.s.b.c.c.ConfigFileApplicationListener  : Skipped config file 'file:./config/application-integration.xml' resource not found
2019-09-06 00:00:14.474 DEBUG 3859 --- [      runner-25] o.s.b.c.c.ConfigFileApplicationListener  : Skipped config file 'file:./config/application-integration.xml' for profile integrationresource not found
2019-09-06 00:00:14.474 DEBUG 3859 --- [      runner-25] o.s.b.c.c.ConfigFileApplicationListener  : Skipped config file 'file:./config/application.xml' for profile integrationresource not found
2019-09-06 00:00:14.474 DEBUG 3859 --- [      runner-25] o.s.b.c.c.ConfigFileApplicationListener  : Skipped config file 'file:./config/application-integration.yml' resource not found
2019-09-06 00:00:14.474 DEBUG 3859 --- [      runner-25] o.s.b.c.c.ConfigFileApplicationListener  : Skipped config file 'file:./config/application-integration.yml' for profile integrationresource not found
2019-09-06 00:00:14.474 DEBUG 3859 --- [      runner-25] o.s.b.c.c.ConfigFileApplicationListener  : Skipped config file 'file:./config/application.yml' for profile integrationresource not found
2019-09-06 00:00:14.474 DEBUG 3859 --- [      runner-25] o.s.b.c.c.ConfigFileApplicationListener  : Skipped config file 'file:./config/application-integration.properties' resource not found
2019-09-06 00:00:14.475 DEBUG 3859 --- [      runner-25] o.s.b.c.c.ConfigFileApplicationListener  : Skipped config file 'file:./config/application-integration.properties' for profile integrationresource not found
2019-09-06 00:00:14.475 DEBUG 3859 --- [      runner-25] o.s.b.c.c.ConfigFileApplicationListener  : Skipped config file 'file:./config/application.properties' for profile integrationresource not found
2019-09-06 00:00:14.475 DEBUG 3859 --- [      runner-25] o.s.b.c.c.ConfigFileApplicationListener  : Skipped config file 'file:./config/application-integration.yaml' resource not found
2019-09-06 00:00:14.475 DEBUG 3859 --- [      runner-25] o.s.b.c.c.ConfigFileApplicationListener  : Skipped config file 'file:./config/application-integration.yaml' for profile integrationresource not found
2019-09-06 00:00:14.475 DEBUG 3859 --- [      runner-25] o.s.b.c.c.ConfigFileApplicationListener  : Skipped config file 'file:./config/application.yaml' for profile integrationresource not found
2019-09-06 00:00:14.475 DEBUG 3859 --- [      runner-25] o.s.b.c.c.ConfigFileApplicationListener  : Skipped config file 'file:./application-integration.xml' resource not found
2019-09-06 00:00:14.475 DEBUG 3859 --- [      runner-25] o.s.b.c.c.ConfigFileApplicationListener  : Skipped config file 'file:./application-integration.xml' for profile integrationresource not found
2019-09-06 00:00:14.476 DEBUG 3859 --- [      runner-25] o.s.b.c.c.ConfigFileApplicationListener  : Skipped config file 'file:./application.xml' for profile integrationresource not found
2019-09-06 00:00:14.476 DEBUG 3859 --- [      runner-25] o.s.b.c.c.ConfigFileApplicationListener  : Skipped config file 'file:./application-integration.yml' resource not found
2019-09-06 00:00:14.476 DEBUG 3859 --- [      runner-25] o.s.b.c.c.ConfigFileApplicationListener  : Skipped config file 'file:./application-integration.yml' for profile integrationresource not found
2019-09-06 00:00:14.476 DEBUG 3859 --- [      runner-25] o.s.b.c.c.ConfigFileApplicationListener  : Skipped config file 'file:./application.yml' for profile integrationresource not found
2019-09-06 00:00:14.476 DEBUG 3859 --- [      runner-25] o.s.b.c.c.ConfigFileApplicationListener  : Skipped config file 'file:./application-integration.properties' resource not found
2019-09-06 00:00:14.476 DEBUG 3859 --- [      runner-25] o.s.b.c.c.ConfigFileApplicationListener  : Skipped config file 'file:./application-integration.properties' for profile integrationresource not found
2019-09-06 00:00:14.476 DEBUG 3859 --- [      runner-25] o.s.b.c.c.ConfigFileApplicationListener  : Skipped config file 'file:./application.properties' for profile integrationresource not found
2019-09-06 00:00:14.476 DEBUG 3859 --- [      runner-25] o.s.b.c.c.ConfigFileApplicationListener  : Skipped config file 'file:./application-integration.yaml' resource not found
2019-09-06 00:00:14.476 DEBUG 3859 --- [      runner-25] o.s.b.c.c.ConfigFileApplicationListener  : Skipped config file 'file:./application-integration.yaml' for profile integrationresource not found
2019-09-06 00:00:14.477 DEBUG 3859 --- [      runner-25] o.s.b.c.c.ConfigFileApplicationListener  : Skipped config file 'file:./application.yaml' for profile integrationresource not found
2019-09-06 00:00:14.477 DEBUG 3859 --- [      runner-25] o.s.b.c.c.ConfigFileApplicationListener  : Skipped config file 'classpath:/config/application-integration.xml' resource not found
2019-09-06 00:00:14.477 DEBUG 3859 --- [      runner-25] o.s.b.c.c.ConfigFileApplicationListener  : Skipped config file 'classpath:/config/application-integration.xml' for profile integrationresource not found
2019-09-06 00:00:14.477 DEBUG 3859 --- [      runner-25] o.s.b.c.c.ConfigFileApplicationListener  : Skipped config file 'classpath:/config/application.xml' for profile integrationresource not found
2019-09-06 00:00:14.477 DEBUG 3859 --- [      runner-25] o.s.b.c.c.ConfigFileApplicationListener  : Skipped config file 'classpath:/config/application-integration.yml' resource not found
2019-09-06 00:00:14.477 DEBUG 3859 --- [      runner-25] o.s.b.c.c.ConfigFileApplicationListener  : Skipped config file 'classpath:/config/application-integration.yml' for profile integrationresource not found
2019-09-06 00:00:14.477 DEBUG 3859 --- [      runner-25] o.s.b.c.c.ConfigFileApplicationListener  : Skipped config file 'classpath:/config/application.yml' for profile integrationresource not found
2019-09-06 00:00:14.477 DEBUG 3859 --- [      runner-25] o.s.b.c.c.ConfigFileApplicationListener  : Skipped config file 'classpath:/config/application-integration.properties' resource not found
2019-09-06 00:00:14.477 DEBUG 3859 --- [      runner-25] o.s.b.c.c.ConfigFileApplicationListener  : Skipped config file 'classpath:/config/application-integration.properties' for profile integrationresource not found
2019-09-06 00:00:14.478 DEBUG 3859 --- [      runner-25] o.s.b.c.c.ConfigFileApplicationListener  : Skipped config file 'classpath:/config/application.properties' for profile integrationresource not found
2019-09-06 00:00:14.478 DEBUG 3859 --- [      runner-25] o.s.b.c.c.ConfigFileApplicationListener  : Skipped config file 'classpath:/config/application-integration.yaml' resource not found
2019-09-06 00:00:14.478 DEBUG 3859 --- [      runner-25] o.s.b.c.c.ConfigFileApplicationListener  : Skipped config file 'classpath:/config/application-integration.yaml' for profile integrationresource not found
2019-09-06 00:00:14.478 DEBUG 3859 --- [      runner-25] o.s.b.c.c.ConfigFileApplicationListener  : Skipped config file 'classpath:/config/application.yaml' for profile integrationresource not found
2019-09-06 00:00:14.478 DEBUG 3859 --- [      runner-25] o.s.b.c.c.ConfigFileApplicationListener  : Skipped config file 'classpath:/application-integration.xml' resource not found
2019-09-06 00:00:14.478 DEBUG 3859 --- [      runner-25] o.s.b.c.c.ConfigFileApplicationListener  : Skipped config file 'classpath:/application-integration.xml' for profile integrationresource not found
2019-09-06 00:00:14.478 DEBUG 3859 --- [      runner-25] o.s.b.c.c.ConfigFileApplicationListener  : Skipped config file 'classpath:/application.xml' for profile integrationresource not found
2019-09-06 00:00:14.478 DEBUG 3859 --- [      runner-25] o.s.b.c.c.ConfigFileApplicationListener  : Skipped config file 'classpath:/application-integration.yml' resource not found
2019-09-06 00:00:14.479 DEBUG 3859 --- [      runner-25] o.s.b.c.c.ConfigFileApplicationListener  : Skipped config file 'classpath:/application-integration.yml' for profile integrationresource not found
2019-09-06 00:00:14.479 DEBUG 3859 --- [      runner-25] o.s.b.c.c.ConfigFileApplicationListener  : Skipped config file 'classpath:/application.yml' for profile integrationresource not found
2019-09-06 00:00:14.479 DEBUG 3859 --- [      runner-25] o.s.b.c.c.ConfigFileApplicationListener  : Skipped config file 'classpath:/application-integration.properties' resource not found
2019-09-06 00:00:14.479 DEBUG 3859 --- [      runner-25] o.s.b.c.c.ConfigFileApplicationListener  : Skipped config file 'classpath:/application-integration.properties' for profile integrationresource not found
2019-09-06 00:00:14.479 DEBUG 3859 --- [      runner-25] o.s.b.c.c.ConfigFileApplicationListener  : Skipped config file 'classpath:/application.properties' for profile integrationresource not found
2019-09-06 00:00:14.479 DEBUG 3859 --- [      runner-25] o.s.b.c.c.ConfigFileApplicationListener  : Skipped config file 'classpath:/application-integration.yaml' resource not found
2019-09-06 00:00:14.480 DEBUG 3859 --- [      runner-25] o.s.b.c.c.ConfigFileApplicationListener  : Skipped config file 'classpath:/application-integration.yaml' for profile integrationresource not found
2019-09-06 00:00:14.480 DEBUG 3859 --- [      runner-25] o.s.b.c.c.ConfigFileApplicationListener  : Skipped config file 'classpath:/application.yaml' for profile integrationresource not found
2019-09-06 00:00:14.481  INFO 3859 --- [      runner-25] s.c.a.AnnotationConfigApplicationContext : Refreshing org.springframework.context.annotation.AnnotationConfigApplicationContext@587dedb5: startup date [Fri Sep 06 00:00:14 UTC 2019]; root of context hierarchy
2019-09-06 00:00:14.531  WARN 3859 --- [      runner-25] s.c.a.AnnotationConfigApplicationContext : Exception encountered during context initialization - cancelling refresh attempt

org.springframework.beans.factory.BeanDefinitionStoreException: Failed to process import candidates for configuration class [org.test.SpringIntegrationExample]; nested exception is java.lang.IllegalStateException: java.io.FileNotFoundException: class path resource [org/springframework/boot/autoconfigure/aop/AopAutoConfiguration.class] cannot be opened because it does not exist
 at org.springframework.context.annotation.ConfigurationClassParser.processDeferredImportSelectors(ConfigurationClassParser.java:433)
 at org.springframework.context.annotation.ConfigurationClassParser.parse(ConfigurationClassParser.java:175)
 at org.springframework.context.annotation.ConfigurationClassPostProcessor.processConfigBeanDefinitions(ConfigurationClassPostProcessor.java:306)
 at org.springframework.context.annotation.ConfigurationClassPostProcessor.postProcessBeanDefinitionRegistry(ConfigurationClassPostProcessor.java:239)
 at org.springframework.context.support.PostProcessorRegistrationDelegate.invokeBeanDefinitionRegistryPostProcessors(PostProcessorRegistrationDelegate.java:254)
 at org.springframework.context.support.PostProcessorRegistrationDelegate.invokeBeanFactoryPostProcessors(PostProcessorRegistrationDelegate.java:94)
 at org.springframework.context.support.AbstractApplicationContext.invokeBeanFactoryPostProcessors(AbstractApplicationContext.java:606)
 at org.springframework.context.support.AbstractApplicationContext.refresh(AbstractApplicationContext.java:462)
 at org.springframework.boot.SpringApplication.refresh(SpringApplication.java:691)
 at org.springframework.boot.SpringApplication.run(SpringApplication.java:321)
 at org.springframework.boot.SpringApplication.run(SpringApplication.java:961)
 at sun.reflect.NativeMethodAccessorImpl.invoke0(Native Method)
 at sun.reflect.NativeMethodAccessorImpl.invoke(NativeMethodAccessorImpl.java:62)
 at sun.reflect.DelegatingMethodAccessorImpl.invoke(DelegatingMethodAccessorImpl.java:43)
 at java.lang.reflect.Method.invoke(Method.java:498)
 at org.springframework.boot.cli.command.run.SpringApplicationRunner$RunThread.run(SpringApplicationRunner.java:152)
Caused by: java.lang.IllegalStateException: java.io.FileNotFoundException: class path resource [org/springframework/boot/autoconfigure/aop/AopAutoConfiguration.class] cannot be opened because it does not exist
 at org.springframework.boot.autoconfigure.EnableAutoConfigurationImportSelector.selectImports(EnableAutoConfigurationImportSelector.java:78)
 at org.springframework.context.annotation.ConfigurationClassParser.processDeferredImportSelectors(ConfigurationClassParser.java:425)
 ... 15 common frames omitted
Caused by: java.io.FileNotFoundException: class path resource [org/springframework/boot/autoconfigure/aop/AopAutoConfiguration.class] cannot be opened because it does not exist
 at org.springframework.core.io.ClassPathResource.getInputStream(ClassPathResource.java:172)
 at org.springframework.core.type.classreading.SimpleMetadataReader.<init>(SimpleMetadataReader.java:50)
 at org.springframework.core.type.classreading.SimpleMetadataReaderFactory.getMetadataReader(SimpleMetadataReaderFactory.java:82)
 at org.springframework.core.type.classreading.CachingMetadataReaderFactory.getMetadataReader(CachingMetadataReaderFactory.java:102)
 at org.springframework.core.type.classreading.SimpleMetadataReaderFactory.getMetadataReader(SimpleMetadataReaderFactory.java:77)
 at org.springframework.boot.autoconfigure.AutoConfigurationSorter$AutoConfigurationClasses.<init>(AutoConfigurationSorter.java:121)
 at org.springframework.boot.autoconfigure.AutoConfigurationSorter.getInPriorityOrder(AutoConfigurationSorter.java:60)
 at org.springframework.boot.autoconfigure.EnableAutoConfigurationImportSelector.selectImports(EnableAutoConfigurationImportSelector.java:72)
 ... 16 common frames omitted

2019-09-06 00:00:14.533  INFO 3859 --- [      runner-25] .b.l.ClasspathLoggingApplicationListener : Application failed to start with classpath: []
2019-09-06 00:00:14.533 ERROR 3859 --- [      runner-25] o.s.boot.SpringApplication               : Application startup failed

org.springframework.beans.factory.BeanDefinitionStoreException: Failed to process import candidates for configuration class [org.test.SpringIntegrationExample]; nested exception is java.lang.IllegalStateException: java.io.FileNotFoundException: class path resource [org/springframework/boot/autoconfigure/aop/AopAutoConfiguration.class] cannot be opened because it does not exist
 at org.springframework.context.annotation.ConfigurationClassParser.processDeferredImportSelectors(ConfigurationClassParser.java:433)
 at org.springframework.context.annotation.ConfigurationClassParser.parse(ConfigurationClassParser.java:175)
 at org.springframework.context.annotation.ConfigurationClassPostProcessor.processConfigBeanDefinitions(ConfigurationClassPostProcessor.java:306)
 at org.springframework.context.annotation.ConfigurationClassPostProcessor.postProcessBeanDefinitionRegistry(ConfigurationClassPostProcessor.java:239)
 at org.springframework.context.support.PostProcessorRegistrationDelegate.invokeBeanDefinitionRegistryPostProcessors(PostProcessorRegistrationDelegate.java:254)
 at org.springframework.context.support.PostProcessorRegistrationDelegate.invokeBeanFactoryPostProcessors(PostProcessorRegistrationDelegate.java:94)
 at org.springframework.context.support.AbstractApplicationContext.invokeBeanFactoryPostProcessors(AbstractApplicationContext.java:606)
 at org.springframework.context.support.AbstractApplicationContext.refresh(AbstractApplicationContext.java:462)
 at org.springframework.boot.SpringApplication.refresh(SpringApplication.java:691)
 at org.springframework.boot.SpringApplication.run(SpringApplication.java:321)
 at org.springframework.boot.SpringApplication.run(SpringApplication.java:961)
 at sun.reflect.NativeMethodAccessorImpl.invoke0(Native Method)
 at sun.reflect.NativeMethodAccessorImpl.invoke(NativeMethodAccessorImpl.java:62)
 at sun.reflect.DelegatingMethodAccessorImpl.invoke(DelegatingMethodAccessorImpl.java:43)
 at java.lang.reflect.Method.invoke(Method.java:498)
 at org.springframework.boot.cli.command.run.SpringApplicationRunner$RunThread.run(SpringApplicationRunner.java:152)
Caused by: java.lang.IllegalStateException: java.io.FileNotFoundException: class path resource [org/springframework/boot/autoconfigure/aop/AopAutoConfiguration.class] cannot be opened because it does not exist
 at org.springframework.boot.autoconfigure.EnableAutoConfigurationImportSelector.selectImports(EnableAutoConfigurationImportSelector.java:78)
 at org.springframework.context.annotation.ConfigurationClassParser.processDeferredImportSelectors(ConfigurationClassParser.java:425)
 ... 15 common frames omitted
Caused by: java.io.FileNotFoundException: class path resource [org/springframework/boot/autoconfigure/aop/AopAutoConfiguration.class] cannot be opened because it does not exist
 at org.springframework.core.io.ClassPathResource.getInputStream(ClassPathResource.java:172)
 at org.springframework.core.type.classreading.SimpleMetadataReader.<init>(SimpleMetadataReader.java:50)
 at org.springframework.core.type.classreading.SimpleMetadataReaderFactory.getMetadataReader(SimpleMetadataReaderFactory.java:82)
 at org.springframework.core.type.classreading.CachingMetadataReaderFactory.getMetadataReader(CachingMetadataReaderFactory.java:102)
 at org.springframework.core.type.classreading.SimpleMetadataReaderFactory.getMetadataReader(SimpleMetadataReaderFactory.java:77)
 at org.springframework.boot.autoconfigure.AutoConfigurationSorter$AutoConfigurationClasses.<init>(AutoConfigurationSorter.java:121)
 at org.springframework.boot.autoconfigure.AutoConfigurationSorter.getInPriorityOrder(AutoConfigurationSorter.java:60)
 at org.springframework.boot.autoconfigure.EnableAutoConfigurationImportSelector.selectImports(EnableAutoConfigurationImportSelector.java:72)
 ... 16 common frames omitted

java.lang.reflect.InvocationTargetException
 at sun.reflect.NativeMethodAccessorImpl.invoke0(Native Method)
 at sun.reflect.NativeMethodAccessorImpl.invoke(NativeMethodAccessorImpl.java:62)
 at sun.reflect.DelegatingMethodAccessorImpl.invoke(DelegatingMethodAccessorImpl.java:43)
 at java.lang.reflect.Method.invoke(Method.java:498)
 at org.springframework.boot.cli.command.run.SpringApplicationRunner$RunThread.run(SpringApplicationRunner.java:152)
Caused by: org.springframework.beans.factory.BeanDefinitionStoreException: Failed to process import candidates for configuration class [org.test.SpringIntegrationExample]; nested exception is java.lang.IllegalStateException: java.io.FileNotFoundException: class path resource [org/springframework/boot/autoconfigure/aop/AopAutoConfiguration.class] cannot be opened because it does not exist
 at org.springframework.context.annotation.ConfigurationClassParser.processDeferredImportSelectors(ConfigurationClassParser.java:433)
 at org.springframework.context.annotation.ConfigurationClassParser.parse(ConfigurationClassParser.java:175)
 at org.springframework.context.annotation.ConfigurationClassPostProcessor.processConfigBeanDefinitions(ConfigurationClassPostProcessor.java:306)
 at org.springframework.context.annotation.ConfigurationClassPostProcessor.postProcessBeanDefinitionRegistry(ConfigurationClassPostProcessor.java:239)
 at org.springframework.context.support.PostProcessorRegistrationDelegate.invokeBeanDefinitionRegistryPostProcessors(PostProcessorRegistrationDelegate.java:254)
 at org.springframework.context.support.PostProcessorRegistrationDelegate.invokeBeanFactoryPostProcessors(PostProcessorRegistrationDelegate.java:94)
 at org.springframework.context.support.AbstractApplicationContext.invokeBeanFactoryPostProcessors(AbstractApplicationContext.java:606)
 at org.springframework.context.support.AbstractApplicationContext.refresh(AbstractApplicationContext.java:462)
 at org.springframework.boot.SpringApplication.refresh(SpringApplication.java:691)
 at org.springframework.boot.SpringApplication.run(SpringApplication.java:321)
 at org.springframework.boot.SpringApplication.run(SpringApplication.java:961)
 ... 5 more
Caused by: java.lang.IllegalStateException: java.io.FileNotFoundException: class path resource [org/springframework/boot/autoconfigure/aop/AopAutoConfiguration.class] cannot be opened because it does not exist
 at org.springframework.boot.autoconfigure.EnableAutoConfigurationImportSelector.selectImports(EnableAutoConfigurationImportSelector.java:78)
 at org.springframework.context.annotation.ConfigurationClassParser.processDeferredImportSelectors(ConfigurationClassParser.java:425)
 ... 15 more
Caused by: java.io.FileNotFoundException: class path resource [org/springframework/boot/autoconfigure/aop/AopAutoConfiguration.class] cannot be opened because it does not exist
 at org.springframework.core.io.ClassPathResource.getInputStream(ClassPathResource.java:172)
 at org.springframework.core.type.classreading.SimpleMetadataReader.<init>(SimpleMetadataReader.java:50)
 at org.springframework.core.type.classreading.SimpleMetadataReaderFactory.getMetadataReader(SimpleMetadataReaderFactory.java:82)
 at org.springframework.core.type.classreading.CachingMetadataReaderFactory.getMetadataReader(CachingMetadataReaderFactory.java:102)
 at org.springframework.core.type.classreading.SimpleMetadataReaderFactory.getMetadataReader(SimpleMetadataReaderFactory.java:77)
 at org.springframework.boot.autoconfigure.AutoConfigurationSorter$AutoConfigurationClasses.<init>(AutoConfigurationSorter.java:121)
 at org.springframework.boot.autoconfigure.AutoConfigurationSorter.getInPriorityOrder(AutoConfigurationSorter.java:60)
 at org.springframework.boot.autoconfigure.EnableAutoConfigurationImportSelector.selectImports(EnableAutoConfigurationImportSelector.java:72)
 ... 16 more
"
spring-projects-spring-boot,org.springframework.boot.cli.compiler.grape.AetherGrapeEngineTests#dependencyResolution,matched (5512 report(s) available),org.springframework.boot.cli.compiler.grape.DependencyResolutionFailedException,Async Wait,guess: found async-related keyword 'executor' in exception/message/test name,org.eclipse.aether.resolution.DependencyResolutionException: Failed to collect dependencies at org.springframework:spring-jdbc:jar:3.2.4.RELEASE
spring-projects-spring-boot,org.springframework.boot.cli.compiler.grape.AetherGrapeEngineTests#resolutionWithClassifier,matched (5512 report(s) available),org.springframework.boot.cli.compiler.grape.DependencyResolutionFailedException,Async Wait,guess: found async-related keyword 'executor' in exception/message/test name,org.eclipse.aether.resolution.DependencyResolutionException: Failed to collect dependencies at org.springframework:spring-jdbc:jar:sources:3.2.4.RELEASE
spring-projects-spring-boot,org.springframework.boot.cli.compiler.grape.AetherGrapeEngineTests#dependencyResolutionWithCustomClassLoader,matched (5512 report(s) available),org.springframework.boot.cli.compiler.grape.DependencyResolutionFailedException,Async Wait,guess: found async-related keyword 'executor' in exception/message/test name,org.eclipse.aether.resolution.DependencyResolutionException: Failed to collect dependencies at org.springframework:spring-jdbc:jar:3.2.4.RELEASE
spring-projects-spring-boot,org.springframework.boot.cli.compiler.grape.AetherGrapeEngineTests#pomDependencyResolutionViaType,matched (5512 report(s) available),org.springframework.boot.cli.compiler.grape.DependencyResolutionFailedException,Async Wait,guess: found async-related keyword 'executor' in exception/message/test name,org.eclipse.aether.resolution.DependencyResolutionException: Failed to collect dependencies at org.springframework:spring-framework-bom:pom:4.0.5.RELEASE
spring-projects-spring-boot,org.springframework.boot.cli.compiler.grape.AetherGrapeEngineTests#nonTransitiveDependencyResolution,matched (5512 report(s) available),org.springframework.boot.cli.compiler.grape.DependencyResolutionFailedException,Async Wait,guess: found async-related keyword 'executor' in exception/message/test name,org.eclipse.aether.resolution.DependencyResolutionException: Failed to collect dependencies at org.springframework:spring-jdbc:jar:3.2.4.RELEASE
spring-projects-spring-boot,org.springframework.boot.cli.compiler.grape.AetherGrapeEngineTests#dependencyResolutionWithExclusions,matched (5512 report(s) available),org.springframework.boot.cli.compiler.grape.DependencyResolutionFailedException,Async Wait,guess: found async-related keyword 'executor' in exception/message/test name,org.eclipse.aether.resolution.DependencyResolutionException: Failed to collect dependencies at org.springframework:spring-jdbc:jar:3.2.4.RELEASE
spring-projects-spring-boot,org.springframework.boot.cli.compiler.grape.AetherGrapeEngineTests#pomDependencyResolutionViaExt,matched (5512 report(s) available),org.springframework.boot.cli.compiler.grape.DependencyResolutionFailedException,Async Wait,guess: found async-related keyword 'executor' in exception/message/test name,org.eclipse.aether.resolution.DependencyResolutionException: Failed to collect dependencies at org.springframework:spring-framework-bom:pom:4.0.5.RELEASE
spring-projects-spring-boot,sample.liquibase.SampleLiquibaseApplicationTests#testDefaultSettings,matched (1 report(s) available),org.springframework.beans.factory.BeanCreationException,Async Wait,guess: found async-related keyword 'callback' in exception/message/test name,Error creating bean with name 'liquibase' defined in class path resource [org/springframework/boot/autoconfigure/liquibase/LiquibaseAutoConfiguration$LiquibaseConfiguration.class]: Invocation of init method failed; nested exception is java.lang.ExceptionInInitializerError
square-okhttp,com.squareup.okhttp.internal.http.ResponseCacheTest#cacheCanUseCriteriaBesidesVariantObeyed,matched (3 report(s) available),java.lang.AssertionError,Unclear,no rule matched -- raw exception type was 'java.lang.AssertionError',java.net.UnknownHostException: ip-172-31-60-164: ip-172-31-60-164: Temporary failure in name resolution
square-okhttp,com.squareup.okhttp.internal.http.ResponseCacheTest#requestOnlyIfCachedWithNoResponseCached,matched (3 report(s) available),java.lang.AssertionError,Unclear,no rule matched -- raw exception type was 'java.lang.AssertionError',java.net.UnknownHostException: ip-172-31-60-164: ip-172-31-60-164: Temporary failure in name resolution
square-okhttp,com.squareup.okhttp.internal.http.ResponseCacheTest#maxAgePreferredWithMaxAgeAndExpires,matched (2 report(s) available),java.lang.AssertionError,Unclear,no rule matched -- raw exception type was 'java.lang.AssertionError',java.net.UnknownHostException: ip-172-31-63-122: ip-172-31-63-122: Temporary failure in name resolution
square-okhttp,com.squareup.okhttp.internal.http.ResponseCacheTest#contentLocationDoesNotPopulateCache,matched (1 report(s) available),java.lang.AssertionError,Unclear,no rule matched -- raw exception type was 'java.lang.AssertionError',java.net.UnknownHostException: ip-172-31-63-122: ip-172-31-63-122: Temporary failure in name resolution
square-okhttp,com.squareup.okhttp.internal.http.ResponseCacheTest#clientPrematureDisconnectWithNoLengthHeaders,matched (1 report(s) available),java.lang.AssertionError,Unclear,no rule matched -- raw exception type was 'java.lang.AssertionError',java.net.UnknownHostException: ip-172-31-63-122: ip-172-31-63-122: Temporary failure in name resolution
square-okhttp,com.squareup.okhttp.internal.http.ResponseCacheTest#setIfModifiedSince,matched (1 report(s) available),java.lang.AssertionError,Unclear,no rule matched -- raw exception type was 'java.lang.AssertionError',java.net.UnknownHostException: ip-172-31-63-122: ip-172-31-63-122: Temporary failure in name resolution
square-okhttp,com.squareup.okhttp.internal.http.ResponseCacheTest#noDefaultExpirationForUrlsWithQueryString,matched (1 report(s) available),java.lang.AssertionError,Unclear,no rule matched -- raw exception type was 'java.lang.AssertionError',java.net.UnknownHostException: ip-172-31-63-122: ip-172-31-63-122: Temporary failure in name resolution
square-okhttp,com.squareup.okhttp.internal.http.ResponseCacheTest#maxAgeInTheFutureWithDateHeader,matched (1 report(s) available),java.lang.AssertionError,Unclear,no rule matched -- raw exception type was 'java.lang.AssertionError',java.net.UnknownHostException: ip-172-31-63-122: ip-172-31-63-122: Temporary failure in name resolution
square-okhttp,com.squareup.okhttp.internal.http.ResponseCacheTest#serverReturnsDocumentOlderThanCache,matched (1 report(s) available),java.lang.AssertionError,Unclear,no rule matched -- raw exception type was 'java.lang.AssertionError',java.net.UnknownHostException: ip-172-31-63-122: ip-172-31-63-122: Temporary failure in name resolution
square-okhttp,com.squareup.okhttp.internal.http.ResponseCacheTest#responseCachingAndInputStreamSkipWithChunkedEncoding,matched (2 report(s) available),java.net.SocketException,Unclear,no rule matched -- raw exception type was 'java.net.SocketException',Network is unreachable (connect failed)
square-okhttp,com.squareup.okhttp.internal.http.ResponseCacheTest#clientSuppliedConditionWithoutCachedResult,matched (1 report(s) available),java.lang.AssertionError,Unclear,no rule matched -- raw exception type was 'java.lang.AssertionError',java.net.UnknownHostException: ip-172-31-63-122: ip-172-31-63-122: Temporary failure in name resolution
square-okhttp,com.squareup.okhttp.internal.http.ResponseCacheTest#requestPragmaNoCache,matched (1 report(s) available),java.lang.AssertionError,Unclear,no rule matched -- raw exception type was 'java.lang.AssertionError',java.net.UnknownHostException: ip-172-31-63-122: ip-172-31-63-122: Temporary failure in name resolution
square-okhttp,com.squareup.okhttp.internal.http.ResponseCacheTest#cacheControlNoStoreAndExpirationDateInTheFuture,matched (1 report(s) available),java.net.SocketException,Unclear,no rule matched -- raw exception type was 'java.net.SocketException',Network is unreachable (connect failed)
square-okhttp,com.squareup.okhttp.internal.http.ResponseCacheTest#getHeadersDeletesCached100LevelWarnings,matched (1 report(s) available),java.net.SocketException,Unclear,no rule matched -- raw exception type was 'java.net.SocketException',Network is unreachable (connect failed)
square-okhttp,com.squareup.okhttp.internal.http.ResponseCacheTest#clientPrematureDisconnectWithContentLengthHeader,matched (1 report(s) available),java.net.SocketException,Unclear,no rule matched -- raw exception type was 'java.net.SocketException',Network is unreachable (connect failed)
square-okhttp,com.squareup.okhttp.internal.http.ResponseCacheTest#etag,matched (1 report(s) available),java.net.SocketException,Unclear,no rule matched -- raw exception type was 'java.net.SocketException',Network is unreachable (connect failed)
square-okhttp,com.squareup.okhttp.internal.http.ResponseCacheTest#authorizationResponseCachedWithMustRevalidate,matched (1 report(s) available),java.net.SocketException,Unclear,no rule matched -- raw exception type was 'java.net.SocketException',Network is unreachable (connect failed)
square-okhttp,com.squareup.okhttp.internal.http.ResponseCacheTest#maxAgePreferredOverLowerSharedMaxAge,matched (1 report(s) available),java.net.SocketException,Unclear,no rule matched -- raw exception type was 'java.net.SocketException',Network is unreachable (connect failed)
square-okhttp,com.squareup.okhttp.internal.http.ResponseCacheTest#responseCachingAndRedirects,matched (1 report(s) available),java.net.SocketException,Unclear,no rule matched -- raw exception type was 'java.net.SocketException',Network is unreachable (connect failed)
square-okhttp,com.squareup.okhttp.AsyncApiTest#redirect,matched (1 report(s) available),java.lang.AssertionError,Async Wait,guess: found async-related keyword 'async' in exception/message/test name,Timed out waiting for response to http://ip-172-31-53-199:43209/c
square-okhttp,com.squareup.okhttp.internal.spdy.SpdyConnectionTest#receiveGoAwayHttp2,matched (26 report(s) available),java.lang.AssertionError,Unclear,no rule matched -- raw exception type was 'java.lang.AssertionError',expected:<1> but was:<0>
square-okhttp,com.squareup.okhttp.internal.spdy.SpdyConnectionTest#pushPromiseStream,matched (1361 report(s) available),java.lang.AssertionError,Unclear,no rule matched -- raw exception type was 'java.lang.AssertionError',expected:<2> but was:<1>
square-okhttp,com.squareup.okhttp.internal.spdy.SpdyConnectionTest#serverClosesClientInputStream,matched (2483 report(s) available),java.lang.AssertionError,Unclear,no rule matched -- raw exception type was 'java.lang.AssertionError',expected:<0> but was:<1>
square-okhttp,com.squareup.okhttp.internal.spdy.SpdyConnectionTest#replyWithNoData,matched (3 report(s) available),java.lang.AssertionError,Unclear,no rule matched -- raw exception type was 'java.lang.AssertionError',expected:<1> but was:<0>
square-okhttp,com.squareup.okhttp.internal.spdy.SpdyConnectionTest#headersOnlyStreamIsClosedAfterReplyHeaders,matched (3196 report(s) available),java.lang.AssertionError,Unclear,no rule matched -- raw exception type was 'java.lang.AssertionError',expected:<0> but was:<1>
square-okhttp,com.squareup.okhttp.internal.spdy.SpdyConnectionTest#readSendsWindowUpdateHttp2,matched (1778 report(s) available),java.lang.AssertionError,Unclear,no rule matched -- raw exception type was 'java.lang.AssertionError',expected:<1> but was:<0>
square-okhttp,com.squareup.okhttp.internal.spdy.SpdyConnectionTest#remoteSendsDataAfterInFinished,matched (57 report(s) available),java.io.IOException,Unclear,no rule matched -- raw exception type was 'java.io.IOException',stream was reset: CANCEL
square-okhttp,com.squareup.okhttp.internal.spdy.SpdyConnectionTest#initialSettingsWithWindowSizeAdjustsConnection,matched (5 report(s) available),java.lang.NullPointerException:,Unclear,no rule matched -- raw exception type was 'java.lang.NullPointerException:',
square-okhttp,com.squareup.okhttp.internal.spdy.SpdyConnectionTest#maxFrameSizeHonored,matched (3 report(s) available),java.net.SocketException,Unclear,no rule matched -- raw exception type was 'java.net.SocketException',Broken pipe (Write failed)
square-okhttp,com.squareup.okhttp.internal.spdy.SpdyConnectionTest#peerHttp2ServerZerosCompressionTable,matched (456 report(s) available),java.lang.AssertionError,Unclear,no rule matched -- raw exception type was 'java.lang.AssertionError',expected:<0> but was:<4096>
square-okhttp,com.squareup.okhttp.internal.http.HttpResponseCacheTest#responseSourceHeaderConditionalCacheNotFetched,matched (1 report(s) available),java.net.SocketException,Unclear,no rule matched -- raw exception type was 'java.net.SocketException',Network is unreachable (connect failed)
square-okhttp,com.squareup.okhttp.internal.http.HttpResponseCacheTest#responseCaching_410,matched (1 report(s) available),java.net.SocketException,Unclear,no rule matched -- raw exception type was 'java.net.SocketException',Network is unreachable (connect failed)
square-okhttp,com.squareup.okhttp.internal.http.HttpResponseCacheTest#clientPrematureDisconnectWithChunkedEncoding,matched (1 report(s) available),java.net.SocketException,Unclear,no rule matched -- raw exception type was 'java.net.SocketException',Network is unreachable (connect failed)
square-okhttp,com.squareup.okhttp.internal.http.HttpResponseCacheTest#statisticsConditionalCacheMiss,matched (1 report(s) available),java.net.SocketException,Unclear,no rule matched -- raw exception type was 'java.net.SocketException',Network is unreachable (connect failed)
square-okhttp,com.squareup.okhttp.internal.http.HttpResponseCacheTest#expirationDateInThePastWithLastModifiedHeader,matched (1 report(s) available),java.net.SocketException,Unclear,no rule matched -- raw exception type was 'java.net.SocketException',Network is unreachable (connect failed)
square-okhttp,com.squareup.okhttp.internal.http.HttpResponseCacheTest#responseSourceHeaderFetched,matched (1 report(s) available),java.net.SocketException,Unclear,no rule matched -- raw exception type was 'java.net.SocketException',Network is unreachable (connect failed)
square-okhttp,com.squareup.okhttp.internal.http.HttpResponseCacheTest#responseCachingByResponseCode,matched (3 report(s) available),java.lang.AssertionError,Unclear,no rule matched -- raw exception type was 'java.lang.AssertionError',expected:<416> but was:<301>
square-okhttp,com.squareup.okhttp.internal.http.URLConnectionTest#postFailsWithFixedLengthRequestForLargeRequest,matched (698 report(s) available),java.net.SocketException,Unclear,no rule matched -- raw exception type was 'java.net.SocketException',Connection reset
square-okhttp,com.squareup.okhttp.internal.http.URLConnectionTest#response300MultipleChoiceWithPost,matched (1 report(s) available),java.net.SocketException,Unclear,no rule matched -- raw exception type was 'java.net.SocketException',Network is unreachable (connect failed)
square-okhttp,com.squareup.okhttp.internal.http.URLConnectionTest#digestAuthentication,matched (1 report(s) available),java.net.SocketException,Unclear,no rule matched -- raw exception type was 'java.net.SocketException',Network is unreachable (connect failed)
square-okhttp,com.squareup.okhttp.internal.http.URLConnectionTest#requestBodySurvivesRetriesWithFixedLength,matched (30 report(s) available),java.net.SocketException,Unclear,no rule matched -- raw exception type was 'java.net.SocketException',Connection reset
square-okhttp,com.squareup.okhttp.internal.http.URLConnectionTest#connectRetriesUntilConnectedOrFailed,matched (5 report(s) available),java.lang.AssertionError:,Unclear,no rule matched -- raw exception type was 'java.lang.AssertionError:',
square-okhttp,com.squareup.okhttp.internal.http.URLConnectionTest#connectViaHttpProxyToHttpsUsingBadProxyAndHttpResponseCache,matched (8540 report(s) available),java.lang.NoSuchMethodError,Unclear,no rule matched -- raw exception type was 'java.lang.NoSuchMethodError',sun.security.ssl.Handshaker.setSNIServerNames(Ljava/util/List;)V
square-okhttp,com.squareup.okhttp.internal.http.URLConnectionTest#canSetNegativeChunkedStreamingMode,matched (1 report(s) available),java.lang.AssertionError,Unclear,no rule matched -- raw exception type was 'java.lang.AssertionError',java.net.UnknownHostException: ip-172-31-63-175: ip-172-31-63-175: Temporary failure in name resolution
square-okhttp,com.squareup.okhttp.internal.http.URLConnectionTest#requestBodySurvivesRetriesWithBufferedBody,matched (1 report(s) available),java.lang.AssertionError,Unclear,no rule matched -- raw exception type was 'java.lang.AssertionError',java.net.UnknownHostException: ip-172-31-63-175: ip-172-31-63-175: Temporary failure in name resolution
square-okhttp,com.squareup.okhttp.internal.http.URLConnectionTest#emptyResponseHeaderNameIsLenient,matched (1 report(s) available),java.lang.AssertionError,Unclear,no rule matched -- raw exception type was 'java.lang.AssertionError',java.net.UnknownHostException: ip-172-31-63-175: ip-172-31-63-175: Temporary failure in name resolution
square-okhttp,com.squareup.okhttp.internal.http.URLConnectionTest#gzipWithRedirectAndConnectionReuse,matched (1 report(s) available),java.lang.AssertionError,Unclear,no rule matched -- raw exception type was 'java.lang.AssertionError',java.net.UnknownHostException: ip-172-31-63-175: ip-172-31-63-175: Temporary failure in name resolution
square-okhttp,com.squareup.okhttp.internal.http.URLConnectionTest#redirectedWithNoLengthHeaders,matched (1 report(s) available),java.lang.AssertionError,Unclear,no rule matched -- raw exception type was 'java.lang.AssertionError',java.net.UnknownHostException: ip-172-31-63-175: ip-172-31-63-175: Temporary failure in name resolution
square-okhttp,com.squareup.okhttp.internal.http.URLConnectionTest#fullyBufferedPostIsTooShort,matched (1 report(s) available),java.lang.AssertionError,Unclear,no rule matched -- raw exception type was 'java.lang.AssertionError',java.net.UnknownHostException: ip-172-31-63-175: ip-172-31-63-175: Temporary failure in name resolution
square-okhttp,com.squareup.okhttp.internal.http.URLConnectionTest#fixedLengthUpload_smallBuffers,matched (1 report(s) available),java.lang.AssertionError,Unclear,no rule matched -- raw exception type was 'java.lang.AssertionError',java.net.UnknownHostException: ip-172-31-63-175: ip-172-31-63-175: Temporary failure in name resolution
square-okhttp,com.squareup.okhttp.internal.http.URLConnectionTest#postFailsWithChunkedRequestForSmallRequest,matched (2385 report(s) available),java.net.SocketException,Unclear,no rule matched -- raw exception type was 'java.net.SocketException',Connection reset
square-okhttp,com.squareup.okhttp.internal.http.URLConnectionTest#chunkedUpload_byteByByte,matched (4 report(s) available),java.lang.AssertionError,Unclear,no rule matched -- raw exception type was 'java.lang.AssertionError',java.net.UnknownHostException: ip-172-31-58-70: ip-172-31-58-70: Temporary failure in name resolution
square-okhttp,com.squareup.okhttp.internal.http.URLConnectionTest#redirectedWithChunkedEncoding,matched (4 report(s) available),java.lang.AssertionError,Unclear,no rule matched -- raw exception type was 'java.lang.AssertionError',java.net.UnknownHostException: ip-172-31-58-70: ip-172-31-58-70: Temporary failure in name resolution
square-okhttp,com.squareup.okhttp.internal.http.URLConnectionTest#setInvalidRequestMethodLowercase,matched (4 report(s) available),java.lang.AssertionError,Unclear,no rule matched -- raw exception type was 'java.lang.AssertionError',java.net.UnknownHostException: ip-172-31-58-70: ip-172-31-58-70: Temporary failure in name resolution
square-okhttp,com.squareup.okhttp.internal.http.URLConnectionTest#fullyBufferedPostIsTooLong,matched (4 report(s) available),java.lang.AssertionError,Unclear,no rule matched -- raw exception type was 'java.lang.AssertionError',java.net.UnknownHostException: ip-172-31-58-70: ip-172-31-58-70: Temporary failure in name resolution
square-okhttp,com.squareup.okhttp.internal.http.URLConnectionTest#authenticateRealmUppercase,matched (4 report(s) available),java.lang.AssertionError,Unclear,no rule matched -- raw exception type was 'java.lang.AssertionError',java.net.UnknownHostException: ip-172-31-58-70: ip-172-31-58-70: Temporary failure in name resolution
square-okhttp,com.squareup.okhttp.internal.http.URLConnectionTest#postFailsWithBufferedRequestForSmallRequest,matched (4 report(s) available),java.lang.AssertionError,Unclear,no rule matched -- raw exception type was 'java.lang.AssertionError',java.net.UnknownHostException: ip-172-31-58-70: ip-172-31-58-70: Temporary failure in name resolution
square-okhttp,com.squareup.okhttp.internal.http.URLConnectionTest#inputStreamAvailableWithContentLengthHeader,matched (4 report(s) available),java.lang.AssertionError,Unclear,no rule matched -- raw exception type was 'java.lang.AssertionError',java.net.UnknownHostException: ip-172-31-58-70: ip-172-31-58-70: Temporary failure in name resolution
square-okhttp,com.squareup.okhttp.internal.http.URLConnectionTest#setProtocols,matched (4 report(s) available),java.lang.AssertionError,Unclear,no rule matched -- raw exception type was 'java.lang.AssertionError',java.net.UnknownHostException: ip-172-31-58-70: ip-172-31-58-70: Temporary failure in name resolution
square-okhttp,com.squareup.okhttp.internal.http.URLConnectionTest#connectionCloseInRequest,matched (4 report(s) available),java.lang.AssertionError,Unclear,no rule matched -- raw exception type was 'java.lang.AssertionError',java.net.UnknownHostException: ip-172-31-58-70: ip-172-31-58-70: Temporary failure in name resolution
square-okhttp,com.squareup.okhttp.internal.http.URLConnectionTest#response307WithOptions,matched (4 report(s) available),java.lang.AssertionError,Unclear,no rule matched -- raw exception type was 'java.lang.AssertionError',java.net.UnknownHostException: ip-172-31-58-70: ip-172-31-58-70: Temporary failure in name resolution
square-okhttp,com.squareup.okhttp.internal.http.URLConnectionTest#getOutputStreamOnGetFails,matched (4 report(s) available),java.lang.AssertionError,Unclear,no rule matched -- raw exception type was 'java.lang.AssertionError',java.net.UnknownHostException: ip-172-31-58-70: ip-172-31-58-70: Temporary failure in name resolution
square-okhttp,com.squareup.okhttp.internal.http.URLConnectionTest#earlyDisconnectDoesntHarmPoolingWithFixedLengthEncoding,matched (4 report(s) available),java.lang.AssertionError,Unclear,no rule matched -- raw exception type was 'java.lang.AssertionError',java.net.UnknownHostException: ip-172-31-58-70: ip-172-31-58-70: Temporary failure in name resolution
square-okhttp,com.squareup.okhttp.internal.http.URLConnectionTest#unauthorizedResponseHandling,matched (4 report(s) available),java.lang.AssertionError,Unclear,no rule matched -- raw exception type was 'java.lang.AssertionError',java.net.UnknownHostException: ip-172-31-58-70: ip-172-31-58-70: Temporary failure in name resolution
square-okhttp,com.squareup.okhttp.internal.http.URLConnectionTest#clientConfiguredCustomContentEncoding,matched (4 report(s) available),java.lang.AssertionError,Unclear,no rule matched -- raw exception type was 'java.lang.AssertionError',java.net.UnknownHostException: ip-172-31-58-70: ip-172-31-58-70: Temporary failure in name resolution
square-okhttp,com.squareup.okhttp.internal.http.URLConnectionTest#cannotSetNegativeFixedLengthStreamingMode,matched (4 report(s) available),java.lang.AssertionError,Unclear,no rule matched -- raw exception type was 'java.lang.AssertionError',java.net.UnknownHostException: ip-172-31-58-70: ip-172-31-58-70: Temporary failure in name resolution
square-okhttp,com.squareup.okhttp.internal.http.URLConnectionTest#response303SeeOtherWithPost,matched (4 report(s) available),java.lang.AssertionError,Unclear,no rule matched -- raw exception type was 'java.lang.AssertionError',java.net.UnknownHostException: ip-172-31-58-70: ip-172-31-58-70: Temporary failure in name resolution
square-okhttp,com.squareup.okhttp.internal.http.URLConnectionTest#chunkedUpload_smallBuffers,matched (4 report(s) available),java.lang.AssertionError,Unclear,no rule matched -- raw exception type was 'java.lang.AssertionError',java.net.UnknownHostException: ip-172-31-58-70: ip-172-31-58-70: Temporary failure in name resolution
square-okhttp,com.squareup.okhttp.internal.http.URLConnectionTest#setInvalidRequestMethodConnect,matched (4 report(s) available),java.lang.AssertionError,Unclear,no rule matched -- raw exception type was 'java.lang.AssertionError',java.net.UnknownHostException: ip-172-31-58-70: ip-172-31-58-70: Temporary failure in name resolution
square-okhttp,com.squareup.okhttp.internal.http.URLConnectionTest#serverShutdownOutput,matched (264 report(s) available),java.lang.AssertionError,Unclear,no rule matched -- raw exception type was 'java.lang.AssertionError',java.net.UnknownHostException: ip-172-31-58-70: ip-172-31-58-70: Temporary failure in name resolution
square-okhttp,com.squareup.okhttp.internal.http.URLConnectionTest#responseHeaders,matched (4 report(s) available),java.lang.AssertionError,Unclear,no rule matched -- raw exception type was 'java.lang.AssertionError',java.net.UnknownHostException: ip-172-31-58-70: ip-172-31-58-70: Temporary failure in name resolution
square-okhttp,com.squareup.okhttp.internal.http.URLConnectionTest#fixedLengthUpload_largeBuffers,matched (4 report(s) available),java.lang.AssertionError,Unclear,no rule matched -- raw exception type was 'java.lang.AssertionError',java.net.UnknownHostException: ip-172-31-58-70: ip-172-31-58-70: Temporary failure in name resolution
square-okhttp,com.squareup.okhttp.internal.http.URLConnectionTest#singleByteReadIsSigned,matched (4 report(s) available),java.lang.AssertionError,Unclear,no rule matched -- raw exception type was 'java.lang.AssertionError',java.net.UnknownHostException: ip-172-31-58-70: ip-172-31-58-70: Temporary failure in name resolution
square-okhttp,com.squareup.okhttp.internal.http.URLConnectionTest#postFailsWithFixedLengthRequestForSmallRequest,matched (422 report(s) available),java.lang.AssertionError,Unclear,no rule matched -- raw exception type was 'java.lang.AssertionError',java.net.UnknownHostException: ip-172-31-58-70: ip-172-31-58-70: Temporary failure in name resolution
square-okhttp,com.squareup.okhttp.internal.http.URLConnectionTest#serverSendsInvalidCodeTooLarge,matched (4 report(s) available),java.lang.AssertionError,Unclear,no rule matched -- raw exception type was 'java.lang.AssertionError',java.net.UnknownHostException: ip-172-31-58-70: ip-172-31-58-70: Temporary failure in name resolution
square-okhttp,com.squareup.okhttp.internal.http.URLConnectionTest#response305UseProxy,matched (4 report(s) available),java.lang.AssertionError,Unclear,no rule matched -- raw exception type was 'java.lang.AssertionError',java.net.UnknownHostException: ip-172-31-58-70: ip-172-31-58-70: Temporary failure in name resolution
square-okhttp,com.squareup.okhttp.internal.http.URLConnectionTest#readAfterLastByte,matched (5 report(s) available),java.lang.AssertionError,Unclear,no rule matched -- raw exception type was 'java.lang.AssertionError',java.net.UnknownHostException: ip-172-31-58-70: ip-172-31-58-70: Temporary failure in name resolution
square-okhttp,com.squareup.okhttp.internal.http.URLConnectionTest#serverShutdownInput,matched (5 report(s) available),java.lang.AssertionError,Unclear,no rule matched -- raw exception type was 'java.lang.AssertionError',java.net.UnknownHostException: ip-172-31-58-70: ip-172-31-58-70: Temporary failure in name resolution
square-okhttp,com.squareup.okhttp.internal.http.URLConnectionTest#inputStreamAvailableWithNoLengthHeaders,matched (5 report(s) available),java.lang.AssertionError,Unclear,no rule matched -- raw exception type was 'java.lang.AssertionError',java.net.UnknownHostException: ip-172-31-58-70: ip-172-31-58-70: Temporary failure in name resolution
square-okhttp,com.squareup.okhttp.internal.http.URLConnectionTest#zeroLengthPut,matched (4 report(s) available),java.lang.AssertionError,Unclear,no rule matched -- raw exception type was 'java.lang.AssertionError',java.net.UnknownHostException: ip-172-31-58-70: ip-172-31-58-70: Temporary failure in name resolution
square-okhttp,com.squareup.okhttp.internal.http.URLConnectionTest#response307WithHead,matched (4 report(s) available),java.lang.AssertionError,Unclear,no rule matched -- raw exception type was 'java.lang.AssertionError',java.net.UnknownHostException: ip-172-31-58-70: ip-172-31-58-70: Temporary failure in name resolution
square-okhttp,com.squareup.okhttp.internal.http.URLConnectionTest#response307WithPost,matched (4 report(s) available),java.lang.AssertionError,Unclear,no rule matched -- raw exception type was 'java.lang.AssertionError',java.net.UnknownHostException: ip-172-31-58-70: ip-172-31-58-70: Temporary failure in name resolution
square-okhttp,com.squareup.okhttp.internal.http.URLConnectionTest#response302MovedTemporarilyWithPost,matched (4 report(s) available),java.lang.AssertionError,Unclear,no rule matched -- raw exception type was 'java.lang.AssertionError',java.net.UnknownHostException: ip-172-31-58-70: ip-172-31-58-70: Temporary failure in name resolution
square-okhttp,com.squareup.okhttp.internal.http.URLConnectionTest#authenticateWithChunkedStreaming,matched (3 report(s) available),java.lang.AssertionError,Unclear,no rule matched -- raw exception type was 'java.lang.AssertionError',java.net.UnknownHostException: ip-172-31-60-164: ip-172-31-60-164: Temporary failure in name resolution
square-okhttp,com.squareup.okhttp.internal.http.URLConnectionTest#nonHexChunkSize,matched (3 report(s) available),java.lang.AssertionError,Unclear,no rule matched -- raw exception type was 'java.lang.AssertionError',java.net.UnknownHostException: ip-172-31-60-164: ip-172-31-60-164: Temporary failure in name resolution
square-okhttp,com.squareup.okhttp.internal.http.URLConnectionTest#requestBodySurvivesRetriesWithChunkedStreaming,matched (3 report(s) available),java.lang.AssertionError,Unclear,no rule matched -- raw exception type was 'java.lang.AssertionError',java.net.UnknownHostException: ip-172-31-60-164: ip-172-31-60-164: Temporary failure in name resolution
square-okhttp,com.squareup.okhttp.internal.http.URLConnectionTest#getContentLengthConnects,matched (3 report(s) available),java.lang.AssertionError,Unclear,no rule matched -- raw exception type was 'java.lang.AssertionError',java.net.UnknownHostException: ip-172-31-60-164: ip-172-31-60-164: Temporary failure in name resolution
square-okhttp,com.squareup.okhttp.internal.http.URLConnectionTest#contentDisagreesWithChunkedHeader,matched (3 report(s) available),java.lang.AssertionError,Unclear,no rule matched -- raw exception type was 'java.lang.AssertionError',java.net.UnknownHostException: ip-172-31-60-164: ip-172-31-60-164: Temporary failure in name resolution
square-okhttp,com.squareup.okhttp.internal.http.URLConnectionTest#connectViaProxyUsingProxySystemProperty,matched (3 report(s) available),java.lang.AssertionError,Unclear,no rule matched -- raw exception type was 'java.lang.AssertionError',java.net.UnknownHostException: ip-172-31-60-164: ip-172-31-60-164: Temporary failure in name resolution
square-okhttp,com.squareup.okhttp.internal.http.URLConnectionTest#postFailsWithChunkedRequestForLargeRequest,matched (1054 report(s) available),java.net.SocketException,Unclear,no rule matched -- raw exception type was 'java.net.SocketException',Connection reset
square-okhttp,com.squareup.okhttp.internal.http.URLConnectionTest#veryLargeFixedLengthRequest,matched (3 report(s) available),java.lang.AssertionError,Unclear,no rule matched -- raw exception type was 'java.lang.AssertionError',java.net.UnknownHostException: ip-172-31-60-164: ip-172-31-60-164: Temporary failure in name resolution
square-okhttp,com.squareup.okhttp.internal.http.URLConnectionTest#zeroLengthPost,matched (3 report(s) available),java.lang.AssertionError,Unclear,no rule matched -- raw exception type was 'java.lang.AssertionError',java.net.UnknownHostException: ip-172-31-60-164: ip-172-31-60-164: Temporary failure in name resolution
square-okhttp,com.squareup.okhttp.internal.http.URLConnectionTest#getContent,matched (3 report(s) available),java.lang.AssertionError,Unclear,no rule matched -- raw exception type was 'java.lang.AssertionError',java.net.UnknownHostException: ip-172-31-60-164: ip-172-31-60-164: Temporary failure in name resolution
square-okhttp,com.squareup.okhttp.internal.http.URLConnectionTest#setProtocolsWithoutHttp11,matched (3 report(s) available),java.lang.AssertionError,Unclear,no rule matched -- raw exception type was 'java.lang.AssertionError',java.net.UnknownHostException: ip-172-31-60-164: ip-172-31-60-164: Temporary failure in name resolution
square-okhttp,com.squareup.okhttp.internal.http.URLConnectionTest#disconnectedConnection,matched (3 report(s) available),java.lang.AssertionError,Unclear,no rule matched -- raw exception type was 'java.lang.AssertionError',java.net.UnknownHostException: ip-172-31-60-164: ip-172-31-60-164: Temporary failure in name resolution
square-okhttp,com.squareup.okhttp.internal.http.URLConnectionTest#getRequestPropertyReturnsLastValue,matched (3 report(s) available),java.lang.AssertionError,Unclear,no rule matched -- raw exception type was 'java.lang.AssertionError',java.net.UnknownHostException: ip-172-31-60-164: ip-172-31-60-164: Temporary failure in name resolution
square-okhttp,com.squareup.okhttp.internal.http.URLConnectionTest#responseCacheReturnsNullOutputStream,matched (3 report(s) available),java.lang.AssertionError,Unclear,no rule matched -- raw exception type was 'java.lang.AssertionError',java.net.UnknownHostException: ip-172-31-60-164: ip-172-31-60-164: Temporary failure in name resolution
tootallnate-java-websocket,org.java_websocket.issues.Issue580Test#runNoCloseBlockingTestScenario7,matched (1 report(s) available),java.lang.AssertionError,Unclear,no rule matched -- raw exception type was 'java.lang.AssertionError',Found 3 zombie thread(s) 
tootallnate-java-websocket,org.java_websocket.issues.Issue256Test#runReconnectScenario0,matched (321 report(s) available),java.lang.Exception,Async Wait,guess: found async-related keyword 'countdownlatch' in exception/message/test name,test timed out after 5000 milliseconds
tootallnate-java-websocket,org.java_websocket.issues.Issue256Test#runReconnectScenario1,matched (186 report(s) available),java.lang.AssertionError,Unclear,no rule matched -- raw exception type was 'java.lang.AssertionError',Found 1 zombie thread(s) 
tootallnate-java-websocket,org.java_websocket.issues.Issue256Test#runReconnectScenario2,matched (184 report(s) available),java.lang.Exception,Async Wait,guess: found async-related keyword 'countdownlatch' in exception/message/test name,test timed out after 5000 milliseconds
tootallnate-java-websocket,org.java_websocket.issues.Issue256Test#runReconnectScenario3,matched (312 report(s) available),java.lang.Exception,Async Wait,guess: found async-related keyword 'countdownlatch' in exception/message/test name,test timed out after 5000 milliseconds
tootallnate-java-websocket,org.java_websocket.issues.Issue256Test#runReconnectScenario4,matched (21 report(s) available),java.lang.AssertionError,Unclear,no rule matched -- raw exception type was 'java.lang.AssertionError',Found 1 zombie thread(s) 
tootallnate-java-websocket,org.java_websocket.issues.Issue256Test#runReconnectScenario5,matched (81 report(s) available),java.lang.Exception,Async Wait,guess: found async-related keyword 'countdownlatch' in exception/message/test name,test timed out after 5000 milliseconds
tootallnate-java-websocket,org.java_websocket.issues.Issue256Test#runReconnectScenario6,matched (59 report(s) available),java.lang.AssertionError,Unclear,no rule matched -- raw exception type was 'java.lang.AssertionError',Found 1 zombie thread(s) 
tootallnate-java-websocket,org.java_websocket.issues.Issue256Test#runReconnectScenario7,matched (65 report(s) available),java.lang.AssertionError,Unclear,no rule matched -- raw exception type was 'java.lang.AssertionError',Found 1 zombie thread(s) 
tootallnate-java-websocket,org.java_websocket.issues.Issue256Test#runReconnectScenario8,matched (71 report(s) available),java.lang.AssertionError,Unclear,no rule matched -- raw exception type was 'java.lang.AssertionError',Found 2 zombie thread(s) 
tootallnate-java-websocket,org.java_websocket.issues.Issue256Test#runReconnectScenario9,matched (125 report(s) available),java.lang.AssertionError,Unclear,no rule matched -- raw exception type was 'java.lang.AssertionError',Found 1 zombie thread(s) 
tootallnate-java-websocket,org.java_websocket.issues.Issue256Test#runReconnectBlockingScenario0,matched (71 report(s) available),java.lang.AssertionError,Unclear,no rule matched -- raw exception type was 'java.lang.AssertionError',Found 2 zombie thread(s) 
tootallnate-java-websocket,org.java_websocket.issues.Issue256Test#runReconnectBlockingScenario1,matched (51 report(s) available),java.lang.AssertionError,Unclear,no rule matched -- raw exception type was 'java.lang.AssertionError',Found 2 zombie thread(s) 
tootallnate-java-websocket,org.java_websocket.issues.Issue256Test#runReconnectBlockingScenario2,matched (63 report(s) available),java.lang.AssertionError,Unclear,no rule matched -- raw exception type was 'java.lang.AssertionError',Found 1 zombie thread(s) 
tootallnate-java-websocket,org.java_websocket.issues.Issue256Test#runReconnectBlockingScenario3,matched (55 report(s) available),java.lang.AssertionError,Unclear,no rule matched -- raw exception type was 'java.lang.AssertionError',Found 1 zombie thread(s) 
tootallnate-java-websocket,org.java_websocket.issues.Issue256Test#runReconnectBlockingScenario4,matched (40 report(s) available),java.lang.Exception,Async Wait,guess: found async-related keyword 'countdownlatch' in exception/message/test name,test timed out after 5000 milliseconds
tootallnate-java-websocket,org.java_websocket.issues.Issue256Test#runReconnectBlockingScenario5,matched (48 report(s) available),java.lang.AssertionError,Unclear,no rule matched -- raw exception type was 'java.lang.AssertionError',Found 1 zombie thread(s) 
tootallnate-java-websocket,org.java_websocket.issues.Issue256Test#runReconnectBlockingScenario6,matched (87 report(s) available),java.lang.AssertionError,Unclear,no rule matched -- raw exception type was 'java.lang.AssertionError',Found 1 zombie thread(s) 
tootallnate-java-websocket,org.java_websocket.issues.Issue256Test#runReconnectBlockingScenario7,matched (123 report(s) available),java.lang.AssertionError,Unclear,no rule matched -- raw exception type was 'java.lang.AssertionError',Found 1 zombie thread(s) 
tootallnate-java-websocket,org.java_websocket.issues.Issue256Test#runReconnectBlockingScenario8,matched (90 report(s) available),java.lang.AssertionError,Unclear,no rule matched -- raw exception type was 'java.lang.AssertionError',Found 1 zombie thread(s) 
tootallnate-java-websocket,org.java_websocket.issues.Issue256Test#runReconnectBlockingScenario9,matched (76 report(s) available),java.lang.AssertionError,Unclear,no rule matched -- raw exception type was 'java.lang.AssertionError',Found 2 zombie thread(s) 
tootallnate-java-websocket,org.java_websocket.issues.Issue677Test#testIssue,matched (3 report(s) available),java.lang.AssertionError,Unclear,no rule matched -- raw exception type was 'java.lang.AssertionError',webSocket.isClosing()
tootallnate-java-websocket,org.java_websocket.protocols.ProtoclHandshakeRejectionTest#testHandshakeRejectionTestCase10,matched (10 report(s) available),java.lang.AssertionError,Unclear,no rule matched -- raw exception type was 'java.lang.AssertionError',Error
undertow-io-undertow,io.undertow.server.handlers.DateHandlerTestCase#testDateHandler,matched (5 report(s) available),java.lang.AssertionError,Unclear,no rule matched -- raw exception type was 'java.lang.AssertionError',
undertow-io-undertow,io.undertow.server.security.DigestAuthenticationAuthTestCase#testDigestSuccess,matched (8 report(s) available),java.lang.AssertionError,Unclear,no rule matched -- raw exception type was 'java.lang.AssertionError',expected:<200> but was:<401>
undertow-io-undertow,io.undertow.server.security.SpnegoAuthenticationTestCase#testSpnegoSuccess,matched (5 report(s) available),java.security.PrivilegedActionException:,Unclear,no rule matched -- raw exception type was 'java.security.PrivilegedActionException:',
undertow-io-undertow,io.undertow.server.security.DigestAuthentication2069TestCase#testDigestSuccess,matched (4 report(s) available),java.lang.AssertionError,Unclear,no rule matched -- raw exception type was 'java.lang.AssertionError',expected:<200> but was:<401>
undertow-io-undertow,io.undertow.server.security.DigestAuthentication2069TestCase#testNonceReUse,matched (2 report(s) available),java.lang.AssertionError,Unclear,no rule matched -- raw exception type was 'java.lang.AssertionError',expected:<200> but was:<401>
undertow-io-undertow,io.undertow.server.handlers.proxy.LoadBalancingProxyTestCase#testLoadSharedWithServerShutdown,matched (14 report(s) available),java.lang.AssertionError,Unclear,no rule matched -- raw exception type was 'java.lang.AssertionError',expected:<200> but was:<500>
wildfly-wildfly,org.wildfly.iiop.openjdk.IIOPSubsystemTransformersTestCase#testRejectTransformersEAP_7_0_0,matched (1 report(s) available),java.lang.RuntimeException,Async Wait,guess: found async-related keyword 'executor' in exception/message/test name,org.eclipse.aether.resolution.ArtifactResolutionException: Could not transfer artifact org.jboss.eap:wildfly-iiop-openjdk:jar:7.0.0.GA-redhat-2 from/to product-repository (https://maven.repository.redhat.com/ga/): Internal Server Error (500)
wildfly-wildfly,org.wildfly.iiop.openjdk.IIOPSubsystemTransformersTestCase#testTransformersEAP_7_0_0,matched (1 report(s) available),java.lang.RuntimeException,Async Wait,guess: found async-related keyword 'executor' in exception/message/test name,org.eclipse.aether.resolution.ArtifactResolutionException: Could not transfer artifact org.jboss.eap:wildfly-iiop-openjdk:jar:7.0.0.GA-redhat-2 from/to product-repository (https://maven.repository.redhat.com/ga/): Internal Server Error (500)
wildfly-wildfly,org.jboss.as.naming.subsystem.NamingSubsystemTestCase#testRejectionsEAP6,matched (1 report(s) available),java.lang.RuntimeException,Async Wait,guess: found async-related keyword 'executor' in exception/message/test name,org.eclipse.aether.resolution.ArtifactResolutionException: Could not transfer artifact org.jboss.as:jboss-as-naming:jar:7.5.0.Final-redhat-21 from/to product-repository (https://maven.repository.redhat.com/ga/): Internal Server Error (500)
wildfly-wildfly,org.jboss.as.naming.subsystem.NamingSubsystemTestCase#testRejectionsEAP7,matched (1 report(s) available),java.lang.RuntimeException,Async Wait,guess: found async-related keyword 'executor' in exception/message/test name,org.eclipse.aether.resolution.ArtifactResolutionException: Could not transfer artifact org.jboss.eap:wildfly-naming:jar:7.0.0.GA-redhat-2 from/to product-repository (https://maven.repository.redhat.com/ga/): Internal Server Error (500)
wildfly-wildfly,org.jboss.as.txn.subsystem.TransactionSubsystemTestCase#testRejectTransformersEAP640,matched (7 report(s) available),java.lang.RuntimeException,Async Wait,guess: found async-related keyword 'executor' in exception/message/test name,org.eclipse.aether.resolution.ArtifactResolutionException: Could not transfer artifact org.jboss.as:jboss-as-transactions:jar:7.5.0.Final-redhat-21 from/to product-repository (https://maven.repository.redhat.com/ga/): Internal Server Error (500)
wildfly-wildfly,org.jboss.as.txn.subsystem.TransactionSubsystemTestCase#testRejectTransformersEAP700,matched (5 report(s) available),java.lang.RuntimeException,Async Wait,guess: found async-related keyword 'executor' in exception/message/test name,org.eclipse.aether.resolution.ArtifactResolutionException: Could not transfer artifact org.jboss.eap:wildfly-transactions:jar:7.0.0.GA-redhat-2 from/to product-repository (https://maven.repository.redhat.com/ga/): Internal Server Error (500)
wildfly-wildfly,org.jboss.as.txn.subsystem.TransactionSubsystemTestCase#testRejectTransformersEAP710,matched (7 report(s) available),java.lang.RuntimeException,Async Wait,guess: found async-related keyword 'executor' in exception/message/test name,org.eclipse.aether.resolution.ArtifactResolutionException: Could not transfer artifact org.jboss.eap:wildfly-transactions:jar:7.1.0.GA-redhat-11 from/to product-repository (https://maven.repository.redhat.com/ga/): Internal Server Error (500)
wildfly-wildfly,org.jboss.as.txn.subsystem.TransactionSubsystemTestCase#testTransformersFullEAP640,matched (7 report(s) available),java.lang.RuntimeException,Async Wait,guess: found async-related keyword 'executor' in exception/message/test name,org.eclipse.aether.resolution.ArtifactResolutionException: Could not transfer artifact org.jboss.as:jboss-as-transactions:jar:7.5.0.Final-redhat-21 from/to product-repository (https://maven.repository.redhat.com/ga/): Internal Server Error (500)
wildfly-wildfly,org.jboss.as.txn.subsystem.TransactionSubsystemTestCase#testTransformersFullEAP700,matched (5 report(s) available),java.lang.RuntimeException,Async Wait,guess: found async-related keyword 'executor' in exception/message/test name,org.eclipse.aether.resolution.ArtifactResolutionException: Could not transfer artifact org.jboss.eap:wildfly-transactions:jar:7.0.0.GA-redhat-2 from/to product-repository (https://maven.repository.redhat.com/ga/): Internal Server Error (500)
wildfly-wildfly,org.jboss.as.txn.subsystem.TransactionSubsystemTestCase#testTransformersFullEAP710,matched (7 report(s) available),java.lang.RuntimeException,Async Wait,guess: found async-related keyword 'executor' in exception/message/test name,org.eclipse.aether.resolution.ArtifactResolutionException: Could not transfer artifact org.jboss.eap:wildfly-transactions:jar:7.1.0.GA-redhat-11 from/to product-repository (https://maven.repository.redhat.com/ga/): Internal Server Error (500)
wildfly-wildfly,org.jboss.as.clustering.infinispan.subsystem.InfinispanTransformersTestCase#testTransformerEAP640,matched (1 report(s) available),java.lang.RuntimeException,Async Wait,guess: found async-related keyword 'executor' in exception/message/test name,org.eclipse.aether.resolution.ArtifactResolutionException: Could not transfer artifact org.jboss.as:jboss-as-clustering-infinispan:jar:7.5.0.Final-redhat-21 from/to product-repository (https://maven.repository.redhat.com/ga/): Internal Server Error (500)
wildfly-wildfly,org.jboss.as.clustering.infinispan.subsystem.InfinispanTransformersTestCase#testTransformerEAP700,matched (1 report(s) available),java.lang.RuntimeException,Async Wait,guess: found async-related keyword 'executor' in exception/message/test name,org.eclipse.aether.resolution.ArtifactResolutionException: Could not transfer artifact org.jboss.eap:wildfly-clustering-infinispan-extension:jar:7.0.0.GA-redhat-2 from/to product-repository (https://maven.repository.redhat.com/ga/): Internal Server Error (500)
wildfly-wildfly,org.jboss.as.clustering.infinispan.subsystem.InfinispanTransformersTestCase#testTransformerEAP710,matched (1 report(s) available),java.lang.RuntimeException,Async Wait,guess: found async-related keyword 'executor' in exception/message/test name,org.eclipse.aether.resolution.ArtifactResolutionException: Could not transfer artifact org.jboss.eap:wildfly-clustering-infinispan-extension:jar:7.1.0.GA-redhat-11 from/to product-repository (https://maven.repository.redhat.com/ga/): Internal Server Error (500)
wildfly-wildfly,org.jboss.as.messaging.test.MessagingSubsystem30TestCase#testRejectExpressionsEAP_6_4_0,matched (1 report(s) available),java.lang.RuntimeException,Async Wait,guess: found async-related keyword 'executor' in exception/message/test name,org.eclipse.aether.resolution.ArtifactResolutionException: Could not transfer artifact org.hornetq:hornetq-commons:jar:2.3.25.Final-redhat-1 from/to product-repository (https://maven.repository.redhat.com/ga/): Internal Server Error (500)
wildfly-wildfly,org.jboss.as.messaging.test.MessagingSubsystem30TestCase#testTransformersEAP_6_4_0,matched (1 report(s) available),java.lang.RuntimeException,Async Wait,guess: found async-related keyword 'executor' in exception/message/test name,org.eclipse.aether.resolution.ArtifactResolutionException: Could not transfer artifact org.hornetq:hornetq-commons:jar:2.3.25.Final-redhat-1 from/to product-repository (https://maven.repository.redhat.com/ga/): Internal Server Error (500)
wildfly-wildfly,org.jboss.as.test.smoke.jms.JMSBridgeTest#sendAndReceiveMessage,matched (41 report(s) available),java.lang.AssertionError,Async Wait,guess: found async-related keyword 'executor' in exception/message/test name,did not receive expected message
wildfly-wildfly,org.jboss.as.test.smoke.jms.SendToQueueIgnoreJTATest#sendIgnoreJTA,matched (4 report(s) available),javax.ejb.EJBException,Async Wait,guess: found async-related keyword 'executor' in exception/message/test name,"javax.jms.JMSRuntimeException: AMQ119014: Timed out after waiting 30,000 ms for response when sending packet 71"
wildfly-wildfly,org.jboss.as.test.smoke.jms.SendToQueueIgnoreJTATest#sendAndRollbackInJTA,matched (4 report(s) available),java.lang.AssertionError,Async Wait,guess: found async-related keyword 'executor' in exception/message/test name,expected:<1> but was:<0>
wildfly-wildfly,org.jboss.as.test.smoke.jms.SendToJMSQueueTest#sendAndReceiveMessage,matched (1 report(s) available),java.lang.AssertionError,Async Wait,guess: found async-related keyword 'executor' in exception/message/test name,
wildfly-wildfly,org.jboss.as.test.integration.jsp.JspTagTestCase#test,matched (4 report(s) available),java.util.concurrent.TimeoutException,Async Wait,guess: found async-related keyword 'timeoutexception' in exception/message/test name,
wro4j-wro4j,ro.isdc.wro.extensions.processor.TestRubySassCssProcessor#shouldFailWhenInvalidSassCssIsProcessed,matched (78 report(s) available),java.lang.RuntimeException,Unclear,no rule matched -- raw exception type was 'java.lang.RuntimeException',Problem while applying function on file: /working/proj/wro4j-wro4j-6019/wro4j-wro4j/wro4j-extensions/target/test-classes/ro/isdc/wro/extensions/processor/rubysasscss/invalid/badCss.scss
wro4j-wro4j,ro.isdc.wro.extensions.processor.TestRubySassCssProcessor#shouldTestFromFolder,matched (1674 report(s) available),ro.isdc.wro.WroRuntimeException,Unclear,no rule matched -- raw exception type was 'ro.isdc.wro.WroRuntimeException',"org.jruby.embed.EvalFailedException: java.lang.RuntimeException: com.headius.invokebinder.InvalidTransformException: java.lang.IllegalAccessException: no such method: rubyjit.Sass::Script::Literal$$_perform_168CE349E469F5EE95BDCC7C3B1678073A260AD9693962547.__file__(Sass::Script::Literal$$_perform_168CE349E469F5EE95BDCC7C3B1678073A260AD9693962547,ThreadContext,IRubyObject,IRubyObject,Block)IRubyObject/invokeStatic"
wro4j-wro4j,ro.isdc.wro.extensions.processor.TestRubySassCssProcessor#shouldBeThreadSafe,matched (1662 report(s) available),java.util.concurrent.ExecutionException,Async Wait,guess: found async-related keyword 'executor' in exception/message/test name,"java.lang.RuntimeException: ro.isdc.wro.WroRuntimeException: org.jruby.embed.EvalFailedException: java.lang.RuntimeException: com.headius.invokebinder.InvalidTransformException: java.lang.IllegalAccessException: no such method: rubyjit.Sass::Script::Literal$$_perform_168CE349E469F5EE95BDCC7C3B1678073A260AD9693962547.__file__(Sass::Script::Literal$$_perform_168CE349E469F5EE95BDCC7C3B1678073A260AD9693962547,ThreadContext,IRubyObject,IRubyObject,Block)IRubyObject/invokeStatic"
wro4j-wro4j,ro.isdc.wro.extensions.processor.TestRubySassCssProcessor#shouldSucceedAfterAFailure,matched (1635 report(s) available),ro.isdc.wro.WroRuntimeException,Unclear,no rule matched -- raw exception type was 'ro.isdc.wro.WroRuntimeException',"org.jruby.embed.EvalFailedException: java.lang.RuntimeException: com.headius.invokebinder.InvalidTransformException: java.lang.IllegalAccessException: no such method: rubyjit.Sass::Script::Literal$$_perform_168CE349E469F5EE95BDCC7C3B1678073A260AD9693962547.__file__(Sass::Script::Literal$$_perform_168CE349E469F5EE95BDCC7C3B1678073A260AD9693962547,ThreadContext,IRubyObject,IRubyObject,Block)IRubyObject/invokeStatic"
wro4j-wro4j,ro.isdc.wro.extensions.processor.TestRubySassCssProcessor#executeMultipleTimesDoesntThrowOutOfMemoryException,matched (1164 report(s) available),ro.isdc.wro.WroRuntimeException,Unclear,no rule matched -- raw exception type was 'ro.isdc.wro.WroRuntimeException',"org.jruby.embed.EvalFailedException: java.lang.RuntimeException: com.headius.invokebinder.InvalidTransformException: java.lang.IllegalAccessException: no such method: rubyjit.Sass::Script::Literal$$_perform_168CE349E469F5EE95BDCC7C3B1678073A260AD9693962547.__file__(Sass::Script::Literal$$_perform_168CE349E469F5EE95BDCC7C3B1678073A260AD9693962547,ThreadContext,IRubyObject,IRubyObject,Block)IRubyObject/invokeStatic"
wro4j-wro4j,ro.isdc.wro.extensions.processor.support.sass.TestRubySassEngine#shouldProcessValidCss,matched (1165 report(s) available),ro.isdc.wro.WroRuntimeException,Unclear,no rule matched -- raw exception type was 'ro.isdc.wro.WroRuntimeException',"org.jruby.embed.EvalFailedException: java.lang.RuntimeException: com.headius.invokebinder.InvalidTransformException: java.lang.IllegalAccessException: no such method: rubyjit.Sass::Script::Literal$$_perform_168CE349E469F5EE95BDCC7C3B1678073A260AD9693962547.__file__(Sass::Script::Literal$$_perform_168CE349E469F5EE95BDCC7C3B1678073A260AD9693962547,ThreadContext,IRubyObject,IRubyObject,Block)IRubyObject/invokeStatic"
wro4j-wro4j,ro.isdc.wro.extensions.processor.support.sass.TestRubySassEngine#shouldProcessValidSass,matched (1161 report(s) available),ro.isdc.wro.WroRuntimeException,Unclear,no rule matched -- raw exception type was 'ro.isdc.wro.WroRuntimeException',"org.jruby.embed.EvalFailedException: java.lang.RuntimeException: com.headius.invokebinder.InvalidTransformException: java.lang.IllegalAccessException: no such method: rubyjit.Sass::Script::Literal$$_perform_168CE349E469F5EE95BDCC7C3B1678073A260AD9693962547.__file__(Sass::Script::Literal$$_perform_168CE349E469F5EE95BDCC7C3B1678073A260AD9693962547,ThreadContext,IRubyObject,IRubyObject,Block)IRubyObject/invokeStatic"
wro4j-wro4j,ro.isdc.wro.extensions.processor.support.sass.TestRubySassEngine#cannotProcessInvalidCss,matched (78 report(s) available),java.lang.Exception,Unclear,no rule matched -- raw exception type was 'java.lang.Exception',"Unexpected exception, expected<ro.isdc.wro.WroRuntimeException> but was<java.lang.NullPointerException>"
wro4j-wro4j,ro.isdc.wro.extensions.processor.TestBourbonCssProcessor#shouldBeThreadSafe,matched (1803 report(s) available),java.util.concurrent.ExecutionException,Async Wait,guess: found async-related keyword 'executor' in exception/message/test name,"java.lang.RuntimeException: ro.isdc.wro.WroRuntimeException: org.jruby.embed.EvalFailedException: java.lang.RuntimeException: com.headius.invokebinder.InvalidTransformException: java.lang.IllegalAccessException: no such method: rubyjit.Sass::Script::Literal$$_perform_168CE349E469F5EE95BDCC7C3B1678073A260AD9693962547.__file__(Sass::Script::Literal$$_perform_168CE349E469F5EE95BDCC7C3B1678073A260AD9693962547,ThreadContext,IRubyObject,IRubyObject,Block)IRubyObject/invokeStatic"
wro4j-wro4j,ro.isdc.wro.maven.plugin.TestWro4jMojo#shouldBeFasterWhenRunningProcessingInParallel,matched (227 report(s) available),java.lang.AssertionError,Unclear,no rule matched -- raw exception type was 'java.lang.AssertionError',
wro4j-wro4j,ro.isdc.wro.util.concurrent.TestTaskExecutor#shouldBeFasterWhenRunningMultipleSlowTasks,matched (3 report(s) available),java.lang.AssertionError,Async Wait,guess: found async-related keyword 'executor' in exception/message/test name,
wro4j-wro4j,ro.isdc.wro.util.concurrent.TestTaskExecutor#shouldHaveMinimalOverheadWhenRunningASingleTask,matched (1 report(s) available),java.lang.AssertionError,Async Wait,guess: found async-related keyword 'executor' in exception/message/test name,
wro4j-wro4j,ro.isdc.wro.model.group.processor.TestPreProcessorExecutor#preProcessingInParallelIsFaster,matched (58 report(s) available),java.lang.AssertionError,Async Wait,guess: found async-related keyword 'executor' in exception/message/test name,603  > 861 + 688.8000000000001
wro4j-wro4j,ro.isdc.wro.cache.support.TestDefaultSynchronizedCacheStrategyDecorator#shouldCheckOnlyAfterTimeout,matched (5 report(s) available),org.mockito.exceptions.verification.TooManyActualInvocations,Concurrency,guess: found concurrency-related pattern 'wanted \d+ time' in exception/message, resourceWatcher.check(     ro.isdc.wro.cache.CacheKey@698122b2[   type=JS   groupName=g1   minimize=true   map={} ] ); Wanted 1 time: -> at ro.isdc.wro.cache.support.TestDefaultSynchronizedCacheStrategyDecorator.shouldCheckOnlyAfterTimeout(TestDefaultSynchronizedCacheStrategyDecorator.java:112) But was 50 times. Undesired invocation: -> at ro.isdc.wro.cache.support.DefaultSynchronizedCacheStrategyDecorator.onBeforeGet(DefaultSynchronizedCacheStrategyDecorator.java:136) 
wro4j-wro4j,ro.isdc.wro.model.resource.locator.support.TestDispatcherStreamLocator#canLocateValidResource,matched (91 report(s) available),java.net.UnknownHostException,Unclear,no rule matched -- raw exception type was 'java.net.UnknownHostException',www.google.com
wro4j-wro4j,ro.isdc.wro.model.resource.locator.TestUrlUriLocator#testValidUrl,matched (91 report(s) available),java.net.UnknownHostException,Unclear,no rule matched -- raw exception type was 'java.net.UnknownHostException',www.google.com
zxing-zxing,com.google.zxing.aztec.encoder.EncoderTest#testAztecWriter,matched (382 report(s) available),com.google.zxing.FormatException:,Unclear,no rule matched -- raw exception type was 'com.google.zxing.FormatException:',
zxing-zxing,com.google.zxing.pdf417.decoder.ec.ErrorCorrectionTestCase#testTooManyErrors,matched (322 report(s) available),java.lang.AssertionError,Unclear,no rule matched -- raw exception type was 'java.lang.AssertionError',Should not have decoded
